history 4 5
buttons 4 Left Right Jump MouseLeft
aims 16
layers 3
128 112
0.00717481645 0.0579735711 -0.0851673335 -0.069539696 -0.0436722562 0.0180556346 -0.00916717574 0.0834081769 -0.00075502292 0.0177621152 -0.0371430665 -0.0259381179 -0.0902719498 -0.0625797808 -0.0389514193 0.00350029022 0.0373556688 0.0566968247 -0.0640594065 -0.0411473699 0.034320794 0.078464292 -0.019446291 0.0707088187 -0.0152303949 0.0099984929 0.085559465 -0.0876566097 -0.0516126826 -0.0166374389 -0.0440709814 0.0816404 -0.0685258135 -0.0507802255 -0.0733103082 -0.0800463483 -0.0475013591 0.0739834458 0.0336563401 0.0384328552 0.00496943295 -0.0484440364 0.01598645 -0.0882258564 -0.0682760924 -0.0487130061 0.0596180335 0.0554021522 -0.0419063419 -0.00340946764 0.0604327992 0.0939367488 0.0375018343 0.0127650723 0.0633550063 -0.0556365922 0.0254715923 -0.0659750402 -0.0727262795 -0.048812557 0.035476096 0.0307177342 -0.0632670373 0.0369626358 0.0595554635 -0.0191373806 -0.0048747072 0.0145296287 0.0586200729 0.0834348202 -0.064430885 -0.0268184356 0.0289299767 0.0716598481 0.082226865 0.0833748803 0.018805109 -0.082167834 0.00869247317 -0.059114147 -0.0880613849 0.0839546397 0.0718472376 -0.0942575336 0.0255412925 -0.00863353536 -0.0227887332 -0.0432539582 0.0290585533 -0.0632502586 0.0273445994 0.0561682023 0.0753501803 0.0281343423 -0.101990536 -0.0686632618 0.0471808389 0.0124821095 -0.0652825758 -0.0466732197 0.0806445032 0.0570536293 -0.0412005037 -0.0237819776 -0.0900120586 -0.0016983971 -0.0711573809 -0.0728863552 -0.00520642102 0.0141873732 -0.0386969745 0.0560689047
-0.0576826744 0.11203897 0.0618052557 -0.2666201 0.0478863083 -0.496257246 0.0699106604 -0.78846103 -0.201871395 -0.428271919 -0.38993305 0.164752319 -0.247723669 -0.0336385444 -0.301317692 -0.0862446725 -0.121838406 -0.0799754858 -0.108747669 -0.0392025784 0.371242821 0.0376419425 -0.132834598 -0.00971370935 0.00262612104 -0.00815164298 0.0191232413 0.0600811765 0.0809589922 0.0709763169 0.277745664 0.0407913849 -0.0393911228 -0.381384671 0.120463729 -0.734542191 -0.231105074 -0.716904819 -0.710348248 0.0426350944 -0.163891673 0.121272787 -0.0799328461 -0.158481196 -0.015509177 -0.041766692 -0.0691922083 -0.0803579539 -0.0608718395 -0.0672022104 0.0085834777 -0.0815872103 -0.0147859231 0.00122197717 -0.0429249406 0.0355947241 -0.0977859199 0.0157748051 0.315492123 -1.05709159 0.12583971 -0.123820543 -0.0291500799 -0.591816843 -0.16030924 -0.561032593 -0.18320471 0.0480246395 -0.127760053 0.106911339 -0.0424599089 -0.0645432845 0.00171987212 0.146350816 -0.0404771604 -0.0312562473 -0.120143376 -0.0152239669 0.220248133 0.0646531656 -0.066651985 0.00421429425 -0.0666100085 -0.0520158634 -0.0741665587 0.099248834 0.0794954747 -0.539414465 0.0733407587 -0.0752544627 -0.0153032076 -0.656702697 -0.265985876 -0.437619746 -0.0401127413 0.20205529 -0.124226868 0.0910838321 -0.213774085 -0.239404798 -0.0114379767 0.111291602 0.0241733678 0.0905498862 -0.135503978 -0.124942608 0.072493732 -0.0766839534 -0.00678505003 0.0934742764 0.0341336951 0.00267533213
-0.0727612823 0.0562446117 -0.0579202175 -0.0196528882 -0.0413114876 -0.0237155147 -0.00849261135 0.0677894875 0.0215234794 0.0943905264 0.0497977994 -0.0694523305 0.0328676999 -0.0667954013 -0.0400477126 0.0277919844 0.0312002227 0.0708898827 -0.0304181874 0.000151269138 0.0486462489 -0.0913816169 0.0683152452 -0.0781368241 0.00130232424 -0.016065076 -0.0497659147 0.012488991 0.0872522742 -0.0181674492 -0.0469240919 -0.0311528035 -0.103307359 0.0331119895 -0.0549068227 -0.0732040182 -0.0447320454 0.0639367849 0.0422165468 0.0628151223 0.0247621406 -0.0315562263 -0.0264053643 0.0279155076 0.0776749775 0.0256913975 -0.0447080322 -0.0444181375 -0.0893384218 0.0204146206 -0.0530267619 -0.0842459947 0.0828570351 -0.061363589 -0.0107494518 0.027071096 0.01211535 -0.054105144 -0.0669568032 0.0683918521 0.00577281741 0.0686741695 -0.0412034281 0.0176949371 -0.0119286031 0.00526391482 -0.064408794 0.0222527143 0.0204318501 -0.00194921345 -0.0212512538 -0.0582471415 0.0653448328 -0.0703414679 0.0387097523 -0.0317729712 -0.0455889404 0.0169748589 -0.0490840711 0.0217712149 0.0185562447 -0.0701586604 0.0157326311 0.0402465239 0.0464958586 -0.0024261591 -0.0680670887 -0.0213585775 0.0232012086 -0.0441956781 0.0263408516 0.0528153889 -0.039671272 0.0098967785 0.0336941779 -0.0023035584 -0.00155005127 0.0117986724 -0.0742839724 0.00742588937 0.065432243 0.0851472393 0.0555372462 0.0126620978 0.0441286936 -0.0459680036 -0.0783036947 -0.081254907 0.0942652598 0.0599819496 -0.0653154477 0.0369689539
0.217233121 0.166868478 0.351862162 0.44926098 0.0742130354 0.348909378 0.133299664 -0.506961465 -1.32930481 0.0279180296 -0.239603415 0.0932194144 0.127113461 0.0795507506 0.00292932312 -0.0602159649 -0.0588816293 0.102431096 0.210473478 0.103745148 -0.157284036 0.0494788699 0.210405827 0.0213412941 -0.0639319196 -0.0932190344 -0.0758816376 0.0745979026 0.191661254 0.0909026489 0.244492471 0.0716421679 -0.00327636418 0.130486771 -0.0056488649 -0.488799095 -1.05946434 -0.123755544 -0.37521854 -0.01068932 0.278195709 0.0602712184 0.129343092 0.161341488 0.103563793 -0.120068111 0.0620461144 0.157857865 -0.154279113 0.0182842147 0.0370865352 0.0587402359 -0.0330711491 0.0453394428 0.0108576491 -0.0225661173 0.0768273473 -0.0970915928 0.293900967 0.515841544 0.134086713 0.285122931 0.00103605131 -0.432002813 -0.733049154 -0.154555306 -0.237197399 0.127405912 0.258742869 -0.0996256992 0.260543287 0.25719893 -0.105276003 -0.129761726 -0.0303432085 0.0772638917 -0.0422114059 -0.0677881837 -0.0770232156 -0.0315820426 -0.0256491527 -0.0182300583 0.00904285908 0.0873881802 0.125588819 -0.139221132 0.232912675 0.400204241 0.127767414 0.0565924272 0.0388084166 -0.533283532 -0.696484625 -0.083500281 -0.165179372 0.0761926398 0.313608527 0.0156571958 0.123379864 0.20307292 -0.0896725878 -0.195911393 0.129837498 0.0840968192 -0.165342569 -0.159070402 -0.170721635 0.0635389313 -0.0894338563 0.0785397962 -0.0377986059 0.0276749432
-0.243486822 -0.167831585 0.336912096 0.227777615 0.138465047 0.644605696 0.00239579473 1.03515589 0.842278719 0.250318915 -0.33205229 -0.0411899835 -0.00693751639 -0.180024922 0.654406786 0.121966824 -0.00325694564 -0.421432853 -0.0657924414 0.370158583 -0.692092478 -0.522778511 0.251200587 0.0932056978 0.0543351397 -0.0106405765 0.0331301466 -0.0927017257 -0.322849035 0.00490010297 0.0494771674 0.12374226 0.0458518229 0.437900275 -0.0130649246 0.947368801 0.668384433 0.278854758 -0.396244735 0.0391537733 0.074404791 -0.176952332 0.253414959 0.173006833 0.349586248 -0.124353863 0.0164156761 0.0513301119 -0.112525448 0.0394881517 0.0492016934 0.0864146873 -0.0875251964 0.0666444227 0.0473550931 0.0559310392 -0.158132404 -0.0671736822 -0.129482478 -0.155717626 0.0687335134 0.364579856 0.0375799611 0.934243798 0.577489853 0.129234508 -0.364163786 0.020662006 0.0205277335 -0.16078952 0.228921875 0.149741888 0.395115972 -0.0735007003 0.00278973416 -0.103783481 -0.126266241 0.104496606 0.10218665 -0.02542606 -0.000257998705 -0.0457805246 0.0943295434 0.0922866538 -0.303599536 -0.0766813606 0.0481733382 -0.425190657 0.0527550168 0.420597285 0.0308750179 0.862404227 0.488331676 0.172122344 -0.538893342 -0.0568901487 0.092948705 -0.120691814 0.130003095 0.0457188524 0.347218752 0.0976951346 -0.148591891 -0.230067715 0.0422380716 0.0928005576 0.0402594768 -0.00815515965 -0.019905217 -0.0211043805 0.0600434914 0.0045163855
0.19964245 -0.0989723206 -0.331542581 0.805712104 -0.017327521 0.244376332 -0.0153360544 -0.17419216 -0.548979878 -0.408659548 0.897708595 0.152968988 0.122898415 -0.0436517298 -0.446841955 -0.238233864 0.161209032 0.411294192 0.0420857221 -0.0616597906 0.311150908 0.132033229 -0.135399878 0.0236794129 -0.00715483725 -0.0477168076 0.0190996677 0.0358838364 0.364046395 0.0161905587 0.151875049 -0.272955477 -0.0980644375 0.34391287 0.0474803969 -0.0480756648 -0.712619841 -0.356568485 0.64994061 0.182543442 0.00888234098 -0.048759602 -0.155796483 -0.0911645219 -0.0730931833 0.219195887 0.0960059389 -0.0566928722 -0.113303401 -0.079819195 0.103497431 -0.0736065432 0.0787742361 -0.0416820832 0.0335173979 0.0821868256 0.335884243 -0.0608121827 -0.272123545 -0.26772517 -0.0353277437 0.410106361 0.0280740783 -0.130025148 -0.620188415 -0.398156554 0.136630982 0.0941467434 -0.0597782061 0.0279632956 -0.0224241223 -0.0565247722 0.0260322373 0.383024305 0.128854528 0.0577227101 -0.186236188 -0.195463568 0.19278495 0.0409526899 -0.0559494533 0.013556309 0.0301607549 0.00669033825 0.238058805 0.0595232211 -0.920695066 -0.278931379 -0.0651756153 0.136829853 0.057110399 -0.0711949468 -0.553552926 -0.37274158 0.469312191 0.0537976958 -0.0380216539 0.0551530756 -0.168105349 0.0184692442 -0.00472324761 0.420046389 0.247983113 0.115062565 -0.246526569 -0.0121775949 0.120208256 0.0733665004 -0.0290991813 0.0760617778 -0.0914041251 -0.0136184096
-0.279921561 -0.010649072 -0.102642007 0.477968127 -0.0515855141 0.0409481004 0.0142910955 0.1834286 -1.27780247 -0.335127562 -0.403166503 -0.0556269176 0.0433119759 0.00596572738 -0.335606962 0.454009473 0.215419427 -0.369203895 -0.0889312029 -0.0530149043 1.39472675 0.3856318 -1.41744673 -0.0882592797 0.0663318112 -0.0700605586 0.0217208713 0.0137312412 -0.296542406 -0.054466676 -0.892584026 0.874741554 0.00167005358 -0.0809783489 -0.0382634439 0.236994699 -1.26262736 -0.277154446 -0.288369179 -0.101063013 -0.0848129392 -0.0393766686 -0.204653412 0.452884197 0.0761129037 -0.23952733 0.135469466 0.30459401 0.0709086508 -0.18172133 -0.114784449 -0.0559139475 -0.053987667 0.0224139616 0.0886938944 -0.075697206 -0.202365145 -0.201867014 -0.401095778 0.480909288 0.0773509368 -0.308742017 -0.116470508 0.22624746 -1.01056588 -0.21392934 -0.168008432 -0.118955962 -0.059174221 0.037545234 -0.150268182 0.349924922 0.126886964 0.0251277387 0.186713487 0.174012795 -0.0100162858 -0.146745846 -0.183478117 3.90410423e-05 0.0710984245 0.079610236 0.00881608576 0.0214611068 -0.300197005 -0.0975848138 -0.377092361 0.354276657 0.0957939252 -0.318252534 -0.135610193 0.217691645 -0.897995353 -0.197957218 -0.0126689095 0.0315744244 -0.052903045 -0.093371965 -0.268270612 0.300524175 0.265209168 -0.100526556 0.147333801 0.14076747 0.285859585 -0.13612327 -0.133873597 -0.0906822234 -0.0841887519 0.0580360964 0.00987554342 0.00545112789
-0.0425464287 -0.0296945125 -0.0176466685 -0.096295692 -0.00491762394 0.00702109979 -0.00992529001 0.0202775002 0.0783246234 0.035394758 -0.0240919255 -0.0487423055 -0.0604559407 -0.0655030236 -0.0152177811 -0.016712226 0.0420355573 -0.0403889827 0.0753286704 -0.0663025454 0.000268563628 0.0849399492 0.0939605609 -0.054735139 0.0168316066 0.0111615434 -0.0443023182 -0.0326461941 0.0353652947 -0.0557809211 0.0257573351 0.0348867886 -0.047064051 0.0687373057 -0.0160637964 0.0326279737 0.0823372006 -0.0189740043 0.0605666265 -0.0368817709 -0.0138026029 -0.016013518 -0.000587031245 -0.0356957577 0.0221474841 0.0035604611 0.0598969534 -0.0191255063 0.00947558135 -0.0351497792 -0.0791319385 0.03823746 0.0120908916 -0.0378421545 -0.0319479182 0.024711445 -0.00732478872 0.0716448873 0.0156138502 0.0285601001 0.0313413069 -0.0328107029 0.0310376883 0.0594944507 -0.00674330676 0.0281648785 0.0122356005 0.0555679165 -0.0398937054 -0.0502286293 0.0411748365 -0.0822369531 0.00151492655 -0.0434556231 0.0623673126 -0.0879749209 0.0572930351 0.0934854224 0.0191193447 -0.00629562885 0.0930123106 -0.0403809957 -0.00757190585 -0.0413781293 -0.00329698692 0.0304161049 0.0229364932 -0.0246948395 -0.10430374 -0.00501903892 -0.0126443058 0.00400151219 0.061411947 0.101394556 -0.0479733832 -0.0157459714 -0.0378600992 -0.0870873258 -0.0687573254 0.0886856839 0.0550941005 0.050756 0.0525128022 -0.0750712082 0.00992338359 0.0879442617 -0.0527341627 0.0840587541 0.0248358995 0.0664786175 -0.0404788256 0.043562077
-0.0822269991 0.0765271038 0.0104008503 -0.111587897 0.126269728 -0.371999413 0.188223258 1.04939699 -0.711857915 0.0665587112 -0.0753801987 0.0815230682 -0.0460122153 -0.144425288 -0.19135429 0.194997817 0.137684718 -0.34464097 -0.0112525374 -0.0453329198 0.0105276192 -0.0808292031 -0.22308293 0.0128771737 0.0460825339 -0.094370164 -0.0872029513 0.0579444543 0.0688720569 -0.0320468582 0.138881475 -0.0016301435 0.0971269459 0.0446304567 0.195690826 0.838231027 -0.798187375 0.212723359 0.0937691107 0.175107956 0.0199164301 -0.207722828 -0.0796668306 0.0214764103 0.121200234 -0.29356271 -0.0590837486 -0.0190787539 -0.0910938457 -0.0395620055 -0.134745985 -0.0890931487 0.0366023704 -0.039996054 -0.0574874133 -0.0372845195 -0.0696541518 -0.0625864565 0.0582243651 0.115384839 0.0457311384 0.0353418738 0.133696303 0.913718283 -0.682410002 0.074004136 0.114548109 0.0288446173 -0.159484133 -0.078609556 -0.153191403 0.0651561841 0.12398573 -0.177853689 0.0587483309 -0.0176963359 0.0351645425 0.0304420888 -0.104935847 0.00816748291 0.0482729003 0.0833326057 -0.09401232 0.0511674508 -0.0162200332 -0.0730180293 0.00633522682 -0.0486701466 0.0372480378 0.0428768732 0.0311517231 0.890507698 -0.677798271 -0.0132605508 0.0826840252 0.193769023 -0.0579438135 -0.0854893029 -0.121609107 0.111824133 0.133146837 -0.191805944 0.0351577625 -0.0147836925 -0.0412828326 -0.123856626 -0.0290247686 -0.0784318075 -0.020327948 0.0547619686 -0.0657044277 -0.0636918992
-0.0847861916 -0.0952953175 -0.164068639 0.230659053 0.103286542 0.363486946 0.0597333722 0.830434442 1.40217745 -0.140988246 0.198503882 0.176037684 0.00258992566 -0.135758743 -0.183645636 0.0135592204 0.0653921738 -0.149917096 -0.111641631 0.0479234047 -0.145779535 0.0784956291 -0.139660522 0.0137456134 -0.00747185946 -0.0299940482 -0.00477802008 0.0171993598 -0.12783286 -0.043737378 -0.111952089 0.0895634517 0.0711429939 0.49662447 0.0420437194 0.710469723 1.11273122 -0.0182921886 0.2741431 0.19090195 -0.158220083 0.0344153158 -0.161564857 -0.097001344 0.0345186032 0.079819575 -0.115134813 0.0097858049 0.126119986 0.0925947428 0.108287439 -0.0323819816 -0.0521253087 0.0812538192 0.0393860564 0.0907098129 -0.0900397226 -0.0487187169 -0.240076661 -0.176118836 0.15956828 0.357752413 0.0890845805 0.731146038 0.920889676 -0.0838404894 0.0672404766 0.0578295663 -0.175947398 -0.0331003182 -0.0908802226 -0.0658012405 -0.0173674393 -0.0187783763 0.0236753728 0.0178692602 0.0799764544 0.0666362047 -0.0917126536 -0.00803780556 -0.00582057238 -0.0592629574 -0.0341776349 0.0614039227 -0.0814297497 0.0917607918 -0.152823284 -0.0566058457 0.0915352404 0.298134714 0.065458253 0.696541071 0.7543661 0.101452015 0.2186746 0.220102742 -0.152913615 0.0675745457 -0.14618735 -0.153417289 -0.0882923976 0.0601424463 -0.0401430652 -0.0461153276 -0.0296518598 -0.0222026706 -0.0659720898 -0.0917948559 0.0119883269 -0.06807179 -0.0827818066 -0.0364061259
-0.0653006807 -0.276941687 -0.614067852 -0.177519143 -0.0376530141 -0.0359474756 0.0949008688 -0.881688416 0.846848488 -0.114119343 -0.153423354 0.113592207 0.347553194 0.116832592 0.132053301 -0.123546399 -0.042037975 0.12472263 0.159405887 0.00632711267 0.0159416813 -0.0529264919 0.0549946539 -0.0480147935 0.0456645116 -0.0905399919 0.0223902166 -0.0731537491 -0.00828900374 -0.237134501 0.109253414 -0.0530014895 -0.0496112555 0.176687613 0.230373204 -0.833170056 0.683798909 -0.137685463 -0.293384016 0.102559119 0.2347247 0.00651051523 0.10951186 -0.00854683015 0.0124402354 -0.0627509728 -0.000928207766 0.00420665089 0.0523008965 -0.0778551698 0.0188320372 0.0744804069 -0.0677361786 -0.0673101172 -0.0291523188 0.00164379925 -0.0308119021 -0.111556351 -0.0147681637 0.026415186 0.0142626641 0.136768237 0.232257366 -0.813960433 0.559876025 -0.246682048 -0.400185049 0.137089908 0.361530364 -0.0660733357 0.0504824631 0.000980721088 0.115166612 0.097455658 -0.075729236 -0.0852827355 0.218303621 -0.0221783482 0.105639681 -0.0232860595 0.0401676223 0.084987767 0.0878630802 -0.0859930664 -0.12135984 -0.149534345 0.0101324869 0.229142934 0.0350592285 0.0653240085 0.113866515 -0.756908119 0.638557374 -0.300238639 -0.608496606 -0.0294826198 0.3021321 0.0594264679 -0.0187297761 -0.0879774615 0.106150649 0.0528155342 -0.109557196 -0.0646183342 0.123337016 0.101842254 -0.050022807 0.0479166731 0.0532574132 -0.0572497733 0.0771580115 0.0928077325
-0.0747340396 -0.0237584319 0.210971147 0.0783274323 0.0969742611 0.25262925 0.133916825 -1.05977547 -1.15326273 -0.0368517786 -0.0452056862 0.0150881577 -0.075458087 -0.0438938402 -0.179819062 -0.17097941 0.195785448 -0.15075776 0.155073851 0.0948121995 -0.309643626 -0.228575036 0.727159083 0.0360421762 0.0732368156 -0.0932092741 0.0581135526 0.077344887 -0.132116586 -0.0436316803 0.10052827 0.0681414902 0.0573029667 0.171300113 0.0991210192 -0.843406796 -0.80514884 0.0216596723 -0.129041046 0.17931442 -0.0965538695 0.0268329624 -0.0165711418 -0.173783764 0.186000571 -0.04391459 -0.105141744 -0.0502636246 -0.00212842063 -0.00877120905 -0.0919124633 0.024576433 0.0485904142 -0.0375986546 -0.0284923241 0.0790646151 -0.0737371892 -0.158395991 0.192514986 0.182702109 0.0177642945 0.192457035 0.00463290652 -0.985650837 -0.690006018 0.00591466995 0.168906868 0.0210899767 -0.0137141291 0.111731544 0.0660069808 0.0219821651 0.179007769 -0.0566668101 -0.162984461 -0.104586892 0.110038944 -0.0170080252 -0.081902191 -0.017947875 -0.00397793949 -0.0686661303 0.0290096924 0.0599057898 -0.144290462 -0.176560596 0.00233403035 -0.0831034034 0.0519739985 -0.00173326663 0.0599893332 -0.96651572 -0.74633038 0.182432786 0.1504132 0.0636832044 -0.0306779891 0.0807526261 -0.0549562983 0.0152979037 0.2337493 -0.0833757222 -0.131881878 -0.0468078926 0.105771728 -0.0392338634 -0.0765468404 0.0260173231 -0.0594815202 0.0236701667 0.00578135997 0.0825270191
-0.142207667 -0.15599747 0.0173822716 0.0439450033 0.014005499 0.56805414 0.0473175161 0.901536703 0.825811744 0.290303141 0.158477351 0.143078357 -0.0343720429 0.0163813252 0.162042037 -0.18661581 -0.0786263645 0.224070504 -0.0338841602 0.18786943 -0.423941135 -0.0862792581 0.0789545625 -0.0353462845 -0.0746816248 0.0756292567 -0.0538822003 0.0604107454 -0.18760933 -0.10382399 -0.178567961 0.187243059 0.0889366865 0.475640327 0.0791625455 0.767703474 0.653389215 0.105878063 0.0160355289 0.0246332977 0.0763430744 0.0747393593 0.00593276788 -0.203550264 -0.135527104 0.206566811 -0.00915847905 0.139361665 -0.0148721579 0.150269166 0.0816384926 -0.0614043213 0.0276577547 -0.0391815826 0.0474112257 -0.00849567354 -0.080127649 -0.125270277 -0.328988075 0.155344561 0.0913445801 0.250515997 0.153861895 0.65177393 0.466440976 0.0619795732 -0.0463988222 0.0405148976 0.0538448878 0.0707427114 0.0253772512 -0.184280083 0.00897903554 0.0522675999 -0.083217591 -0.0139027247 -0.0296876859 0.0231975485 -0.136047378 -0.0441324674 -0.0936182216 0.0090116933 0.0644140318 0.0383504853 -0.125895202 -0.139944598 -0.00692853006 0.162541106 0.118093066 0.200708091 0.038267415 0.608951926 0.37010178 0.0469472706 -0.0894016922 0.151314169 -0.0504419245 -0.0146530634 -0.0398175456 -0.307972282 -0.0733710453 0.18614009 -0.10204345 -0.083154358 -0.0233130772 -0.0303546172 0.123523466 0.0763273463 0.0644245669 -0.0310307294 0.049377583 -0.0885308459
0.0217793416 -0.0152497552 0.209376261 -0.754974067 0.0619531348 -0.0933116078 0.0779715925 -1.07296467 -0.946364284 -0.141094834 0.335474104 0.0676346645 0.202880412 -0.162327856 -0.239068732 -0.00750056468 0.12411578 0.293534398 -0.132334098 -0.234880179 0.350223333 0.127142072 -0.0509812161 0.0317348018 0.0911700502 0.070038788 0.001369901 -0.0585632697 0.12053407 0.0651778057 0.408891439 -0.491970927 0.0710733086 0.0597673096 0.167736664 -0.878113508 -0.822746277 -0.160831064 0.181087047 0.0764608756 0.0973937064 -0.119550399 0.072047554 -0.104304761 0.0300604384 0.164960071 0.0233560782 -0.0887725577 -0.141327992 -0.0459780656 0.00924223848 0.0517773703 -0.0179532245 0.0716448352 0.0215612799 -0.0146003217 -0.039437186 -0.114245661 0.312430054 -0.304491609 -0.0230865628 0.292466968 0.099166736 -0.907773197 -0.731873751 0.0107984478 0.392027915 -0.0151610281 0.164348319 0.0828502253 -0.0516067222 -0.0336083621 -0.0700021014 0.183341444 0.127562776 0.0138713429 -0.0779486075 -0.0526531897 0.204975054 -0.0551168248 -0.0314189047 0.0304478407 0.0417969599 -0.00336200744 0.0939947888 -0.0981615558 0.13029407 -0.0360518694 0.00423801178 0.263869435 0.106813699 -0.89417851 -0.825358868 -0.0491310582 0.326539665 0.0410832465 0.162902936 0.0250456762 0.0560956039 0.114914343 -0.188821167 0.200119391 0.0312056448 0.0416010097 -0.186942562 -0.0125687188 -0.0377129875 -0.0924265459 0.0511862859 -0.0536151379 -0.015775077 -0.0792290941
-0.175251886 0.0581284352 -0.208981469 0.18519026 0.108767174 0.394602895 0.0131359044 1.05581009 -0.748721242 -0.0974891856 -0.205266908 0.0414884351 0.0382401235 -0.0361822285 -0.087491706 -0.071688965 -0.0591408648 -0.0304352511 -0.129226342 0.0168211795 -0.246013418 0.0307679418 0.118797511 0.0350239947 -0.0377933793 -0.00655960292 0.0940600857 0.000446096063 -0.183502555 -0.0212420579 -0.120712519 0.0658737794 -0.0316223539 0.444721878 0.102446042 0.990486681 -0.713734984 0.122731201 -0.215721697 0.00336723751 -0.0217587091 -0.0715812072 -0.00364594208 -0.0700554401 -0.0725121126 0.128766179 -0.105468161 -0.003091302 -0.10554935 0.0769893378 -0.0705136284 -0.000343494117 0.000134132802 -0.0816596746 -0.0668331087 0.0873984918 -0.0336898342 -0.00563515676 -0.0369402617 -0.0223301351 0.0535932034 0.286111653 0.0303850472 0.959180117 -0.548202276 0.186028972 -0.395355552 -0.0689365417 0.0800728872 0.00486420048 0.104825243 -0.00726631843 -0.0247978158 0.0264589209 -0.0927798599 -0.151660174 -0.134920388 0.110214673 -0.093692109 0.0319732651 -0.0353711359 -0.0606013276 0.0364450589 0.0173012093 -0.168471575 -0.122224078 0.0658199266 -0.0376491435 0.0111459419 0.242849559 0.0980864689 0.959883928 -0.675043762 0.186920047 -0.118718706 0.0590613931 -0.00648687687 -0.00749511365 0.0328855179 0.117956169 0.0252344813 0.183392763 0.0291982535 -0.00753196049 -0.245622411 0.088221997 0.0862088278 -0.0213279873 0.0906118229 -0.0364392176 -0.0843871459 -0.0449849665
-0.117941096 0.0721838549 0.131122202 -0.0316973515 0.105770968 0.0187976025 0.0755017847 -0.787674606 -1.5483619 0.145358443 0.0434257202 0.12529166 0.0271464791 -0.00941241067 -0.00454416126 0.0213628616 -0.0131058777 0.104343556 -0.0551098548 -0.0992144495 0.162924379 0.0304153003 0.197859406 -0.0360119343 -0.0341757871 -0.0749706104 0.0386296436 -0.068754293 -0.0584970489 -0.0259155352 0.183549225 0.179495186 0.0195670594 0.0660520941 0.177897036 -0.800531149 -1.13956416 0.0968638211 0.00831373129 0.0448024683 0.0751402602 -0.00997775793 0.0307447352 0.0279248692 -0.0610178038 -0.0383747332 0.011698178 -0.07540638 -0.0710112974 -0.128286004 -0.0156299155 0.077842854 0.0637137815 0.0809186623 0.0511503294 -0.00781771541 -0.0219753589 -0.153078958 0.19692035 0.0450518243 -0.00567961717 0.259903252 0.123459116 -0.805390894 -1.03130388 0.0470670089 0.0910648033 0.0753415897 -0.0853333101 -0.0243636295 0.0679505616 0.234498024 0.0306937117 -0.193107516 -0.109137177 -0.0356814489 -0.106090426 -0.0408704653 -0.0305589363 0.052815862 -0.0468617417 0.0145377219 -0.0533226952 -0.0294911563 0.0235089064 -0.17108269 -0.0702891201 0.0100830477 0.116997704 -0.0734916702 0.0681286603 -0.828815818 -0.956595242 0.0666571334 0.0659803823 0.201861933 -0.0562944338 -0.0113294451 0.125714213 0.305272907 0.0298290811 -0.130280271 -0.0818596557 -0.0201256555 -0.0512716658 -0.0371138789 -0.182711095 -0.0789753646 -0.0908383876 0.0528159812 0.0064194575 0.0753259286
0.0977440178 0.1613103 0.199715108 0.407271743 0.15778698 0.0103425235 0.172219634 -0.240298644 -1.64541256 0.029262213 -0.47332263 0.2266289 -0.090684697 0.240606844 -0.0593276992 -0.372594535 -0.0672330707 0.455122679 0.131590366 0.095002532 -0.344647706 -0.0472741239 0.694732666 0.0515117124 0.074695237 0.0186124966 0.0321286544 -0.0738858208 -0.00183207449 0.0410147011 0.0617657676 0.644309223 -0.0525471978 0.0442899205 0.175683975 -0.159328803 -1.27594805 0.0691033602 -0.543233693 0.113896258 -0.0654083639 -0.0446869396 -0.00848458149 -0.184129745 0.206975147 0.1169696 0.0280213598 0.0274922345 -0.27956453 -0.0760124028 0.121163137 0.0103246048 -0.0659157038 -0.0756625831 0.037327148 0.0272443146 0.116030306 -0.0647634789 0.0132792564 -0.098636955 0.0691439882 0.105415381 0.209555984 -0.1836707 -0.77876848 0.0234833304 -0.626972079 0.286733747 -0.0588004179 0.0620188639 -0.00561308628 0.0890615061 0.0975634083 0.0155172255 0.0106345918 -0.0569944605 0.00109918474 0.0345879644 0.114869647 -0.0236738175 -0.031000033 0.0316734388 0.0263315737 -0.0551192798 0.034149427 -0.102363326 -0.234428212 -0.10027083 0.139263391 -0.119035199 0.0837184489 -0.322953165 -0.777151406 -0.121944912 -0.262105167 0.136932269 -0.0636163354 -0.126418352 -0.0976206288 0.146135136 0.250016361 0.0713868216 -0.0874453858 -0.14000456 -0.0283326115 0.00105314364 -0.0229629874 0.047551237 0.0418949798 0.0269931108 -0.0382526442 -0.00100237876
0.0277851634 -0.0913479477 -0.45977065 0.0272101797 0.0159509182 0.532508075 0.0980644822 0.849975348 -1.05963767 -0.0476318188 -0.116016611 0.114984989 -0.094139196 0.0988590866 0.167282999 0.0379906185 0.00757319899 -0.0383764245 0.028435858 0.0635150447 -0.203049883 0.0742773265 0.0265688319 0.0289917812 0.00328566879 0.00256505609 -0.0899195895 -0.0826073661 0.0365716778 -0.0128625734 -0.0330189429 0.348356009 0.0667549744 0.389837205 0.026048474 0.814206362 -1.13933134 0.0522828512 -0.321600229 -0.0114590963 -0.126879737 0.0410839431 0.236302286 0.0907298177 0.1578888 -0.00577960443 0.0336926281 0.0151209207 -0.111804016 -0.0107201096 -0.0245055631 -0.0598559864 0.0696268305 -0.0267700553 -0.0353893042 0.063910909 0.119858772 -0.109757811 -0.30932197 0.426513731 -0.0224608853 0.0759988725 0.0411887988 0.837975442 -1.02755558 0.0266781691 -0.200763196 0.00423822505 -0.111457914 -0.0751108155 0.182719156 0.0654398948 0.0971111879 0.0816963613 0.0333713293 -0.0637717471 -0.271237284 -0.0110136988 0.00855246559 0.0216803551 0.050886251 -0.0140403882 0.0485526994 -0.0841843039 0.0672372505 -0.0199309308 -0.400391966 0.0651339814 0.0897358432 0.157335982 0.0572503805 0.916760147 -0.913275182 0.0909814015 -0.110936068 0.0917831585 -0.131070033 0.0147749195 0.190015346 0.215903118 0.168464318 0.0210630503 0.0516568795 0.0399267003 -0.208982065 0.142022178 -0.0525042638 0.0436026379 -0.0678741485 0.0303379297 0.0659979805 0.0113908648
-0.00143113639 -0.00373837817 -0.529843211 -0.528500915 0.0486238189 -0.308475018 0.110053763 1.07327533 -0.857152641 0.3112728 0.215550616 -0.0145408837 0.0679889023 -0.0542928539 -0.316421658 0.19145453 -0.0213516057 -0.213725656 -0.201738745 -0.151009575 0.366944939 0.0725970715 -0.358856261 -0.00600417703 -0.0238946825 -0.00190603733 0.0657606944 0.092690222 0.0668790489 -0.0656404719 0.0351503305 -0.0846676305 0.0357393399 -0.109763555 0.0464444272 1.05121315 -0.8232916 0.210010156 0.0851499587 0.02371425 0.163259104 0.0704535022 -0.137644947 -0.0240119956 -0.0438893102 0.0760941282 -0.00814776309 -0.0240778308 0.00785435364 0.0746486187 -0.129963636 -0.0358570851 -0.0635738075 -0.0458348282 0.0185522139 0.0576285943 -0.0490129702 -0.064293094 0.0312654898 -0.143951446 0.102561563 -0.101727799 0.127840355 0.925646245 -0.771994174 0.0997449383 0.227976605 0.107749365 0.0488958992 0.06126035 -0.0876522735 -0.0684399828 -0.193973646 0.0937410221 0.0370381214 -0.0489405915 -0.0522964746 -0.140415266 0.0552854501 -0.0273514166 0.0346109346 0.0252734497 -0.0724360347 0.0848600492 -0.0656986237 -0.108009629 -0.019381335 -0.221352041 0.151406661 0.0847257674 0.119910106 0.908660591 -0.682118595 0.108771764 0.453617841 0.00375057454 0.0458447523 0.129805431 -0.0128214229 -0.167869687 -0.195510387 0.117977642 0.226466298 0.125885516 -0.15968211 -0.0621640496 0.0048040715 -0.00638312846 -0.0265760422 0.0494397208 0.0768991336 0.0593316928
0.462350875 -0.267036438 -1.23617589 0.515422225 -0.0169421807 0.0983432829 0.00989948865 0.43435964 -0.418845385 -0.43560937 0.0372528918 0.0478222966 0.237187684 0.249775246 -0.443254918 -0.741334796 0.377133042 0.500674486 0.450851828 -0.0743153393 -0.780835211 0.164447904 0.713953912 0.0727522299 0.0473014936 0.013719067 0.0234786421 -0.072844103 0.445043057 -0.295077443 -0.63615042 0.110418797 -0.00394028146 0.228526726 0.0287951771 0.402479351 -0.52502656 -0.256668538 -0.385986865 -0.00487706857 0.266962111 -0.143056333 -0.209057674 -0.358437717 0.389575809 -0.015692573 0.0431010388 0.0685982928 -0.27745232 0.0272701308 -0.0807995871 -0.015445292 0.0343105122 -0.0120630115 0.0549938902 -0.0770561099 0.374482095 -0.158011571 -0.735200703 0.181702867 -0.0510571525 0.135831878 0.0340490825 0.368315041 -0.425659001 -0.105228722 0.318056285 0.0311137438 0.182834953 -0.296764195 -0.334958494 -0.0404532291 0.427007943 -0.0781234577 0.00730709033 0.0676993728 -0.330231756 0.125494882 -0.168891177 -0.00549382716 -0.0589962006 -0.0812883675 0.00936217606 -0.0458148457 0.503878057 -0.295488566 -0.820953131 -0.365756959 0.0322375707 0.0566217452 0.01391795 0.222914666 -0.325265825 -0.0782288313 0.0596327968 -0.0102392565 0.129972249 -0.268493205 -0.277064115 0.00762637844 0.564301372 0.167068958 -0.0885253623 0.0190796126 -0.281740546 0.054527957 -0.00513565494 0.0664635077 0.0935923383 0.0476734862 0.0924620405 0.0257535875
-0.0130546233 -0.0753511488 -0.25601092 0.114546783 0.0471077412 0.058847107 0.0141942538 0.591022015 -1.4538393 0.0374638364 -0.126492068 0.0903426334 0.0776474774 0.00497206161 -0.18478778 0.0181875713 0.0222680997 -0.280474663 -0.179057702 -0.0772129893 0.244587839 0.085095197 -0.203859344 0.0156833753 0.0505581871 -0.0820664912 0.0175348744 0.057795532 -0.00907069538 -0.114268862 0.123079948 0.254768759 0.0415477119 0.085066326 0.0552655533 0.596996546 -1.26044047 0.178810433 -0.0192926954 0.0208498221 0.0334395841 -0.0152313849 -0.0118695665 -0.0362976454 -0.0234520696 -0.0854488686 -0.110560991 0.00360149634 -0.170105562 -0.00770056015 -0.00421127724 0.0132532641 0.0609148368 0.0123862252 0.0233936682 -0.0084579885 0.0184848104 -0.0893940255 0.196049154 0.175780103 -0.0342096612 -0.00609673327 0.0155067155 0.585360706 -1.11275375 0.13402988 0.14839308 -0.0540023036 0.0546302423 0.0520609953 0.0845617726 0.114645205 -0.210347638 0.0456223153 0.0818532854 -0.0374842323 -0.178107694 -0.0481505841 -0.012462127 -0.0102337152 -0.0445492528 0.0826264992 0.0813287124 -0.0100800917 -0.0793962106 -0.146543294 0.130752921 0.230382845 0.0201781765 0.115525052 0.078251563 0.469913244 -1.0134393 0.108400524 0.209186241 0.0278903283 -0.0366875343 0.175110906 0.0585625283 0.0330855362 -0.158448085 0.0271180272 0.0639214143 0.186888739 -0.170769751 0.0528590344 -0.0267357603 -0.0351527557 0.0692770407 -0.0538248643 0.00312642008 0.0212391466
-0.00606268598 -0.0494833849 0.142614737 0.134315789 0.138073355 0.224055097 0.125271752 -0.595369637 -1.40924966 -0.0162793566 -0.0355473459 0.00238456274 -0.0579320751 -0.0110066338 -0.146995023 -0.114590682 0.142492607 0.0309161823 -0.0453821458 -0.161227569 0.289175481 0.10873653 0.0924985036 0.0425329581 0.0116976425 -0.0833108872 0.0786909387 0.0532102957 0.0282737389 0.0136734499 0.0867656171 0.139485195 0.0639102012 0.139719099 0.105925359 -0.720169723 -1.13135982 0.0209163893 -0.296560287 0.0291606039 -0.0659672469 0.0456022434 0.0278382208 -0.119747005 0.143214211 0.0481080599 -0.0291741099 -0.111746632 -0.086882472 -0.0256598573 0.0394556448 0.054374598 -0.0196824074 0.00647293031 -0.0492236018 -0.0800334811 -0.122332506 -0.0884738937 0.0493045039 0.20014663 0.0273685064 0.240281031 0.124744803 -0.679987967 -0.87361294 0.0713570267 -0.283793777 0.121703856 0.0255751982 -0.0638929382 0.030670492 0.113840006 0.054060664 -0.059196867 -0.0490778126 -0.03505392 -0.166201025 -0.013408374 0.155568555 0.0167079344 -0.00495287776 0.0498654619 0.0916576758 0.0786935017 0.0228986219 -0.125967503 -0.0159626473 -0.130900219 0.0762615502 0.133146629 0.078977786 -0.641834736 -0.793786049 0.142595842 -0.236382663 0.0612926371 -0.0486110784 0.000938438985 0.173688442 0.215859875 -0.0671281517 -0.0544604845 0.12281546 0.00164238608 -0.280724168 0.00887413882 0.0259446595 0.0205602199 0.0130561441 -0.0117653161 0.0590464398 -0.0468346067
0.051171191 0.0630159155 0.026599735 0.0989697054 0.0354565568 0.15426001 0.136313811 0.496413887 -1.54635644 0.0655217841 -0.0324479491 -0.00254045427 0.138908133 -0.0516009107 -0.261294216 -0.00351429661 -0.0272937622 -0.151045308 -0.098782517 -0.159204274 0.0742722154 0.0619311929 -0.142348245 -0.0107073039 -0.0569999218 -0.00240712613 -0.0862451121 0.0250819474 0.0384410545 0.0745420605 -0.0802743956 0.10785675 0.0918012336 0.203757703 0.0194587335 0.551822424 -1.19124091 0.20161958 -0.162484199 0.108490184 0.0103242239 -0.0614282154 0.00738793053 0.0500497892 -0.0468534455 0.0438915081 -0.0175075419 -0.00734513719 -0.104655527 0.0240782406 -0.0766949654 -0.0284489989 0.0187543258 -0.0797117949 0.0157091245 -0.0507387966 -0.0262985192 -0.0421903953 0.00468465406 0.103747599 0.0783456936 0.0256734286 0.151713118 0.415564179 -1.00654793 0.118273117 -0.0370370336 -0.0127455359 0.0627237037 0.0782256499 0.15749526 -0.0611603521 -0.14649348 0.0472695567 0.0685481057 -0.0285750739 -0.277520001 -0.122028187 -0.0186711997 -0.0402313508 -0.0656145811 -0.0828920603 0.00737588108 0.0554149076 -0.0524947904 -0.0812334493 0.07990814 0.145755559 -0.0157085694 0.147511363 0.174882844 0.544823825 -1.03208733 0.0105348248 0.0111999093 0.0119322138 -0.0194703471 -0.0351083912 0.141427577 0.0186195709 -0.0919260085 0.100298151 0.0622134842 0.121884927 -0.13352482 -0.107300401 0.0203686859 -0.00322744995 0.0519546047 0.0627874807 0.0250690281 0.00285512209
-0.292566776 -0.0576577224 -0.066056259 0.116546564 -0.0484803431 1.10228479 -0.0254516304 -1.16748261 0.44100821 0.213153213 0.644659102 -0.00579992775 -0.030397566 0.0635835826 -0.0320289172 -0.136058167 0.0531033017 0.269264519 0.10990072 -0.098752901 -0.138703704 0.303302199 0.312083602 0.0223321617 0.0909612104 -0.0479050092 -0.0317230672 -0.0848415345 -0.224213436 -0.0534141771 -0.138824031 -0.00174036855 0.102641217 0.501975477 -0.0801348984 -1.1407516 0.245206878 -0.000932608265 0.53508085 -0.137417123 -0.0148638096 -0.225291893 -0.0984451622 0.0209560283 0.0982565805 -0.0442465991 -0.0454435907 0.031633839 0.0805895925 -0.0670734644 -0.0405416004 -0.082877852 -0.01749973 0.00586142391 -0.0311198905 -0.0345605724 -0.293322712 -0.0165001042 -0.124601863 0.373797953 0.0877878889 0.557524979 0.0012012471 -1.18950188 0.176553965 0.091420427 0.607842565 -0.0946253613 0.037394356 -0.137798801 -0.0706701428 -0.0798564255 0.195507899 -0.138298362 -0.212297216 0.109394036 0.335239559 -0.108534664 -0.096889168 -0.00428152829 -0.0169696957 -0.0364302993 0.0568081215 0.0864392892 -0.287795037 0.0142395813 -0.165547431 0.380288541 0.134988829 0.408165425 -0.000470447296 -1.18540573 0.178759113 0.25259909 0.702672362 -0.0796379745 0.0433199927 -0.291968226 -0.113783464 0.0405951142 0.189398825 -0.458617091 -0.206374481 0.093011409 0.101202659 -0.0274493583 -0.100763842 0.0816452578 -0.0913938582 0.00937141478 -0.0915325135 -0.00310721993
-0.0241033807 -0.0843577981 -0.041877225 0.375647902 0.00549892616 0.108163893 0.122270063 1.18520916 -0.43936649 0.00635384722 0.0624482259 0.112061635 0.0537546091 -0.00568774855 -0.0647686645 -0.173434019 0.0107760178 0.00752983382 -0.0560257062 -0.0448402278 -0.034121193 0.129645854 -0.115306564 -0.0741790235 -0.0886325613 0.0341973528 -0.0851442665 -0.0943265557 -0.0914479792 -0.173969522 -0.109352961 0.188360453 -0.0132827144 0.270677984 0.0553211011 1.18033731 -0.461168915 0.131979734 -0.160452619 -0.0112146828 -0.0784918591 0.0379021652 -0.0450071618 -0.167079702 0.14792484 0.0930924937 -0.0315098017 -0.13172555 -0.193460584 -0.0207722839 0.12153431 0.0651510134 0.0077284351 -0.0805323496 -0.0247143134 -0.0887644589 -0.00557741523 -0.158791363 -0.154763609 0.14936845 0.0694424286 0.135886043 0.0938271284 1.05027103 -0.401531905 0.149090871 -0.186129957 0.153776422 -0.0555766076 0.0666552261 -0.0715473145 -0.0582827628 0.0680199787 0.0296652075 0.143694133 -0.100700185 -0.162612975 0.0119493948 0.0809454396 0.0918360129 0.0212950632 -0.00269810855 -0.0468151309 0.0352297053 -0.0761885196 -0.0969678909 -0.0438276045 0.028786663 0.0989164487 0.223721951 0.0740744472 1.06583583 -0.478375793 0.228275836 -0.0644928068 0.0918101594 -0.0340569355 -0.0121877184 -0.025419699 0.0209972858 0.0374832302 0.161735624 0.17101045 0.033222612 -0.234233603 -0.102145486 0.0299165342 0.0871507153 -0.0671856254 0.0520773903 0.0676382259 -0.0391663201
-0.2069031 0.0576315261 0.0547883771 0.100855641 0.0487804078 0.395239949 0.126677275 1.0367409 -0.865543306 0.104808055 -0.0358267799 0.105189562 0.0230200104 0.165205777 0.0816304684 -0.158491701 -0.0540462583 -0.0827429369 0.077425085 0.0727088302 -0.468926251 -0.0405385382 0.203734368 0.0332314 0.0795866922 -0.0434420034 -0.0465059057 -0.0189877227 -0.158747286 0.0452158526 -0.172874719 0.179290444 0.0777184442 0.481958508 0.156977624 0.998802423 -0.809460104 0.179223329 -0.117920712 0.0724980012 0.0861694813 -0.13285239 -0.0757974088 -0.0521745682 0.113936923 -0.0641466454 -0.0837060139 0.0783816352 -0.143698588 -0.00991887413 -0.0502362996 0.0248420089 -0.0685282499 0.00606878847 -0.00116524845 0.0321896002 -0.106956467 -0.0139702661 -0.109292448 0.181292593 0.0254951064 0.335796773 0.0512332954 0.977932096 -0.679056346 0.0289461073 -0.163687661 -0.000695412455 0.0104452977 -0.10379345 -0.113062479 -0.0358204991 0.055692751 -0.0353122689 -0.0340880267 -0.144888461 -0.0670931488 0.0590935983 -0.102492638 -0.0740135759 -0.0265827477 0.0194495246 0.040053539 0.00714823604 -0.111957297 0.134721696 -0.0215211213 0.233095393 0.103944197 0.245494887 0.10986381 1.00663531 -0.701520681 0.125332773 -0.126657039 0.157799393 0.0504322425 -0.0826175064 0.0285109933 0.120367266 0.275625855 0.0241291672 0.0293874163 -0.0378518961 -0.034675736 0.0373151042 -0.0227410216 -0.0658839345 0.00322812051 -0.0303708091 0.00597413629 -0.0748141557
-0.0294384398 -0.314333677 0.433350235 0.28603366 0.00971515011 0.168675229 0.0695957243 -0.520466566 1.38133121 -0.0650063381 0.100716919 0.066176571 0.134072319 -0.153273016 -0.0725827292 0.233991906 -0.00280866376 0.0986477211 0.095347032 0.0497008227 0.147983745 -0.143688053 -0.0170022622 -0.0751981586 0.0776888207 0.0448065028 0.0569147244 0.00978412479 -0.1672519 -0.143814847 0.139031857 0.0450047739 0.14120625 0.0461573862 0.217410326 -0.42113173 1.1299963 -0.0509767234 0.118131645 0.102702633 0.202164471 -0.112388268 0.0354150049 0.175477356 -0.160642371 -0.0809077695 0.0421923138 0.0187161211 0.235631675 -0.143927246 0.0352437869 -0.0929632857 0.04524941 0.0639656112 0.0709231719 0.00771284848 -0.0526180118 -0.0963493884 0.165820703 -0.0771760568 0.0904562548 0.0565165877 0.107624933 -0.493654221 1.05150175 -0.0414523073 0.100537829 0.167400509 0.221356705 0.0150803551 -0.0902270973 -0.077767089 -0.189254105 0.0816548169 -0.00415108912 -0.00212824182 0.211378187 -0.00413098698 0.136724487 -0.0133297294 0.0127681196 -0.060272526 0.0445991382 -0.0732257664 -0.0487444922 -0.15712215 0.0243390221 -0.0940705538 0.130035102 -0.0402868763 0.0962845087 -0.380311966 0.979145586 -0.0755273998 0.0723307654 0.142039269 0.262225747 -0.0712598562 -0.0198921971 -0.104735188 -0.185050845 0.0605830401 -0.113984145 0.112085588 0.279294461 -0.0889241248 0.0496471524 0.0942269489 0.0284876376 0.0369523093 0.0346965417 -0.0386587195
0.0486228094 -0.237768665 0.0827254951 -0.294906944 0.103390276 -0.12088608 0.162622586 -0.940912664 1.26799345 -0.0105837863 -0.328674078 0.145254999 -0.00137457193 -0.128121138 -0.0620494299 0.184279934 0.0475174859 -0.252240568 -0.096988894 0.028601788 0.284014136 -0.0403967388 -0.16262196 0.0282932296 -0.045491606 -0.0653151125 0.00218938291 0.0302716643 0.00977864861 -0.0829281732 0.179164484 -0.185708284 0.137703791 0.0561482348 0.0829969719 -0.875513911 1.18529892 -0.105117768 -0.135733351 0.07494317 -0.0149672627 0.105795212 -0.00856910925 0.0463357754 -0.00992899202 -0.112496413 -0.0417219698 0.158829942 0.351057261 -0.0263181925 -0.192768708 -0.0370430946 0.0501844957 -0.0539422706 0.0185539722 -0.040508721 0.0252027288 -0.0377866328 0.184306651 -0.0970934629 0.113284968 0.0944954231 0.145915613 -0.914664507 0.908045888 0.0752239674 -0.104508795 0.179088101 0.129609272 0.0408458039 -0.242860094 0.0434849225 0.00050243747 -0.109714828 -0.149681062 0.171132326 0.200404212 -0.11807216 -0.0559427962 0.00901416689 0.0776278898 -0.029855825 -0.0754279718 0.062560983 0.0264143236 -0.00770459604 0.0370480642 -0.121813461 0.0752011985 -0.0351618975 0.147386864 -0.936169326 0.914964676 -0.0676315352 -0.098153539 0.0771648288 0.164514244 -0.0202761274 -0.252769291 -0.117873147 0.0954054296 -0.30284664 -0.0586335622 0.0726442859 0.317171365 -0.0961245969 -0.176702991 0.0162622631 0.011488162 -0.0913925916 0.0189634785 0.0901535824
0.0271922946 -0.000502504408 -0.0195882171 0.0251100808 -0.0420972593 0.09305159 0.0816836283 0.044143118 -0.0351959206 -0.0887228921 -0.0543959737 0.0918732062 -0.0867313668 -0.0902213231 -0.0068103224 0.0300623775 -0.0940462723 -0.0877275914 0.000513724983 -0.0316955373 0.0658300593 0.027129434 -0.0820204243 -0.0851657167 0.0648919418 -0.016755268 -0.0413358212 0.0297628939 -0.0185708255 0.0451901332 0.0239620134 -0.0409121625 -0.0757336318 0.0511520281 -0.0567712784 -0.0104511008 0.0129196048 -0.0549907014 0.0514716282 -0.0664638802 0.0232076272 0.0101059079 0.0346698239 -0.0927352086 0.00545832515 0.0460649952 -0.0604948252 0.023381941 0.000370241702 0.0801615342 -0.0200081915 0.000645555556 -0.0410977155 -0.0232876092 0.0270506367 -0.0911314711 0.0716816559 0.0679486617 0.0400165841 0.0707358047 -0.0294138119 0.021522738 0.00480721146 -0.0653400943 -0.036326699 -0.0335453153 -0.023363255 -0.0839023143 -0.066454649 -0.00897313654 -0.0143742785 -0.0857739598 0.0201896727 0.0514498875 0.0786935017 0.0795240775 -0.0660271943 -0.0302827135 -0.0448262952 0.0173306689 0.0253206119 0.0210229829 0.05521781 0.0498513952 -0.0507178083 0.064866446 0.0637407526 0.0125044882 -0.0822095498 -0.0579538085 0.0263324231 0.0326695666 0.088108249 0.0480915233 0.0342476889 -0.00322280824 0.0644306466 -0.0343934447 0.038473703 -0.0450049154 -0.000881940126 0.0558437482 0.0433572903 -0.0212042481 -0.00119646639 -0.052455157 0.0437681451 0.0635813251 0.0325259492 -0.091435492 -0.0676417798 0.0632576272
-0.103701867 0.0126885753 -0.182892933 -0.0584439225 0.0323508047 0.068175517 0.111984015 1.11155283 -0.690175414 -0.0719354972 -0.172243729 0.0153504293 0.0792460963 -0.193955481 -0.192214906 0.12590912 -0.032289397 0.0472951829 -0.427959949 -0.156958133 0.364457011 0.0611215495 -0.721181273 -0.000319868326 -0.0149483308 -0.0827120319 -0.0844396949 -0.0732900202 -0.113539912 -0.0542853251 -0.17281197 0.150505647 0.0638294294 0.314153045 0.0327640809 1.0602926 -0.692165434 0.0460484028 -0.0606903061 -0.0364153795 0.0694327131 -0.196988851 0.0429702289 0.185168386 -0.135943413 0.163105458 0.104435511 0.0111120502 -0.179214492 0.0436125435 -0.0846713185 0.0721805021 -0.0173075497 -0.000658653677 -0.058054354 -0.0513799451 -0.0559181906 -0.0350937732 -0.184163809 0.131841168 0.153344452 0.206623048 0.0573660024 1.01950955 -0.488602698 0.180772305 -0.0501218773 -0.056152489 -0.0232614204 -0.0956790671 0.0525799654 -0.0120265177 -0.110002346 0.114186704 0.101754099 0.0892614797 -0.134696022 -0.020692518 0.00791554619 -0.0280451924 -0.0699926615 -0.0670591816 0.0444280133 0.072165139 -0.0582422726 -0.208952963 -0.0960466191 -0.0901904702 0.113695972 0.152074367 0.101308599 0.852181911 -0.426128238 0.0819148272 0.049204275 -0.0618426427 -0.0942263752 -0.118053377 0.0566548891 0.141438261 -0.192759156 0.299578309 0.0483315811 0.104290046 -0.186751604 -0.00327444379 0.0591918528 0.0474664494 -0.0324094333 0.0304082632 -0.0185185894 0.0254445076
-0.0707127452 -0.0625294074 -0.0649325922 -0.0457924381 -0.0524024777 0.00372329354 -0.0330947898 -0.0656650588 -0.0120814266 -0.0418386087 0.0593250282 -0.0902611911 -0.0348774903 -0.0667237788 0.00571705634 -0.000816278276 0.000557111693 0.0877706558 -0.0360468291 -0.0135811344 0.0244124681 0.0788634047 0.0716220364 0.0107945204 -0.0357485078 0.0310420766 0.0594524369 -0.00201656669 0.0392726958 0.0898003578 -0.0385694839 -0.00737731112 -0.0974830166 0.010382236 0.0549168438 -0.0301277265 0.00327310222 0.0178927742 -0.00418483792 0.061023362 0.0137693807 -0.0988803059 -0.083974883 -0.0995761901 0.00988787878 0.0450930148 -0.0124662593 0.0849581882 -0.0169992298 0.0193187445 0.0852064863 0.0478211865 -0.00301454216 0.0910160169 -0.0564550832 0.0351956412 0.0470743142 -0.0461374298 -0.0771559477 0.0432033502 -0.0482600927 -0.0591542497 0.00636872184 -0.0802160129 0.0758710206 -0.0209316798 -0.0353795588 0.0665527433 0.0263102502 0.0120019251 -0.0511280596 0.0841292217 -0.0227854643 0.0726031214 -0.00694590062 0.0474002883 0.0664388463 -0.0703488663 -0.0629786253 -0.0934379324 0.068152912 0.0812610164 -0.0345336273 -0.046279788 0.00322370231 0.06314338 0.0347218178 -0.00720440596 -0.0725146234 0.0685760155 -0.0736197457 -0.102832206 -0.0407893471 0.00605777744 0.023210315 0.0240993742 -0.0547385849 -0.0422654487 -0.0479701348 -0.051566761 -0.0735942647 0.013352545 -0.027479656 -0.0909482688 -0.0551749952 -0.0567462631 -0.0407599472 -0.0583864562 -0.016386576 0.0338621065 -0.0764729753 -0.00809454918
-0.0653291717 -0.332629591 -0.0504618026 -0.557687521 0.119649045 -0.349765092 0.224549487 -0.204992965 1.3806572 0.022207858 0.0821581632 0.042278219 0.297963738 -0.0545926243 0.210584953 0.055748526 -0.0832102448 0.208403543 0.000534952967 0.140820712 0.0368645415 -0.194390371 -0.0333339833 -0.0560610816 -0.0791132152 0.0476786718 -0.0487195589 -0.0192174911 -0.00231184065 -0.243208542 0.320564181 -0.258465588 0.050311178 0.0314545669 0.185311183 -0.174028069 1.10688484 0.00635650661 -0.149405986 0.140018538 0.184361741 -0.0402482376 0.206827253 0.0802465081 -0.088415958 0.0271190908 0.0646967888 0.0266923774 0.433927655 0.00471768389 -0.102879025 -0.0371930525 -0.0227386132 0.0282663181 -0.00269503146 0.0760366842 -0.0407482684 -0.226667687 0.0997671783 -0.270817459 0.10283538 0.0611770637 0.207542643 -0.311020404 0.838653147 0.0782545581 -0.0855104327 0.0607276708 0.115945585 0.0587658323 -0.00627350295 0.0066607222 0.0976327211 0.130382061 -0.0585009567 -0.0424951389 0.306258947 0.0225860458 0.0214245021 0.00490347296 0.0097739324 -0.00613626093 -0.0734259561 -0.021624133 0.0358487926 -0.210753053 -0.0136104468 -0.32074067 0.117839739 -0.0265228357 0.15823181 -0.130115971 0.865569055 0.0151448166 -0.0752664059 0.057850644 0.098499395 -0.119824223 -0.00714683114 -0.0292081088 0.0847720355 0.168570936 -0.151075125 -0.202856466 0.326719493 -0.0666150674 0.129688308 0.0254443586 -0.0861240551 0.0822998062 -0.0257246569 -0.0389622226
-0.0712546259 -0.3316544 -0.175173745 -0.583677232 0.134617537 -0.181470886 0.223397478 -0.769683659 1.0124284 0.0512957983 -0.245154411 -0.0364831351 0.29471615 -0.00206693495 0.163606644 0.130835935 -0.0465028919 -0.019988047 -0.165649056 0.141916573 0.369497091 0.0151950838 -0.16184707 0.0454988107 -0.0890127644 -0.00945431739 -0.0153380111 -0.0573715381 0.0168044157 -0.231666446 0.0788548663 -0.0833113417 0.0200055838 0.116547182 0.250028342 -0.599647343 0.858095109 0.157977283 -0.0843311027 -0.0714776441 0.395942211 -0.00633424148 0.26581344 0.0337419175 -0.191091999 -0.0579004027 -0.0618620366 0.0847114623 0.406456947 -0.0624201447 -0.205344394 -0.0515395142 -0.0561187677 -0.0134338662 -0.0554572418 -0.0623332374 -0.0287397876 -0.175698057 0.133980751 -0.027687585 0.162743941 0.00949926954 0.231624261 -0.738859415 0.756683171 0.324309736 0.0495400615 -0.0841818526 0.388119042 0.0731092542 0.19758147 -0.0701706186 0.0580470636 0.0579866357 -0.061052151 0.119358204 0.281876415 -0.0208379682 -0.237137944 0.0789051577 -0.0499663502 0.0627629086 0.0239411145 0.0582885072 -0.0919749364 -0.144590423 0.268340677 -0.146034062 0.0643133596 0.0782822222 0.119613744 -0.717355847 0.76134491 0.233086675 0.00340606924 -0.00957559142 0.291341364 0.0397925191 0.234560505 -0.188314736 -0.0378183238 0.0688352957 -0.0623049289 0.0933144614 0.260448456 -0.0122744059 -0.17845206 -0.0800410509 0.0152241662 -0.0209339559 -0.0794224665 0.0880358443
-0.150491193 -0.16316025 0.0637846291 0.121928729 0.131223008 0.346842021 0.0372625664 0.245836973 1.94860756 -0.118050471 0.344463021 0.262898564 -0.0544559471 0.11673604 0.114165284 0.270028889 -0.0460958183 -0.01215012 0.0253791064 0.101079978 0.0172936749 -0.00721243164 -0.200407043 -0.0299825892 0.090033941 0.0922844931 0.0472022966 -0.056406118 -0.224347904 -0.132588953 0.0239235405 0.0475628302 0.200606376 0.305508494 0.163060799 0.393048584 1.43928385 -0.0922601745 0.383333683 0.209997028 0.0108719664 0.136309355 0.0834274665 0.11413493 -0.128236845 0.0810821056 0.0939031094 0.0961000398 0.301628202 -0.0631689057 0.0145422984 -0.06049807 0.0496080592 -0.0606274717 0.0648242012 0.0379135534 -0.165144876 0.0502075143 -0.0256118029 0.1251086 0.193332851 0.201743692 0.0970554054 0.306977153 1.10109794 0.0352407172 0.374830574 0.222245574 0.0756565556 0.041258242 -0.0510947146 0.0235151593 -0.0663705394 0.0592207834 0.00409860397 0.0254854821 0.178691089 -0.127720594 0.000261024514 0.00440789014 -0.0760158896 -0.0156022832 -0.00310657173 -0.0335931107 -0.22137998 0.0571935661 0.0810976475 0.201898903 0.0608421303 0.156172171 0.0731710196 0.237033978 1.06596541 0.12269216 0.420438349 0.129019976 0.0891999528 0.154174492 -0.00420762412 -0.0326802768 -0.14965561 0.165586129 -0.0186424572 0.130113259 0.22074081 -0.0467247665 0.0611980371 -0.0727150068 -0.0639926791 0.0556888059 -0.0466093086 0.0549286827
0.035785567 -0.1424914 -0.164294094 -0.103207737 0.0826630592 0.0515420623 0.201986641 0.805921733 1.61681414 -0.115594909 0.0824411511 0.0347022079 -0.0295030866 0.16964215 0.143525898 0.166934296 -0.0363318585 -0.0193939023 0.0475538112 0.221009076 -0.476330251 -0.16845718 0.160626918 0.0513553843 -0.0710281432 0.0826319233 -0.0941161066 -0.0717220902 0.0741602033 -0.119699575 -0.0915768072 -0.289084613 0.0853388906 0.180506393 0.0945899934 0.858351767 1.42391229 0.129210591 0.0893548802 0.218951672 -0.0409799926 0.0704387426 0.0556864887 0.133891165 0.0331826173 0.0387443863 0.0995859504 0.0796612278 0.139427632 -0.0582178831 0.0532612205 0.0265254527 0.0713105872 -0.0147532895 -0.0771497041 0.0186663121 0.0653532371 -0.000409398053 -0.114432544 -0.161936834 0.227455691 0.200667366 0.198291987 0.796267152 1.22034371 0.22129862 -0.0944742113 0.180123225 0.0343437716 -0.0606138259 -0.0542267859 0.0178484768 0.0285226945 -0.0231343396 0.0561733656 -0.0333248489 0.0530524403 0.0325978361 -0.0700365454 -0.0171300396 0.0808916762 0.0728427246 -0.0208263919 0.0036488995 0.0521649048 -0.0771014988 -0.0122350696 -0.0895177051 0.0756620541 0.371431798 0.08680439 0.671829104 1.1264348 0.183607757 0.0765781254 0.217741892 -0.0631225631 0.0304940045 0.0640794933 -0.0182821676 -0.00133736478 -0.0467450768 -0.0176427644 -0.0245614983 0.211014763 -0.0960241482 0.0779182687 0.0854874626 -0.0534680933 -0.0640769824 -0.0724654049 0.0564828888
-0.146403775 -0.0733653754 0.0685971752 0.0528314002 0.176495165 0.269905508 0.0754953027 -0.971220672 -1.32994449 0.053318873 0.253412575 0.0246954933 0.0118792197 -0.0449328162 -0.176089451 -0.434170127 0.0275794994 0.140686437 -0.0833927915 -0.187704057 0.0779886767 0.159159034 0.0816049799 -0.0293515474 0.0879861936 -0.0241014212 -0.0600063428 0.00849959999 -0.119136743 -0.113826059 0.123368241 0.222664267 -0.0130732115 0.260871947 0.124476001 -1.01992953 -1.06889081 0.0142110772 -0.0831390768 0.0130428411 -0.106092952 0.0151684554 0.00502404245 -0.250756055 -0.0687697977 0.115314566 -0.0222436059 -0.102660961 -0.202596247 0.0152665777 0.05343128 -0.0144554824 -0.0660168603 -0.05877994 0.0815016553 -0.0541278943 -0.00683679152 -0.161078066 0.141478032 -0.0415772498 0.0362911634 0.350496322 -0.0242880005 -0.879396677 -0.997403383 0.0494623818 -0.082773298 0.00313679362 -0.0945324376 -0.0241858866 0.0978258923 -0.265715927 -0.0435288809 0.0351210497 0.0908004418 0.132316291 -0.137016624 -0.0880028009 0.116401471 0.0836033449 0.0470054373 -0.025058344 0.0713407025 -0.0825781375 0.0023329407 -0.0913169309 -0.0712261498 -0.0982636437 0.158491641 0.204486758 0.0687920153 -0.959750235 -0.782772183 0.144904196 0.00918358378 0.153836265 0.0355403237 0.0264855213 0.149530306 -0.22268188 -0.115558647 -0.06817808 0.0621489435 0.116641723 -0.21730791 -0.0171135738 -0.145858034 0.0298042223 -0.00768262893 -0.0650236309 0.00318888575 -0.0232390761
-0.0448240787 -0.116692632 0.433701873 -0.00522138178 0.046408806 0.10433498 0.0831118375 -1.15045023 -0.155367061 -0.0875517726 -0.0498114191 0.145922318 0.0428744368 -0.0429595225 0.0663699731 0.149033576 -0.145420387 -0.186719865 -0.10782928 -0.166453421 0.107936092 0.0356082506 0.176692382 -0.0463236384 -0.0465484262 -0.0122115314 -0.0577134416 0.0360241607 -0.046409905 -0.00929263514 0.0873570219 0.191156313 0.024708746 0.18426621 0.0449808948 -1.09346378 -0.0270284582 -0.23311387 -0.176717117 0.163050011 0.109528184 0.00302456599 0.0742314905 -0.0358162001 -0.071311444 -0.0473620035 -0.104442522 0.00218992075 -0.0725564584 -0.00356546161 -0.0786819384 0.0829688832 0.0800353363 0.0929465517 0.0869360045 0.0374238417 -0.0884059668 -0.111136131 -0.0333217941 0.0335931443 0.125894666 0.257175118 0.117561206 -1.05231035 0.0737848207 -0.0767853186 0.0181072634 0.185200721 0.0469990261 0.0558564216 0.0965750664 -0.0307501983 0.0611887425 0.0463438705 -0.0402510352 0.0156743601 -0.102836236 -0.0403120406 -0.0555413142 -0.0492493287 -0.0783401281 0.0695522204 0.0509791151 0.0556470528 -0.0589805245 0.0223733615 -0.303216636 -0.024619896 0.114522591 0.100136496 0.0271029435 -0.88203305 0.00772005459 -0.0104967412 -0.00592305465 0.148010433 -0.00916782487 0.0178623907 0.0376298241 0.0143059557 -0.0508750603 -0.149215445 0.0116198044 0.0256534666 -0.0742638558 0.0397707708 -0.0288962089 0.00347212702 0.0229448676 -0.00791121274 0.0413249955 -0.0665198192
-0.0856118798 0.179332048 0.110986851 0.259360433 0.165383384 0.303090155 0.0527203679 1.19209218 -1.02256691 0.311185837 -0.0187783279 0.0613378286 0.123270087 0.183765829 0.178464115 -0.153877556 -0.0916314721 0.187227711 0.0869066492 0.0303500537 -0.440275013 -0.0197916757 0.241807699 -0.0436048508 -0.0143635571 -0.023345463 -0.0200037435 -0.0645855293 0.0323496908 0.117666252 -0.122928575 0.0856580511 0.0712523758 0.422069043 0.115498431 1.04448915 -0.97622323 0.378330708 -0.115133621 0.0505758449 0.0784573331 -0.0467375107 0.0914664939 -0.0800347701 0.175066084 0.00012732335 0.103802271 0.0335756838 -0.259040713 0.105902307 -0.0930551514 -0.0598592535 -0.05919962 0.0124388039 0.00928308815 -0.0812724903 0.0571434833 0.0210896432 -0.133505717 0.0237658937 0.00838152226 0.248691037 0.128323376 0.97001785 -0.805559397 0.30500856 -0.272073209 0.00274854386 0.152515575 -0.107019626 0.0544984303 0.0437334068 -0.0266916826 -0.0303316303 0.0689744428 -0.0116572287 -0.188975334 0.181213871 -0.183944046 -0.0480436049 0.0416793749 0.0751715973 0.0901715532 0.081349723 -0.0836506262 0.0345469788 -0.0600499697 -0.0339446776 0.128406838 0.330664992 0.00686641037 0.946809947 -0.857735932 0.283933818 -0.105466135 -0.0476827137 0.148509905 -0.0176357515 0.0775860772 0.194292694 0.0810968429 -0.0109541835 -0.0489545427 -0.0784393251 -0.126296148 0.17740725 0.0207725428 -0.0538497344 -0.0839607865 -0.0899025276 -0.0343152247 0.0122144148
0.0515960455 -0.0364409424 0.140317127 0.125616178 0.032402318 0.10336031 0.110628925 -0.814920306 -1.37641156 -0.02351515 -0.111221679 0.0972330496 -0.0217820853 -0.0748914853 -0.24228847 -0.123178586 0.00153298106 0.10351827 -0.11640767 -0.196718618 0.19527939 0.0940889493 0.0792779699 -0.0233839899 -0.074225314 0.0195983648 -0.0715539455 0.00488455594 -0.000180145289 -0.106825091 0.0868167058 0.140373111 -0.00500169303 0.107845403 0.135738462 -0.86428988 -1.07286179 -0.0376819111 -0.0993379429 0.11617808 -0.122573078 0.0450837128 -0.0311640836 -0.104494996 0.0183375049 -0.026703842 -0.0549677722 -0.0487678126 -0.139230996 -0.0734165683 0.0730325878 -0.0293250978 0.0687781498 -0.0811075121 0.00987742096 0.0640172288 -0.12761721 -0.133817732 0.22288008 0.0778578371 0.0966295078 0.23515977 0.00895548891 -0.739223957 -0.868089676 0.062215738 -0.0678275079 0.0801624805 0.0175414048 0.12207067 0.11741624 -0.153401539 -0.0482298695 -0.0127333691 0.0753653646 0.105505809 -0.278220564 -0.0568290614 0.2334539 0.0624876097 -0.0710449964 0.0634441897 -0.016728662 -0.0803620666 -0.0413524322 -0.100573473 0.102223836 -0.166337386 0.0339886695 -0.0634624138 0.128374457 -0.88968575 -0.783327579 0.0112301074 -0.0112560699 0.109848455 -0.0737031549 0.0499047637 0.116629861 0.0021069455 -0.114381082 0.0474453494 -0.0187893454 0.0585011058 -0.339022696 -0.0980817378 0.0660462379 0.0183416978 0.0731873885 -0.0215164721 -0.0131413639 0.0238349438
-0.00508071808 -0.222417086 0.11718712 -0.14965567 0.192760721 0.0450672954 0.118972838 -0.24759689 1.74029171 0.22358498 0.0950845405 0.113993742 0.171667412 0.102639198 0.313811123 -0.00356770447 -0.0565321371 0.161742285 0.0199860539 0.101194665 -0.261292905 -0.260022283 0.262034506 0.0150861219 -0.0375003181 0.0306484923 0.0825685337 -0.0161404684 -0.0403027274 -0.208441436 0.171645015 -0.248386279 0.0780737847 0.18770279 0.202289954 -0.111856312 1.55286813 0.227110133 0.0505560935 0.0893967152 0.140546292 -0.0466316752 0.16010496 0.0457729176 -0.172308877 -0.0151939439 -0.0608817972 0.0335496254 0.264513463 0.092759259 -0.0146088395 -0.0548857301 -0.0419384539 -0.0645487159 -0.0243618563 -0.0853389204 0.0564753599 -0.155126497 0.0759023577 -0.0953187793 0.0741845518 0.210252628 0.221012369 -0.0544605777 1.22255909 0.114547729 0.102242015 0.119589925 0.0876404643 0.00263872487 0.0355388522 0.0613843128 0.0391412042 0.145410806 -0.0248593986 -0.0719503537 0.214633137 0.0716584027 -0.110095717 0.0152768716 -0.0419627428 -0.0501084402 0.0365425721 0.0193223581 0.0170134902 -0.0910931379 0.235216036 -0.0238695685 0.133995324 0.249686256 0.0673364848 -0.0944255814 1.08865547 0.190783069 0.015177248 0.0996265709 0.113712996 0.102493264 0.152695104 -0.143264323 -0.00717351492 0.154174283 -0.0400233008 -0.206876621 0.206347778 0.0246255249 0.183230489 -0.090785563 0.024180606 -0.00110827386 0.00743860751 0.0649996772
-0.0860057548 -0.267681152 0.0858062655 -0.196696058 0.0845977888 0.00239234418 0.15717794 -0.693644702 1.09949279 -0.0535805933 0.00893151574 0.0710674524 0.321768492 0.0656059161 0.0965239257 0.0394896567 -0.104268014 0.19609195 0.0067329728 0.0911384299 0.2102108 -0.0731639042 -0.0122698043 0.0388967916 0.0688884631 -0.0858904347 0.0920652226 0.035205625 -0.0574614145 -0.122536585 0.236388937 0.112494007 0.0931053385 0.0309948195 0.261581361 -0.613530517 0.883174658 0.0647907704 0.123717643 0.098587878 0.249166638 -0.0509411581 0.135652602 0.0740952045 -0.0304498505 -0.0388109572 -0.194779605 0.0722242668 0.200416476 0.0278248582 -0.223462313 -0.0944348201 -0.0934027657 0.0582695976 0.00983368605 0.000214874744 -0.0938527063 -0.12839292 0.12765792 -0.175379604 0.0866972432 0.0333982483 0.177300885 -0.51598084 0.709537208 0.0943577364 -0.0206777435 0.0449067093 0.258174598 -0.0312518775 0.0564759783 -0.0423653126 -0.0483250134 -0.100663632 -0.174733534 -0.00753786741 0.241061777 -0.0909297913 -0.170245737 -0.0638137385 -0.0539386682 0.0674662068 0.0873210207 -0.029597953 -0.196449116 -0.112787344 0.152885482 0.00280564139 0.0651196837 -0.0909714401 0.146402642 -0.609872997 0.787706852 -0.0402103029 0.0344066285 0.099051021 0.208732203 -0.113056727 0.0995669365 -0.186240301 -0.0473199673 -0.139639005 -0.254275203 -0.0120340446 0.204454437 -0.0810798705 -0.190225095 0.0788069442 -0.0871452391 0.0471620932 0.0795075372 0.000608168542
0.0442110635 0.0527827814 0.180890158 0.719058812 0.0309870057 -0.30082491 0.0563572496 -0.874171019 -1.05934036 0.0398488306 0.131563768 0.0769477412 0.330917567 0.141510025 -0.0160940122 -0.47245279 0.12360502 0.322097629 0.173128873 0.0731325373 -0.14504838 -0.0404052362 0.445132196 0.00177706778 -0.066963926 -0.0311142206 0.0761826709 0.0439931229 0.179608449 -0.0329395644 0.0505677089 0.497035116 -0.00665237987 -0.139459759 0.0608995482 -0.729444385 -0.904143155 0.120080158 0.0806891918 0.112724014 0.343722105 0.00759847648 0.100301862 -0.397549182 0.0877590925 0.0547822602 -0.00385263772 -0.0144272996 -0.183329284 0.027330678 0.193638384 0.0138748288 0.0105919614 -0.0226020366 -0.0159452483 -0.0502187833 0.154896036 -0.00209530653 0.26065895 0.476829767 -0.0415773578 -0.048312895 0.0834393203 -0.799141228 -0.712997735 -0.0137107205 -0.0994444042 0.0994337127 0.205350891 0.0222159736 0.063797228 -0.147826955 0.0250251349 -0.0960244834 0.0474954769 -0.0249688141 -0.127653107 -0.0379988588 0.0671074763 -0.0132171214 0.0190250203 -0.0917840451 -0.0657699034 0.0738212988 0.130426496 -0.126764283 0.0958058834 0.40765506 0.036898341 -0.104666784 0.0751783997 -0.7952438 -0.597625673 0.00855575781 0.0109142233 0.150885209 0.292880714 -0.0721074417 0.14693889 0.0288665574 -0.0132041667 -0.12806119 0.0334752947 -0.0556921661 -0.0825216845 -0.0718176216 -0.0706400573 -0.0601449013 0.0703888759 -0.087043725 0.0910451934 0.035429202
-0.0820361376 0.034419328 0.0226687398 0.0791479051 0.033703804 -0.17435436 -0.0526506566 0.0480637886 -1.42717171 -0.325868249 -0.142538369 -0.039277982 0.067859672 -0.0499658547 -0.26483494 0.185926661 0.0104056308 -0.314032227 -0.136433482 -0.286233008 0.587335765 0.298651695 -0.475300342 -0.0786014274 0.00291399658 0.0335168764 -0.0513190143 -0.0118998587 -0.108194292 -0.205325276 -0.0680666119 0.154751286 0.024974132 -0.214156821 0.0014525142 0.0106512755 -1.14940166 -0.30318743 -0.0929522291 0.0522459671 0.0631894171 0.0433757082 -0.0702101067 0.0333423987 -0.0777183771 0.00930674374 -0.0707084611 -0.029234089 -0.0313720778 -0.0328695327 -0.0165081564 0.0071105361 -0.0406102464 0.0500246808 0.0871849284 -0.00863611698 -0.00862706732 -0.0883964226 0.0484297387 -0.199451834 0.0107820714 -0.390462726 0.0970971808 0.129407257 -0.88089627 -0.197841883 -0.130667746 -0.0795187578 0.181484908 0.113737695 0.0852254182 0.0575435087 -0.144574851 0.182652026 0.161237255 0.0696272999 -0.140320629 -0.0958334208 0.185392156 -0.0371682271 -0.077887997 0.0443328246 0.0350454822 0.0207982287 0.026253365 -0.160753086 0.0250759926 -0.0496730953 -0.0103686657 -0.281803071 0.0534619354 0.0510443822 -0.824255586 -0.26331389 -0.0302129108 -0.0529477969 0.230446175 0.0540067852 0.0795316994 0.0240994096 -0.214486167 0.129892945 0.132268637 0.0904029831 -0.272795916 -0.13262473 -0.0408444852 -0.0335165374 0.0847728923 -0.0432065353 0.0874167308 0.0454094633
-0.0143572614 0.0488715544 0.0449218675 -0.0480952188 -0.0194533318 0.0915264264 0.0541737005 -0.0461513959 -0.0254076198 0.0529615209 0.0479698852 0.00749012083 -0.0607996695 -0.0696934313 -0.0199441537 0.034741275 -0.010073714 -0.0790023655 -0.023157835 0.0943178013 -0.0780987293 -0.0733341128 0.0593999103 0.094019331 -0.0908969492 -0.0854614004 -0.0295460224 0.0942109451 -0.0536290482 0.00807894766 0.07713563 -0.0334506966 -0.0289771557 -0.0634255856 0.00362803787 0.0881959721 0.038638629 0.0664168671 -0.00626015663 -0.0150088295 -0.01688122 0.0538927093 -0.0123904124 -0.0807139054 -0.0331803896 0.0369795784 0.0921263024 -0.017181538 -0.0822700039 -0.069575496 -0.0743462294 0.0380897 0.0696521178 0.0279442966 0.0325800553 0.0615591183 0.0646054968 0.0564237013 0.0528394207 0.0255683362 0.0487728342 -0.064836517 -0.0611598305 0.0254126862 0.0147049055 -0.0830692202 -0.0688366219 -0.0752220452 0.075047113 0.0617781505 -0.0497354344 0.0142569095 -0.0217336491 0.0821436122 -0.085583888 -0.0689350665 -0.07867001 0.0549917892 -0.0472349375 0.0562798455 0.0319410637 -0.0461865515 -0.0254549831 -0.0382389128 0.041687049 -0.0378939807 0.0320673659 0.00675041974 -0.0754612088 -0.0593982413 -0.065517664 0.0495128557 0.0204744488 -0.00237588584 -0.056263905 -0.0936224982 -0.0334391184 -0.0723180622 -0.0939868838 -0.0901218727 -0.0617210716 -0.0918586552 0.0294553116 0.0353559777 0.0380863324 -0.0940654203 0.0584294721 0.0184223279 0.0483169332 -0.0232237205 0.0453760102 -0.0896167979
0.161324218 0.0059978175 0.118939698 0.0867455602 0.0645145923 0.092595838 0.216158614 -1.43971217 0.324805319 -0.0716958269 -0.33920294 0.0869384781 0.0531902499 0.0573059581 -0.158544779 0.088858977 0.0293659344 0.226139233 0.179120943 0.102845736 -0.111247845 -0.266282618 0.25243336 0.00238969177 -0.012958236 0.0701565221 -0.0369337872 -0.0517141297 0.0476272553 -0.122612022 0.0399982557 0.0928548425 0.0298271645 0.121279232 0.0940775871 -1.38226247 0.418012023 -0.188449696 -0.214762002 0.0810744688 0.10581629 0.0294533651 -0.33729133 0.0255780555 0.178383112 -0.231953427 -0.105380096 -0.0176618304 0.119573034 0.0272268336 -0.223954052 0.00645335764 0.0605484471 0.0844744965 -0.0798842311 0.0113846585 0.202102125 -0.157243207 0.20778732 0.241497517 0.085994795 0.0621537492 0.213139519 -1.31083357 0.399915695 -0.0991389677 -0.0490030721 0.0644647703 0.0415882543 -0.0833208114 -0.460851997 0.0767511949 0.280890256 -0.265767485 -0.318786353 -0.0223557297 0.223822534 -0.0351808593 -0.28668946 -0.0790927485 0.00231772661 0.0836518928 0.0232683718 0.0779352859 0.0993753672 -0.110396095 0.112256311 0.175434679 -0.0103625897 0.0199298188 0.213741586 -1.31045985 0.399647534 -0.180942222 -0.171780616 0.0703111589 0.106902301 -0.0876531973 -0.46663025 0.103898376 0.192935437 -0.231768072 -0.30045259 -0.0882170275 0.157683074 0.0302934535 -0.216414854 -0.0432271287 0.0171548203 -0.065510489 -0.0465298183 0.0856831446
-0.0769234821 -0.0143693993 0.220575437 0.113910273 0.154050469 -0.0223474931 0.1436546 -1.13646531 -1.09427845 -0.121752098 -0.368631661 0.212217033 -0.0936620459 -0.124656469 -0.0966037288 0.0400426276 -0.0135262068 0.153382152 0.160928637 0.0686566308 0.372413248 0.0864295661 0.116892926 -0.00791321695 0.00359342992 -0.0392683968 0.0443973765 0.00273746252 -0.0138732428 -0.100243494 0.0611348189 0.279861242 0.0440455116 0.0745425448 0.0139323501 -1.1099056 -0.835603952 -0.12724714 -0.215483084 0.115823559 0.0197665617 -0.068146944 0.00195388147 0.000871274329 -0.0290741064 -0.124234058 -0.190391183 -0.120216139 -0.0134286229 -0.0546282493 -0.0310631339 -0.0103362352 0.0793961212 0.0925635025 0.0401292816 0.0751445219 -0.0466336273 -0.110515319 0.167966798 0.135389745 0.0380130894 0.0677425712 0.127627924 -1.05105901 -0.720882058 -0.00113515765 -0.124826439 0.0894749388 -0.107707709 0.0495001078 0.0601635799 0.0767406821 -0.0292501561 -0.0391205177 -0.0674974173 -0.104474194 -0.0492365882 -0.0246460754 0.034781795 0.00988027453 -0.0468364879 -0.0907128528 0.0510737076 0.0862669125 -0.0748857036 -0.170773521 -0.0302172732 -0.0469387732 0.00511052879 -0.0554991327 0.0874502957 -1.00869977 -0.527753592 -0.106604882 -0.0789021701 0.114429101 0.0146849807 -0.0422307923 0.0523705222 0.234028101 -0.0520957448 0.00275793159 0.0481605083 0.152831078 0.0256087556 -0.12199761 -0.138614923 -0.0893214121 0.0835321769 0.0390270725 0.00621831417 -0.0884392709
0.156913891 0.274449289 1.14335084 0.983610213 0.0675693154 0.142239854 0.00358213927 -0.220328048 -0.437432617 0.140738949 -0.379386842 0.221197069 -0.134423062 -0.0355415531 -0.383544266 -0.224747688 -0.020829156 0.038408529 0.0775480866 0.102346219 -0.0572105013 -0.0135146454 0.229981989 -0.0735505596 0.00579788536 -0.0364887826 -0.0577474833 0.0523376986 0.0564298108 0.205997124 -0.560608327 -0.0796219632 0.0841021165 0.0853708982 0.095050849 -0.303195626 -0.314746171 0.347643763 -0.180546775 0.27815181 0.0545595214 -0.163974971 -0.449465513 -0.129874304 0.0848376751 -0.0101670856 -0.0566401407 0.0829268917 -0.126128286 0.049295105 0.139464021 0.0326192901 0.0744819567 0.0341283605 0.0893978253 -0.00872404873 0.0997655392 0.142542765 -0.2944763 -0.487148702 -0.0218415894 0.136824831 0.0828531608 -0.405078411 -0.460680425 0.0678203702 -0.338212371 0.179263964 -0.0322030336 0.0713738129 -0.213987887 -0.228928179 -0.123979375 -0.00340674492 0.157005951 0.030602701 -0.153728843 -0.115180172 0.0103054047 -0.0446948446 0.0429759696 -0.0676165968 -0.00841101259 0.0792049393 0.029215686 0.227696821 -0.169179767 0.164844379 0.0694703981 -0.0299573597 0.0499097407 -0.36020723 -0.286070913 -0.125299469 -0.558584213 0.136536807 0.020933032 -0.0124033643 -0.396993577 -0.166492298 -0.0283636861 -0.00891206414 0.192183211 0.0515056625 -0.0462020524 -0.129789785 -0.192580402 0.0218285322 0.0349802598 -0.0673420429 0.0742999241 0.0671453848
-0.0809774101 0.0252865385 0.208490357 0.14766483 -0.00681975344 0.394756943 0.138136849 -1.10000753 -1.02236068 0.22635372 -0.244059518 0.097004123 0.0877353698 0.0811989456 0.0392812453 0.00289141061 0.0319370069 0.175371602 0.1380409 0.218824193 -0.21549803 -0.241972283 0.508985043 -0.0256946981 0.0148585662 -0.0196341202 0.0709388778 -0.00619791448 -0.060371004 0.027370248 0.069183968 0.23322469 -0.0764958858 0.166576296 0.0711184591 -1.01802242 -0.712609112 0.137902394 -0.278728276 0.119901329 0.0602607466 0.0198172834 -0.0164604262 0.0254632831 0.0985356122 -0.110805921 -0.0878190324 0.140706718 -0.0307763889 -0.148100883 -0.132920459 -0.0549783222 0.0177747235 0.0920139626 0.0784825906 0.0538751408 -0.137200356 -0.0129904533 0.103815384 0.0379304625 0.0114751896 0.273255825 0.0403850153 -1.00515079 -0.658605516 0.117195055 -0.299289316 0.146187693 -0.0274123121 -0.132717818 -0.0165069681 0.129141271 0.259287328 -0.092220217 -0.114275694 0.138850629 0.201884955 -0.115393661 -0.176888958 -0.0518345125 0.0296308547 -0.00363649428 -0.0278539881 -0.000326909125 -0.159797639 -0.142619297 -0.11881496 0.0211397912 -0.00659479992 0.0904209092 0.100284591 -1.03023219 -0.576063752 0.189024836 -0.186170459 0.198731974 0.029140994 -0.048960045 0.0839647576 0.226043746 0.161336064 -0.0372860804 -0.014035196 0.0872044265 -0.0658117235 -0.0791421533 -0.0701954216 0.0549809411 -0.0832850412 -0.0130182356 0.0816404447 0.0496438071
0.0611705631 0.281020552 0.19450368 -0.1273406 -0.00574296899 0.290189058 0.105343722 -0.824507117 -0.250393867 0.23361443 0.453035712 0.23878938 -0.0817604735 0.175893605 0.142047614 -0.641735733 -0.0857798383 0.0807129294 0.255126923 0.0389607139 -0.122428931 -0.0526809022 0.388252079 -0.0503629074 -0.00693727285 -0.084521845 -0.0451865606 0.0727166608 -0.124947399 0.200145558 0.551753223 0.628757358 0.0434302501 0.425326973 0.211288869 -0.758482635 -0.156805277 0.0729265809 0.121099398 0.216420263 -0.148711562 -0.103458092 0.0605483241 -0.121565908 0.100922056 -0.219015017 -0.0076671876 0.0200209673 -0.145732775 -0.0271429848 0.106003724 0.011839807 -0.00869416445 0.0607485697 0.0411024168 -0.0840021148 0.00330573088 0.0882903785 0.441150755 0.710308313 0.0388325304 0.335844547 0.0940415338 -0.75829035 -0.193530694 0.0906334668 0.536612213 0.143811315 -0.0502125286 -0.128661186 0.156429917 0.118578471 0.0396729 -0.214897156 0.0117010474 -0.0939423218 0.00246428954 0.00765653746 0.148755997 -0.028228648 -0.000860542059 -0.0912155136 -0.0906970575 0.0821767971 0.0144571131 0.113120876 0.28231144 0.174219191 0.0728078559 -0.0360876583 0.090509899 -0.723288536 -0.19020848 0.127903745 0.850784838 0.207177743 -0.19160229 0.0809061602 0.260495871 0.144763783 0.0785939917 -0.0745799839 0.0884187967 -0.104440607 -0.00487122498 -0.0083744619 -0.0417755246 -0.0627542362 -0.0906167999 -0.0721651986 -0.0146757811 0.0802110657
0.0773403943 -0.285194546 -0.428463876 -0.118021697 0.13883096 -0.445477307 0.152311832 0.789505899 1.65020716 0.0402127653 0.37895298 0.0797927454 -0.0365876034 0.0193588082 0.298453093 0.0323223174 -0.114392094 -0.00309089338 -0.0440447219 0.143853143 -0.0791566074 -0.168236196 -0.230477944 0.0901475474 -0.0319530666 -0.0183733925 0.0571743771 -0.0646502823 0.0217616726 -0.333959609 -0.0492315739 -0.0831190422 0.153725713 0.0328930281 0.0660096109 0.723256588 1.32924378 0.218855023 0.307491392 0.00115946005 -0.0110132163 0.00992517546 0.124530233 0.0591832437 -0.264524698 0.0432062037 0.133832484 0.0565525852 0.243608057 0.0123273814 0.0602510646 0.0573138818 -0.0550061092 0.0271528736 0.070910044 0.0166655108 0.0907564461 -0.284325868 -0.0118857455 -0.185213834 0.044498235 -0.076195322 0.240141213 0.674270689 1.08296788 0.14652732 0.199219391 0.0947655439 0.0452368744 -0.0107347425 0.0819441304 -0.0387492813 -0.180026025 -0.0116038499 0.110711507 -0.0189497899 0.207379371 -0.0491493531 0.0270019025 -0.00606381148 0.0798068717 0.0862349048 0.0461375341 0.0469309464 -0.012582032 -0.164605007 -0.005610344 -0.0343858004 0.039571818 0.105882391 0.225111306 0.739420354 1.05164635 0.174585953 0.145792961 0.10353674 0.0467837267 0.0380042531 0.162803099 -0.166463718 -0.207925275 0.0213965457 0.134284049 -0.00599447545 0.168619484 -0.01513498 0.233991638 -0.0695688203 0.0269331858 0.0617851391 -0.0858283117 0.0603908524
-0.164479196 -0.0759486407 -0.189548507 0.0130194081 0.0357303731 0.237472206 0.118223496 1.17985415 -0.759628117 -0.0485523418 -0.115849741 -0.0372634679 -0.024652252 -0.124641173 -0.19456172 -0.228427365 -0.0727582276 0.0437716618 -0.180542067 -0.140718818 -0.0639596209 0.138185769 -0.0943329632 -0.0794811174 0.0321414843 -0.0495390333 0.0599677041 0.0849859193 -0.173016861 -0.00587311387 0.00595379947 0.250434875 0.117131598 0.277377009 0.087141566 1.09617782 -0.808319688 0.0795230493 -0.0790039301 -0.0236773062 0.0158702601 -0.0508945398 -0.134969234 -0.20882602 -0.0966227502 0.264815331 0.0439628996 -0.000816616579 -0.219817907 -0.0352653041 0.0868359357 -0.0165929049 0.014729172 0.0473815575 0.00603819638 -0.00312942266 -0.0344683304 -0.0111745214 -0.131527454 0.0112067712 -0.0158480965 0.187466398 0.0898340568 1.13923693 -0.688509524 0.000653871801 -0.093328014 0.00145113608 -0.04647322 0.082838729 -0.0335577242 -0.178491071 0.0263774898 0.307495564 0.00120076828 -0.105742753 -0.266276389 -0.045908343 -0.0394213721 0.0637489036 -0.0628740937 0.0866628811 0.0294816568 0.00410411507 -0.069636561 -0.0698780864 0.0349214338 0.00837714411 0.0404219404 0.228137016 0.175495669 1.03161585 -0.707096636 0.164614797 -0.104169883 0.121470235 0.0611442998 0.0885269493 0.0267999582 -0.0819499418 -0.0614423603 0.207607672 0.0601223558 0.127684638 -0.2513192 -0.08887887 0.055638779 -0.0586960539 -0.00399960577 -0.0599751174 0.0199647024 -0.0154257268
-0.0542208999 -0.0156680774 -0.159662455 0.194114417 0.116241038 0.355544448 0.0160593502 -1.04279268 -0.528003693 -0.212321937 0.000532195205 0.165299281 -0.343735307 0.052730117 -0.1579386 -0.399357677 -0.0540893786 0.296384722 0.153947964 0.0816493258 -0.154396981 -0.106602907 0.327038258 0.0747186765 -0.0117453784 0.0813049003 0.0330517516 -0.0486189499 -0.0386413783 -0.0737759396 0.265301287 0.485662669 0.102016382 0.216136679 0.123622186 -0.99315089 -0.327506095 -0.202279419 -0.366312116 0.256741226 -0.260688126 0.0323523283 -0.113234729 -0.358413994 -0.0622615144 0.107862689 -0.00262182509 -0.0143779926 -0.246008262 0.0307970773 0.026771076 0.0428967401 0.0667421594 -0.0318707749 0.0569068566 0.0125652477 -0.1075745 -0.135134161 -0.043953862 0.499467194 0.0613539778 0.360377192 0.0052010268 -0.991852939 -0.298738956 -0.27198121 -0.296743691 0.191269696 -0.217767119 -0.158058032 -0.140434906 -0.0634967238 0.0197442863 0.113809071 -0.0620988719 -0.0870957449 -0.0505563542 -0.017330708 0.090712525 0.0233645216 -0.0713112801 0.0667325184 -0.0150039196 0.00650357455 -0.0665004626 -0.184108585 -0.247851402 0.332908034 0.165073127 0.110039726 0.0716390908 -0.964398324 -0.182474121 -0.129950166 -0.478319377 0.182918012 -0.24568668 -0.0966447219 -0.289396673 0.0684340894 0.0172399208 0.190991789 -0.131729692 -0.0829616934 0.000645443506 0.143325835 -0.0663980022 0.0202312246 0.058921434 0.0364893153 -0.0121150538 -0.0500461012
-0.143131837 -0.00378953596 -0.113925308 -0.135717183 0.00604094798 -0.150537461 0.0700253472 1.10070848 -0.917657375 0.0862602293 -0.147689402 0.0232384317 0.0833672732 0.08466243 0.0847505555 0.093173489 -0.0119452477 -0.11691878 -0.0829323307 0.0628816485 -0.109513968 -0.0165945869 0.0697155297 0.0829749927 0.0543236658 0.0485724136 0.0374089852 -0.016575478 -0.0264362972 -0.00926108006 -0.13387309 0.17786561 -0.0162245184 0.0543371551 0.133634433 1.00796509 -0.778571963 0.162716031 -0.18110007 0.0809478238 0.140622988 0.0692984611 -0.0439087562 0.0197369121 -0.0359367169 -0.0339749604 0.0810112655 -0.0994335413 -0.10029652 0.043589782 -0.096908778 -0.0037105605 -0.011094369 -0.0458293296 -0.058968354 0.0558622107 -0.0384193733 -0.156782299 -0.150313213 0.182062685 -0.0238168873 -0.0225041453 0.119071148 0.915622294 -0.786119342 0.0223028827 -0.139195621 -0.0366319939 0.0838192776 0.0728367344 -0.0808966532 0.0910041407 0.120269723 -0.107285209 -0.0581703186 -0.0596062876 -0.146428049 0.0821263641 0.0270710029 -0.0808518156 -0.0565309227 0.0655811206 -0.0663375184 -0.0126859471 0.0218470898 -0.200002491 -0.064508386 -0.0342538543 -0.0610365234 0.0429346152 0.0632698536 0.822064102 -0.728673875 0.010427678 0.0599872619 0.0894150957 0.132730559 -0.0122900372 0.0523488969 0.0786299706 0.058099851 0.0414015688 0.0500635058 -0.0431911387 -0.0866067037 0.0564336143 0.104718156 0.051496692 -0.0411131941 0.0694436207 0.034052752 0.00322072208
-0.0882161707 0.0120362388 0.0517626405 0.0611850694 0.160068855 0.0355659798 0.237842724 -0.862085044 0.810684443 -0.111053482 0.0631173477 0.0682213157 0.188683569 -0.108550243 0.0425750688 -0.00235798187 0.100165896 -0.0785249472 -0.0439311713 -0.00346284569 0.317657709 0.0110752461 -0.0266765691 -0.0521218404 0.0298688561 -0.0106167048 -0.0215287283 0.0465232357 -0.139191031 -0.0858461782 0.340348095 -0.0135583458 0.189033434 0.24833636 0.218246594 -0.779435158 0.813856363 -0.0855517313 0.106362253 0.0856703147 0.0513669513 0.0362391472 0.0588854253 -0.0322730616 -0.124497823 0.000263251306 -0.00467874808 0.0020098188 0.184656024 0.0200255495 -0.0483819768 -0.00377330929 0.0834027603 -0.0146675557 -0.08090505 -0.056369137 -0.0589921512 0.0687370896 0.287675887 0.197478414 0.0610275082 0.112137958 0.158760741 -0.716026902 0.702953815 -0.072613515 0.00710632186 0.175128713 0.0501853637 0.0112518268 0.0830120668 0.0692447349 -0.071290493 -0.0577406958 -0.0345582031 0.112240374 0.109109476 -0.00987124816 -0.0461989604 -0.0928887799 -0.048437044 -0.0903745294 -0.00581296533 0.0763046816 -0.151976392 -0.0496299714 0.072365813 0.196810395 0.158424288 0.0777888298 0.236044809 -0.649734557 0.614302039 -0.00601552008 0.0383332558 0.0801919773 0.0137447556 0.116587184 0.0830496401 0.048949521 -0.0803339183 -0.0442556925 0.0230763406 0.0819074735 0.223665684 -0.148648947 0.00914047379 -0.0646639243 0.0121969208 0.0517280921 -0.0315832496 0.0819819942
0.166164935 -0.0522234105 -0.540904462 0.0111939041 0.183298752 -0.246432632 0.231914282 0.988912225 -0.286219209 0.331147343 0.14747487 0.101012178 -0.0423076041 0.07543993 0.27670595 -0.00708710775 0.120990984 -0.119597323 0.0677843019 0.10234379 -0.394962668 -0.101254039 0.150838971 0.0818999782 0.0132689551 -0.0858057365 -0.033892706 0.0219214559 0.0699860156 -0.0458126627 0.20617871 0.145655826 0.107873619 0.116918921 0.180890471 0.866796196 -0.275660723 0.331867993 0.0556547083 0.0440429114 0.0300976783 0.0564967059 0.216799662 0.0369747654 0.0342847854 -0.0733124912 0.0138491802 0.0298612881 -0.0252066776 0.0432333872 -0.0185913388 0.0788369849 -0.0361254439 0.0844566897 -0.019266814 0.0911502466 0.155215442 -0.116415195 0.093631126 0.380982101 -0.0692031011 0.0857691169 0.214280784 0.870980918 -0.175476044 0.353901863 -0.0226552747 0.108186096 -0.144927725 0.0556233786 0.0456798412 0.14965111 0.108249694 -0.228706509 0.0662827939 -0.097922802 -0.0222162846 0.0326631777 -0.0910767838 -0.0233292207 0.0147385225 0.0517384186 -0.0539463945 -0.0574479662 0.145905495 -0.167673543 0.0201684535 -0.0632263049 -0.012896983 0.0903214365 0.164400429 0.934873641 -0.200822756 0.116149142 0.214632556 -0.0317619592 -0.123809122 0.0394112654 0.188858867 0.311913073 0.0460544787 -0.217912719 -0.0379613377 -0.117026061 -0.147115454 -0.0346242748 0.157019332 -0.0145467892 0.0329793617 -0.0743373334 0.0149779841 0.0851444378
-0.078662239 -0.0397451147 -0.20898734 -0.365903348 0.0626967698 -0.165905684 0.115965478 1.1742245 0.104814984 0.00412158528 0.157683045 0.0320771933 -0.00186788593 -0.0991629586 -0.0252518672 0.322709411 0.12582399 -0.286972731 -0.507174075 0.227906123 0.1147286 0.327230304 -0.723449886 0.0401797667 -0.0646785349 -0.0644955188 -0.0138699561 -0.0538286045 -0.109103397 -0.074803777 -0.18143414 -0.0855099261 0.14235279 0.361058712 0.0879982039 1.22137988 -0.0417062901 0.0190941654 0.0127198016 0.00436167186 0.114563085 -0.136501983 -0.0985650048 0.289418191 0.203606918 -0.139651477 -0.220439002 -0.297787666 0.17458652 0.371889114 -0.227256685 0.0538469329 -0.0884829536 -0.0586438887 -0.0220319033 -0.0885680839 -0.162325025 -0.0689424872 -0.191485763 0.293870956 0.0722734556 0.331916451 0.151105091 1.11619115 -0.0405311733 0.0199023616 -0.0602215379 -0.0459768884 0.0589332469 -0.152095079 -0.161774918 0.157060564 0.170618296 -0.0852341354 -0.313199818 -0.420583457 0.211585954 0.523883343 -0.756852806 -0.0882147923 0.0737236515 -0.0638380349 0.0907064602 0.0419699773 -0.0363586061 -0.0508263856 0.0328371003 0.0595034361 -0.0265396945 0.326956272 0.179830745 1.08710492 -0.02760428 -0.0168625116 0.0638329983 -0.0351722017 -0.0277218986 -0.176607236 -0.102135554 0.0757540166 0.333924145 -0.131996363 -0.370126903 -0.290918052 0.160185426 0.345237613 -0.594595492 0.0836965665 0.0357846245 0.0234057307 -0.0022783801 0.00238123536
0.0321646035 -0.263867348 -0.823195219 0.836920142 -0.0132264104 0.18340981 0.173538476 1.35809577 -0.143752635 0.198350325 -0.13748531 0.0801012442 -0.12313696 0.121544912 0.153089553 0.177811489 0.04642573 -0.293395817 -0.0219313856 -0.0485535227 -0.197802827 0.0667335391 -0.0327059887 0.0803209618 0.0694261715 -0.0649929792 0.090704523 0.00524831563 0.0883087441 -0.161540166 0.0610615313 0.361080676 -0.0312865786 0.123422958 0.0919052437 1.21622097 -0.197184116 0.380798429 0.0138892233 0.0615406707 -0.112686336 0.235891134 0.192195177 0.0303433724 -0.141886577 -0.161923155 -0.060702119 -0.0558573827 -0.054651171 0.116557427 -0.0760932937 0.0397528037 -0.0431137085 0.0732008591 0.0614549294 0.0439044014 0.0958470181 -0.270187736 -0.0425445959 0.0825122371 0.0484377705 0.0771164373 0.167529345 1.18835104 -0.181193992 0.186944991 0.100786053 -0.0555196553 -0.269897997 0.205159217 0.1684196 0.294036061 -0.0718865022 -0.144874752 0.0680597946 -0.0498761125 0.00671949564 0.124418266 -0.110685796 0.0656055734 -0.0224593803 -0.0685447305 0.0162226036 -0.0180592239 0.0922158286 -0.193813026 0.0988954157 -0.106240489 0.0836214498 0.144821659 0.118431546 1.13489628 -0.198917553 0.269432962 0.0589632131 0.00778821576 -0.226360261 0.102274448 0.164983675 0.309653521 -0.0734191313 -0.124272786 0.146492526 0.0770627931 -0.129867613 -0.0339825675 0.0536722764 0.0355577245 -0.04448542 0.0383746251 0.0150239244 0.054298766
-0.171492055 -0.0830237865 -0.0363989249 0.113153003 0.0656335056 0.018971419 0.0834379941 -0.585735738 -1.66366434 -0.119266473 -0.105176575 0.0550128445 -0.0330637991 0.0247844327 -0.340615034 -0.119699515 -0.0110714892 -0.0642018989 -0.128753483 -0.0676587746 0.366498262 0.145650744 -0.0114527894 0.00545337796 0.0888814703 -0.055883795 0.000799909234 -0.0780403987 -0.0751536489 -0.0750578418 -0.074797906 0.286969781 0.0346987247 -0.00490809511 0.0554425642 -0.592771769 -1.38492393 0.0124820098 -0.133638531 0.165964723 -0.0926971957 -0.0454658791 -0.0879117325 -0.0728387013 0.0321106724 0.024533134 0.0155202709 -0.0325226523 -0.0811044276 0.0459461659 -0.0684470236 0.0686465427 -0.0453917608 -0.00485321879 -0.054684788 0.0623486117 -0.197100773 -0.19535625 -0.0355852917 0.00675235689 0.0825584233 0.196255267 0.0103721712 -0.555541575 -1.09530354 0.0669671446 -0.0032279694 0.0634775981 -0.184516028 0.0843667462 0.010554648 -0.0932925418 -0.00314772665 -0.0106509607 0.0433481559 -0.04767913 -0.049906116 0.0599899143 0.130485684 -0.0161670521 0.0123581067 0.0407710746 -0.0544766113 -0.0440207236 -0.212101713 -0.0980671495 -0.221769795 0.0936060324 0.0746077225 -0.0847719386 0.142057344 -0.501006544 -0.982983828 -0.0347424895 -0.00578788621 0.0610444471 -0.176688239 0.0795102119 -0.0933878645 -0.0263034031 -0.0414138399 -0.00405524066 -0.0927851722 0.081982024 -0.19148238 -0.0215622932 -0.021580305 0.0706282035 -0.0924870521 0.08104036 0.0845027044 -0.0681389868
-0.194993004 -0.10318061 -0.00366708566 0.316264749 0.0489981025 0.405516803 0.0458931066 -1.05369258 1.00465441 -0.165542483 0.173707739 0.184665501 -0.262030065 -0.0591175333 -0.232813641 -0.0206772517 -0.165076181 0.217514977 0.0942216292 -0.0350217968 -0.0436911732 0.0717128292 0.0444421284 -0.0871808156 -0.0569272786 0.066797398 -0.059225224 -0.0378168672 -0.146745369 0.0668047071 0.0314237438 0.312637031 0.0722804517 0.0932277814 0.0616423003 -0.851200163 0.887164533 -0.431180477 0.0817260742 0.225780666 -0.177741513 0.0596390031 -0.264454007 0.011657157 -0.0504770875 0.0147252055 -0.100261398 0.00408340106 0.0940371454 -0.00821912941 -0.041628629 0.0318381563 0.0466432646 0.0899930224 -0.0398743227 -0.0557847843 -0.166939944 -0.0255524293 0.115479276 -0.252405792 0.0661135614 0.222821727 0.102728523 -0.9327479 0.682958901 -0.205894411 -0.0544071347 0.106678113 -0.26396066 -0.0647445098 -0.202324584 -0.156691581 -0.134756222 0.177337289 -0.0438144766 -0.0558932312 0.159526095 -0.00445455732 -0.0861785486 -0.0873020664 0.0615948513 -0.0872589275 -0.0712721124 0.0788472965 -0.166850969 0.0254331101 -0.0760515109 -0.36667484 0.00622300478 -0.0703659207 0.0133428546 -0.849423707 0.702035069 0.01049715 0.083209604 0.07885243 -0.226729125 0.112098701 -0.173093125 -0.20414573 -0.0601425879 0.00515501713 -0.005323858 -0.123163968 0.184787422 0.0251901317 -0.153034702 0.0488921329 -0.0346792191 0.00164433569 -0.0288480669 -0.0211225525
-0.0710887983 0.0077341022 0.0291505363 0.308145344 0.118532874 0.381243795 0.101242512 -0.332710832 -1.79754961 -0.173112795 -0.214883775 -0.0441256128 0.0477887094 -0.0668239221 -0.196640342 0.0366792008 0.0379490405 -0.00779145164 -0.0923093855 -0.132540673 0.400495023 0.0878874362 -0.122210257 0.0618324056 0.0653931424 0.0111342892 -0.00783608854 0.0337645933 -0.0246483851 -0.105658397 0.0120634539 0.315322369 -0.0153072532 0.311641634 0.0386928357 -0.276918381 -1.28417802 -0.124589637 -0.174367994 0.013362865 -0.0168647263 -0.00484408811 0.117872998 0.0402512699 -0.0206391364 0.12781173 0.00541222002 0.0598175265 -0.0228244327 -0.0422184691 0.0479610451 -0.0140063688 0.0149160698 0.00307394564 0.0013006255 -0.00733189285 -0.131900772 -0.152658463 0.0413169786 -0.0404037647 -0.0456075035 0.236567363 0.0480549969 -0.253947079 -1.10553885 0.00810378045 -0.249372557 0.0438122787 0.092778936 0.0996561646 0.132333621 0.120607048 -0.0659598485 0.0139494296 0.0899819285 0.0393639281 -0.237128124 0.0378490016 0.192239821 0.0517407283 -0.0150464028 -0.0792752877 0.0809520856 -0.0503248014 -0.0307227019 -0.254282236 -0.0377061926 -0.197632849 0.152244791 0.185568884 -0.0268826205 -0.204448372 -0.979618847 -0.01175531 0.00122550142 -0.0237061754 0.0479857028 0.127988532 0.20711118 0.031044824 -0.107893921 0.142643422 0.0928313956 0.0943165272 -0.286363751 -0.0356324799 0.0314215124 -0.0825468749 -0.0326577537 -0.0864959434 -0.0564900562 0.0126983896
-0.0209048782 -0.136237204 -0.048188176 -0.0257111639 0.199354574 0.286273509 0.185708478 0.625715673 1.7748059 0.0613772348 -0.000423486403 0.205531359 0.0409411527 0.0204851758 0.148171529 0.306702942 0.080214791 -0.0903035626 0.0306218583 0.133119673 -0.30858624 -0.0902722403 -0.0422315821 0.0132888854 0.0267828181 -0.0468701236 -0.00589158386 -0.0170824677 0.0846095756 -0.0391031429 -0.100288145 -0.3707017 0.107979015 0.335249037 0.176520362 0.662271261 1.47965801 0.0235586334 0.108245805 0.114976987 -0.00474465638 0.108436286 0.138379648 0.20125939 0.0723395795 -0.0866840035 0.098932527 0.129207224 0.183997065 -0.0198298544 -0.063882336 0.0875636265 -0.0488794111 0.0162531286 0.0297086462 0.048930712 -0.0323379822 -0.0738211721 -0.235577613 -0.0681960508 0.0651412979 0.31544289 0.0223010015 0.523986757 1.19717705 0.139751241 -0.00180591142 0.0777453184 -0.108259246 0.0228170194 -0.0898378715 0.156097829 0.162483037 0.021295784 0.0783966482 -0.0268926658 0.208850905 0.0170941018 -0.0857243538 -0.04295104 0.0887475535 0.000628337264 0.0598472133 0.0700813457 0.0164453294 0.0294869747 -0.0858757198 0.0206296612 0.112146407 0.319115818 0.0704601333 0.553906143 1.11688077 0.0185908135 -0.00979958009 0.180369496 -0.109903097 0.0475280434 -0.0775333345 0.0919805169 0.0595325939 -0.0346032344 0.0214046277 -0.0300311055 0.132874236 0.0444397926 0.134203359 -0.0847249851 0.0773909464 -0.0814416185 0.0444164649 -0.00558043271
0.0390498489 -0.194101736 -0.283910573 -0.178289294 0.0968808606 -0.282276064 0.18312043 1.31409442 0.0858976245 0.0610581189 -0.0160598159 -0.042600695 -0.026318172 -0.0191002898 0.00868649036 0.186322659 0.0978489667 -0.0811573714 -0.0979854017 -0.0737214908 -0.110591374 -0.111262493 -0.195216432 -0.071655415 -0.00435764343 -0.0129308924 -0.0731721967 -0.0426605158 0.102394857 -0.162621886 -0.0430881418 0.137153164 0.0466663241 -0.0320543759 0.190620154 1.18077612 0.00211688341 0.306744069 -0.0718221292 0.0352327861 0.0699661449 0.0393757001 0.160787463 0.042601265 0.0826572776 0.00565202301 -0.0257376097 -0.00366281369 0.0799213871 -0.0919678807 -0.102719195 0.0583570078 0.0332965031 0.0103601962 0.0753492787 0.00465276092 0.158188 -0.213659436 -0.132380366 0.102880999 0.146074742 -0.101183541 0.153616309 1.09114087 0.033163663 0.0778126866 0.179375648 0.0515400358 -0.00764946034 0.0461525582 0.070476681 0.00702959578 -0.0547940582 -0.0615769103 0.0964447856 -0.0093724411 -0.047027532 -0.104660712 0.117803901 -0.0190148801 -0.0527818315 -0.015098311 -0.0748218969 -0.0817636549 0.096947737 -0.17197445 0.0406034924 0.0896878913 0.120768897 0.0933680311 0.067545332 1.08834815 0.00334168854 -0.0084291175 0.0830085203 -0.0094638383 0.0692146719 -0.0190514419 -0.0267844778 0.0390808508 0.0756253302 0.0178322233 0.0518278815 -0.0283558313 -0.11432258 -0.0569497906 0.0257452428 0.0435004607 -0.0177342594 0.0549667701 0.0281618536 -0.0150785446
0.00238366704 -0.103742048 -0.328246862 -0.146155909 0.0895375162 -0.122557066 0.0599358007 1.01481724 0.762358427 0.153308496 0.26336205 0.0225800928 -0.0763091072 0.0359636024 0.105804756 0.0467473269 0.0988280177 -0.00366063975 0.0513277724 -0.00432181545 -0.0499034598 -0.112045027 -0.302654922 0.0676655695 -0.0666349977 0.0868529454 0.0926061794 -0.0635082647 0.0873984396 -0.109159715 -0.019470226 -0.0148696788 0.103838727 0.0813421905 0.1714077 1.01039946 0.598664165 0.231431246 0.0860156491 0.0924118236 -0.0693440139 0.0389183983 0.116111025 0.116966091 0.00172437169 0.0756020546 0.0704649761 0.0766026974 -0.00992818084 8.22177099e-05 -0.0707633793 0.0908273682 -0.0511236601 0.0494562462 0.0218012631 0.0612766817 -0.0549845137 -0.0826245844 -0.267432809 0.127143815 0.0849435478 0.10919527 0.141859233 0.957028687 0.554313481 0.117844112 0.323339731 0.13197282 -0.0820501074 -0.0791361779 0.0495956689 -0.0225219447 -0.0519173257 0.0152036501 0.101113521 0.0361198075 0.0586058423 0.0384773277 0.0737311393 0.000785395503 -0.0186835974 0.0354320928 -0.0706994385 0.0892936066 0.0554663613 -0.15555647 -0.0944843814 0.197023451 0.0541436486 0.285324663 -0.0144332331 0.845715046 0.542591393 0.152958095 0.274076134 -0.053270746 -0.0217908137 0.0404368378 0.103908353 0.0173871573 0.0577872396 0.00852619018 0.158452734 0.0988422334 -0.0419313088 -0.123908654 0.190522894 -0.0462929755 0.0805828348 -0.0588540696 -0.00651147217 -0.0365350991
-0.0358565748 -0.174752697 0.0896473452 -0.11142794 0.101312988 -0.0394373164 0.0445208661 -1.04920578 0.6248734 0.0376538001 0.469323456 0.146392226 -0.231544584 0.0739992633 -0.177983955 -0.0251188893 -0.0538964979 0.043528121 0.0785114393 0.079355143 0.245786905 0.0100807166 -0.107963413 -0.0572289452 0.0516722873 -0.00575380027 -0.0691482276 -0.003654778 0.0857755318 -0.0965838656 0.0734103024 0.198623329 0.0630410761 0.119844109 0.0984293297 -1.09591258 0.593389332 -0.0123217031 0.463601232 0.169553846 -0.26834628 0.0601051413 -0.186336696 -0.0819522738 -0.073987253 0.0211691149 -0.0250844415 -0.00922939926 0.0333595127 -0.134614825 0.0601654314 -0.0420459285 -0.0409011431 0.00995898992 0.039713867 -0.0449605994 0.0494034365 -0.0615074635 0.14682439 0.113570996 0.210682154 0.0186452437 0.124397516 -1.11870992 0.556322038 -0.0757939816 0.212622613 0.253454536 -0.078941457 0.0741776451 -0.21496594 -0.0950450376 -0.00994122215 -0.0165003221 -0.0630185232 0.122984424 0.112058617 -0.0678043664 0.0708306581 0.0440485999 -0.089599587 -0.0274307057 -0.0144402981 0.0556104407 -0.0139200017 -0.0712781549 0.0277818143 -0.0930320695 0.200018093 -0.00289611844 0.155275762 -1.05043054 0.479027867 -0.0938353166 0.174500212 0.176942214 -0.177155748 0.0479054712 -0.278027207 -0.133372158 -0.0487966649 -0.105158299 0.0142540196 0.0400455669 0.111597717 0.0220708698 0.0580672063 0.0230216309 -0.0447627455 -0.0391450524 0.0821651295 0.0195076913
-0.104514137 0.0136544192 0.127735287 0.150391623 0.16407986 0.454080313 0.0578744486 -0.664604962 -1.29744208 -0.063233383 -0.123070508 0.0390095823 -0.0604613349 -0.00579829887 -0.24242571 0.0358665362 0.032165233 -0.12638025 -0.0448046736 -0.193760902 0.23882705 0.275979429 -0.00411356939 0.0154829919 0.0464644656 -0.0315747187 0.00981988758 0.0911796317 -0.0680178404 0.00610399758 0.0802191421 0.0777856335 0.11834906 0.259994537 0.050396964 -0.685493112 -1.03709888 -0.117113993 -0.153761297 0.0870017186 -0.0311158933 -0.043146167 -0.0908422992 0.0968724862 0.0705065578 0.0114301769 -0.125024661 -0.065416351 -0.21147795 -0.0105887251 0.097284548 0.0685765371 -0.0341181457 -0.0513299964 -0.0773164704 -0.0465973355 -0.00312494277 -0.133819163 0.160203263 0.0621047094 0.136722535 0.296776116 0.052445285 -0.624575973 -0.72979784 0.0393403396 0.0171629153 -0.0222030282 0.0800485387 0.0284260046 0.154200852 0.14524664 -0.0188172907 -0.0164906625 0.0381374024 0.0774604529 -0.112583958 -0.00135927391 0.0942537114 0.00371646881 0.0109126419 -0.078077063 0.0310582742 -0.06156753 0.0177658293 -0.00962552521 0.0206535924 0.0205900166 0.0688836724 0.191744864 0.116401047 -0.745182276 -0.77477318 -0.0054684002 0.0229176506 0.049748864 0.00289119268 0.166142181 0.199566841 0.189346462 0.00596441887 0.0173250046 0.0697773844 0.0152826337 -0.39587456 -0.0902802348 -0.119597986 0.0715665594 -0.0066741854 -0.0654983819 0.0205862299 0.000496484339
-0.177008361 -0.221373558 0.0404263325 -0.0341069922 0.00548823364 -0.537092328 0.0478116907 0.82844013 -1.0775466 -0.118333139 -0.25845921 0.0490790196 0.102883898 -0.122057855 -0.323598385 0.502418816 -0.0830239058 -0.669145584 -0.19114098 -0.152495101 0.566715717 0.244305924 -0.745723426 0.0871771201 -0.0569778085 0.0531596318 0.0294964164 0.00691399723 -0.0883149654 -0.27828455 -0.0208405443 0.160151362 0.118940577 -0.268381268 0.0342976786 0.730746925 -0.839830875 -0.0661502406 -0.183745131 -0.133456334 0.0392085575 -0.0613779016 -0.152463809 0.11814782 -0.143966854 -0.114602156 0.00137881271 -0.0694800168 -0.184938669 0.0649209693 0.087115407 0.0898889676 -0.0675699934 0.0327120349 -0.0850086808 0.0853176787 -0.147625118 -0.187025979 -0.0742059648 -0.0284506958 0.0294294897 -0.330800712 0.130595744 0.706414282 -0.576517045 -0.0563515127 -0.0447053611 -0.0760226846 0.0942378864 0.0673705935 -0.0851427391 0.0537931733 -0.205674961 -0.0411364548 0.0145686027 -0.00601560483 -0.211173043 -0.162619963 0.115443625 0.0259468257 -0.00885739177 -0.0130563453 0.00226462632 0.0240848586 -0.15589121 -0.260674387 0.121197522 0.0450778827 0.0318437032 -0.363874197 0.000889115094 0.616338491 -0.655256391 -0.129294485 -0.044802215 -0.109310642 0.179152906 -0.0328988098 -0.0639456213 0.0751867145 -0.11231643 -0.0207534358 0.179755867 0.0868243501 -0.238848031 -0.148290351 0.0591179244 -0.0892135128 0.0700546727 0.0517853871 0.0819007978 0.0841367021
-0.215705752 0.0161412396 -0.100757733 0.681026578 0.16900751 -0.148986459 0.125371277 0.500217319 -0.673053026 -0.0869944692 -0.177568182 0.106108539 0.00279929303 -0.126991287 -0.421560884 -0.0321811289 -0.174510047 0.0321961604 -0.0679667443 -0.272753388 0.228351697 0.185071677 -0.250167966 -0.0153087303 -0.0703338087 0.0773404613 0.0619491562 -0.0102281496 -0.14448449 -0.00858861301 0.262047291 0.393301666 0.0414207056 0.160673052 0.142216787 0.425307274 -0.519947469 0.196162179 -0.248711005 0.186754569 -0.0691030622 -0.209400952 -0.0725367814 0.0657340363 -0.333415538 0.00102265796 0.0839989558 -0.155355573 -0.0170941018 0.109680571 0.0982040167 0.0550217405 0.0723211393 -0.0889062509 -0.0505768619 0.0122901872 -0.126879707 -0.130917341 -0.0749221817 0.329268724 -0.00972880516 -0.00339651108 0.153296426 0.426314652 -0.485418618 0.153754547 0.118582167 0.176719919 0.0169980489 -0.127571747 0.10710597 0.0576366261 -0.31288597 0.11073184 0.0734148547 0.0778196454 -0.194749221 -0.0760024711 0.104077578 0.0153104961 -0.0316110849 0.047774829 -0.078917481 -0.0634979457 -0.0707813203 -0.106813528 -0.0954429358 0.434637904 0.00623477111 -2.10307808e-05 0.170332476 0.480318725 -0.544157445 0.133118421 0.136643201 0.129160151 -0.029064998 -0.0299191251 0.17229493 0.0940291435 -0.344737351 0.329788566 0.154741272 0.0867045373 -0.260689706 -0.0362297446 0.0195822604 0.0846758857 -0.0941984504 0.0203732327 -0.00199408084 0.000247903168
-0.138861477 -0.163075104 -0.15574947 0.0187387224 -0.156213433 -0.974990904 0.121729836 -0.440798461 -0.365749151 -0.272780985 -0.697210371 -0.189020559 0.138876617 0.0026113987 0.319812924 0.207167685 0.0679163039 -0.276598006 -0.0504668616 -0.055364415 0.0475125648 0.0854151472 -0.00823907461 -0.00329131633 0.0100752711 0.0396728292 0.0301125497 -0.046835091 -0.0660369992 -0.240582511 0.0308799334 0.855219841 -0.0403264873 -0.348345548 0.0608135462 -0.336678237 -0.241302952 -0.344784111 -0.334915251 -0.195341915 0.0712143928 0.162423611 0.252947003 0.0953508541 0.10592179 -0.447979391 -0.00463908911 -0.01842192 0.377488375 0.059549164 -0.198547497 -0.0168166235 0.0895714983 0.0737524554 -0.0514046811 0.0540524945 -0.161959678 -0.239177376 0.145142823 1.36165106 -0.0984291062 -0.158272803 0.0758631229 -0.416803449 -0.223689437 0.0820069909 0.176407233 -0.12232127 0.0953185037 0.0586626455 0.319229186 0.272131741 0.160825878 -0.39515695 -0.0813264921 -0.0203821473 0.240197673 -0.00463474588 -0.138641089 -0.0209416896 0.072312288 0.0448816195 -0.0513241738 0.0276950747 -0.183838516 -0.347309381 -0.323010415 0.564448953 -0.137475416 -0.390737265 0.201112479 -0.377409726 -0.166010544 -0.157529563 0.206409514 -0.0666142032 0.0754140094 0.0511930846 0.32131803 0.15268147 0.00571831083 -0.0818011165 -0.166878983 -0.211865082 0.180225059 0.150387317 -0.196957245 -0.0135068223 -0.0943701863 0.0590040311 -0.063345477 0.0224347189
-0.0815512314 -0.0285434891 0.0764007047 -0.107055791 0.180115402 -0.279712319 0.00137775787 -0.893231332 -1.48760426 -0.105625167 -0.0918448046 0.110014923 -0.163786098 -0.00660451502 -0.298393577 -0.148772389 -0.131891176 0.0155258151 -0.0941795483 -0.0753404945 0.326624811 -0.00594847323 -0.095624648 0.0830677524 -0.0340863243 0.0622665361 -0.0244028941 0.0631897971 -0.060656894 -0.226750553 -0.0197750535 0.253025472 0.0099661164 -0.110566005 0.0308271814 -0.8631984 -1.1844213 -0.185373515 -0.215946078 0.200041398 -0.161751747 -0.0737338662 -0.0716019347 -0.210210115 0.0499939397 -0.0115763247 -0.0652735755 0.094442904 -0.0859053731 -0.184373721 -0.0582282655 -0.0883884802 -0.0697306618 0.0341553017 0.0392462537 0.0489635989 -0.104583912 -0.155491188 0.209290102 0.0158832856 0.045627024 -0.095896408 0.186619535 -0.800809979 -0.882254303 -0.091090709 -0.121621981 0.0577100031 -0.0707029924 -0.0179001819 -0.0173128042 -0.1603183 -0.0383219868 0.05305117 0.0133398417 0.0532023124 -0.100031011 -0.0620452538 0.0152014857 -0.00558274984 0.0263460949 0.0757971331 -0.076924637 -0.0372990966 -0.0823785216 -0.270736128 -0.087347798 -0.0364510603 0.13577579 -0.21864979 0.11213319 -0.810270846 -0.899801016 -0.0653987303 -0.103071839 0.0848775879 -0.218706146 0.0676387027 -0.196751639 -0.0413312837 -0.0272377878 -0.0175273623 -0.0735146552 0.12571004 -0.197702795 -0.0628987104 -0.12293186 -0.033258047 0.0479086563 0.0840142146 0.0779301748 -0.0459803939
-0.0980512351 0.0229847692 0.328911126 0.0514564402 0.0499763936 0.0641493574 0.0939135775 -0.6639902 -1.53117788 -0.0287786033 -0.0584755354 0.123185143 -0.0166784488 -0.0724048316 -0.114754044 -0.150320724 0.0920553207 -0.159858733 -0.104647942 -0.111599028 0.34748733 0.0959264562 -0.00985104218 -0.0257238075 -2.65836716e-05 -0.0128656551 0.0721666291 0.0228740126 -0.0172743574 -0.1006255 0.182141006 0.182535142 0.0961078331 0.100600161 0.0248889476 -0.538837492 -1.22649765 -0.12972483 -0.201638579 0.092854999 -0.0365664437 0.0722769201 -0.0461559705 -0.131069392 0.128725708 -0.000182260599 -0.0784960389 -0.089914605 -0.231783509 -0.0394183248 0.079400599 0.0261780918 -0.0365459807 -0.0332667977 -0.0806909651 -0.0584162623 -0.0710336566 -0.127218381 0.137022495 0.106340416 0.146244884 0.232355341 0.0331949964 -0.60472405 -0.95468092 -0.00751096103 -0.012532346 0.123208813 0.0830349252 0.171261609 0.0639192462 -0.0486837663 0.101854622 0.0580218136 -0.0318786465 0.0118524572 -0.125503197 0.0337236263 0.232531741 -0.0620094575 0.0133059397 0.091608502 -0.0592595562 -0.0508916043 -0.00232908013 -0.0970603973 0.0645682663 -0.102481365 0.142819881 -0.0283637289 0.0486305356 -0.549809098 -0.844774067 0.000980193727 -0.0715586096 0.20495443 0.00839684531 0.159430385 0.0360656381 0.117289059 -0.00321733393 0.0720710307 0.0253182705 0.00414622668 -0.271628201 0.0702502653 -0.0452925749 0.0756965801 0.0311586931 -0.0535510555 0.0455687568 0.0939539596
0.24564071 0.0486619547 0.779289365 -0.22293967 -0.107742161 -0.359112948 0.32979697 0.357322901 -0.349712193 0.739108503 -0.036579106 -0.0414288789 0.0393976755 0.157981291 -0.0628294945 -0.425507337 0.186946616 0.458813101 0.282304764 0.1369977 -0.754226029 -0.0832781121 0.815884352 -0.0900246426 -0.0144972056 0.0432920232 0.059191145 0.0344529524 0.336519182 -0.101665035 0.0264358409 0.0821513459 -0.0865214914 0.0794994459 0.163884252 0.304186434 -0.355010688 0.608123541 0.148061633 0.0294740889 0.0767662525 0.0109166224 -0.176530987 -0.260474354 0.291348219 0.0980642289 -0.00756671373 -0.122451209 -0.154801875 0.0416224599 -0.0230679363 -0.0251362994 0.0122886226 -0.00768190622 0.0732173845 -0.0555237792 0.350610644 -0.0651793703 0.470908791 0.0195610356 -0.111506432 0.293638676 0.207345784 0.147054553 -0.33079192 0.423556685 -0.103149831 -0.0171440188 0.254868597 -0.195039645 -0.215282664 -0.201624066 0.23160252 -0.000637264224 -0.0442327857 -0.0770292431 -0.0597992092 0.075051643 -0.0113470703 -0.0874203444 -0.00719232857 0.0743973777 -0.0544273071 0.0796310529 0.298991561 -0.08237461 0.422265172 0.173935086 -0.0225729905 0.140627116 0.248186022 0.234931692 -0.442501277 0.24189207 0.531301618 0.0790430903 0.211255357 -0.069233112 -0.283016831 -0.172006637 0.2314367 -0.0840045512 0.0883756429 -0.134782821 -0.0380457714 0.0904222652 0.0993439779 0.048874177 -0.0351794288 0.00263565779 -0.0225472376 -0.0551774055
0.0241555739 -0.0383492708 0.229773134 0.119545139 0.0535216555 0.166463867 0.173070595 -1.33986723 0.934746981 0.0170909967 -0.146965981 0.11855913 0.163919702 -0.0261075981 -0.222834915 0.385144234 0.0854678005 -0.139939874 -0.00976460148 -0.0257668719 0.376473874 0.18504566 -0.129677922 -0.0769493803 -0.0295919627 -0.00869845599 0.059612982 0.0389729664 0.0182057042 -0.120553352 0.0248773582 -0.0820185691 -0.036530219 0.198212385 0.102171205 -1.17777133 0.890279949 0.128092334 0.0794923753 0.0262902454 0.0637401715 -0.0724409297 -0.307082891 0.224246517 0.188993558 -0.29537335 -0.0141761657 -0.0910399258 0.219222263 -0.0166471973 -0.187123522 0.0283331722 -0.0608346574 -0.0748516917 0.00497389585 -0.0268843099 0.00072628085 0.0220498126 0.0422524251 0.0875503868 0.0175774749 0.105593786 0.144893542 -1.26669455 0.708231688 0.114041649 0.162338033 0.0393758714 0.190280303 0.0281859618 -0.422094971 0.123758219 0.216218799 -0.184124023 -0.212098047 0.0313752517 0.250147879 -0.0852069631 -0.180219978 0.0338312313 0.0342414305 -0.00847803801 0.0475060865 0.0337669328 -0.12088012 -0.141548142 0.0755001009 0.0169848911 -0.00694278348 -0.113368645 -0.00664968835 -1.21419108 0.803022444 0.208734229 -0.185300395 0.124090612 0.0701576844 -0.111709408 -0.293811768 0.181107014 0.221511677 -0.248925284 -0.137288406 0.0312028266 0.178787306 -0.0607147515 -0.0736891776 0.0260094181 0.0136885345 0.0196470246 0.0215011612 0.0250486955
0.0870487094 -0.0324974097 0.0482194535 0.656194985 0.0210065264 0.272040129 0.0106943185 -0.305102021 -1.98982465 0.207681641 0.222950161 0.0259173922 0.177033246 0.179445222 0.127720699 -0.401803404 -0.243363291 0.089196898 0.0926491842 -0.0587622896 -0.376342684 0.0945291147 0.452525526 -0.075628832 0.0120186731 -0.0875978097 0.0676753148 -0.00654225796 0.125934124 -0.0071926713 -0.012698492 0.626766205 -0.0523533374 -0.0563160516 0.134089068 -0.276854575 -1.60924971 -0.0159067363 -0.0525425673 -0.0813882872 0.272756308 -0.00775454054 0.150770873 -0.108747385 -0.22168909 0.123809896 0.115016244 -0.0278987531 -0.428391516 -0.091435872 0.153543249 0.0757066086 -0.0101297572 0.0562639758 -0.0832217857 -0.0639599785 0.123074397 -0.242177829 0.127285078 0.295072287 -0.0657535791 0.130703956 0.0296120625 -0.182168454 -1.2235173 -0.0415965952 0.0604603998 -0.0878278017 0.333473563 0.13143003 0.218750581 0.0116956104 -0.296201706 0.0264398362 0.00309039536 0.0819788799 -0.372695506 -0.0569224097 0.118996136 0.0257462114 -0.043177858 0.0694789663 0.0179614276 0.0451664105 -0.0255454946 -0.157615006 0.0770411789 0.178592712 0.138085201 0.183267564 0.16366984 -0.207918689 -1.09520018 -0.0189406816 0.212193072 -0.0125099709 0.195298389 0.0847161487 0.330012739 0.1381924 -0.297687352 -0.0227718297 0.138006642 0.0235859565 -0.20015274 -0.0490281396 -0.0132237161 -0.042316325 0.0606285259 -0.0264092684 -0.063885957 -0.0159344301
-0.228404745 -0.096302174 0.513313353 -0.511407852 -0.0842154995 -0.347831279 0.0858702585 1.12935364 -0.781594753 0.160801649 0.186190441 -0.0565355979 0.140965864 0.00377390371 0.0188048612 0.276512831 -0.169854492 -0.64691931 -0.361607939 -0.121430933 0.392152965 -0.0883044153 -0.626986146 0.0708910301 -0.0542483889 0.0316856727 -0.0729489848 0.0389240161 -0.310639024 -0.221432343 -0.242675737 0.0744547844 0.0739507154 -0.0364965014 0.122168638 1.03473568 -0.711675584 0.0160762835 0.162652448 -0.132872015 0.163474679 0.0270588994 -0.0984093621 0.0951210186 -0.0671994537 -0.307089061 0.00449024606 -0.0399639755 0.0292503797 -0.0171388313 -0.138911784 -0.00297070295 0.0622776076 -0.0161782354 0.0118645132 0.0885604993 -0.302726358 -0.218967184 -0.218352824 -0.377311856 -0.0622650497 -0.0319084227 0.0723058507 0.976366997 -0.617961645 0.109187678 0.138569787 -0.138980031 0.147631362 -0.00111054722 -0.150085837 -0.0363255627 -0.00299056992 -0.124690309 -0.0761229694 -0.143829688 -0.126088232 0.0074572158 -0.109938033 -0.0453499928 -0.0773990527 0.0477318987 0.0755324438 0.00447944552 -0.229712635 -0.258988798 0.0877879709 -0.469780535 -0.0368444361 -0.0535988286 0.146511644 0.988102973 -0.577070057 -0.030715514 0.396360755 -0.104903296 0.0978998318 0.101021178 -0.261645764 -0.211569726 0.169304296 0.00606563454 -0.0535574071 -0.147935152 -0.202524602 0.0539568439 -0.0428698659 0.0258055478 0.0823915079 -0.0615777113 -0.0815975592 -0.0316926688
-0.0206351206 0.031067213 0.33488521 0.163342103 0.110808633 0.373748422 0.100442074 -1.14991665 -1.14411497 -0.154922619 -0.183264583 0.0910316035 0.01531603 -0.00174719468 -0.165099576 -0.100699976 0.0690070391 -0.0597645678 0.100154385 -0.0310477894 0.346731812 0.205707327 0.00276565878 -0.0311105251 0.00128952414 0.0179859176 -0.0549267307 0.0801435784 0.024679007 0.0483235046 0.137791753 -0.0111519108 0.114688963 0.0677981526 0.0896994248 -1.07730806 -1.105142 -0.0883422792 -0.144905299 -0.00498132221 0.0100712068 -0.0339519009 0.0217153095 0.0439500399 0.119371735 -0.152917132 0.0260444488 0.00531445164 -0.119245633 -0.0667576864 0.0546267256 0.0341194496 0.0633699223 0.00659063458 0.0307590738 -0.0927249789 -0.0804609433 0.0182678662 0.274233997 0.0925765261 0.107528746 0.112365693 0.0447949991 -1.00197601 -0.887526989 -0.0631827042 0.0401199162 0.166477561 0.0399078354 -0.00457392586 0.145590171 0.00828702468 0.0412462242 -0.160832494 -0.122388087 0.199893773 -0.2170313 -0.102214828 0.0679331049 0.0390114263 0.0894245133 0.0910986885 -0.0864235461 0.00232687593 -0.0161309037 -0.0610104874 0.0634103641 0.00703107007 0.0293733608 -0.0500540622 -0.0727961287 -1.00477815 -0.785975575 0.0992356911 -0.0414109863 0.0082826633 0.0708386451 0.0216724481 0.0335651934 0.151963666 0.0643773153 -0.209381327 0.0117426962 0.267571867 -0.0827722996 0.0235278048 -0.149395421 -0.00449679047 0.0608788803 -0.0260933042 -0.0201953575 0.0394804403
-0.164482251 -0.0862641335 -0.366459101 0.713101029 0.0461984277 -0.0618391 0.0931152254 -0.586651623 -0.294735849 -0.0795152709 0.163470939 -0.0682760328 0.120310366 0.00536074815 0.185725823 0.0779585391 -0.0933957323 -0.188700542 -0.114048094 -0.185837194 0.52024591 0.139303848 -0.300403088 -0.0923240259 -0.0268373862 0.0591895953 -0.00675214082 -0.0754067898 -0.164611027 -0.0939143822 0.23928979 0.346693933 -0.074396193 0.191113576 0.0632986575 -0.68813616 -0.125607759 -0.0635449588 -0.0465177633 -0.0463319905 0.16402033 -0.0454615876 0.239283934 0.0771596283 -0.272966564 -0.116098896 -0.100550383 -0.0746437982 0.0941228941 0.055395253 0.0410314016 0.07826785 -0.00192978233 -0.0873249024 -0.0880771279 -0.0439052209 -0.108179018 -0.0808016881 -0.224952221 0.494298369 0.0670133531 0.140974328 0.154704496 -0.577455521 -0.174133778 -0.0356373154 0.38635841 -0.107637502 0.0647347495 -0.0447787568 0.284022063 0.312951356 -0.171974778 -0.414750069 -0.0164492615 -0.0672942623 0.0499728024 0.0875304863 0.0983601734 -0.0444725789 -0.0649724156 -0.0258113071 0.0302144065 0.0101832375 -0.0135505674 -0.100868419 -0.539411962 0.268578291 -0.040221218 0.0424333476 0.183802709 -0.633300304 -0.159765914 -0.225020885 0.184149742 0.00861085486 0.092195712 -0.164059058 0.179301158 0.578923702 -0.193359941 -0.676941633 -0.08344841 0.121775471 0.0408998877 0.0738364235 -0.0512576476 0.0135121718 -0.0413985848 0.0925844386 -0.0856850073 -0.0123638511
-0.102972649 -0.117820859 -0.212845564 0.214661986 0.0609085038 -0.0501615144 0.138668671 1.19077599 -0.201290846 0.0186853427 0.131928563 0.0410892963 0.0648877621 -0.0721803457 0.203638896 0.0167330541 0.113196604 0.0174949802 -0.0407047234 0.07635618 -0.136980325 -0.129020095 0.0669459775 0.0438024178 0.0496553406 0.0474260673 0.056522809 0.0301963538 0.0153496517 -0.149496987 -0.0083408514 0.337869883 0.0907225311 0.174213544 0.148283526 1.06947923 -0.131393805 0.174986362 0.0298440382 -0.0570293888 -0.0957556069 -0.051869534 0.0622067712 0.129468814 0.0797835216 -0.0483602174 0.104167618 0.0999504775 -0.0762945563 0.0822591782 -0.00576233491 -0.058034461 0.0119989738 -0.0827798545 0.00721248984 -0.0819354355 0.0456376299 -0.0422882922 0.0212616213 0.0722489581 -0.0666454732 0.198997557 0.117255166 1.09181011 -0.160478681 0.255488217 -0.0810840577 -0.0949330255 -0.0311362706 -0.0455903858 0.0277428385 0.110406183 1.57095819e-05 0.0249315724 -0.0354764871 -0.0503340848 -0.000686718384 -0.0157005191 -0.140562192 -0.047641959 0.0451292172 -0.0402807891 -0.0215278491 -0.0227242634 0.0196907427 0.00692836428 -0.0210932214 -0.122708127 -0.0550416596 0.302217811 0.143819824 1.03263021 -0.120401166 0.105758168 0.143543944 -0.0935040116 -0.0356780291 -0.169792518 0.0925443694 0.0801679567 0.0629912838 0.0467855036 0.0839479268 -0.0873004124 -0.0492366813 0.102835253 0.0297202934 0.0680391565 0.0925671533 0.0804044828 0.042865403 0.0603524074
0.106246956 0.00829522219 0.0154261729 -0.0203258712 0.0116862468 0.11906711 0.102665968 1.11623061 -0.10612005 0.222998053 -0.04037508 0.0755377561 0.115421064 0.157285318 0.118000232 -0.289490521 0.0127282869 0.240327597 0.184424818 0.0675898418 -0.495322883 -0.142447606 0.200158775 -0.0401600935 -0.0233327374 0.0552264974 0.0283619761 -0.0445798375 0.0854835361 0.0200371332 0.00782375969 0.327038944 -0.0275879242 0.314652413 0.231674328 1.13265431 -0.0656460896 0.211660042 -0.184919149 0.154048756 0.0884610787 -0.0555091724 0.154908076 -0.123394288 0.105968617 -0.0321093202 -0.0576494411 -0.0978040546 -0.101433039 0.000906904927 -0.00508145057 0.0120805576 -0.0181968734 0.0300000608 -0.0246767178 0.0732116476 -0.0513475202 -0.102428935 -0.0771765038 0.278336734 0.0288781002 0.256213427 0.174430385 0.961019695 -0.0877304599 0.036382284 -0.249873713 0.11055664 0.119464479 -0.0609489419 0.0573694594 -0.0352571495 0.134982631 -0.0828500316 0.0784874782 -0.115103327 -0.0472972468 0.0829700753 0.0244902596 0.0697755292 0.0179526508 -0.0183207989 0.0385407582 -0.0941584408 0.0350490101 -0.0326476619 -0.0329259783 0.214810252 0.0299608335 0.141977265 0.236992672 1.05727088 -0.00413487852 -0.0330729596 -0.349683881 0.148898482 0.137718633 -0.19414717 0.00743318861 -0.0159844644 0.156941414 -0.042360533 -0.0805992112 -0.184025049 -0.16307731 0.135964841 0.0091166161 0.0705356523 0.0353011116 -0.00843651593 -0.0237189159 0.0521967784
-0.102400489 -0.170987487 -0.0760517791 -0.276174217 0.0704143196 0.00457437523 0.00266307499 -0.743087709 -1.18344247 -0.0609206632 0.1976998 0.0433488488 -0.02407654 -0.0799682736 -0.0491746515 -0.0677696541 0.104822457 -0.0742231831 -0.227243349 -0.106594861 0.585387707 0.145877957 -0.387026787 0.0401395634 0.0504760072 0.0563021228 0.066223748 -0.0432460159 -0.0311685912 -0.10267774 -0.139428973 0.143066004 0.0460181646 -0.00252373749 0.170377284 -0.782965302 -1.00981927 -0.136556491 0.111136794 -0.0928811282 0.0757056922 -0.036391139 0.122859918 -0.147012055 0.0747414529 0.0668524653 -0.0594748706 -0.0553293116 -0.178839192 0.0385477766 0.0709916726 -0.051322069 -0.0714395121 -0.0312322229 0.0141925439 -0.0425470062 -0.00206394424 -0.275712848 0.253536612 0.35927096 -0.0368045419 0.0519498028 -0.0136026302 -0.688819528 -0.70983088 -0.0392484516 0.358913869 0.0365331136 0.0700837672 0.150560722 0.177682236 -0.099374637 -0.0523315929 0.25059098 0.068427816 0.0984682217 -0.180946037 -0.00569836562 0.122692883 -0.0300515071 -0.0905554071 0.0221903175 -0.0216196105 -0.0776561871 -0.136806235 -0.227800354 0.158297405 0.205160558 0.111377664 -0.159571081 0.155319661 -0.585075855 -0.692932665 -0.0899297744 0.341130286 -0.106381997 -0.00344154192 0.152385816 0.185458988 -0.175669968 -0.0708894059 0.187836558 0.070266746 0.145581916 -0.290199608 -0.0908097774 0.0532205477 -0.013453193 0.0869533345 -0.0776355639 0.0797574893 0.0637233481
-0.148896858 -0.0428318679 0.634535253 0.284279138 0.0860203579 0.22837989 0.00924003311 -0.942058027 1.08532703 -0.204185575 -0.198755786 0.232203797 0.0265116934 0.00964864995 -0.180094257 -0.0155379083 -0.133507416 0.123532988 -0.000104031147 -0.0568725355 0.270388454 0.0864161104 -0.0560289584 -0.0616701134 -0.082077913 -0.0356848314 0.0301540792 0.0899187252 -0.0330044962 0.0280138534 -0.0156433675 -0.149979234 0.100607283 0.337988496 0.0831100568 -0.813696682 0.96170938 -0.100359917 -0.0413613692 0.140197635 -0.0550563894 -0.101223573 -0.439289212 0.120898776 0.0182716176 0.00139277149 -0.0116987778 -0.0917320326 0.0418750606 0.0302576255 -0.141526476 -0.0559038892 -0.0138228834 -0.0296967924 0.0477079377 -0.0223469958 -0.155357748 -0.0559673458 0.0682613254 0.0875586495 0.0335323401 0.127123937 0.00330671575 -0.746899247 0.811170459 -0.102141179 -0.00885246322 0.158964366 0.0764630288 -0.11155919 -0.328192055 -0.0372344032 0.0640899986 0.186692864 -0.141510189 -0.121082999 0.0550048836 -0.0486636609 -0.0599485897 0.0486012176 0.0175899416 -0.00326603651 0.035748221 -0.0861652046 -0.138318792 -0.0562715419 0.12257839 0.150778368 0.158186972 0.0689817965 0.0361934341 -0.843937457 0.806947708 -0.152095988 -0.326887071 0.131802335 0.0218055267 -0.0616228804 -0.362856627 -0.168396935 0.0577489622 0.12968342 -0.00955374353 -0.0985522196 0.0350790843 0.0443862155 0.0509079732 -0.0339008383 0.0767328069 -0.0722090825 -0.044829227 -0.0906411111
-0.0516269468 -0.0919746459 0.922544599 -0.274989545 -0.0206039716 0.0836152583 0.131215438 0.848931432 0.975178838 0.180966109 0.272792608 0.0897997767 -0.0979225188 0.0867808685 -0.333546519 0.221506715 0.160799026 0.0293526929 -0.0646161661 -0.00636109989 0.16954881 -0.117631264 -0.257196784 -0.0319403484 -0.0850613192 -0.0757621378 0.00847289711 0.0735421404 -0.153107718 0.0643567368 -0.0979116186 -0.299936593 0.107645229 0.10687387 0.0600035787 0.731967926 0.81237334 0.00115090585 0.205334857 0.0660410672 0.00367158791 0.024416618 -0.410563201 -0.0320452899 0.103653125 0.0940262973 -0.00101224985 0.0619455092 0.0290596113 -0.0598966181 0.115888558 -0.010141179 0.0295214131 0.0586696789 -0.0371738821 0.0268538073 0.0155995265 0.0869049951 -0.0672090948 0.127822727 0.160842851 0.1689796 0.102071099 0.753651679 0.626316845 0.0488792136 0.173569039 0.113548502 -0.0315685831 0.116632394 -0.268348634 -0.248817116 0.0535837635 0.268463224 0.10402707 0.0449946076 -0.0372640751 -0.072071515 -0.0189318433 0.0794597641 -0.0640672073 -0.0720460266 -0.018380262 0.00702083856 0.00565665914 0.105706841 0.0047633769 -0.176845253 0.00901057292 0.0745975375 0.0149819944 0.650488794 0.535631657 0.0993091092 0.285375446 0.168300048 0.130044982 0.159167498 -0.150478899 -0.345956802 0.106779434 0.283351898 0.0605369322 0.11018084 0.0200121496 -0.112960286 0.132870167 -0.0161423609 -0.0742191747 0.0119861886 0.0380725637 0.0360409692
0.102341652 -0.0495898649 -0.13430877 0.0299130194 0.0419050269 -0.013651887 -0.00818456337 0.620566547 -1.37499046 0.0303980801 -0.128792584 -0.0168133695 0.0675941706 -0.026961565 -0.0839990973 -0.171761766 -0.086358875 0.0533804521 -0.0178219937 -0.0890981257 0.18617104 0.0489473343 -0.189595774 -0.00882261992 -0.0444553532 0.0200725645 0.0383276716 -0.0653667226 0.0149446698 -0.0244113132 0.00587474089 0.109515652 0.100176968 0.0848765001 0.0760234967 0.456504285 -1.24758863 0.0332762897 -0.0815041065 0.0288019367 0.101678669 0.0214299746 0.0545097999 -0.215388656 0.0181035325 0.0709077418 -0.0721541271 0.0461261272 -0.192911267 -0.076805003 -0.0705536976 -0.0260902494 0.0461423323 0.0472994521 -0.0711265951 0.00761714578 -0.0513593815 -0.192690536 0.00517848274 0.265272498 0.0557017699 0.153694913 0.078571178 0.597627699 -0.969986558 0.00922466256 0.033745259 0.0229766387 0.0778052136 0.0323668681 0.122094288 -0.0589798726 -0.0495886914 0.119753987 0.0239330903 0.0651336014 -0.170074835 0.036967352 0.0225340985 -0.0414034836 0.0147475973 -0.0754846483 -0.077646926 0.0608417466 0.048722811 -0.111058898 0.054747764 0.326003134 -0.0111831017 0.15996176 0.0865295306 0.547003984 -0.958244205 -0.0824391842 -0.052788496 -0.0679884329 -0.0782069862 0.0456125662 0.0402727388 -0.0763600022 -0.129124776 0.179040954 0.128162637 0.171286777 -0.0743125454 0.0203442369 0.0508507043 0.0676646903 0.00152751058 -0.0582356043 0.0290716067 0.082219176
-0.0821524709 -0.212192506 -0.374331743 0.113786131 0.038615454 0.156457484 0.122873969 0.415207922 1.69469464 -0.123837203 0.278780311 0.0693054721 0.0823490918 -0.266578048 0.186180636 0.240478367 -0.111845315 -0.401771903 -0.0801107883 -0.00427633803 0.242505461 0.0694193095 -0.435019433 0.0313287154 -0.077640228 -0.0560503043 -0.0681012943 0.0218164921 -0.0274751578 -0.0621717609 0.0730872229 -0.117091306 0.113192983 0.309122354 0.0777659491 0.48765853 1.37885809 -0.0664730072 0.138650462 0.163845286 0.0346266329 -0.0217715017 0.0711697936 0.0229988135 -0.244264826 0.00960795116 0.119292073 -0.0529723316 0.266453296 -0.0726068392 0.0633817241 0.0197811276 -0.0873005465 -0.0292692408 0.070978649 -0.000944629312 -0.122695446 -0.0754737556 -0.08091034 -0.00296759792 0.144744992 0.183244869 0.131865308 0.525848627 1.18168247 -0.0600458235 0.112622477 0.188847512 -0.0499253683 -0.112460651 0.18616958 0.103470676 -0.198873639 -0.0665149316 0.136095732 0.0705720931 0.233363912 -0.0207607877 0.0736620054 0.0550800189 -0.0321918763 0.000517331064 -0.0228790492 -0.0171336308 0.00661044382 -0.127441451 -0.0891558304 0.00997681543 0.146991804 0.404029787 0.117618896 0.393310547 1.1010462 -0.00614669314 0.0516035147 0.207144767 -0.033571139 -0.0513989367 0.308265954 0.0152166188 -0.24700892 -0.130690232 0.00309596397 0.0517907105 0.170255631 -0.114106625 0.180300444 0.00772120804 -0.00762322545 -0.0167858601 -0.0299372151 0.0116622373
0.0592710264 0.00753683317 -0.404361993 0.328705013 0.081181176 -0.318861932 0.0711945295 0.341712683 -1.13464761 -0.191005662 -0.171731576 -0.0404713936 0.138587832 -0.126254991 -0.20210509 -0.00561413867 0.0201644152 0.00978876185 -0.192397445 -0.128549337 0.523007274 0.193810508 -0.574772418 -0.0425055176 0.0444838926 0.091247119 -0.0759980977 -0.0424932986 0.104937278 -0.0708942339 0.0755350888 0.126995102 0.0680687875 -0.181761578 0.0505497381 0.309515685 -0.893955588 -0.129558831 0.0402125046 0.0323294848 0.174318761 -0.00468989834 0.0227082688 0.0175367109 -0.236354813 0.0266965181 -0.00478911633 -0.0518997498 -0.0341464914 -0.149500936 0.0849713385 -0.0320752002 0.0692621395 -0.0715860948 -0.0185230076 -0.037698321 0.137865901 -0.0327127688 0.265135646 0.138704821 0.131518006 -0.150186673 0.087430805 0.346500874 -0.768392146 -0.196057737 0.144152611 0.115737446 0.17188102 0.115551278 0.118473299 -0.0672817901 -0.323848158 0.0385301672 0.074911803 0.160310015 -0.152014956 -0.067361623 0.152125627 -0.0217141807 -0.036335282 -0.0806802362 -0.0918646827 -0.019346036 -0.0175049603 -0.211417109 0.204643548 0.280200481 0.0450983196 -0.0351074897 0.0145109231 0.246216998 -0.77026993 -0.153440461 0.208434939 -0.000625263143 0.110914722 0.0642438903 0.162913218 0.0412229747 -0.272529185 0.0170969274 0.172671542 0.266378641 -0.210162699 -0.0723259896 0.116625033 0.0778514221 0.0163057819 0.00163462013 -0.0273288414 0.060391672
0.150944158 0.137506559 0.12299946 0.00460770819 0.0334252976 0.0546350218 0.126627713 -0.824205816 -0.165161252 0.165290043 0.0490542017 0.0754203275 0.10890986 0.057138849 0.148807421 -0.300298274 -0.0642976388 0.213814601 0.174754262 -0.0454462171 -0.159772992 -0.0198162738 0.439413428 -0.037413314 -0.0131293014 0.0357409045 -0.0788555369 -0.0382333733 0.076113075 -0.0107887797 0.585081995 0.135744721 0.0249161385 0.358579665 0.198192611 -0.633470953 -0.255710244 0.0789996311 0.0869833678 0.11745283 0.0540681444 -0.135481134 0.117659234 0.0151467994 -0.0782400519 -0.15304862 0.037557859 0.00994838122 -0.142001495 -0.107706316 0.050467141 -0.065207988 -0.0733801425 -0.00122314692 -0.0806301832 0.0211644545 -0.0116116982 0.0686082467 0.252355665 0.315605819 -0.0827802569 0.439762801 0.296797872 -0.720761478 -0.10320875 0.213101029 -0.104322642 0.0654876158 0.0858916864 -0.150852978 0.0473650731 0.189856559 -0.0565811135 -0.361144602 0.0534015745 0.0746896863 -0.08993534 -0.152429894 -0.000474099419 0.0448434427 0.0787265226 -0.0141552463 -0.0325586051 -0.0760708302 0.0389435142 0.0676230639 -0.122934513 0.0165016353 -0.0547702201 0.302754909 0.254896611 -0.615787387 -0.0994216576 0.160400078 0.00768745877 0.0942301452 0.0160106905 -0.119470052 0.206699863 0.388028562 -0.0880237073 -0.291770965 -0.0682934299 0.0827952623 -0.0347279869 -0.0515439771 0.0309641343 0.0261388794 -0.0257099271 -0.00531382859 -0.0721576363 -0.0396670811
-0.0108339833 -0.118526638 0.110718019 0.0693445355 0.0748967677 0.062243443 0.136671051 -0.870453775 1.3774004 -0.0562824756 0.0706600547 0.215472102 0.16684325 -0.00960093364 0.0204061326 0.0131913554 0.0505757332 0.133911788 -0.0384166539 -0.0439917482 0.0336791128 -0.0391590782 -0.0639868006 0.0734334365 -0.0789405555 0.0721703395 0.020523712 -0.0679921806 0.0766588375 -0.0383544937 0.056626901 -0.0512998775 0.0478798337 0.190595984 0.102484435 -0.784296095 1.19133687 -0.118254066 0.060889367 0.204281166 0.118481204 0.065092504 -0.0350440592 -0.0596665367 -0.0606577396 0.119735584 -0.0190963876 0.0375592597 0.187628627 -0.100481503 0.0722416639 0.0873086974 -0.0159467459 -0.0924880877 -0.0860617757 0.0143720508 -0.0416784585 -0.0776491463 0.181795195 -0.0771030709 0.069765456 0.1624659 0.182493642 -0.751509786 1.07900453 -0.0207537487 0.137952492 0.0763111264 0.0153635805 0.0368818939 -0.210458577 -0.0782865211 0.000566100702 0.109720938 -0.0323025621 0.000457548711 0.0706081241 -0.0685862005 0.160172179 0.0821407959 0.0829668269 0.017876111 -0.0183034986 0.0723361894 -0.0163276773 -0.00758682843 0.0783537775 0.0257759262 0.0936022326 -0.0858676732 0.101887345 -0.875523925 0.94472611 0.00212508673 0.0649880543 0.0759137422 0.104897328 -0.0146398395 -0.188268051 -0.0774670243 -0.163164571 0.0837153196 -0.0364561155 -0.0740050524 0.0302136689 -0.112180538 0.0381874628 0.0609649196 0.0187402666 -0.0690195709 0.079702206 0.0774151757
0.0415288173 0.127034515 0.150570378 0.123842977 0.151417658 0.43557784 0.0599559657 -0.948398352 -1.25076699 -0.179030523 0.120146438 0.0579764135 0.0319080614 0.0281672589 -0.111105055 -0.175465122 0.0972247347 -0.0101630688 0.0452320352 -0.237254679 0.267070621 0.22235544 0.0298823211 -0.0322733484 -0.0485192277 0.0566599891 0.0811745748 0.057139568 0.0658090562 0.0689008906 -0.104325794 0.16388461 0.0497690327 0.375958681 0.0988625363 -0.862487912 -0.934533954 -0.183314741 -0.173640296 0.0237669349 0.0826946944 -0.0526403151 -0.0666235685 -0.0593080968 0.00216369797 -0.0345134661 0.0244689807 -0.0210429057 -0.120437302 0.0357364193 0.000346909161 -0.0799325854 0.0110435858 -0.0662221834 0.0563675985 -0.0856603161 -0.0756687671 -0.050953716 0.0808737502 0.0605822355 0.0296984091 0.30033648 0.0448660888 -0.810124397 -0.877559304 -0.0828420892 -0.151422068 0.0926434845 0.0936750993 -0.0756155029 0.155162469 0.02491704 -0.0575691983 -0.014643847 0.0287945624 -0.0680612475 -0.243020922 0.0277099833 0.109105714 -0.0934576914 0.050699614 0.0558274612 -0.0838963315 0.000181727111 -0.0916117951 -0.0961509347 -0.0101044485 -0.0284344237 0.138353094 0.246823847 0.0846404061 -0.887984991 -0.730740726 0.080392912 -0.10345614 0.0686035082 -0.015125148 0.0687343702 0.212303415 0.0596853197 -0.10214895 0.0987872332 0.086153619 0.11383462 -0.24334991 0.0864707679 0.0393759422 -0.0929849073 -0.0185584053 -0.0281934589 0.0211861059 -0.027106002
-0.0862016976 0.079067491 -0.0409532413 -0.0897303075 -0.039291095 0.0197976455 -0.0321176462 -0.0943816379 0.0314401165 0.0364258215 0.0879617855 -0.0933930352 -0.0179032236 -0.0360081606 -0.0327386968 0.00204189867 0.0880986378 -0.00987915695 0.0808956549 0.0130832419 -0.0492180809 -0.00909183174 0.0486306027 0.0558711663 -0.0313509479 -0.0115586221 -0.0790085495 -0.0601728037 -0.0249693468 0.0563086644 0.00583315641 0.0499273166 -0.0788543522 0.0193345845 -0.0763622224 -0.0276343077 0.0771336183 0.00394293666 -0.0707475394 -0.0930544361 -0.0285624787 -0.0370532311 -0.0877219737 0.0517076179 0.00189350545 -0.0145053267 0.0729835853 -0.0895108879 0.0301640332 0.0699774399 0.0203927532 0.0506697074 -0.0335362814 -0.088973619 0.0882810131 -0.0937941223 -0.0385472961 0.0856316462 -0.0452282391 -0.0186874941 -0.0484608784 0.019274354 -0.0340264924 0.0352757499 0.0921384618 -0.0709800199 0.0618595406 -0.0237737969 -0.0941735208 0.0410796776 -0.0632040501 0.0555976257 -0.0164563805 -0.0570466891 -0.0822789595 0.0203287378 -0.0910616145 0.0519333109 0.0361216739 -0.0801791027 0.0493996814 -0.0744801536 0.00959073752 -0.0272589922 0.0631853417 -0.0798960105 -0.0297379792 -0.033517383 -0.00814279914 0.0095737204 -0.0591083579 0.012867108 0.00428320467 -0.0479573235 0.0224280655 0.0694111213 0.0486407205 0.0304621682 -0.0416174717 -0.0684046969 0.0564741567 0.0145764425 0.00733611733 0.0481375083 -0.0435246155 -0.0938184038 -0.0648710281 -0.088490963 0.0588111356 0.0575306937 -0.0432880893 -0.0211570561
-0.0981525108 0.0107775964 -0.0535614118 0.232243448 0.0694269687 0.367127538 0.0800948665 -0.978776753 -1.40929353 -0.0894130394 -0.0383547097 0.164193615 -0.107949637 -0.0407606065 -0.0813689679 -0.290828288 -0.00890275463 0.0997735932 0.113203928 0.0115594603 -0.0191086344 0.158598572 0.120425373 -0.0938063189 0.0143115744 -0.0276826322 -0.0879038498 0.0734459236 -0.0693470836 -0.068678841 0.0816127062 0.363408774 0.040895965 0.294567972 0.120909385 -0.894476831 -1.20953369 -0.137023285 -0.188550174 0.0717210174 -0.098457858 -0.0850373954 -0.122874506 -0.207328632 0.0291297752 -0.0666231364 -0.0512434281 -0.0826350451 -0.257708699 0.057805229 0.129193142 0.0616327748 0.0942727104 0.00652042031 -0.0502421893 -0.00986479968 -0.0680101588 -0.10420613 0.126661137 0.0783999115 -0.00733601581 0.304624379 0.0712958351 -0.847380579 -0.974949598 0.104234636 -0.32683298 0.133156314 -0.0561102442 0.0685035065 -0.0196531452 -0.142131075 -0.060158696 0.0370940715 -0.0156045929 0.00134297181 -0.223929077 0.0298398193 0.0300312359 0.0262811258 0.0882220641 -0.0791768804 0.0362415537 -0.0609426796 -0.0549308695 -0.10740222 -0.00273219193 -0.0640065521 0.151983485 0.20566915 -0.00258239405 -0.933025122 -0.746970415 0.0200253576 -0.23034516 0.0502507351 -0.108515032 0.0833232701 -0.0285621509 -0.0316908397 0.0362957194 0.0323533155 0.0542958826 0.0934342444 -0.164593324 0.0177813079 -0.0815531388 0.0713322833 -0.0734544918 0.0678833947 0.0435968116 0.0363016203
-0.171830669 -0.270813435 0.162055194 0.0127186878 0.00205122889 0.956144035 0.162811115 -0.681431413 1.09849346 -0.0332731158 0.259688318 -0.268297225 0.341176778 0.147734612 -0.0749580637 -0.0959096402 0.146551952 0.431612968 -0.0236933678 -0.0394880846 0.0451974794 0.074048169 0.121022895 0.0863948837 -0.0423146226 0.0487937853 0.00593312085 0.0691708401 -0.291798621 -0.185070649 0.0953989327 0.182941735 0.116141744 0.835603654 0.0362649001 -0.65265727 0.898481786 -0.0180551112 0.158702284 -0.154406726 0.264950156 0.0833949 -0.0307442844 0.054707028 0.0398886055 -0.0769535527 -0.0370985568 0.19493863 0.21717231 0.0452599302 -0.0865901634 0.0804447159 0.0291150436 -0.0141275302 0.0129672587 0.00248330086 -0.279607654 -0.124455594 0.080936186 0.306637406 0.0448618755 0.835923254 0.114898302 -0.665093064 0.675289869 0.0582494847 0.389823139 -0.243497312 0.247060791 -0.051338885 0.0131319351 0.0729699582 -0.00186424865 -0.12644513 -0.241746157 0.177502707 0.224561498 0.00800533127 -0.235921726 -0.00432107598 -0.00872237235 -0.0803626105 0.00490684807 -0.0705294758 -0.178512245 -0.0316551551 0.00612523733 0.266221046 -0.00730908336 0.730542004 0.0053016874 -0.515745401 0.637298703 0.198680863 0.574446023 -0.259391159 0.189004943 0.0342626721 0.0390543826 -0.0495344922 -0.0743878856 -0.121225409 -0.160738125 0.0110040493 0.189203516 0.0464869477 0.018988993 -0.0883531868 0.0336939916 -0.0727293417 0.0335854664 0.0520121083
-0.20258823 -0.174193844 -0.108746625 0.0217795596 0.112097993 0.374224395 0.115326591 -1.21758437 0.448463738 -0.218938231 0.0189044885 0.123377904 0.0378466994 0.00259603793 -0.156842589 -0.0160571318 -0.124531299 0.175543562 -0.0756836683 0.0935931429 -0.0777769908 -0.102345042 0.13320078 -0.0903122574 -0.0937217474 0.0333412513 0.0889944807 -0.0144467428 -0.161862552 -0.0409416594 0.266902834 0.0780128911 0.0271908604 0.438832849 0.163532734 -1.1758213 0.323094964 -0.29213196 -0.108140819 0.0784520134 0.184742585 -0.0621749125 0.0642321706 -0.136146665 -0.102754384 0.256590486 -0.120312333 -0.0726649761 0.0585300401 -0.0666750893 0.0131909261 -0.0688810349 -0.060099002 0.0820822045 0.0703125373 -0.0494075567 -0.125723466 -0.0775606856 0.0930863023 0.00601928076 0.0014737387 0.444038808 0.125978112 -1.07853138 0.323425174 -0.0537331179 -0.0769433156 0.176024765 0.125496641 -0.0134565495 -0.112934217 0.0117117669 0.0186404921 0.139225543 -0.190775871 -0.0615574121 0.0408305265 -0.0269929972 0.0845777169 0.0172814429 0.0564510748 0.0222533345 0.092392154 0.0391050354 -0.100789353 0.0228674114 -0.143137082 0.0433157571 0.0967667475 0.318662316 0.0651406571 -1.11018741 0.337259322 -0.0955492407 -0.0569740795 0.212961301 0.0617841706 -0.0627134442 -0.0551476404 -0.153420582 -0.180493265 0.296537906 -0.0667332187 0.00951929297 0.117457837 0.0438301042 -0.0283970665 0.0613429919 -0.0126954764 0.0364992544 0.0202003494 0.000815935433
0.0687472001 0.09121833 0.0760483667 -0.0239784122 -0.0306758955 0.0777815208 -0.0429296494 0.0101348311 -0.0536278188 -0.0245754048 -0.0352900885 0.0589880869 -0.0413454622 -0.0410375558 0.0400534049 -0.00522358716 0.00911200792 -0.0706610084 -0.0415804572 0.0474794433 0.0434079245 -0.0866288841 -0.0656112358 0.0274563506 -0.0742014199 -0.0499993451 -0.0534477383 -0.0721168965 -0.0461552031 0.0662970021 -0.0869253129 0.0626115575 -0.0818976834 -0.0254855901 -0.0315792412 0.0599432215 -0.0765493363 -0.0470046289 -0.0930529237 -0.0277829394 0.0375972763 0.0894019231 0.0818603709 -0.025132902 -0.0503221899 0.0209659114 0.0626818463 0.0846482292 0.0646640733 -0.00169731677 -0.0780629069 -0.0571799576 0.0575977191 -0.0804385617 -0.0692074299 -0.0601510741 -0.0253797621 0.0440552756 0.0654917285 0.0728289708 0.0438631549 0.0214537084 -0.0248676911 -0.0578959547 -0.0481214523 -0.00285053253 0.0818073079 -0.0336312726 -0.0141635016 -0.00255958736 -0.0425232165 -0.0449322239 0.0268426985 -0.067454949 -0.00571208447 -0.0227992088 0.0209544227 -0.0120752454 -0.0495133512 -0.0285272002 -0.023421295 0.0402205512 0.0215699896 -0.0293206573 0.0740570053 0.00838858634 0.0515867695 -0.0359309986 -0.080123201 -0.0911273584 -0.0315025747 0.0582498685 0.059417747 0.0287959203 0.0267245173 -0.063481614 -0.0278694555 0.0114618465 -0.0824610889 -0.0859596431 -0.0716852099 0.0293000787 -0.0119871199 -0.0166823417 0.0587878004 -0.0632017553 -0.0584410541 -0.0216142014 0.0582176521 0.0151716098 -0.0814907104 0.0668671802
-0.12729682 0.0574949868 0.266025275 0.200474307 0.128157079 0.491686106 -0.0061035715 0.89280647 0.965686917 0.131448612 0.195853606 0.231735274 -0.0626796335 0.0763119683 0.113986835 0.203617156 0.14250654 -0.126513153 -0.0725170523 0.0605239719 -0.40987438 -0.101752222 -0.0412182324 0.0273892432 0.049204044 -0.0249656439 0.0111236274 -0.069649674 -0.076913856 0.0446070768 -0.108501442 -0.019960925 0.156967402 0.513774574 0.161002949 0.814070344 0.772331595 0.114486098 0.00997993536 0.157680869 0.0189173874 -0.0980153829 0.0176342372 0.03548567 0.123915575 -0.240348399 -0.0522601157 -0.0271225832 -0.054161787 -0.0335865282 -0.0447227396 0.0771701857 -0.0253437012 -0.0638424829 -0.0269767791 -0.0779124051 -0.0625591427 0.137066811 -0.417582572 0.198437527 0.191622525 0.393055856 0.0310367886 0.765916288 0.581385255 0.0274572298 0.00939438678 0.148869678 -0.135902494 -0.0313713513 -0.111857541 0.0273664631 0.158538148 -0.18596375 -0.0147238187 -0.0106323054 -0.0204283576 0.052119676 -0.129296273 0.0762511566 0.04734651 0.064293541 0.0280281231 -0.00922971219 -0.100977279 0.0242955834 -0.0569268949 0.0798063725 0.187652901 0.300258428 0.151339158 0.778700709 0.529077828 0.237081617 -0.0859298855 0.209844083 -0.129750237 -0.0231321882 -0.0937688053 0.128831357 0.189806074 -0.225107178 -0.135768294 -0.0857853591 0.0931861922 0.0369849503 -0.0234148018 0.0315188393 0.00990471989 -0.0248163715 0.0483940318 -0.0681869239
-0.106694378 -0.0125829335 0.217221841 0.143732935 0.0416217074 0.262666583 0.181213588 1.34306252 -1.04805517 0.152184173 -0.0615475476 -0.0230842177 0.109691523 0.0912268162 0.142904073 -0.266485363 -0.123462997 0.171986654 -0.00457937736 0.0463861935 -0.327900767 -0.0965017527 0.121370904 0.0503263846 -0.0654221028 0.0942887589 0.0847591534 0.00423007458 -0.0347362496 -0.121186733 -0.0534678809 0.0126461741 0.0415885635 0.273168743 0.119794875 1.25204742 -0.933995306 0.357348174 0.0282264743 -0.0506980233 0.0399115495 0.0687995702 0.0748722404 0.0181670226 -0.0755550191 0.17188105 0.00163278857 0.0420998931 -0.116472065 -0.0431840457 -0.108301379 0.0628357306 -0.0878571197 0.0457892939 0.0546710119 0.0691261217 -0.0467382595 -0.145056486 -0.0251948349 -0.0200119335 -0.0316486768 0.13336058 0.036763981 1.22272372 -0.929247677 0.190843776 -0.170566931 0.108748831 0.188791692 0.0648023486 0.0571843758 -0.0888320059 0.0467660278 0.0217193998 0.119962357 -0.0267741941 -0.0676833689 0.0415928252 -0.062095575 -0.000568516552 -0.0754141957 0.07319244 -0.0514391363 -0.0626131147 0.0285106134 -0.212894201 0.0659834594 -0.0328587107 0.0395694748 0.0922249109 0.0156403445 1.13731873 -0.866983771 0.266777515 0.097309798 -0.0392354913 0.121832028 -0.0955684781 0.0307010077 0.0977611989 -0.0248006713 0.0561400764 0.00920039136 -0.13339597 -0.0147355534 0.0821564347 0.0662822351 -0.0821536407 -0.0276188254 -0.0249168724 0.031094633 -0.0239326879
0.315883219 0.690652907 0.29477483 0.184051976 0.192085519 0.676843345 -0.0368681215 0.501158476 -0.549794257 0.53137368 0.403513581 0.324875236 -0.321594417 -0.051241301 0.112397254 -0.268859953 0.319097817 0.0383827314 -0.051432915 -0.195900187 -0.160678461 0.0274207462 0.00826400425 0.0662878677 -0.0680408478 0.0661526248 0.00654225796 -0.0138265043 0.453400582 0.519206822 -0.745847344 0.479796946 0.216891214 0.258396536 0.0300389435 0.391037673 -0.575873911 0.516259134 0.62019819 0.366099983 -0.262684226 -0.172848731 0.131569535 -0.029496599 0.447636336 0.0247285906 0.0751473531 -0.192280427 -0.0912306681 0.20012781 0.0928760991 -0.0590431616 0.0929766521 -0.0791311413 -0.0686292276 -0.0799504817 0.413155943 0.586067438 -0.298982084 1.30057991 0.161205277 0.361299634 -0.0669311211 0.250834256 -0.566327095 0.212521821 0.180229083 0.340496302 -0.126176909 -0.0420149677 0.267430216 -0.223765954 0.290249974 0.0222835839 0.0189015642 -0.16700241 -0.0937914699 0.145101294 -0.067458719 0.051820077 0.0649390444 0.0617140606 0.0773666725 0.0810809806 0.442554444 0.49213323 0.169057637 0.443811715 0.197690576 0.289419591 0.0403718315 0.286146373 -0.351797879 0.26118803 -0.0510364473 0.366544247 0.0327471755 0.0291514862 0.127223715 -0.27281642 0.387537986 0.112308346 0.165832177 -0.0376569256 -0.0213611256 0.0723120719 0.0639057457 -0.0478493646 -0.0202242956 -0.0928673893 -0.00252954662 -0.0861473829
0.0213390589 0.0929024518 -0.361284167 -0.232671142 0.031946823 -0.705619395 0.091817148 0.264120102 -1.06163263 0.152755365 0.300250947 0.10374438 -0.00615690509 -0.0576994345 -0.190493211 0.0547315404 -0.0466709211 -0.159071252 -0.0823264197 -0.0882258639 0.317888081 -0.0178829227 -0.54128617 -0.0859131813 0.0714243576 0.0439369604 0.0714273378 0.0609596893 -0.0021048598 0.0808075964 -0.0467625745 0.102808021 -0.0339591242 -0.0646170601 0.214613855 0.165474474 -0.788783967 0.108149327 0.0332043394 0.1509891 -0.0685253665 -0.178543434 0.0629378781 -0.0801484659 0.0157366991 -0.0247120038 -0.0094979126 -0.0230857246 -0.14174518 -0.0197158754 0.0993715078 -0.072678633 -0.0105451569 0.0369244888 -0.0581695288 0.0801964775 -0.0382589735 0.03592664 0.0542945713 0.00717817247 0.0380614176 0.0217682794 0.111862503 0.197275102 -0.80488205 0.110121861 -0.0888210908 0.13466014 -0.00948990695 0.00116950821 -0.0656859577 -0.0228673927 -0.00764848199 0.0270905681 0.0192297846 0.0191468392 -0.0740666762 -0.0745587647 0.0325633436 -0.0868521929 -0.0790780038 0.0661042109 0.0591275916 -0.0837158784 -0.063855581 0.0688936561 0.0735909641 0.0598124415 -0.0396090895 0.0652166903 0.176457047 0.21853061 -0.760794878 -0.184317395 0.0174367074 0.0137445293 -0.145861849 -0.0479606539 -0.144417241 -0.0667837262 0.0401791297 0.0434197783 0.139645264 0.0132599184 -0.097818926 -0.0968534499 0.139392719 -0.040346045 -0.0267992914 0.00452230126 -0.026797846 -0.00372416526
0.0144071048 -0.26412043 -0.511092842 -0.0055278074 0.0113924462 -0.292794138 0.167140499 0.397013456 1.80153883 0.0994886309 0.115687653 0.0902789831 0.114799656 0.0682120845 0.106102839 0.0637550503 0.0790178701 0.0182167757 0.165998891 0.149701878 -0.252772003 -0.195308223 0.0958617702 -0.0145569295 -0.0605094135 0.0254780203 0.0458080694 -0.0292096511 0.0916078165 -0.087381199 -0.0827389285 -0.0546751171 0.129839554 -0.154787451 0.216041788 0.534043491 1.39375997 0.11050266 0.114923552 0.212061942 0.0101871472 0.0191319324 -0.0696823224 0.0211121477 0.123236671 -0.011462627 -0.0655582994 0.0797896087 0.212108552 0.0627153292 0.0722800791 -0.0301911235 0.00880495459 -0.0170282125 -0.000227414072 -0.0648865625 0.0922187567 -0.175188258 -0.155668557 -0.202939078 0.0636842772 -0.122506954 0.161929682 0.331245035 1.21137774 0.142727718 -0.0586635582 0.1439192 0.0110389357 -0.106774166 -0.189616844 0.13775377 0.18015413 -0.024558207 0.0344159231 -0.0748835057 0.163754433 0.0491629541 -0.136762992 0.0612935796 0.0190344825 0.027604498 -0.0830528662 0.024959147 0.0416571796 -0.107940525 -0.0667180121 -0.129754499 0.0288216379 -0.082789138 0.120150603 0.427029222 1.10027349 0.116571352 -0.105849773 0.136735305 0.0909950286 -0.0869763568 -0.285979509 0.0046302923 0.099565275 0.0744641274 -0.046538163 -0.10486573 0.307980627 -0.0762106851 0.0084788017 -0.0772784129 -0.0228081197 -0.066694729 -0.00407349318 -0.0433014259
-0.114087038 -0.221816897 -0.0760728866 0.116659038 0.151242167 0.340804458 0.0913976133 0.608324826 1.37849295 0.146727026 0.0492178723 0.118241757 -0.0136488834 0.143307835 0.174994111 -0.0649897307 0.0418502018 0.0624140017 0.162120119 0.19114992 -0.628752768 -0.180762291 0.310100645 -0.0609831288 -0.0441879556 0.0789193884 0.0555818006 0.088782154 -0.0492299907 -0.0679070204 0.00917600654 0.0326154046 0.0735776648 0.432696193 0.219448209 0.754390657 1.13061571 0.135712326 -0.0497149602 0.0991743281 -0.0877441466 0.0575192906 0.0176279545 0.0409950353 0.0412234291 -0.0390143842 -0.0957102999 0.0301112924 0.0965510532 0.0525315702 0.0165773742 0.0396455303 0.0759385303 -0.0908030421 -0.041521173 -0.0691867694 -0.199525356 -0.107319869 -0.156817347 0.0444097891 0.114853993 0.233720228 0.124916568 0.555267513 0.957629561 0.169255167 -0.22997129 0.15248464 0.0490070432 -0.0356651917 0.0263380762 0.176769391 0.242311418 -0.125185326 -0.0780848786 -0.06559778 0.0294678956 0.177695647 -0.245313808 0.0916672125 0.0645351782 0.0847891644 0.0802194551 0.0857267156 -0.216588348 -0.119432814 -0.11289975 0.156724587 0.0423002131 0.379564643 0.172264993 0.716198742 0.726522505 0.169179767 -0.279890329 0.0539673381 -0.0989893451 -0.0140087409 -0.0670982897 0.104708083 0.242222622 -0.0612551756 -0.163891107 -0.277989358 0.255312651 0.236306459 -0.0980998874 -0.0203604698 -0.0722097605 -0.0236626565 0.0203718469 -0.0889683142
-0.161156148 0.074222967 0.22530216 0.0451345779 0.102960013 -0.123464428 0.0667149425 1.21766889 -0.204026818 0.197207749 -0.0132027501 0.155153021 0.0247848686 0.0328027755 -0.0909790471 -0.0448519737 0.0606475063 0.0628251508 -0.0565325804 0.00123051892 -0.139878184 -0.0945853889 -0.117392063 0.0583121404 0.0453242287 -0.0446197577 0.0676763132 0.0458753929 -0.0412516296 0.0355853401 -0.124915108 0.10166233 -0.00465191528 0.0883573368 0.123106852 1.00393653 -0.162448168 0.276685447 0.0652470142 0.18682605 0.0340529941 -0.0293387081 -0.17791754 0.0267681628 -0.0735902861 0.130608559 0.0938941538 0.0313371532 -0.089559041 -0.00493483432 0.182263345 -0.0667695031 0.00106821209 -0.0579687245 0.0677000657 0.0629238263 -0.124538876 0.00402342808 -0.183505997 -0.0345113985 0.162767455 0.052802287 0.10400711 1.07965577 -0.136689797 0.119069524 0.035527654 0.0961577892 -0.0259290021 0.0572289973 -0.183338612 -0.0793137178 -0.0845690966 0.158503518 0.19774276 -0.0415372029 -0.187456131 0.0247690659 0.139215782 -0.0284285769 -0.0157069638 0.0554445013 0.0610529557 0.0345292166 -0.0462551452 0.0858647302 0.0726234615 -0.113973051 0.120934039 0.12172319 0.156609729 1.02319455 -0.176784173 0.087113902 0.0758204088 0.2109925 0.0576545894 0.049691923 -0.0781668201 -0.142911077 0.0980324373 0.210306332 0.187216938 -0.0803171992 -0.216896743 -0.0133285578 0.188957095 -0.08474534 -0.00165297836 2.28211284e-05 -0.0201831684 0.0554327592
0.0424262546 0.0485401377 0.5395329 0.486400187 0.0890465826 0.521291018 0.0630816743 -0.566830993 -1.56738818 -0.151594773 0.273475438 0.02570883 0.0876692906 0.00531469099 -0.268810511 0.094229497 0.191904306 -0.303720236 -0.12819986 -0.208877578 0.284664929 0.252957463 -0.18117927 -0.0634114221 -0.0204796791 0.0366482213 0.0237913281 0.0202174932 -0.101152435 -0.0309089217 -0.0995345414 0.0375713781 0.108144633 0.0736329406 0.00532880006 -0.615533531 -1.29425406 -0.013473657 0.267290205 0.0638073906 0.0729959756 0.0725206509 -0.0535304584 -0.0643385276 0.0411748141 -0.0928566679 -0.00370221585 0.00435057422 -0.147204414 -0.0180739164 0.0886131302 0.0552725717 -0.0531823188 0.00382006913 0.0875016227 -0.0320213586 -0.135536551 0.0320683345 0.085212186 -0.0313273035 0.126115009 0.163844094 -0.0499459021 -0.495834142 -1.01878953 -0.12545979 0.134247616 0.107116014 -0.0540556163 0.173633426 0.137243524 -0.0319983587 0.0150491642 -0.0354349092 0.0942092016 0.088139981 -0.180757627 0.0341784433 -0.0383816436 0.0682337955 -0.0140649453 0.000817939639 -0.0397789143 -0.0650446936 -0.0993007421 -0.00735518057 -0.0708484873 -0.182996467 0.107767351 -0.00719679706 -0.0795828849 -0.533219278 -0.947752893 -0.0989767537 0.137579232 0.119911008 0.0496327505 0.150196254 0.0188680422 0.0706642792 -0.13565062 0.00336678536 0.0960794687 0.147248983 -0.25569573 0.056143254 -0.158440948 -0.0816133022 -0.0283373147 0.0393595472 -0.0790961757 0.0135461614
0.0129285837 -0.102460094 0.186904222 0.0400976576 0.0852270946 0.577891827 0.138694435 0.807357252 1.73439646 0.201309472 0.0392712429 0.0924120471 0.066578567 -0.0930493325 0.219645694 -0.360074252 -0.164666712 0.368013114 -0.134692311 0.0693831816 -0.138989523 0.0616896972 -0.347088009 -0.0649909973 0.082381703 0.0642625466 -0.0206559002 0.0477461293 -0.0579977185 -0.10550715 -0.0405998118 -0.112956658 0.0953569636 0.471618623 0.0383998305 0.777682245 1.49502516 0.113394141 0.0454411395 0.0899773911 0.120981373 -0.0937754288 0.0236402024 -0.343490273 -0.295464456 0.235795781 -0.14601329 0.00563104264 0.223735884 0.0373883657 -0.202072158 0.0774828866 0.0336113796 0.000726990402 0.00872385502 -0.0440226644 -0.0380990021 0.0250685439 -0.103866123 0.331530333 0.168684259 0.29086411 0.0556323975 0.732531607 1.16664636 0.137568638 -0.0555026904 0.0888355374 0.0887262598 -0.249827728 -0.0185694806 -0.363189816 -0.209040567 0.0347621366 0.00778754149 -0.128760189 0.26114887 0.101668127 -0.249982595 -0.0671411306 0.0829683766 0.074399583 -0.0626632273 -0.0134315863 -0.111527517 -0.100117952 0.0593822077 0.306535065 0.0932243466 0.474273086 -0.0236693751 0.645566761 1.10581851 0.0953694731 0.00528323092 0.0696191788 0.157847017 -0.143849239 0.0096956566 -0.450755537 -0.304294139 0.272606552 0.0265655015 -0.122937612 0.174717963 -0.00497313309 0.0998072252 -0.0120061338 -0.0179551169 0.0613416806 0.0146683753 0.0626075491
-0.0339535959 -0.0215621535 0.190470144 0.053889595 0.0704460517 0.163467348 0.159753978 -1.43104506 -0.288414806 0.0104099568 -0.410041422 0.0552623086 0.124988891 0.182246596 -0.108406566 -0.00592903653 0.195602968 0.0689519122 0.296763003 0.321560681 -0.483283281 -0.147575155 0.542081237 -0.0351777487 0.0218983293 -0.0374675505 -0.070846498 -0.0155896768 -0.0537079275 0.0839426816 0.110072054 -0.264385134 0.0302807074 0.146848977 0.136852145 -1.38438666 -0.369294077 -0.139762133 -0.544831991 0.0794373527 -0.0129010184 0.0935394093 -0.107369751 0.0805636793 0.247214183 -0.0666218847 -0.104855239 -0.242301375 -0.0470033623 0.164122432 0.0689940527 -0.0821637511 0.00388089567 -0.0618654676 0.0323602036 0.0863667205 0.0800993517 0.132444218 0.194628373 -0.101466276 -0.0276392549 0.197979376 0.011145751 -1.23622024 -0.229865476 -0.0287407748 -0.355808854 0.110913999 -0.0210758094 0.0490745865 -0.222374663 0.195879743 0.239181012 -0.195272103 -0.00350790517 -0.239872843 -0.0809838697 0.10664162 0.12210504 0.0587242171 -0.00170902163 -0.00920666009 -0.00436459482 -0.0931206197 -0.0554741994 0.116869211 0.108932152 -0.192629427 0.0293315891 0.203849122 0.000915587763 -1.25944507 -0.288340598 -0.00393624743 -0.390412867 0.116952673 0.115824305 0.0545114726 -0.246181577 0.248519719 0.237307176 -0.139987916 -0.079339914 -0.267978728 -0.0868556947 0.020425614 0.0873029754 -0.0848633647 -0.0160752311 -0.0791441947 -0.0370260961 0.00102719665
-0.0370157249 0.0208162703 -0.0988107547 0.0673685372 0.134591624 0.246127129 0.0549302958 0.33182776 -1.86478877 -0.0675749704 -0.171258032 -0.037543308 0.0786880925 -0.0310901366 -0.191055611 0.0442579277 0.0198275205 -0.142854035 -0.113626428 -0.215853736 0.352346987 0.296494752 -0.280993402 0.000449001789 0.0327943191 0.0091971755 0.0596544072 -0.0278884694 0.029216079 0.0433354527 -0.162430346 -0.0164670777 0.0151516963 0.261444002 0.0461093448 0.391976744 -1.65320241 0.0377714261 -0.0599255115 0.067324914 0.0409657136 -0.0263578389 0.0440132096 0.0156937167 -0.0852165222 0.00374743366 -0.0366926417 -0.0188253485 -0.0779733807 0.0954223052 -0.0901314169 -0.0155627131 -0.00415596366 0.0571449623 -0.0828846097 0.0738106593 -0.0208107028 0.0233751237 -0.00851981994 -0.0531697273 0.0853314921 0.137340054 0.004798932 0.280718803 -1.38163447 0.0539727695 0.00816259626 0.00778326299 0.0720325708 0.0496565662 0.0690151155 -0.0635663792 -0.166361094 0.118370816 0.130399033 -0.0683496073 -0.188526064 0.0200762227 -0.0139595242 -0.0418950208 -0.0703782663 0.0257117599 0.0904233828 0.0335371718 -0.000334444194 -0.0171931479 -0.0217186641 0.026534237 0.127403051 0.199091807 0.0621325225 0.33986336 -1.19011295 -0.147235498 0.126710564 -0.0213534888 -0.0269489344 0.0475952849 0.102959014 -0.0354377516 -0.159549028 0.0873708352 0.124053419 0.0239214338 -0.442016214 -0.0906505883 0.0694799796 0.0444993451 -0.0662284568 -0.023302123 0.0724209026 0.0289623439
0.0363029651 -0.168403521 -0.0711533204 0.161295131 0.0757232383 0.143597305 0.139532804 0.668930292 1.43968618 0.126158088 -0.0406217687 0.194270372 -0.0269493069 0.164510176 0.359117359 -0.0554055683 -0.0353742316 0.187609121 0.166894123 0.185530216 -0.627049327 -0.204244763 0.45136416 0.0511676893 -0.0478422679 0.00545994937 -0.00601521879 -0.0550776497 -0.0227624346 -0.0518203862 0.0779417679 -0.0106855771 0.181815669 0.319063008 0.19786334 0.593894839 1.20029986 0.191080168 -0.191011071 0.154752403 -0.0165499654 -0.0163002815 0.199922517 0.00870365463 -0.0378003828 -0.0570269227 0.090421997 0.0150729883 -0.0613655113 0.000940833124 0.0290479511 0.0399235412 -0.0175892115 0.0436368808 -0.0750926882 0.0117204636 0.0377599746 -0.0744735301 -0.0947272256 0.138591126 -0.00438090414 0.218318805 0.236213326 0.546469629 1.04683161 0.00390847353 -0.323583573 0.202082828 0.0545764305 -0.0757636353 0.0312107913 -0.0245356001 0.0393727422 -0.0426721275 -0.097515963 -0.0581064299 0.0561716892 -0.0036494981 -0.191612676 0.0389590189 0.0575978532 -0.0168706104 0.0765775219 -0.0706689805 -0.0524529442 -0.134896368 0.0719712973 0.163002849 0.0756378621 0.291403443 0.0762742311 0.623682499 0.908143163 0.0828929096 -0.275310367 0.155434206 -0.0755384862 0.121320814 0.056461364 0.0774755403 0.147487164 -0.18977502 -0.0731250793 -0.201342955 0.0890579 0.0516446233 0.0251444932 0.0863683298 0.0118524283 -0.065053165 -0.0704022199 -0.0473729447
-0.237202436 -0.194022313 -0.52328676 -0.0777539015 0.131266296 0.188197359 0.124259636 -0.529951692 1.31363368 -0.39310047 0.24391681 0.183815703 0.0268180706 -0.0623147376 -0.188433647 0.037600752 -0.00404992048 -0.0388771333 -0.0813660324 -0.113894388 0.564780176 0.154747829 -0.321313977 -0.0316849947 -0.02577205 0.0714432672 -0.0186583921 0.0457820669 -0.2154378 -0.151778281 0.202600062 0.00434600515 0.125032559 0.373630255 0.113141678 -0.419077188 1.17863631 -0.393687814 0.245776474 0.249069348 0.0704882592 -0.0210756622 -0.0590351634 -0.110728621 -0.13896209 0.0216260608 -0.065496318 -0.0774832964 0.233879864 -0.01249428 -0.0381544903 0.0450049862 -0.0717378333 0.0907226279 -0.0649802834 0.0859955028 -0.166054979 -0.0247073211 -0.017688429 -0.102600895 0.118820325 0.369964629 0.190030098 -0.258289248 0.909489512 -0.192289904 0.259244412 0.140599534 -0.0623101965 0.0662322715 -0.0771717802 -0.0528167784 -0.0994445309 0.065370813 -0.00970133767 0.163797259 0.196976349 -0.210526824 0.00245568808 -0.0155056939 -0.0567546189 0.0751981661 0.069758527 0.0614340529 -0.0723564252 0.0137330061 0.0245526396 0.0400747135 0.197774425 0.326347917 0.187962115 -0.377243131 0.858389258 -0.298962921 0.127469033 0.127336398 -0.046264004 0.0492284037 0.017087834 -0.0771835297 -0.330117077 -0.0245541539 0.0345418416 0.0580259487 0.0636544302 -0.200494155 0.127843529 -0.0601156615 -0.0777264684 0.067773588 -0.0607614815 -0.0105897486
-0.177328646 0.230299115 0.711239517 0.0885228142 -0.0188274551 0.262896746 -0.0686712265 -0.387564629 -1.30520153 0.0936963856 0.335323095 0.212699264 -0.0314000286 -0.269614607 -0.0670836791 -0.14959538 0.257316351 0.0898307413 0.103163965 -0.211997434 0.141461134 0.393346697 0.110215396 -0.0645786077 -0.0183216557 0.0585203543 -0.0172293335 0.0797570422 -0.0840170532 0.0999523327 0.00177136948 -0.243846789 0.117795192 0.119873486 0.0472434945 -0.351836592 -1.1251651 -0.0704886615 0.43542257 0.131405339 -0.0282652397 -0.459438026 -0.32378915 0.331387281 0.253697127 -0.192348719 -0.115815304 -0.153475776 0.0790917575 0.0277431328 0.043743588 0.0750489011 -0.0296223015 0.00134725869 -0.0717484355 -0.0287568644 -0.0961947516 0.0667171627 0.181119367 -0.0521071255 0.135179162 0.191161141 -0.00502188085 -0.426039189 -0.978802621 0.107790962 0.205685079 0.0477291606 0.0670911148 -0.519597232 0.211904764 0.255430341 0.168883473 -0.267339885 -0.211693034 0.104868472 0.192096725 -0.148675263 -0.142270952 -0.0120374411 -0.0877088308 -0.0715456083 0.0879625604 0.0695391968 -0.168119863 0.117021881 -0.159083843 -0.187161624 0.0904354006 0.0148311248 -0.0621738322 -0.345001996 -0.89326328 0.193187565 0.0687666982 0.102855556 0.121328562 -0.443029314 0.162710011 0.481900543 0.286910862 -0.243637621 0.421586514 -0.221026555 -0.45149073 0.282039672 0.506097615 -0.0242031142 -0.091810219 -0.0396970101 0.011991322 -0.0374291986
-0.225314662 -0.129999444 0.152208045 0.305761188 -0.00458161347 0.605064571 0.170964375 0.425130159 1.80497038 -0.0303565003 0.247977331 0.128791988 -0.205908805 -0.104899518 -0.0765340775 0.0957374945 -0.0732930973 -0.0922875777 0.0180464741 0.103685461 -0.247551724 -0.0242921133 -0.0196383968 -0.0662082434 0.0425552949 0.0477159843 -0.0868924558 -0.0819464698 -0.190294802 -0.0933706015 -0.162254497 -0.0167675 0.147611037 0.501414478 0.0245158449 0.406543374 1.33972466 0.129040837 0.0441971384 0.198005289 -0.0615366548 0.010376649 -0.0439135805 0.0665808469 -0.0180827901 -0.0182980895 0.0116624068 -0.083577536 0.0673781037 0.115199126 0.139566123 0.0411505178 -0.0812243223 -0.0646281317 0.077451475 0.0056764558 -0.243339136 0.0446286798 -0.248309016 -0.00484626833 0.203979746 0.276099026 0.134454235 0.346438587 1.18967175 0.00267187855 0.0592264496 0.263601333 -0.0659701973 0.0348182581 -0.150899172 -0.0286646876 0.0175755564 0.173219606 0.0523282066 0.0474812575 0.0846399143 0.100332521 0.0308308005 0.0459434614 -0.053279236 0.034774743 -0.0466902442 -0.0828545168 -0.0870862827 -0.0453446768 -0.0461072885 -0.135922492 0.0808059201 0.336551547 0.0467766635 0.401176482 0.94942832 0.251876682 0.0857725218 0.257056594 -0.199095532 -0.0184061546 -0.0970742032 -0.142538056 -0.0726367608 0.0858292282 -0.0785021782 0.0281502604 0.174704373 -0.0825159177 0.0592348278 0.083679162 0.0777010247 0.0215495899 -0.0395491458 0.0401137844
-0.0800228044 0.101686127 -0.292697489 0.333742201 0.0624756292 0.0379748456 0.0893065184 0.0382849723 -0.831515253 -0.132003173 0.168020085 0.142069086 0.00421541184 -0.0716816485 -0.198735178 0.107328795 0.138826996 -0.328875691 -0.0429501086 -0.100359216 0.340153635 0.194164768 -0.175372541 0.0756913349 -0.0862434134 0.0835171714 -0.035088066 0.0288157389 -0.187881529 -0.0179013275 0.204652011 0.357780874 -0.0473685153 0.43227613 0.119895846 0.00458502257 -0.721837103 0.0435775295 -0.211867899 0.0561959296 -0.142736554 -0.15259631 -0.0478779413 0.11807362 0.0974649861 -0.0542083755 -0.0771277323 -0.0604485683 -0.110415392 0.0803040862 0.0701284856 0.0725320354 0.00779014081 0.0606902316 -0.0845225975 0.0741877183 -0.139719427 -0.026600102 -0.145700023 0.497888505 -0.00224943389 0.386684388 0.104358464 0.018731093 -0.659662604 0.0477814525 0.0218781345 0.126836777 -0.077039741 -0.0241007973 -0.0531313494 0.340689749 -0.0578580126 -0.0158654638 0.000993611175 0.0872514769 -0.0844357461 -0.0861897469 0.0611715466 -0.0371469148 -0.019128941 0.0583779588 -0.00608816743 0.00563866645 -0.0265664775 0.0273313913 -0.0304565392 0.189115301 0.011372244 0.190921009 -6.19757629e-05 -0.0302381888 -0.58201611 -0.0813273564 0.0544375367 0.136275277 -0.209125012 -0.109523557 0.160121232 0.318425238 -0.03827025 0.0853202865 0.114764981 0.153477579 -0.0560367443 -0.127645299 -0.132006139 0.0897347108 0.0672925785 -0.0518944487 -0.0824993178 0.0620924309
-0.16603449 0.192616791 0.223932385 0.557397902 0.0992660969 0.441075355 0.0482721701 1.2108798 -0.586960673 -0.0163940024 -0.160125613 0.0378837995 0.0669063628 0.0562313795 -0.0906759128 -0.0679518357 0.068743445 0.0430237539 0.0360863246 0.023166338 -0.491576344 0.00801000744 0.322122961 0.077385284 -0.0205677971 0.0330459699 -0.0148461983 0.0288408399 -0.116610996 0.0186719187 -0.141077161 0.211266935 0.0642990544 0.34556058 0.0429572612 1.11793995 -0.496509999 0.206795648 -0.248584718 0.180615827 0.00400924403 -0.0484155081 -0.0496363379 -0.0242259782 0.120491691 -0.00119560002 -0.0930634588 -0.0518016405 -0.122519717 0.0803475529 -0.0021724985 -0.0604260452 0.0624802485 0.00769618899 0.0375763401 0.0263720676 -0.215872303 0.0748853832 -0.357432663 0.0233714022 0.149568543 0.261357963 0.117935032 1.04916847 -0.518571794 0.0517402478 -0.256827176 0.175458848 0.118195638 0.0350793712 -0.202794477 -0.0508388057 0.00466503063 0.00720162643 -0.0645341948 -0.0209622812 -0.0493969955 0.0196117293 -0.178246364 -0.000233955681 0.037086539 -0.0907302499 -0.0797627866 0.0506615713 -0.129620507 0.0414747223 -0.13721928 0.223287106 0.137501627 0.305346191 0.163119271 0.911866426 -0.555784702 0.127139404 -0.178929776 0.142860666 0.0460020974 -0.102227107 -0.114128038 0.102487177 0.0560882092 -0.0305997841 -0.00300128851 -0.0348274484 -0.0132562267 0.0717762709 -0.0708936229 -0.0105413795 0.0412884876 0.0830314085 -0.0348136574 0.07490208
-0.17752181 0.120304666 -0.141232178 0.180113584 0.119987778 0.357210934 0.0333265103 1.37961578 -0.908279479 0.238205731 -0.0167923775 0.100482419 0.0898710489 0.193016306 0.09523689 -0.130754754 -0.0297447238 0.0478756912 -0.0353753828 0.124235034 -0.504800022 -0.108432643 0.233741611 0.0869026557 0.0510676727 -0.0582513772 0.090209268 -0.0271577984 -0.11483676 0.117503867 -0.260521859 0.00201753434 0.0599047057 0.355495661 0.130853042 1.18741572 -0.820104659 0.248766944 -0.14836441 0.031549897 0.114822946 -0.0309754964 0.0322049744 -0.0711863488 0.0412517712 0.104679003 -0.0870656818 -0.025640469 -0.156838372 0.13709037 -0.0826447308 -0.0355114415 0.0612815991 0.049953334 0.0881375596 -0.0152386054 -0.0837216154 -0.0391834825 -0.168555453 0.224578813 0.0918522775 0.194772184 0.0088083474 1.16481268 -0.75173384 0.240461633 -0.281404823 0.0121423695 0.104875743 0.0533305518 -0.0071235057 -0.083118476 0.180013895 -0.00106963387 0.0946016237 -0.152178511 -0.164057642 0.0879898816 -0.050167501 0.0404346213 0.00976756215 0.0117982775 -0.00194200873 -0.0727229416 -0.11115554 0.0226001088 -0.143926829 0.169015259 0.0168152098 0.205824465 0.010187705 1.23702097 -0.610898435 0.282684177 -0.220037088 0.0107813338 0.0674535632 0.00431706151 -0.0612203069 0.11739935 0.23199816 0.0186740365 0.0685544387 -0.122363128 -1.94853928e-05 0.100060031 0.0405856743 -0.00588303059 -0.0280933455 -0.0874292701 -0.0709421188 0.0892444924
0.34077999 0.376456618 1.40684152 -0.0817021728 0.0142322928 -0.0166575331 0.000260337314 -0.0183172319 -0.28876543 0.158273891 0.927509606 0.248907059 -0.0970369279 0.141803548 -0.0463702381 -0.320112407 0.168103188 0.22013554 0.136624902 0.0751879364 -0.4940238 -0.205274016 0.551895082 0.00627867877 0.0279952884 0.0283917561 0.0532513633 0.0179255828 0.262176961 0.243193313 0.781610548 0.119525075 0.168358937 -0.178195223 0.0142962178 0.0500590578 -0.386050999 0.24491626 1.18417597 0.182241842 -0.0622725338 0.0444596261 -0.134500623 0.0810332149 0.0931394622 -0.0336359367 0.0288654752 -0.0881404802 -0.0613053069 0.105924495 0.255926043 -0.0351971015 0.0801372454 -0.0674039945 -0.088500537 0.0124674141 0.293844014 0.30397296 0.928384364 0.712811172 0.16884771 -0.0695709288 0.0895880163 0.00468144566 -0.260122657 0.313540876 0.709839642 0.274557054 0.00467834482 -0.133906469 -0.110159278 0.0538708158 0.171339765 -0.0342632532 0.0239648707 -0.172017977 0.111415021 -0.00147592963 -0.19115977 -0.0177594125 -0.0141988173 -0.0689879134 -0.0748085156 -0.0218492076 0.104598373 0.239716455 0.553078771 0.378373921 0.03529571 -0.350376338 -0.00616058288 0.0521987267 -0.349947274 0.358252496 -0.152554005 0.324442387 0.26529032 0.0973316729 -0.182596639 -0.00388667989 0.113310404 -0.0426218435 0.117774062 -0.118007496 0.0275748149 -0.062010061 0.0540197603 -0.0884385556 -0.0321179479 -0.0657428801 -0.0680105016 -0.0285296738
0.132769302 -0.0827856511 0.235265344 0.282505661 0.123979613 0.104110606 0.143824011 -0.997475922 1.13163388 0.0963356197 0.207158893 -0.0392388962 0.118495755 -0.0443353318 0.124121584 0.598001301 0.0207097344 -0.00579516869 -0.265474528 0.145430028 0.476327717 -0.227506533 -0.539418995 0.05911351 0.0125650764 -0.0200113431 0.0816813782 -0.00165108591 0.0533304065 -0.0238907337 0.12527436 0.0250145439 0.187613145 -0.00617084326 0.167126775 -0.914742112 0.962186217 0.149263933 0.518090129 -0.00879683532 0.0723286122 -0.180902585 0.116112798 0.510689974 0.010107046 -0.140557736 0.0435698703 0.185246274 0.397267014 -0.0907515883 -0.150162727 0.0198843405 -0.0575676709 -0.0789124519 -0.0204804987 -0.0760719329 0.0662062094 0.0152875744 0.20956403 -0.314407676 0.149859995 0.127477914 0.135429353 -1.03463078 0.84011209 0.222907946 0.0834287778 -0.0267536789 0.214305654 -0.0743937567 0.00746511063 0.415855438 0.00247559277 -0.0363294706 -0.0318030566 0.0706527829 0.272114694 -0.160353869 0.0423682295 0.0165397897 0.093923904 -0.0347313024 -0.0838744119 0.05360616 0.101338491 -0.0909999013 0.0445609167 0.0578806475 0.120863907 -0.116438724 0.101984024 -0.925209522 0.829056025 0.18844004 -0.0220818277 0.0608440861 0.218124002 -0.283274472 0.0286525339 0.227541551 0.0153563134 -0.162109658 -0.0123839378 0.0242324639 0.156309307 -0.0372442566 -0.0125026628 -0.0108444095 -0.0215735584 -0.0527761877 0.0425557569 -0.0904688239
-0.0574057959 0.0147654722 -0.176099345 -0.138765588 -0.0194317047 0.512197554 0.0789972916 1.11335301 -0.936307073 0.183625877 -0.0605517216 0.124294713 -0.00133912265 0.0866825134 0.186760962 -0.237199858 -0.0399720855 0.15161024 0.151287228 0.0656430647 -0.508653164 -0.125377864 0.232473597 0.080401592 -0.0908274278 -0.0702753365 -0.0765153617 -0.0815101638 -0.126183137 0.111416556 -0.274065197 0.164622009 0.0404794924 0.476532847 0.137792602 0.951979518 -0.85089463 0.116579026 -0.203338519 0.0434454121 0.113715395 -0.0890644565 0.15571703 0.0182628091 0.115723722 0.0275830291 0.0324868225 0.0502587445 -0.237250164 -0.048584763 -0.0619060621 0.0774082765 -0.0664335042 0.0861746147 -0.0789005607 -0.0425166823 -0.136215761 0.0985206664 -0.095396474 0.159224719 0.0682828724 0.330766797 0.0347209498 1.03557849 -0.637387812 0.0863269195 -0.202641964 0.101773329 0.0834831148 -0.111797817 0.079970412 0.0863678604 0.0550812036 0.0970255062 -0.0537838042 -0.122744486 -0.156558111 0.05320777 -0.0671830922 -0.0853313059 -0.071901992 0.00399702042 0.0275647566 -0.0865130648 -0.195514277 -0.0649174675 0.0414935127 0.239635676 0.0718492419 0.393901885 0.182193413 0.986629128 -0.737924635 -0.0185977332 -0.152237937 -0.0387044288 0.148257822 -0.149857044 0.13715525 0.0253277738 0.0584758557 0.0879049599 -0.0551520027 -0.0633531138 -0.11249797 -0.0437778272 -0.136617407 0.0872165188 0.0279387534 -0.0185541883 0.0531648621 -0.00926912576
-0.0226949994 -0.0838395283 -0.205360234 0.0623413399 0.114043884 0.225618348 0.0658545345 1.6188432 -0.517561793 0.184953526 -0.0737115592 -0.0351003632 0.0182819795 -0.0276033189 -0.0543114357 0.00542008551 0.0114166103 -0.12489941 0.0031731429 0.0359114856 -0.00894943438 0.0912727267 -0.116714425 -0.0738145858 0.0718448833 -0.0938253254 0.0169661418 0.093170397 -0.022656396 -0.0238371827 -0.16184549 -0.0420823023 0.10351222 0.238903075 0.0266669467 1.47594106 -0.5680058 0.172703728 0.0644185692 -0.0754893869 0.0798743963 -0.0552095622 0.041654218 0.0351696387 0.0237652455 0.0247768145 0.07124722 0.0271851234 -0.188813969 0.0902051553 0.0378694385 0.0419222191 -0.0758824572 -0.0245721191 -0.00870660692 0.0850720182 -0.115197107 -0.136297241 0.0119844452 0.231842905 0.0482849814 0.0355561301 0.0696241707 1.47209787 -0.435847163 0.149178013 -0.0175419655 0.0347105786 0.0937460512 -0.0430735871 0.0290983021 -0.00296724518 -0.111753546 0.00796879176 0.0128985131 -0.0621269904 -0.151683956 0.0673156977 -0.054027494 0.0721366182 -0.0756753385 0.0903473571 -0.0263284668 -0.0639863312 0.0435169637 -0.0976093039 0.115429699 0.0570645295 0.0632677302 0.231595829 0.124180809 1.47533584 -0.558059096 0.134262741 0.126850948 0.00982120726 0.0832362846 0.0986987352 0.0333493315 -0.0965167731 -0.0297927391 0.0907486603 -0.0206728503 0.0236081071 -0.210163757 -0.102172323 0.059004575 0.0214241594 0.0483571962 0.0210603401 0.0201461762 0.069701843
0.640911579 -0.506782174 -0.663857758 0.681974113 0.0790985227 0.221663013 0.0268541332 -0.0614377856 0.0328077823 -0.732924223 0.0934071392 -0.0612804927 -0.172995046 0.238627002 -0.188609749 -0.29366523 0.287463337 0.352752298 0.2860654 -0.275181323 -0.416732013 0.289069414 0.378118724 -0.0370775051 -0.0208901614 -0.0271091089 -0.00263931602 -0.0678010136 0.636366606 -0.446669936 -0.373872668 -0.197569206 -0.0284246914 -0.0129708685 0.147498429 -0.0218417384 0.0466630571 -0.807218134 -0.0627328977 -0.0499567799 -0.231775701 0.0455536731 0.00430609751 0.165420294 0.0989672765 -0.206012636 0.0679301023 0.0762863308 -0.126626432 0.0403290689 -0.0215298068 0.00660803914 -0.0407196991 0.0436506197 0.0449783579 0.0574259982 0.682632565 -0.293363571 -0.290400624 -0.924446583 0.0160342231 -0.107716069 -0.00786894653 0.0681038573 -0.154387176 -0.734418094 0.727095068 0.0772389621 -0.213985816 -0.0956931412 -0.0113849342 0.101920098 -0.0263951272 -0.216794118 0.0740658268 0.0720173419 -0.303521037 0.0710552111 0.208978027 -0.0650781021 -0.0681329891 -0.00747969002 -0.0500263236 -0.0634303913 0.670033216 -0.30445528 -0.396285921 -0.204277515 -0.108948894 0.0523138642 -0.0267827157 0.141437948 -0.223089278 -0.705518484 1.35873973 -0.0533285439 -0.277002841 -0.136378124 0.0624572039 0.0569000505 0.0548914298 -0.360883057 0.0994286537 0.0955119058 -0.256340176 0.0435795709 0.372339875 0.0101075098 0.0451922789 0.0603694692 0.0208533928 0.0448211804
-0.0653254688 0.122649461 0.278350383 0.146450326 0.0823872015 0.391444236 -0.0147638479 -0.641318917 -1.42110133 0.0364876278 -0.151417553 0.0741822347 0.0107197519 0.14517875 -0.246890351 -0.0478761606 -0.0345679559 -0.0456736833 0.0588080212 -0.0187634453 0.145710826 0.105924442 0.167369857 0.0869855061 -0.0853547901 0.00761707872 0.0119092092 0.0231658369 -0.0528941005 0.0124996034 0.149012774 0.127862707 0.062382903 0.233903989 0.00321613089 -0.692734778 -1.28500128 -0.0604099631 -0.341261566 0.175196201 -0.0348848253 0.0600253344 -0.177422777 0.137409464 0.067977868 -0.209877804 -0.101827152 -0.00166015874 -0.0672841221 0.0343891867 -0.0492273085 0.0242950842 -0.0742176846 0.00931549817 0.0426185355 0.00424798578 -0.193597838 -0.130345464 -0.048094213 0.0327606015 0.0908961892 0.280927002 0.136605144 -0.695400834 -0.918435693 0.121579558 -0.224029794 0.007643505 -0.00980085973 0.0214343127 -0.0132437488 0.272883296 0.115708239 -0.118056394 -0.0586396195 -0.0711400211 -0.0982194915 0.0102217961 -0.0643207729 -0.0796923786 0.0805140957 -0.086729385 -0.0258290693 0.025890626 -0.156902686 -0.109920867 -0.130617425 -0.135793954 0.165461093 0.071997568 0.0658359826 -0.560647368 -0.760235071 0.152730182 -0.190714315 0.136013016 0.03728728 0.139930725 0.00713484408 0.240309924 -0.0701289847 -0.107426785 -0.0390620753 -0.072467573 -0.0449174419 0.0535236821 -0.0464153625 -0.0758380219 -0.04048758 0.043323718 -0.0520318374 -0.00249265879
-0.0426849835 0.0579381995 -0.15319103 0.0467892997 0.0381559804 0.173181698 0.120917611 -0.659453511 -1.31314051 0.0800718293 -0.0559207499 0.0335833319 -0.0177964158 -0.132914409 -0.168647185 -0.228822544 0.0417481139 0.0611721389 0.0063154907 -0.139197081 0.266578823 0.0947226956 -0.0899769887 0.0759351477 0.063407816 -0.0094178021 -0.0472682007 -0.0313689336 -0.104558639 -0.0270110853 0.246542126 0.283607006 -0.0207234789 0.315008044 0.0892003402 -0.61236918 -1.05977774 0.0833355412 -0.0987066776 -0.00290168519 0.0932173133 0.0617662519 0.0780305788 -0.11457736 0.0149620427 0.0542396307 -0.0705430433 0.000342978601 -0.258535951 0.0701564252 -0.0530804619 0.0772945657 -0.0186432377 0.0715815648 -0.0528383665 0.0276691094 0.0321966335 -0.104084685 0.0827258229 0.190949902 -0.00059044204 0.326335013 0.203354284 -0.620330334 -0.822979987 -0.0314715542 0.0200450215 0.0530330501 0.0310358871 0.0259390641 0.0766068771 -0.00435132533 -0.0993912816 -0.00565868244 0.0346359722 -0.0604929589 -0.246909544 -0.0668057129 0.102175072 0.00846721977 0.0429223701 -0.0243397355 -0.0909265131 -0.0772187784 -0.0449594148 -0.097841084 -0.0521117263 0.220664322 0.0876269564 0.18739076 0.167001858 -0.54267025 -0.745802939 -0.0388782136 0.0557011254 0.126550347 -0.0829255134 0.166194871 0.183444679 -0.064566806 -0.119566746 0.122649021 0.0839856938 0.0458409004 -0.299867362 0.0976563916 -0.00185406941 -0.0447630025 0.070145674 0.0680857971 -0.0389454067 -0.0854974836
0.00283759646 -0.183765128 0.741005659 0.184506699 0.0189094394 0.316811979 0.0540681556 0.545539141 1.74122441 0.179806769 0.6799348 0.154020667 0.119551271 0.0400378257 0.0357375853 0.00433436548 0.0334934518 0.128545761 0.135413125 0.179282561 -0.324885637 -0.235462531 0.253008157 -0.0219113529 -0.0166532472 -0.0590901449 0.0643124953 0.0720429197 -0.00212359778 0.0199582782 0.305552304 0.279675126 0.0932484642 0.136197552 0.07809183 0.600290358 1.34604907 0.139540911 0.600855231 0.170275375 0.0149903921 -0.00977952126 0.0243367124 0.0905664116 -0.0375056863 -0.0942645222 -0.0202193391 0.127857208 0.238467872 0.0018930462 0.0347266868 -0.0551610813 -0.0318989158 0.0335117057 -0.0719233677 0.0836389586 0.106775887 -0.00276876963 -0.1807383 0.349197358 0.0900024623 0.125599921 0.143476829 0.519531012 1.20938993 -0.000432641769 0.487682015 0.14385502 0.0259469822 0.0764554739 -0.0926126093 0.0665895939 -0.0535854883 -0.0520384684 0.0326265804 0.0749635696 0.172726497 0.0351803638 -0.102363683 -0.0119509324 0.00850557536 0.0597219542 0.0078452602 -0.0278996825 0.0862033069 -0.00970278867 -0.0504055172 0.147906452 0.154272988 0.260206729 0.0397563651 0.591937482 1.09063029 0.0869127065 0.469054133 0.0876537636 0.0877114534 -0.0064129103 -0.0172185414 0.0339261927 -0.0745142624 -0.19895032 -0.103882752 -0.106825046 0.26046896 -0.0987747908 0.117088787 -0.0387752168 0.0869072005 -0.0216080397 -0.0763363242 -0.0346580744
-0.068514809 0.061602924 -0.00153776119 0.325223893 -0.01793411 0.348835766 0.0547743812 0.70321399 -0.979205608 -0.0601769947 -0.135598511 0.158479989 0.165206939 0.0273353513 -0.125383347 -0.00637749117 0.134374812 -0.077808924 0.0393904224 -0.146261021 -0.177304268 0.223289639 0.137972444 0.00407364964 0.0779130235 0.025235422 0.0623816773 0.040021874 0.0258514266 0.107525103 -0.00166138029 0.222162694 0.0523435883 0.313423455 0.11437735 0.792995393 -0.756834984 0.14346765 -0.161844894 0.165564567 0.0927879438 -0.106508404 0.00902796444 0.0884644911 -0.0788226724 -0.0865909532 0.064855203 -0.0543726794 -0.211104155 0.0168228168 0.0485353768 -0.0729123428 0.0119543225 0.0242864788 0.0249464735 -0.00191447884 0.0288523398 0.0164237712 -0.0358203985 0.255018532 -0.0587764569 0.271131456 0.153100982 0.655407012 -0.727698207 0.0149171185 -0.202724159 0.0438562445 0.089494884 0.0326052383 0.10713014 0.174147055 -0.0419980139 -0.160475269 -0.0060549872 0.0182720553 -0.136763558 -0.0149798458 -0.0806874484 -0.0650342479 0.00275955349 0.0703014955 0.00407605618 0.0900082365 -0.0593646653 0.0956477374 -0.0655834675 0.201100096 0.0320769437 0.396497428 0.169530287 0.610590816 -0.669647634 -0.0445648283 -0.0931075439 0.0263049547 0.0426633954 -0.0794204324 0.230517238 0.233485997 -0.12770617 -0.00291874236 0.0317361094 0.0117231701 -0.209443197 -0.10736867 -0.099811919 0.0443041995 -0.0720791146 0.0452814475 0.06287352 -0.00038176775
-0.0130789019 0.0593541898 -0.32607466 0.302632093 0.17715475 -0.000858637155 0.0544439703 0.896933198 -0.907771051 0.11954578 0.128428176 0.0533282496 0.065613091 -0.106829762 -0.138520747 0.0220992267 -0.0130286077 -0.150409758 -0.0741504952 -0.163689643 -0.12779884 0.0384123027 -0.151106328 0.0142410621 0.0368555263 -0.0858888775 -0.0363365896 -0.090099819 0.039271649 -0.133611977 0.174191788 0.286891639 -0.0306541566 0.166286319 0.131756276 0.845318556 -0.69842875 0.197420955 0.00127337943 0.107649103 -0.00495523168 -0.0901977941 0.0960372761 -0.141739845 0.00872745924 -0.0528870486 -0.0737825409 0.0260169785 -0.204592749 -0.00731993886 0.04907858 0.0146564394 0.0383073464 0.00406920165 -0.0879276618 -0.0678585023 -0.0564878546 -0.162989989 -0.0607087053 0.0423021652 0.0950477198 0.130203709 0.11032182 0.716155469 -0.701651871 0.288015395 0.0069446452 0.0491327308 -0.0709007606 -0.115992978 0.111619063 0.054668989 -0.0269669425 -0.115907267 -0.0243094619 -0.0693397224 -0.294504285 0.0950785428 0.0190686956 0.0132289007 0.070946224 0.0474758372 -0.0138032734 0.0585053787 -0.0183116253 -0.191262737 0.0846567005 0.0641995966 -0.0559899807 0.116815105 0.11439608 0.831384361 -0.732581496 0.052135203 -0.074917376 -0.0205323156 0.0504635349 -0.0646210536 0.191388413 0.166018903 0.0548373051 -0.0567421429 0.106316283 0.084034048 -0.131356046 -0.0853974745 -0.0185900256 0.0802617893 -0.0206761286 -0.0686453804 -0.0800085515 -0.0191771537
0.132514924 -0.0618814528 -0.309643656 -0.0029093367 0.0182658304 0.000131261506 0.189742625 0.830985844 -1.04006255 0.0743518472 0.105309665 0.0581086054 0.0184626393 0.0284377299 0.160229757 0.0123853078 -0.106569365 -0.023441771 0.0690085217 0.130335912 -0.227847338 -0.0506948307 0.067737788 -0.0696692318 0.0295514613 0.0382203981 0.00202125311 0.0830638781 0.156957284 -0.153113797 0.0836714283 0.124007873 0.0106461318 0.169888914 0.115203209 0.770920038 -0.832031369 0.182791322 -0.113475874 -0.0345276929 0.0722224042 0.0147147998 0.2313696 -0.0351586528 -0.0368660688 -0.0909018368 0.0925050974 0.0941762701 -0.201037049 -0.100682661 0.040441338 -0.081269905 0.0603643879 -0.0709264725 0.0137268677 0.00105156004 0.15249905 -0.196122959 0.0733050108 0.394318938 0.00894115306 0.0973968133 0.192870557 0.683899522 -0.820849419 0.0270717498 -0.16182974 0.111231878 0.0630839542 -0.0299326796 0.185841486 0.166528866 0.0452388488 -0.0924475938 0.0371135809 -0.0908791646 -0.145497426 0.0114737544 0.0277900696 0.0522770062 0.0684304461 0.0252227858 0.0047435537 -0.0406837687 0.195687979 -0.232372284 0.0477412939 0.248444259 0.0567677915 0.292333364 0.020047605 0.732138932 -0.803543687 0.111078076 -0.204741225 0.030737957 -0.014909707 -0.0627639741 0.15538168 0.323549807 0.116959006 -0.0655068383 0.129254609 0.0720469132 -0.197616428 0.112250522 0.0902266726 0.000310003757 0.0315314159 -0.038167309 -0.0368124135 0.0155716687
-0.0667926669 0.0295278039 0.130794257 0.151481107 0.013465262 0.193073899 0.0607368052 -0.870991945 -1.29981589 -0.171382293 -0.161652014 0.0980878696 0.0475068502 -0.12624836 -0.198312417 -0.270171106 -0.042128019 -0.0395760126 0.0150282141 -0.136102274 0.4142012 0.229837418 0.0106156608 0.00730925798 -0.00883040577 -0.0906494632 -0.00642824173 -0.0267662629 -0.0341799892 0.0344336033 0.0147736492 0.0885980353 0.122928239 0.146160349 0.0159518756 -0.867640853 -1.02214265 -0.128340095 -0.157808229 0.0104426425 -0.000476916495 -0.0318148769 -0.0115356036 -0.0713841841 -0.0459191352 -0.0962795764 -0.0215236936 -0.116271287 -0.128476694 0.0279481653 0.13926816 0.0685052797 -0.0153619871 -0.0466089174 0.0743850246 -0.0275551155 -0.0333890654 -0.0133718485 0.0926248208 0.0918152705 -0.00107565755 0.204502359 0.171045527 -0.832466185 -0.874937952 -0.0680682957 -0.213266253 0.113606855 0.129143804 0.0183455329 0.0950812921 -0.0209057033 0.000848030089 -0.00410021096 -0.0272071529 0.00640005665 -0.106391653 -0.0471296236 0.0678741932 0.0810750648 0.00632562488 -0.0852505565 -0.0379457511 -0.0796587393 -0.0732007101 -0.123173855 -0.0383875556 -0.0998081863 0.065562427 0.107027523 0.143159822 -0.90021956 -0.703062296 -0.105952114 -0.136111766 0.0248650871 0.00465529459 -0.00971829612 -0.0278552417 -0.066828914 -0.125214487 -0.180226654 0.118367493 0.129784465 -0.270199686 -0.0286521874 0.0521616116 0.045242019 -0.070091635 0.0683795139 -0.00958193839 0.0345073715
-0.118185848 -0.0169034023 0.0279646032 0.0195380971 0.176206261 -0.0213588979 0.207451016 0.872713983 1.3000313 0.189252287 0.305198312 0.199131519 -0.142953604 0.1206192 -0.126723304 0.0935977995 0.0735756457 0.0131234443 -0.016737856 0.00223355344 -0.260164291 -0.211261526 -0.0817361996 0.0490403101 0.0780070052 -0.0897635221 -0.0215590075 0.00847125798 -0.10742639 -0.0338382013 -0.0663338751 -0.0517755076 0.113213912 0.0539744645 0.124363519 0.835300982 1.142851 0.254402101 0.263368398 0.28984946 -0.105814971 0.0940068811 -0.147263989 -0.0456367992 0.0756678209 0.063853167 -0.0387351997 -0.117695659 0.223835051 0.0723903552 0.0588260293 -0.0417905673 0.0855093375 0.0777193084 -0.0764959976 0.0414490774 0.0384329744 -0.083981365 -0.185008213 -0.148483992 0.227152795 0.119299427 0.182875097 0.694858849 0.922536314 0.112724803 0.179042146 0.262922376 -0.149004489 -0.00916724186 -0.262942225 -0.156073883 0.142065302 0.132749006 0.0701386631 -0.0873144493 0.101308197 -0.0309642684 -0.0467149392 0.0135209709 0.0403255448 -0.0799224824 0.00461422652 -0.0417630933 -0.0947168469 0.0545825474 -0.108099818 -0.133863941 0.20224461 0.0969589129 0.19788155 0.650025845 0.661531568 0.135807574 0.0566078164 0.242314652 0.00904821511 1.66252939e-05 -0.320587516 -0.178159013 0.175273627 0.178762168 0.0597631074 -0.169954211 0.185089275 0.0430880636 0.0143631762 0.058490701 0.0910867527 -0.0221193358 0.0815690681 0.0896532461
-0.0428189002 -0.00340470904 0.151703537 0.198290542 0.196713954 0.206157967 0.129481629 -0.918818235 -1.36851251 -0.068746388 -0.107212998 0.0490998216 0.0791340917 -0.115521051 -0.329484314 -0.129053533 0.0165436435 -0.0232616067 0.0122972969 -0.0922961682 0.244875044 0.12518166 0.000413882139 -0.0903223678 -0.0857322365 -0.033964999 0.0107259825 0.0625532642 -0.115375653 -0.146438763 -0.00635417271 0.19625546 0.00198749662 0.145392284 0.0362807326 -0.897419691 -1.09672296 -0.177835375 -0.115621567 0.108561546 0.0572978966 0.00241557695 -0.0444053374 -0.126743957 -0.0878837034 0.0278460179 -0.0562177449 -0.0325785317 -0.111186385 0.0476957411 0.0903533921 0.0799646899 -0.0537593067 -0.0231134221 0.0210392997 -0.012855716 -0.092206955 -0.0397177748 0.0517884977 -0.00824424066 0.0930814818 0.177422181 0.043573942 -0.977921069 -0.795258582 -0.0924123824 -0.106163554 0.174680874 -0.0859703943 0.0461813249 -0.0434524566 -0.136572555 -0.0789395347 -0.0407375284 0.026581889 0.125504002 -0.108489193 -0.0439223461 0.0352747478 -0.0265536308 -0.0860366672 -0.0865311101 -0.072340548 0.0661389306 -0.0358052254 -0.0368014462 0.0313837454 0.0326648057 0.118001744 0.0971558467 0.131158069 -0.961859584 -0.848108351 0.0553444624 -0.0023986809 0.0879931524 -0.0572840683 -0.0288370196 -0.0581854768 0.0132719493 -0.118020266 -0.0855750814 0.0434369631 0.129347175 -0.202984512 0.040356826 -0.0593754947 -0.00615608692 0.0465473756 0.0327252969 0.0405929908 -0.0255057141
-0.144404739 -0.0150093427 -0.11092975 -0.0570365638 0.0366623066 0.0342643224 0.141524747 1.00231826 -1.26795542 0.0752612799 -0.0696994364 0.0459099673 0.169460163 -0.11284449 -0.125122324 0.0384184606 -0.0741578788 -0.237459734 -0.2151016 -0.186469629 0.277470529 0.16335094 -0.259838641 -0.0701709911 0.0519165024 -0.00814565271 0.00639604032 -0.0746803433 -0.00163297157 0.0106748324 -0.101585142 0.0386148468 0.114747703 0.200067669 0.0354328826 0.867614746 -1.09545207 0.0499735624 -0.0749469027 -0.0578130856 0.0564710014 -0.0438777283 -0.117265217 0.0964175165 -0.0517246537 -0.100557417 -0.0346271433 -0.0455035046 -0.0103865694 -0.0161044486 -0.0585178398 -0.0318787321 -0.0388133228 0.0764477327 -0.0532218702 0.0538096651 -0.0322704986 -0.0978995711 -0.0584486648 0.249766588 0.043500714 0.128632009 0.00824727863 0.8808496 -0.916278839 0.0926020816 0.072827585 0.0501849614 0.149586618 -0.0455810577 0.0533595458 0.0841656998 -0.0576315932 -0.0241933241 0.106406964 0.0855338126 -0.0504673533 -0.0268213078 -0.0898804292 0.047531642 -0.0112974271 0.0214916095 -0.0360406563 0.0297187269 0.0260171313 -0.0708879232 0.177275583 0.190624088 -0.0213489849 0.0999706462 0.00809138641 0.793299317 -0.826339245 -0.0692467466 0.0288358349 -0.0187648423 0.112998649 0.0275753755 -0.0537036695 0.0230916664 -0.076102674 0.177454025 0.00865665451 0.0181984305 0.0445349067 -0.0317891501 -0.0437659658 -0.0751152039 -0.0466008186 0.0653753504 0.0880391821 0.0176347643
0.0943702832 0.0749235079 -0.006662108 -0.0587504245 -0.0515624136 -0.0276953578 -0.0771013275 0.0937692598 0.00284463167 -0.0905237347 -0.0475268364 -0.0306026861 -0.0765549392 -0.02027715 -0.0611169599 -0.0242138803 -0.0705096051 -0.00281324983 -0.064816013 0.0377704278 0.0224732459 -0.00680803508 0.0569191501 0.045733355 -0.00530095398 0.00182568282 0.0374264494 -0.0811258033 0.0183332264 0.00764709711 -0.00230529904 -0.0253353491 -0.0468159989 0.0301009789 -0.0648483112 0.0365816429 -0.0777709037 0.0252350271 0.00868692994 -0.0453142077 -0.043758031 -0.0259552076 -0.0438936539 -0.0258948207 -0.021691069 0.0760966614 0.00339516997 0.0830698386 -0.0185905546 -0.0737697333 -0.0215204135 0.0510840639 -0.0640305132 0.0755029991 -0.00855264068 0.0736318156 -0.0241390392 -0.0832302421 -0.0563681684 0.00873538107 -0.0679773167 0.0827572867 0.0789934173 -0.0225836113 0.0699874535 0.028265059 -0.00815811008 -0.0933376923 -0.0801547319 -0.0719431266 -0.00572412461 0.0720269606 0.0244031549 -0.015359953 0.0580677316 0.0420207307 -0.0650304332 0.02103284 0.00636316836 0.0384361371 0.00978093594 -0.0281313583 -0.0429699644 0.073401086 0.0299663469 0.060821943 0.0736074522 0.0385925695 -0.0754020289 0.0112764761 0.0567057058 -0.0267475992 0.0723095611 -0.0445367172 -0.0882048011 0.094133012 0.060952343 0.0774770901 0.0580935106 -0.0803556144 0.0290362835 0.0871645585 -0.0535980947 0.015937902 0.0262050033 -0.0838574022 0.00954962522 0.0348115787 -0.0023118332 -0.078396365 0.0481466129 -0.0783613399
-0.00676911883 0.0271119215 -0.949236393 -1.07679725 0.0131360879 0.35531944 0.0391391292 0.513507485 -0.157100081 0.121051811 -0.0825567618 -0.139761955 -0.138662934 0.00913241226 0.725221038 0.763011754 0.657307088 -0.0537457429 -0.0666283071 0.265420258 -0.173384175 -0.321618855 -0.0461247638 -0.0619960316 -0.0662954375 0.0252965391 0.0618934408 0.082732819 -0.0313230306 0.126441181 1.75530505 -0.0202547424 -0.0207364317 0.44742915 0.174794152 0.583408237 -0.317158133 0.346769005 0.0667939782 -0.0395943187 -0.270839512 -0.139484957 0.572671413 0.666240096 0.509399652 -0.348452717 -0.199217603 0.289393485 0.204595104 -0.284945458 -0.270793825 0.087971665 -0.0889968127 -0.0323926397 -0.0114700049 -0.0262692422 -0.117933825 0.0976380482 1.19348228 0.00423629209 0.0325632952 0.52850759 0.016294146 0.66947788 -0.290090054 0.372085631 0.100470148 -0.0708829537 -0.360379159 -0.14331302 0.377372801 0.569322407 0.677547574 -0.133963257 -0.60028106 0.623333216 0.685213745 -0.50745374 -0.572781742 0.00301265717 -0.0645050704 -0.00231081992 -0.0542995259 0.0833261535 -0.104960077 0.109908395 0.846331835 0.248281479 -0.0734044239 0.256849974 0.0991817117 0.563503325 -0.236334294 0.346665949 0.0667436495 -0.124791995 -0.514837384 -0.25748536 0.368251979 0.667325199 0.597126663 -0.10922949 -0.960962355 0.7564224 0.966244221 -0.893213451 -0.897948384 0.0867606327 0.0181710795 -0.0684717596 -0.00448483974 -0.0550236031
-0.181716487 0.129060298 -0.00249243877 0.557635903 -0.0523659587 0.305405259 0.0698834807 0.969614446 -0.394437611 -0.0805787966 -0.0114818951 0.0703534186 0.0241773464 -0.282800287 -0.352005929 -0.0752154887 -0.156171873 0.0176304076 -0.080226101 -0.16528824 -0.111984722 0.0785138085 0.00639945362 -0.0774705857 -0.0157255456 -0.01478073 0.0460065678 0.0778938606 -0.1554683 0.00483074831 -0.175238863 0.47699517 0.0536606126 0.423572123 0.146204039 0.898303568 -0.426223934 0.0796750262 -0.177738652 0.148309112 -0.0183567479 -0.192136347 -0.20040141 -0.0392385237 -0.233277693 0.208641425 -1.81643791e-05 0.00348032638 -0.1892277 0.164857492 0.139564157 -0.0763148665 -0.0280436054 0.0825225785 0.0320922956 0.0785897002 -0.11270304 -0.056613449 -0.136358559 -0.0368473306 0.102913432 0.262848616 0.170313284 0.934895277 -0.334601879 0.168485239 -0.24986887 0.187359422 -0.0336224735 -0.190833747 -0.122399233 0.00160039123 -0.185593084 0.296541989 0.0678332224 -0.137842044 -0.170670211 0.0342346467 0.157797441 -0.0466706455 0.0617294535 0.0354881808 -0.0549020059 -0.0878394693 -0.0905290097 0.00799178146 -0.0796393976 0.106273197 -0.0147309732 0.104815938 0.0366531275 0.783248961 -0.31135878 0.167348325 -0.0447865315 0.135887355 0.0542618297 -0.124860227 -0.0339515619 -0.141454637 -0.101272099 0.377886891 0.0939074233 -0.0731300265 -0.149253637 0.0076892199 0.149680674 -0.00892332196 0.0847483501 -0.0164046884 0.0556341782 0.0188010409
-0.0806673765 0.09197779 -0.0942137092 -0.0247305669 0.136962026 -0.05261847 -0.112215482 -0.0345111862 0.180108279 0.15966554 0.118222483 0.0218839198 0.0326258391 0.0606943853 -0.0377050564 0.081773892 0.161056131 0.0793212056 0.0165445022 0.059842702 0.13953194 0.108154662 0.118428379 -0.0758692473 0.000248638826 0.0245680157 0.11224699 0.104434334 -0.0405069068 0.108156189 0.0478884168 0.182875216 0.103251778 0.0396793373 0.196532592 -0.016401343 0.0611207634 0.134422138 0.0529810116 0.239277184 0.146075174 0.168497935 0.0901996568 -0.0859422833 0.257633954 0.0371520966 0.0999659374 0.0320356041 0.107939288 0.195135012 0.0646622553 -0.0136667294 0.144083202 0.180021808 0.151318133 0.199809849 0.141881451 0.180105358 0.0276140105 -0.0172058586 0.149573371 0.0393567383 0.112905592 0.0954746678 0.0638049766 0.0307793207 0.0561006628 0.0479195975 0.115046553 0.0877476111 0.183964431 0.166788593 0.135608867 0.111232318 0.0388626978 0.101448976 0.145358354 0.0683998391 0.019340327 0.129870012 0.112261914 0.0509963892 0.0940665826 0.129336402 0.275182456 0.075676769 0.119477034 0.0455627665 0.0729407743 0.0375665687 0.138136312 -0.0149593428 0.113164976 0.0235043932 0.0614278167 0.209602162 0.107451573 0.203898862 0.145365074 -0.0422720462 0.0131602976 0.124609381 -0.00576215796 0.215050235 0.0631606504 -0.0613644868 0.0901979953 0.102677956 -0.012271584 0.0877230167 0.0858541951 0.065419659 0.0724581927 0.153895497 -0.0081995707 0.0346783251 0.142577022 -0.0124067925 0.0901497304 0.116430171 0.133883521 0.1134087 0.217218176 0.106045678 0.169606969 -0.0433424264 0.0937739015 0.0162624568
128 128
-0.0769866556 0.450622946 -0.0151732676 0.238995045 -0.458938628 0.233658031 0.0986652076 0.0542879328 0.063441053 -0.0745399743 0.125120386 0.154299766 0.000877267332 0.387985528 -0.167054012 0.411061496 0.321736485 -0.0747525841 0.183717281 -0.229365632 0.166553065 0.354438663 0.209313497 -0.0342411324 0.0730547532 -0.100431703 0.0699721351 0.272493154 -0.0776493996 -0.120180734 0.0483626015 -0.00939580146 0.201045349 -0.188280359 -0.330081433 0.385596007 0.00456804922 0.0325689837 0.36031121 -0.0269095581 0.131153509 0.571961939 0.142487764 -0.065118745 0.293127477 0.326787531 0.139261335 0.266206443 0.361427635 -0.104890421 -0.0665536448 0.155117258 -0.0186960343 0.102950819 0.143527642 -0.00683534145 0.0140603948 0.302406073 0.178995281 0.132437095 -0.242561638 -0.00213720184 -0.0698601231 0.51971525 0.223257184 0.123094976 0.172324881 0.314823568 0.395089209 0.315469682 0.518274486 0.256023347 0.383963197 0.0507367849 0.248826668 0.195248336 -0.0189984776 0.0886209309 0.307546377 0.0326255895 -0.108120739 0.0386251509 -0.129592359 0.285173446 0.30897814 0.216635182 0.295283973 -0.0478042103 0.240789279 -0.231299937 -0.00505947415 -0.0826821402 -0.0970005691 -0.0620803684 0.453986317 0.212706834 0.0389477834 -0.248979434 0.012499528 0.0262481645 -0.380382359 0.344527483 0.119197831 -0.0113968793 -0.0275791008 0.268284082 -0.135496229 0.167904064 -0.134661198 -0.162264079 0.425811499 0.305818021 -0.118520059 -0.081757918 -0.258597314 0.0956609249 0.367047906 -0.0911656022 0.0255042762 0.132701099 0.0922041759 0.277445257 0.0197949577 0.491500825 -0.0679467544 -0.0572938547 0.508944869 0.0217370652
-0.00960874557 0.0334045142 0.0218660459 -0.0755185932 -0.0105362684 -0.0752117336 0.00894331932 0.0280202553 -0.0945954472 0.0585497171 0.0179553982 -0.0975078195 -0.0577155799 0.063787207 -0.00395845249 -0.0695184544 -0.0495369546 -0.110170193 0.003629582 -0.0703650117 0.0748567656 0.0156013006 -0.0523634478 0.044916749 -0.0292194951 -0.0654158518 -0.0949384272 -0.0718923286 0.0368946716 -0.00299984822 -0.0270554014 -0.0538871512 -0.0453983918 -0.0892469212 0.0636666864 -0.104779556 -0.0332362764 0.00246109511 -0.00757970521 -0.0300845634 -0.0975384414 -0.045506794 -0.0717778876 0.0805327371 -0.0485325977 -0.0682716668 -0.0706746951 -0.0642476752 -0.0285257511 -0.0588854104 -0.076568298 -0.0365348347 0.0607310422 -0.0921513587 -0.0186040327 0.0595770404 0.0448534377 -0.00545431627 0.0140609946 -0.052066952 -0.0998662934 -0.0675048083 -0.0688425899 0.0453444421 -0.0177611038 -0.0718576163 -0.0775610879 -0.00610025972 0.027033383 0.00252685766 -0.00724092871 -0.0264142901 -0.00865719654 0.032122951 0.0204026848 -0.0294526592 0.0767601356 0.050550472 0.0108061964 0.0234848503 0.0428649113 -0.0215471443 -0.00762409996 -0.0374897085 -0.0444083475 -0.0197212454 -0.0669197589 0.0785498098 -0.0650021434 -0.0798019692 -0.035348434 0.0577012524 -0.0669188499 -0.0289974418 0.0422146432 -0.0903556496 0.0589279458 0.0353126973 0.0127800517 7.27698207e-05 0.0288473479 -0.0317980908 -0.0146570737 0.0466254018 -0.0803262815 0.00592532009 0.0429208912 -0.000779910421 -0.0605436042 0.00747042568 -0.0188087299 -0.0995545238 -0.00456706574 -0.0176974572 0.0341151617 -0.00417102873 -0.0817769766 0.0537456237 0.0118855722 -0.034641806 0.0442608707 0.0587235875 0.047012005 0.0692498907 -0.0482944623 0.0815265402 0.0482653901 -0.0775148794
0.0519059673 -0.298253536 0.0495754629 -0.0396719277 0.457055449 0.0881346613 -0.122714974 -0.00858547166 0.139392391 0.118743934 -0.0783151463 -0.109684587 0.193326801 -0.199818686 0.276381522 -0.15477033 0.0916779861 0.141607314 0.199108645 0.84187454 0.250467032 -0.0299148299 0.132990509 -0.369477719 0.27787745 0.25389713 -0.092426993 -0.169736221 0.007160604 0.181618944 -0.0517957695 -0.0742203593 -0.100241169 -0.0425725989 0.316717088 -0.197939038 -0.0451140329 0.2869578 -0.145329297 -0.0193134788 -0.0659916773 -0.0806706473 0.273550212 -0.00480422378 -0.274393559 -0.179708272 -0.0393827371 -0.101892553 -0.111338399 0.15402928 0.307077348 0.00422723871 0.324658871 -0.128901184 0.0626128912 0.158091009 0.330573261 0.0913000703 -0.243462861 0.220598638 0.147406816 0.127549112 0.137549341 -0.364255577 -0.0108770477 0.296753347 0.18602173 -0.311757296 -0.0485001355 0.0238307603 -0.176567629 -0.244088128 0.10874109 0.179768473 -0.194164336 -0.0885360166 0.130500004 0.250911176 -0.200700492 -0.0454156809 0.0108346157 0.300001949 0.142249286 0.191876501 -0.126996934 -0.118716158 -0.141790405 -0.0824107677 0.038508676 -0.0447509661 -0.168658763 0.0831801817 0.105885118 0.505427301 -0.122347981 -0.117196925 0.104476444 0.168624669 0.234319642 0.137056574 0.260650247 -0.215133131 0.30536288 0.192233339 0.0203565825 -0.12867257 0.137903869 0.0187229477 0.346067578 0.333568513 -0.154597729 -0.290875077 0.164892659 0.413745552 0.882350802 0.0828605816 0.0307061784 0.158237442 0.161861911 0.185627013 0.152646378 -0.0753408894 0.126761422 -0.115094677 0.318891495 0.00952541828 -0.310249627 0.115204066
-0.0542905331 -0.00614701025 0.0236441847 -0.339232087 0.370901644 0.315058202 -0.18603605 -0.0105405264 0.249214739 0.199713498 -0.0508225784 -0.180421501 0.273493409 -0.159741133 0.201707587 -0.0699818879 -0.0278336219 0.425824523 0.293858945 0.53692323 0.165795296 -0.259709924 0.0449630059 0.00931487419 0.20628573 0.210602239 -0.105950378 -0.212083071 -0.0117473826 0.244381487 -0.010191679 0.0897337496 -0.144446135 0.278222919 0.376971245 -0.219804108 -0.0463148691 0.198197693 -0.344355851 0.149770617 0.00182171608 -0.0365991555 -0.244637921 0.0717796013 -0.279108107 -0.255994201 -0.265665561 -0.221311674 0.392373264 0.247675836 0.267991155 0.0125246681 0.199365169 0.048748333 0.344888747 0.1939805 0.540428042 -0.00480355276 0.0230157841 -0.178671613 0.300657511 0.234715909 0.364543349 0.081017904 -0.199800149 0.121513575 0.246726006 0.0718291774 -0.10487514 -0.167987242 0.0858316198 -0.234067589 -0.168634057 0.0755940378 -0.444245309 0.0921778157 0.255414188 0.279727906 -0.0608779192 0.0257961564 0.0581343062 0.154820278 0.205670565 -0.0589381717 0.0786675364 -0.161906049 -0.352311641 -0.0697339103 -0.166675583 -0.225206986 -0.0200980194 -0.0682061613 0.313517958 0.289601147 -0.172627166 0.209857926 0.170980215 0.409448594 0.20982337 -0.483427256 0.310429752 -0.401420116 -0.12183354 0.344598889 0.151996344 -0.21762228 0.300864518 0.267357111 0.30037874 0.245504856 0.0726980269 -0.141064227 0.306006134 0.374903351 0.845706344 -0.284259647 0.0163517725 0.46785748 0.123775236 0.312432587 0.245404541 -0.365175277 0.296446681 -0.338386416 0.246948004 0.0868458524 0.492060095 0.258570015
0.0617706031 0.389800817 -0.0842358246 0.199869081 -0.184807286 0.0125889899 -0.174163163 -0.0259188302 0.12834762 -0.133859023 0.140614659 0.10893698 0.065525122 0.286282808 -0.146005526 0.296240866 0.234181464 0.247311398 -0.0804267377 0.120143771 -0.0404072069 0.255357474 0.176583275 0.124009959 -0.00273860432 0.00541798538 -0.00425826898 0.0245761648 -0.0829423591 -0.205282524 -0.0579075925 0.0213418994 -0.084194012 -0.210057169 -0.19020471 0.239692196 0.0759179667 0.0222134609 0.326467723 -0.0173844416 0.00100398809 0.45347622 0.0073004174 0.0073800683 0.207021505 0.252012551 0.204318181 0.225308776 0.387238532 -0.0705137625 0.0623962469 0.403716862 -0.0325258449 0.0732013881 0.0661346316 0.0454061963 0.0513811558 0.247601941 0.0902481601 0.0262368303 -0.0685317144 -0.032691367 -0.0917222053 0.310555667 0.183316216 -0.113287427 0.106598809 0.316185445 0.152459949 0.214830577 0.273921937 0.00714061782 0.298955977 -0.0191688221 0.0782432035 0.0677244142 0.101726018 0.177104235 0.323242605 0.0757185742 0.0130994059 0.105789781 -0.151956916 -0.0945508629 0.286588132 -0.0369401835 0.207056984 -0.0807949305 0.132348806 -0.0304433554 0.111420907 0.0709446147 0.0791433379 0.106546849 0.112878777 0.224080637 -0.0831961036 -0.0873123929 0.0338856839 -0.0517657846 -0.175940797 0.0901347846 0.0787196085 0.0382341035 0.0398427248 0.00699030329 -0.10895256 0.0326878577 -0.0314398818 0.0167874191 0.221557111 -0.0529622138 0.00308369379 -0.0933309644 0.261960655 0.0485512316 0.374931544 -0.268297374 0.116031423 0.0222350024 0.0353254005 0.169782221 0.0337335691 0.266435802 0.0130297039 0.0831985101 0.0123726157 -0.0242115483
-0.0838258043 0.381685138 -0.0458489805 0.353912741 -0.420568645 0.520646393 -0.0943686962 0.011999622 0.257177263 0.00270395749 0.193509355 0.441106081 -0.093869783 0.729463875 -0.0893938914 0.500893712 0.289541095 0.0585505813 0.195099548 -0.028614847 0.0461407304 0.456910104 0.220229357 -0.0929994136 0.0577433743 0.0414886214 -0.118490607 0.213286877 -0.0297968425 -0.0523305684 -0.0171656534 0.0972044691 0.261917174 -0.313232064 -0.279757053 0.40839228 0.315647423 0.0346926898 0.450947225 -0.170434982 0.211795837 0.395826072 0.174866185 -0.0779843628 0.49311924 0.523861706 0.184978709 0.508529723 0.379114658 -0.0880983099 -0.0250706468 0.133313328 -0.00694919657 0.236345008 -0.0289746579 0.0351799577 -0.00228294404 0.537471771 0.152241036 0.167837933 -0.284099638 -0.0905974358 -0.0486599356 0.369963914 0.350783259 0.0829977989 0.101558648 0.0834180638 0.538281322 0.345955849 0.270449907 0.24974221 0.255457133 0.141645059 0.364028096 0.0935378373 0.132202357 0.0833484083 0.458481491 -0.0958868787 0.0941337049 0.134474695 -0.109099112 0.121006519 0.361966312 0.0535991788 0.418707103 -0.0221216157 0.372108042 -0.0970838666 0.280346811 -0.0270339586 -0.101649314 0.0170385316 0.149220139 0.289169908 -0.119603112 -0.238401905 0.0789564848 0.176725462 -0.540970147 0.370305479 0.341172636 -0.0877720192 0.150860101 0.412628025 -0.0746094882 0.100302458 -0.102354549 -0.0281554554 -0.0740439296 0.185259491 -0.011436902 -0.219873488 -0.277261317 0.303002596 0.4782359 -0.526248693 0.0216532256 0.0765072554 0.0344809443 0.481069177 -0.0204349849 0.609610319 -0.0387755744 0.0779966339 1.01603925 0.0259412546
0.0562955812 -0.0794298649 -0.0542761274 -0.0180464964 0.161752537 0.289469272 0.0421405323 -0.0214344971 0.283899039 0.0180073082 -0.25436008 0.0347651318 0.0756184012 0.0995246843 0.218055651 -0.0355399922 0.126029164 0.244606361 0.42766118 0.295643628 0.142136052 0.0611075163 0.314140826 -0.556090891 0.287984222 0.217760891 -0.108951196 -0.115706444 0.0565146282 0.214708284 -0.048563078 0.173935309 0.0321369804 -0.144744322 0.105000883 -0.10037183 0.0647124872 0.368528008 0.00145585078 -0.0397685282 0.00244695065 0.101591013 0.333168417 -0.00641819835 -0.20259288 0.0221413858 0.028780086 -0.0677841306 -0.125521779 0.29917416 0.207677811 -0.301497012 0.471120715 0.0415880866 0.263552994 0.265866637 0.287071019 0.196141943 -0.274846822 0.168114305 -0.0327064395 0.218537331 0.148275405 -0.270332426 -0.117027879 0.591914535 0.20609796 0.380669683 0.142938301 0.0376263373 0.176071316 -0.146972761 0.0692772493 0.483302593 -0.142416328 0.186730072 0.299826384 0.127609089 0.0761459172 -0.1476437 0.0686308742 0.0628665835 0.0325582512 0.236506104 -0.00541874394 -0.0957890004 -0.0397763923 -0.0385296792 -0.0031314455 -0.195039749 -0.204967901 -0.0703790635 0.014880213 0.603031218 -0.0155768739 0.196504965 0.2304634 0.187314183 0.250090986 0.0296652243 -0.0662494451 -0.14018926 0.279511482 0.169285551 -0.0857890099 -0.00227603037 2.13468447e-05 0.0224948172 0.23248601 0.231026515 0.0678264275 -0.0921592563 0.120716155 0.300021917 0.439321041 0.112377383 0.0871849954 -0.0662240461 0.152315587 0.304640591 0.0907675177 -0.0398147777 0.232977971 0.00356371584 0.295338541 -0.0442277119 0.154152736 0.213602513
0.0463051125 -0.293102384 0.0259435792 0.0825826749 0.0124061201 -0.261844546 -0.0819708332 -0.00228177314 0.218651026 0.100863099 -0.434785545 0.041983936 0.137935773 0.0996611193 0.299544424 0.172732338 -0.0989300683 0.294209778 0.399690539 0.210653886 0.316660911 0.138880461 0.352869868 -0.0302079991 0.183627039 0.350671083 -0.351350516 -0.374130368 0.00473693758 0.373455852 -0.0653914362 -0.277494937 -0.271334261 -0.00648883777 0.0657013878 0.15921177 -0.00338730915 0.470572084 0.146756634 -0.259555131 -0.324003607 0.0872857645 0.0610620156 0.0248036757 -0.27052173 -0.121000521 -0.0975456387 -0.0466784425 0.181032479 0.0343651809 0.245358184 0.149266079 0.336850375 -0.175537065 0.214966506 0.207701564 0.212106839 0.164546326 -0.295224696 0.00196539192 0.0515443608 0.160083354 0.079125829 -0.262391299 0.0858338401 0.081823729 0.032794673 -0.165864497 0.191036955 0.202404708 0.138279781 -0.362235069 0.42102173 0.361189306 -0.0876374692 -0.174597085 0.123337761 0.161174089 0.0580345988 -0.178984478 0.183583349 0.281268924 -0.125307754 0.0560903959 -0.0177896433 -0.361179441 0.118726812 0.00934959203 0.0447681099 -0.140537962 -0.249351352 0.0533368215 0.138875335 0.598710418 0.307059348 0.167731121 -0.183058441 -0.00371070788 0.139291614 0.222390145 -0.00467356108 -0.190831512 0.51186502 -0.0310253277 -0.0637945458 0.415181279 0.0241446905 0.0226972308 0.138807461 0.387001038 0.432691932 -0.345067203 0.264374554 0.429958403 -0.337805331 0.2439446 0.0618217513 0.0495128669 0.156343147 0.231712446 0.295794189 0.000402508769 0.0128343962 0.0377570279 0.388668358 0.0554425195 -0.311682224 0.0220255908
-0.0576468557 -0.235398531 -0.0668921173 0.255757898 0.129950702 0.26534313 -0.0760500953 -0.0015565916 0.313536048 0.140580073 -0.348604918 -0.111877948 0.12039908 -0.172187388 0.391941577 0.0301705673 0.119049937 0.591609418 0.500410974 0.264871746 0.472908944 0.116776653 0.519761503 -0.561470032 0.452466846 0.476408958 -0.338413119 -0.534579992 0.0614685044 0.411304444 0.0877505988 -0.376842946 -0.440761924 -0.315638393 0.010332536 0.0827473179 -0.101916179 0.563699722 0.150186777 -0.396693707 -0.438120574 0.207716331 0.298891753 -0.041439455 -0.408414215 -0.156347886 0.0593992956 -0.0402591974 -0.2473481 -0.0754150823 0.486745805 -0.189191356 0.453950256 -0.326371133 0.201938882 0.213669538 0.373452187 0.0787773952 -0.374497861 0.207242444 0.0590584353 0.296308696 0.169889957 -0.447011292 0.121366605 0.489257187 0.218245074 0.00421460532 0.0938822404 0.159718066 -0.0871001035 -0.4789792 0.414558232 0.162747771 0.0761270896 -0.0157391652 0.2756809 0.244126171 0.0706651732 -0.303873628 0.0116560981 0.604063213 0.0375076048 0.417893291 -0.064026989 -0.522378385 -0.0109407017 -0.0277845189 0.143570065 -0.52533108 -0.338847876 0.0711670145 0.125740752 0.703073502 0.0393237472 0.349307716 -0.178918526 0.00467132498 0.3071284 0.340832949 -0.0167870913 -0.113866366 0.659554958 -0.0476606116 -0.213124678 0.315778583 -0.0703147277 0.213397026 0.447189778 0.67467165 -0.137456417 -0.443810493 0.482551813 0.651881635 0.187367335 0.0901275501 0.183744773 -0.136419624 0.382169962 0.490434915 0.492560476 0.0758785531 0.0334287882 0.102597862 0.728209078 -0.0649391487 -0.146004647 0.255634785
-0.0594414398 -0.0458303913 0.0419041887 -0.172787532 0.282467037 0.617151976 0.153196201 -0.0801616609 0.0278641209 0.0979514495 0.019046098 -0.0625197291 0.21629253 -0.2515136 0.295189977 -0.238098979 0.0911174119 0.143178195 0.14857699 0.643236518 0.121256523 -0.00371524272 0.113028638 -0.502591968 0.187415168 0.22285521 -0.0610852391 -0.185469449 -0.0326682329 0.197709307 0.0458369106 0.147079885 -0.0220691655 0.0530557781 0.176245406 -0.220523983 -0.0810969099 0.131161481 -0.128498271 0.0346051939 0.068349719 0.0195225682 0.0756388754 -0.010586001 -0.178203613 0.00858772732 -0.101373039 0.00155125663 -0.0428842232 0.323684663 0.166394174 -0.130160183 0.256624639 0.024879694 0.22987166 0.0271974877 0.34294802 0.0322196931 -0.103742883 0.0427343883 0.135393858 0.153044164 0.106566429 -0.247989386 -0.140465945 0.233921617 0.319824666 0.38958028 -0.201952711 0.00470894948 -0.0196102094 -0.124818236 -0.0204577763 -0.0109004239 -0.26644364 0.413093776 0.104138419 0.263408095 -0.180590957 -0.0349421538 0.0907073617 0.0861258209 0.213480815 0.173211008 0.00379962148 0.00932542421 -0.0574077331 0.0180258378 -0.0847655386 -0.0849632844 -0.0433778651 -0.0848079994 0.251064658 0.0939715058 -0.351283103 0.0857120901 0.232449278 0.229263276 0.225565612 -0.250078797 0.274769753 -0.313419938 0.10247124 0.307827681 0.114778109 -0.299485207 0.215824217 0.174802363 0.285630256 0.148200229 -0.227712333 -0.058937043 0.103316173 0.269334346 1.06831956 -0.140636235 -0.0111835655 0.0832678601 0.162361532 0.160598516 0.116888188 -0.146812782 0.174682617 -0.112043932 0.184969157 0.0557565019 0.345756799 0.277840912
-0.0225938763 0.111528084 -0.0660950169 0.00615377584 0.000663162908 -0.00885441341 -0.0960754156 0.0458441526 -0.0602960549 -0.00519428356 0.0528902747 -0.0737271532 0.0802146569 -0.0371348225 -0.0180868693 0.104597367 0.323715627 0.0915993974 -0.257549107 0.232460827 -0.205526218 0.108225726 -0.0334452055 0.124634922 -0.0364861861 -0.00932415854 -0.0220929924 0.0805218816 0.0362012237 -0.173849702 -0.0697222278 -0.0943024084 -0.0418391526 -0.236170083 -0.0884850696 0.14482066 -0.0214135703 0.197349101 0.0978367031 0.0208809152 0.0249786545 0.200643927 -0.184050336 -0.0106175318 0.190502688 0.0433939062 0.324513733 0.215731472 -0.0711806566 -0.185993984 -0.00406723516 0.171021193 -0.0458037965 0.00453892024 0.0405275822 -0.0619587936 -0.0856133252 0.0692096576 0.103494555 0.16407539 0.0022787929 -0.161067888 -0.103755221 0.0583358631 0.0517451391 -0.201491416 -0.107879467 -0.15257901 0.039480336 0.115558647 0.066516988 -0.0139106577 0.204547375 -0.117835805 0.162913099 -0.0757015571 -0.0780801103 0.0307903718 0.053400021 0.216080755 0.071562238 -0.0660578981 -0.127889201 -0.276083857 0.0360703915 0.0975053385 0.147526562 -0.022196278 0.207386598 0.128344491 0.0876137763 0.00562171638 0.00242704153 0.105585717 -0.00394820748 -0.151560679 -0.0358529091 -0.0144196646 -0.00797551498 0.123075038 0.000790117134 0.114754163 -0.0181797277 0.0959162787 -0.02879701 0.073047854 0.0144893657 0.0260424819 0.0240574256 -0.0326183438 -0.121568181 0.0263920706 0.0384695232 -0.0315702558 0.300763637 0.0544927865 0.143128842 -0.167618856 0.114705913 -0.0117496829 -0.0707097054 0.108464882 -0.0771269575 0.207293153 -0.0968785733 -0.0144338384 -0.269514531 0.0486502871
-0.027439326 -0.0171584692 0.0783325359 -0.00384982955 -0.0402546711 0.0731850937 0.0736461952 -0.0163508877 -0.0133758429 -0.0995802656 0.0511098802 -0.106475957 0.0312941223 -0.0841930881 0.0617891997 -0.0567817353 -0.0867883861 -0.0427244082 -0.0944782123 -0.0444484875 -0.0813540295 -0.0540178828 -0.0479851849 0.0151613466 -0.0549624451 -0.0581241623 -0.0116808424 -0.00895095617 -0.0624963045 -0.0779623985 0.077009894 -0.0433860831 0.00139819901 -0.1022816 -0.0582777932 -0.100346729 -0.00247047492 0.0114863664 0.016187666 -0.00387213356 -0.0719375461 0.0145763084 0.0396639407 -0.0372201018 -0.0983335152 -0.0580704734 0.048332531 0.0289901271 -0.0641016141 -0.0400704071 0.035268791 -0.0592593849 -0.0456582978 0.0277811028 -0.0238937642 -0.0426142737 0.0353830233 -0.0139597943 -0.110855065 -0.109700888 -0.0924733803 -0.0871416405 -0.0350299701 0.0182401855 0.0143548874 0.0320834331 0.00591531908 -0.039278686 -0.0639473945 -0.0297755618 0.0494573489 -0.0805762187 -0.104041465 -0.0572219007 0.0390049852 0.0333525017 -0.0749658272 -0.00311169308 -0.0346364528 0.0254120845 -0.0402543806 -0.0823346972 0.0513372272 -0.0806370527 0.00454339152 -0.0110845659 -0.0485407002 -0.0411572494 0.0407690182 0.0274568088 -0.0722786039 0.0848451033 0.0199215021 -0.0450611748 -0.0109679475 -0.0981281176 -0.0870916471 -0.0202126391 -0.110820495 -0.116538249 0.0158704333 -0.0722870678 0.045351252 -0.0831572264 -0.106254086 -0.0635013431 -0.0364860371 -0.106388912 0.0552622341 -0.0955319852 -0.0444789045 -0.00706794998 -0.0253893938 -0.0880324319 -0.00828973949 -0.11380323 -0.00727158971 -0.0948085561 -0.0587516762 -0.0688304752 0.0543894395 -0.0197258666 -0.0673320517 -0.0144457212 -0.112137146 -0.00850661099 -0.0304156505 -0.0388540216
-0.0459143259 -0.145806372 -0.00755304238 0.502367914 -0.0328486897 0.211200312 0.0891159698 -0.0608573146 0.0677404553 -0.0859789699 -0.313883573 0.326577783 -0.137918651 0.189870968 0.289312154 0.446499527 0.379814953 0.351509184 0.0853582546 0.0521793328 0.39085415 0.434644133 0.426283956 -0.304779172 0.146618262 0.273230582 -0.262567878 -0.410314113 -0.0104906037 0.199047729 0.0313614793 -0.18270576 -0.229786932 -0.446016222 -0.266786724 0.476203859 0.0685294569 0.367799252 0.43121022 -0.448529512 -0.232571319 0.367541611 0.389434874 -0.0104825199 -0.0890053138 0.357795447 0.48466602 0.240844712 -0.0382202677 -0.286422849 0.305716276 0.120066494 0.146037295 -0.120534949 0.0942003056 -0.0597464181 0.199313581 0.414640248 -0.138589099 0.502852678 -0.216951236 0.00384521578 -0.18733646 -0.27628088 0.286546439 0.238764778 0.209930047 -0.0919921398 0.43828845 0.395487785 -0.0219839644 -0.287313253 0.547189116 0.16968669 0.371105552 -0.027389586 0.0476831198 0.1111416 0.173591703 -0.248553589 -0.053068202 0.353205591 -0.294305205 0.205876455 0.0789508149 -0.285111725 0.394372314 0.0400587395 0.513953865 -0.476001829 -0.168004632 -0.0184851512 -0.0603911132 0.550101697 0.341867477 0.120283157 -0.26099363 -0.182091713 0.180258811 0.607974708 -0.465867847 0.105321869 0.628356278 -0.194214597 -0.303088963 0.625516951 -0.189108863 0.148225248 0.159351081 0.323759109 0.116261914 -0.181949139 0.119776234 0.0931758881 0.0138495974 0.417306662 0.297487378 -0.57337302 0.280807734 0.275872082 0.192571476 0.434439927 -0.189516187 0.503559947 0.295328975 -0.0655362904 -0.126203433 0.111987084
-0.0326628648 -0.298256606 0.00761801377 -0.101310059 0.613518119 0.354539245 -0.0260489471 0.0171336923 0.181414351 0.40952003 0.0871255845 -0.198899746 0.294748008 -0.100444563 0.125807285 -0.17034325 0.0461336635 0.0959339142 0.0878336951 0.161576346 0.0352408104 -0.162858769 -0.0653768182 -0.435113102 0.280780256 0.120330088 0.26701346 0.147029892 -0.0253747404 0.126318157 -0.0227595251 0.385453552 0.211628109 0.297555 0.384755462 -0.211920038 -0.0578259714 0.163891777 -0.269999802 0.472969115 0.114661261 -0.116517089 -0.119443849 0.0622956231 -0.207847878 -0.2663064 0.0725212023 -0.177389532 0.228101015 0.426921785 0.251111329 -0.396588176 0.138314322 0.144826129 0.181226745 0.201263472 0.468344212 -0.243594214 0.251769662 -0.126971498 0.301394612 0.304291874 0.376270503 0.0304363761 -0.277148694 0.0686874092 0.293441176 0.297127426 -0.31629771 -0.28528142 0.0980926752 -0.0865048841 -0.152912527 0.185684845 -0.286530346 0.0319985002 0.289661616 0.253078789 -0.259747535 0.101714991 0.28537941 0.0362790115 0.312877297 0.0113553097 0.128681138 0.239864111 -0.304314166 -0.0101910457 -0.366579175 0.032325875 0.0628508255 0.023244299 0.352933288 0.286854178 0.112862021 0.056418661 0.461234719 0.444251359 0.245117947 -0.407371402 0.402012348 -0.213769451 -0.32504797 0.402674973 0.329173774 -0.216321096 0.448624551 0.17221339 0.179762289 0.132838786 0.15649651 0.0300230682 0.139462247 0.306693882 0.676668406 -0.163868427 -0.142034352 0.727282166 0.134442374 0.263286859 0.212030068 -0.404685646 0.342302829 -0.309228778 0.0933172405 0.0813897923 0.305230021 0.292500108
-0.0122741777 -0.0047847922 -0.0700638667 -0.00512227137 0.0386133604 -0.0242624953 0.0119569227 -0.0463200845 0.0565244965 -0.0958404765 -0.0224589426 0.0635662004 -0.0383045673 -0.0599191748 -0.030067116 -0.0761734098 -0.053012982 0.036250852 0.0188638307 0.0344266184 -0.0904886723 0.0129581755 -0.0538205691 -0.0679673478 -0.0549576879 0.0543518402 -0.0842552111 -0.0585604087 -0.0772625133 0.0476639494 0.0809043422 -0.00219894969 0.0604431443 -0.00564739062 -0.00693930779 0.0663212538 0.0610017292 0.0709063634 0.057326138 0.0562046245 0.0345027372 -0.0561629459 -0.0582839251 0.00539170951 -0.0459357612 -0.0728590116 0.0283180885 0.06882108 -0.0700324029 -0.0813569054 0.0368453078 -0.0926413983 -0.0920343399 0.0159995873 -0.084119454 0.0198284071 -0.0579853244 4.23695856e-05 -0.0985060185 0.07056842 -0.0213117283 0.0718243867 -0.0197165962 0.0114411553 0.0225174651 -0.0603008084 -0.0456042849 -0.0120213712 0.0626378953 -0.0118938927 0.054840602 0.0665145367 0.0221272837 -0.0954912677 -0.0403136387 -0.0863331184 -0.098623611 -0.0163394548 0.0730325878 0.0478008874 0.00202280213 -0.0707673952 -0.0727776736 -0.0496330261 0.0130661735 -0.0127188489 -0.0750193149 0.0428394601 -0.0917839408 -0.00088855403 -0.039377071 0.0866392329 -0.0936956555 0.0425149985 -0.0228212867 -0.080866307 -0.0383226126 -0.0220548753 -0.020562999 0.0133205587 0.0626455843 0.000366078748 0.0459204502 -0.0693221614 -0.057824254 -0.0817129165 0.00966143236 0.0668075308 -0.0884086192 -0.0334197208 -0.0404886268 -0.0671356395 -0.0776953027 0.0426372997 -0.0550083369 -0.0603440404 -0.0283621177 -0.0821003392 0.067468062 0.00316514401 -0.0381269865 0.0162444841 0.0441100895 -0.0213825274 0.0246269908 -0.0821450278 0.0585055128 0.0477569513
-0.0222548414 -0.176652461 0.0341897309 0.215210363 -0.067515254 -0.394929141 0.235994399 0.00914910901 -0.0185835268 -0.195844606 0.0237810463 0.365855604 -0.142666593 0.194080397 0.0258454401 0.407485038 0.0457934774 0.0746283755 -0.0920393318 -0.218827695 0.203322142 0.328775615 0.0307672881 0.48004961 -0.0363532715 -0.064335607 -0.0131039405 0.149529502 0.0577721521 -0.0313272662 0.0265627876 -0.220175311 -0.00909989607 -0.107730187 -0.420649409 0.415757775 0.122816145 -0.0765915811 0.210421026 -0.165140018 -0.0877479836 0.22958912 0.0282772351 0.0761871114 0.418525964 0.277652293 -0.208316937 0.348303616 0.0482450016 -0.372929096 -0.0715852901 0.449558198 0.0355304368 0.0147899706 -0.129056498 -0.0142235784 -0.165788814 0.442498714 0.315408021 0.190794483 -0.210324958 -0.137543499 -0.0953226611 0.00805318821 0.388454646 0.0754188672 0.0827375725 0.101850457 0.354323208 0.330928832 -0.0909214243 0.18030335 0.24924098 0.0617562011 0.349881828 0.316176355 -0.00459545059 -0.212560713 0.260299802 0.190904304 -0.189257562 0.0343214944 -0.286524653 0.0746261701 0.0678612664 0.0811140463 0.205331251 5.0522387e-05 0.279325336 0.196062461 0.111841574 -0.0493208431 -0.186619267 -0.048608698 0.173775181 0.0119634122 -0.269665241 -0.0855133384 -0.173372254 0.254434645 -0.275221974 0.214900643 0.205096051 -0.168184504 -0.0224268474 0.252408445 -0.204949886 0.0394168273 -0.0114936735 0.170149997 0.27565521 -0.0821142793 0.0281513929 -0.0511345901 -1.87799203 0.352218449 0.357541442 -0.438772529 -0.0600168519 -0.0121047525 -0.00764029939 0.388069361 -0.335486412 0.462046504 0.0549690053 0.0127632841 -0.0508353524 -0.115304366
-0.0495756641 -0.129028141 0.0759036615 0.0767155439 -0.0257006213 -0.28184393 0.236553803 -0.0954676419 0.0808850452 0.0200796798 -0.237578943 0.037153516 0.077998817 0.206763238 0.116067015 0.343497127 0.273713559 0.202088013 0.0322078094 -0.138280019 0.131468326 0.204150334 0.267792493 0.0506586805 0.0904917866 0.128386632 -0.120834813 -0.0872612819 -0.0530118421 0.183908552 -0.0185068715 -0.16009815 -0.00366436783 -0.20121786 -0.24491173 0.203857988 0.139203593 0.374798089 0.231035307 -0.070180811 0.0425168462 0.0798763484 0.248528138 -0.0855615363 -0.0110852653 0.207786143 0.287972242 0.0820796788 -0.341925055 -0.15054588 0.222472548 -0.131795913 0.215332106 -0.0874330774 0.0537996888 0.0828965977 -0.0554862842 0.256345391 -0.0592953078 0.240038067 -0.101642415 -0.0631011054 -0.0905910954 -0.232972533 0.18680954 0.268713355 0.0702119395 -0.137771219 0.109156922 0.207958028 0.00399344973 0.0272243302 0.171797782 0.265444428 0.103784598 0.00977773406 0.0277250856 0.12319497 0.178920969 0.106074661 0.0191286374 0.0778389648 -0.154498801 0.215156645 0.0113744838 -0.177982509 0.221647665 0.0748189613 0.212639138 -0.107719988 0.0234424323 0.0733987764 0.0514226332 0.290995568 0.136123151 0.0806295946 -0.181581736 0.00617352407 0.211795911 0.317973435 -0.208486691 0.0935719609 0.538535476 -0.0597472414 0.00444002775 0.280927479 -0.0954191014 0.0744538829 0.191199988 0.168342516 -0.0270113442 -0.0160404351 0.295640916 0.225837782 -0.174603671 0.3110511 0.237311974 -0.360003501 0.0915249735 0.168222561 0.0164597891 0.244288549 -0.0391597897 0.305370092 0.267363578 -0.0115266219 -0.507704914 0.211976573
0.0771731585 -0.624336302 0.00612004381 0.241635859 0.547748566 -0.571704984 -0.301385492 -0.071285069 0.060005676 0.0169717167 -0.920733154 -0.0459997915 0.0563059635 -0.395097554 0.259042084 -0.0101455869 0.0962918624 0.255358607 -0.118537709 -0.169488236 0.138469502 0.0764616802 0.24093388 -0.00171115226 0.217263535 0.25297305 -0.151992247 -0.616554677 -0.00190220028 0.179941103 -0.00191503274 -0.53957969 -0.669082582 0.112659827 0.121274643 0.0236228276 -0.177280933 0.491998702 0.0777495131 -0.151514128 -0.499872684 -0.205787167 -0.131124616 0.0509040728 -0.410156578 -0.0526256077 0.187862188 -0.0335084423 0.08338736 -0.278729767 0.25896579 -0.228336856 0.0478026345 -0.226763546 0.132622525 0.0255137738 0.199232399 -0.0997327939 -0.163685188 -0.030668918 0.139145061 0.00493326737 0.0990612134 -0.373228699 0.136432186 -0.0723141357 0.033014521 -0.622004986 -0.241626605 -0.0149378264 0.228817552 -0.194472015 0.0800999403 0.0263177771 0.00498964963 -0.461308628 0.0443658084 0.138798386 -0.192201585 0.0900372192 0.212204188 0.108330242 -0.0375785157 -0.210890681 -0.0611725301 -0.325144708 0.00979931839 0.0194369033 -0.0211646222 -0.219496667 -0.395345688 -0.0221647844 0.287659883 0.622752011 0.677548647 -0.13416788 -0.390147626 0.187198803 0.296989799 0.196587935 0.402742803 -0.148607016 0.211067751 0.10164462 -0.266071707 0.421659738 0.154056534 0.0178609248 0.418082595 0.352079362 0.643837929 -0.27022019 0.141406417 0.303314507 -0.231470153 0.0923148394 -0.113074772 0.520086586 0.11865402 0.0941771716 0.0616151877 -0.108500935 0.196669757 -0.0700519979 0.246117398 -0.0321994126 -0.315982163 0.0796965584
-0.0126282051 -0.0483696945 -0.0344862789 -0.0434853137 0.0520566516 -0.0133985057 0.0657823458 -0.0619641803 0.0310584456 -0.0976046398 -0.0429127403 -0.0437633209 -0.0973313525 -0.0659753606 -0.071685195 -0.00703586312 -0.0437664539 -0.0974269286 -0.00139269501 0.0260924082 0.00781571399 0.0577829815 4.80857852e-05 0.0735782608 -0.0218290277 -0.0177566726 -0.0405735411 -0.0457499623 -0.0340329893 0.00530592911 -0.0423677191 0.0102787176 -0.0876995772 -0.0282189343 -0.031700734 -0.0528070256 0.0580442101 -0.0769507214 0.0273882858 -0.0797118023 0.0466884002 0.0682243928 -0.0285609905 -0.00650311261 -0.00755958213 0.0366882347 -0.00661282986 -0.0293897707 0.0721528158 0.0546569973 -0.0116330972 -0.0237447545 0.0377325229 -0.0518250205 -0.068184875 -0.0656392723 -0.00870763976 -0.0434757993 0.041471228 0.0622715428 -0.0701729506 -0.0486269705 0.0463448428 -0.0659096688 0.0466271713 -0.00359970913 0.0479376987 0.0448361263 -0.0672484934 -0.0724000186 0.0325174704 -0.0607217476 -0.00226615532 0.0123666525 -0.0808618888 0.00326089654 0.0445455909 -0.0139201814 -0.0535781905 0.0638394728 0.0641814396 0.0176593531 -0.0767927617 0.0277849808 0.00988401473 -0.0752199143 -0.0713630542 -0.0366473682 0.0740612522 0.00466536125 -0.00929464586 0.0407365337 -0.0664377064 -0.0323978961 0.00502040423 0.0620692745 -0.0291331131 -0.000429485284 -0.0894437283 -0.0850820094 0.000819852459 -0.00757068815 0.091781579 -0.00890667085 0.0567692928 -0.0260231979 -0.044328317 -0.0208053757 -0.053010121 -0.00499686785 -0.0822805017 -0.00120700663 -0.00643188739 0.01621815 0.0748705491 0.0252487268 0.0256296266 -0.0740715712 -0.0430119634 -0.046331685 -0.0866815299 0.0592372157 0.068552956 0.0828444064 0.0634934381 -0.0485507362 -0.0436543785 -0.0399888717
-0.0479757525 0.216674194 -0.0820271298 0.1693874 0.0599609837 -0.0916977897 0.142801777 -0.0733231306 -0.0914701298 0.205101162 -0.0758858696 0.253951401 0.0322271921 -0.0053273323 0.00125857862 0.095888555 -0.181649506 -0.318409622 -0.20935303 -0.389338642 -0.224107876 0.171688199 -0.201084569 0.20422554 -0.0360275954 -0.0188546721 0.339079231 0.121958233 -0.0397378169 -0.035464704 0.0471897833 0.127852455 0.167490944 0.186432764 -0.0774964467 0.475638688 0.118388273 -0.258423209 0.405266374 0.082018517 0.223392367 0.114999823 0.245257974 -0.075515382 -0.212825358 0.237720773 0.33646822 0.23930575 -0.258978397 -0.0917216912 0.0147140222 -0.105543964 -0.151752532 0.0167006981 -0.230788589 0.0517811738 -0.245102793 0.0204065237 0.207291588 0.131632254 -0.113520756 -0.198672935 -0.134724379 0.243729219 0.213410079 0.0568179749 0.0497778058 0.0848047063 0.272948354 0.159653306 -0.0980152562 0.112493321 0.16698578 0.0789231658 0.406257749 -0.00191662717 0.0306322686 0.0158625282 0.29123491 0.0908078924 0.171884641 -0.15783231 0.0934238508 -0.060454797 0.0055914307 0.116243899 0.260546744 -0.0508716144 0.286453128 0.27209872 0.106232025 -0.0397198424 0.110995747 -0.0769418329 0.275112718 -0.0618968569 -0.0679096878 0.0403433479 0.068369545 0.470462233 0.141356289 0.158955708 -0.106154256 -0.0249731019 0.0806402117 0.492969841 0.195847735 0.0769913867 -0.0635384694 -0.180254206 0.105844066 0.158786774 -0.0393189304 -0.217477486 -0.118047044 0.118984297 -0.00597523851 0.231700242 -0.0838107243 -0.107810736 -0.251880854 0.308327675 -0.0345556401 0.242492035 -0.295822293 0.0389297232 -0.661919355 0.182784185
-0.00980038196 0.10293068 -0.0443893559 0.080016993 0.203911126 -0.104207672 0.326835513 0.0651210546 0.272765279 0.0602417067 -0.153991371 -0.145454705 0.143050686 -0.155586451 0.314398527 -0.0721606538 0.219828218 0.330646306 0.33867383 0.286869645 0.290088803 0.00481443992 0.307402194 -0.412623316 0.313607872 0.383541375 -0.233679041 -0.286765575 0.0200601518 0.210609943 -0.0130244121 -0.0831729025 -0.175644964 -0.312104434 0.0576640293 0.028493179 -0.143382594 0.451438129 -0.0699706525 -0.0867601186 -0.149886414 0.0247110073 0.199312121 -0.00813154131 -0.197450668 0.0287491139 0.104553059 -0.108013742 -0.266085029 0.0843984857 0.381430835 -0.186349601 0.365104705 -0.103183486 0.292626679 0.100066282 0.162518263 0.162339628 -0.360122174 0.184441894 -0.0861145407 0.286624521 0.088552013 -0.337785542 -0.0521912873 0.487796962 0.134323403 0.085754402 -0.0291212667 0.119746238 0.0301327296 -0.297895133 0.240254596 0.370739877 -0.148511857 0.1293405 0.232080206 0.300224066 0.0532716438 -0.216980249 0.0239226669 0.433502585 -0.0670189187 0.215910107 0.00957333297 -0.235679686 -0.0728938505 -0.00731725246 0.0202692878 -0.356324852 -0.284824431 -0.0316392891 0.0213098992 0.681163907 -0.14042753 0.131701037 -0.0316748545 0.11343921 0.157125354 0.111753993 0.0794209018 -0.096912913 0.322416991 0.0583067536 -0.217568994 0.0248762202 -0.121644981 0.123978235 0.213273689 0.45944494 -0.131744087 -0.245860949 0.334396899 0.455645859 0.6145311 0.0749311671 0.0556552187 -0.239303723 0.324856669 0.309491932 0.314798266 0.0192902219 -0.053106565 -0.0389987379 0.483635336 0.0046409443 -0.161423698 0.153372526
0.0544254482 -0.189527228 0.00303716282 0.144172624 0.358456939 -0.268100768 0.329666913 0.0172106046 0.22430715 0.231751487 -0.349457294 -0.0518461578 0.209464327 -0.169742122 0.491586149 -0.142653048 0.0978286117 0.531437218 0.384298116 0.138703182 0.197218567 0.00139702274 0.386655271 -0.474359632 0.332559735 0.357555896 -0.325900614 -0.519738257 0.0213196799 0.441246063 0.00531216664 -0.194254085 -0.516656041 -0.11881049 0.409019321 -0.0902365595 -0.151239321 0.538424313 -0.14628914 -0.327167213 -0.486497372 -0.0657377839 0.371271491 0.0598837361 -0.350863725 -0.233894274 0.149877682 -0.193553656 -0.23643969 0.110406682 0.394141465 -0.342347831 0.457156539 -0.235437065 0.144168422 0.275800765 0.281055272 -0.169503778 -0.324562818 0.201073334 0.258092821 0.325146198 0.236830339 -0.560165167 -0.0227223728 0.381399006 0.124091126 -0.0896351337 -0.227325603 -0.019209763 -0.0133409658 -0.549979389 0.234293029 0.281380743 -0.0406165086 -0.105413049 0.239916772 0.253016204 0.0186293423 -0.212016582 0.154000655 0.392604113 0.104452007 0.329384208 -0.0991802961 -0.455351472 0.0170193594 0.0288785547 -0.172965288 -0.393981218 -0.262496322 -0.0517247729 0.137632236 0.693672001 0.149976268 0.0913726017 -0.10896074 0.0995358378 0.281911612 0.200244561 0.316367358 -0.192958236 0.486928761 0.0568804555 -0.116358727 0.00769615779 0.14924705 0.154486671 0.357200116 0.479755938 0.135251403 -0.442444682 0.511909008 0.643450737 -0.200602204 -0.134437501 -0.0959103405 0.0411080718 0.355352551 0.22590147 0.257930905 -0.0542817041 0.142776519 -0.0824232325 0.502198517 -0.0693322495 -0.350354493 0.318788737
-0.0320557579 0.401308566 0.0379431881 0.0286141913 -0.116764389 -0.439024001 0.168143898 0.0194566678 -0.0667521954 -0.0345363133 0.310616255 0.0986654237 0.157370001 -0.0638666004 0.0584905818 0.0874619856 0.0262252837 -0.189093739 -0.317708313 -0.241669282 -0.233985707 0.000285186572 -0.0691125542 0.610272467 0.0104446886 -0.0979572833 0.201926768 0.0718851313 -0.0386089869 -0.100517407 0.0272904746 0.0270310976 -0.00683822716 0.0771308318 0.0109397713 0.256631047 0.15759851 -0.278015614 0.234863952 0.0544929653 0.206488401 0.193241104 0.163493887 -0.0742709413 0.0326320864 0.17455326 0.0880265534 0.211297289 -0.262322545 -0.104408406 -0.118070588 0.341111779 -0.0397566222 0.119509004 -0.254096895 0.0885145366 -0.327782571 0.11520192 0.116482452 0.225779697 0.0771056488 -0.17411299 0.00567262527 0.150573209 0.0221682377 -0.0170490295 -0.049333781 0.121778466 0.203407615 0.0351178199 0.118567221 0.201016098 0.184887499 -0.0183007549 0.173840657 0.0975812227 -0.0303335413 0.124059103 0.263066173 0.242484465 -0.0168494545 -0.0326726548 0.155196398 -0.164836854 0.0764469951 0.125774592 0.328316182 -0.0849000216 0.266124517 0.292213351 0.125215098 -0.0161950141 0.0562665202 -0.217075676 -0.0729410276 -0.0625957623 -0.0592581928 -0.0557499789 -0.19991298 0.280194461 0.214726582 0.0959531888 -0.170188218 0.0643450618 0.193656266 0.188386217 0.107140176 0.0280689299 -0.143644378 -0.00306632672 -0.175130084 0.28846392 0.0799463838 -0.0694779754 -0.111658446 0.0435430817 0.147617683 0.120064713 0.0463252291 0.0119653465 -0.0637973025 0.320667088 -0.148067221 0.228535101 -0.0415492654 -0.00744922459 -0.790221989 0.0383754298
0.00765858917 -0.0770529881 0.0190134086 8.55944236e-05 -0.0113193681 0.0314004719 0.047415562 0.0714292973 -0.0943007246 -0.0208376888 0.0397071578 0.0450967401 -0.0818950608 -0.0136029571 -0.0180700123 -0.01463186 0.0267977603 0.0466184467 -0.0883577466 0.0300664827 -0.0605219901 0.0324788876 -0.0152540943 0.00138041063 -0.023416454 0.0577429943 -0.0713781565 0.0253091957 0.0860175267 -0.0207927488 0.0127838198 -0.0592807792 -0.0537716113 -0.0611859225 0.0412363112 0.0431628563 -0.0246359929 -0.0168783646 -0.0779108182 0.0507429913 0.0250650104 -0.0162106995 -0.0692503154 0.044342421 -0.070839718 0.0439431369 -0.0840386972 0.0173366535 -0.0730299726 0.025377078 0.0746397376 0.0762609988 -0.0762352124 -0.0347147435 0.00444665644 -0.040105585 -0.0062570069 0.0543847829 -0.0797404647 -0.0827688873 -0.0787464827 0.0124368519 -0.0260336809 0.0100373086 -0.06258858 -0.0411805809 -0.0531919226 0.0207580924 0.0727982596 -0.0899096057 0.0350983739 0.0451498181 -0.0750459358 -0.0655270815 0.0550859235 -0.0459087417 0.0353197083 -0.00406915508 -0.0916635469 0.0337796882 -0.0037814267 -0.0672279373 0.0270915851 -0.0237140097 -0.0634911284 -0.0202449057 -0.0866340846 -0.0821238086 -0.0156116681 -0.0673841983 0.0173071567 0.0597989783 -0.0229752976 -0.0747189671 -0.0935308561 0.0332003869 -0.00816474762 -0.0791410655 -0.0520591587 0.0134878354 0.00964851398 0.0293730609 0.0810117647 -0.035378553 -0.0406100899 -0.100255571 0.0673940927 -0.0209318232 -0.038568262 -0.0211680047 -0.050471887 -0.00542960549 0.0768157467 0.0361838788 0.0219015703 -0.0519798771 0.0348340273 0.0879510567 -0.0885439515 -0.061903771 0.0803738907 0.0552448221 0.0104496526 0.0743134171 -0.00935183279 0.0208830237 0.0328530446 0.0687525943
-0.0663686097 0.391053557 0.0425077528 -0.0965713784 -0.17786628 1.03799796 -0.354824752 0.0426969007 0.180255473 0.0130986283 -0.00372737925 0.0933640227 -0.0184616894 0.221170336 -0.0702650994 0.168073401 0.280310303 0.40327245 0.31166774 1.16079247 0.0647404715 0.127867922 0.0585942306 -0.590232372 0.0829182938 0.0681230202 -0.432665914 -0.119512372 7.42971897e-05 0.0751705244 -0.0267024618 0.23304373 0.178577304 -0.441950917 0.0205423441 0.0277782138 0.118509375 0.226836994 0.100182094 -0.180526927 -0.147812888 -0.0187244061 -0.0544511713 -0.0275639221 0.0227335524 0.0455665067 0.00763737783 0.0543354526 0.0777789205 0.0761627257 0.135544032 -0.00877641048 0.260510057 -0.134599283 0.243148863 0.128706023 0.151301116 0.0547865741 -0.41057992 0.051984001 -0.0406313613 0.237830982 0.0578843839 -0.256834149 0.00167850591 0.114219762 -0.117044702 -0.269329846 0.044316452 0.177662879 0.118917674 -0.58652246 -0.0213625841 0.0278181024 -0.100050822 -0.0477780513 0.0190541558 0.170703709 -0.0670657381 -0.542199492 -0.00121848111 0.168400511 -0.0201153625 -0.00887099374 0.127703309 -0.416701436 0.0699343607 0.0630526468 -0.0627910942 -0.0309913289 0.00624622824 -0.0215180963 -0.00739310263 0.159948066 -0.339261621 0.093122527 0.212632686 -0.0320066884 0.130116701 -0.236270785 -0.274304748 0.138610289 0.208432317 0.0369628966 -0.0162370577 -0.0187800936 -0.0998033881 -0.0257363599 -0.0706005543 0.0822108164 -0.0376962237 -0.427124113 0.0925683826 0.0910047144 0.868769646 0.0907294378 0.209700644 -0.665200233 -0.0406090282 0.190387934 0.275056183 0.116172805 0.0624368191 0.0136996955 0.177260622 -0.0657351911 0.949681044 -0.0954777896
0.0483793207 -0.244327217 0.0505938791 -0.194366693 -0.0308619551 1.0371244 -0.381122679 0.0284851808 0.0359896757 0.094840914 0.167883426 -0.0128447032 0.141676068 0.134049788 0.0668051317 -0.0432535559 -0.12645112 0.259824902 0.0857732818 0.425432384 0.106603518 -0.128008276 0.0357750095 0.0726977438 0.104082718 -0.0079751052 0.0584712103 0.184706554 0.0448574945 0.119052477 -0.00154876232 0.0758920908 0.202423111 0.328509241 0.333661884 -0.028467657 -0.00108409917 -0.00466886628 -0.203734666 0.139403865 0.168741345 -0.0306156799 -0.241205916 0.016213648 0.129764125 -0.0553991497 -0.281579554 -0.172153413 0.295258939 0.138723493 0.0191714987 0.226966828 0.0179325044 0.279206514 0.210109919 0.134454936 0.22735849 -0.0649206713 0.206713215 -0.150637597 0.305737793 0.175821513 0.215467066 0.0562062822 -0.0891964883 -0.265828282 0.196132749 -0.0334845223 -0.206342384 -0.151404917 -0.166107014 0.0902210474 -0.24653855 -0.304302186 -0.261480004 0.160596073 0.104013912 0.115143813 0.0232359245 -0.0466753952 0.116234668 -0.0169181265 0.207103774 0.0534508377 0.170010149 0.193704113 0.00407694792 0.086713098 -0.154369563 0.146807298 0.168780953 0.0452288464 0.178099155 -0.0970396325 -0.16930674 0.138155892 0.13409479 0.163223386 -0.0377746299 -0.316124856 0.11254295 -0.0810004622 -0.217890978 0.290064514 0.357267618 -0.259572059 0.238615185 0.181713283 0.00835448876 -0.0390486009 -0.408577532 0.0658351332 0.0470891483 0.0174075868 0.267116547 -0.0533758961 -0.00739241019 0.149834111 -0.000509442063 0.161562234 0.156167552 -0.184997678 0.252010494 -0.188714102 0.0525901727 -0.00371070206 0.79681778 0.0598984845
-0.0771406814 0.19972834 -0.0186847523 0.0628587008 -0.124605544 -0.267727971 -0.253839046 0.0665884241 0.0249440987 -0.134284824 0.13055934 0.0103673926 0.121439874 0.0356328599 -0.139072686 0.0489851236 0.00675525516 0.0282493476 0.046323292 -0.426446289 -0.0913835689 -0.0513800122 0.152633786 -0.0588001981 0.0845086575 0.0780616924 0.00973334629 -0.0457962044 0.0793211833 0.0173616465 0.00306818145 -0.0301479399 0.0303454176 -0.169251114 -0.031783592 0.10051205 -0.0603836961 0.086628966 0.0948192105 0.0106940316 -0.0112334955 0.170969054 -0.0291772969 -0.000398501754 -0.000316680263 0.0150587531 0.0948093832 1.59143819e-05 -0.0715811029 -0.0817286819 0.0416583866 -0.0389534943 -0.0267685968 0.00751141924 0.10262166 0.0447083488 -0.101304382 -0.0861644819 -0.091426149 -0.0309494846 -0.167454883 0.0151705751 0.0406148992 0.0941472352 0.0216927603 -0.0505056232 -0.0589059032 -0.0530496612 0.122088335 0.0134918187 0.282274723 0.0257562362 0.229043886 0.152263388 -0.0286138989 -0.143687963 -0.0291786138 0.0746614039 0.161000624 0.0679187104 0.186912283 0.10155414 -0.121887453 -0.148061454 0.0860936493 0.0706640556 -0.014990571 -0.0409374125 -0.0769369453 -0.197661191 -0.0281353965 -0.045973327 0.0750626698 0.111746885 0.365325332 0.132674754 -0.0299573578 -0.0751244873 0.0134259034 -0.0842614472 0.0238037687 0.0973623097 -0.0918314829 0.0929567888 -0.0301829465 -0.0193914492 -0.107531577 -0.130913138 0.0369466469 0.0818537995 0.347418487 -0.00143456017 0.0977550596 -0.0216278397 -0.741430402 -0.0973289534 0.0240063127 0.00223273574 0.00900540408 -0.048273053 0.0406352393 -0.00466904137 0.0337105542 0.0719280019 -0.00512864674 -0.011694178 -0.427641243 -0.0379516743
-0.0771817863 0.361872375 -0.031685207 0.0791086704 -0.109492086 -0.40890485 0.0282499027 -0.055584535 0.124553613 -0.0162394457 0.0652686208 0.0904726982 -0.0257567838 -0.100395769 -0.129501045 0.0400994793 0.133122012 -0.277130961 0.0580963492 -0.347616434 -0.211595893 -0.000576034538 0.00951511133 0.0244823098 0.0861731991 0.0639558434 0.041793339 0.173388004 -0.0466871075 -0.105809107 0.0629972443 0.0424774587 -0.0943378955 -0.101279624 -0.0141341947 0.0939434543 0.0737525225 -0.156639159 0.162017941 0.10910593 0.0582030043 0.027047785 0.0486024469 0.0523649827 0.0385013074 0.105781615 0.306984842 0.0721128061 -0.301648468 -0.0297218319 0.0404471233 -0.210977167 0.00170986867 0.0766150802 -0.0777231008 0.0611726828 -0.259241581 0.074557662 0.0985140502 -0.177392319 0.00473261718 0.0188430361 0.0608936176 0.232406646 0.0112100802 0.111585699 0.0233257245 0.264253259 0.175936759 0.167310014 0.277528286 0.0111533059 -0.0750644803 0.00790036097 0.132524714 0.0234619118 -0.0596402325 0.0889537185 0.241644099 0.0972899422 0.237045541 -0.0875146538 -0.0077293762 -0.121682301 -0.0630617738 0.104844049 0.141031638 0.0759805068 -0.0839972571 -0.161439478 -0.0374106877 -0.0158756077 0.0360357538 -0.234980002 0.343524545 0.0359232984 0.0517504066 -0.00488222251 0.181520522 0.0290561933 0.0616073534 0.0186299868 -0.0459109135 -0.0385939628 -0.0266558062 0.29545477 0.0929689184 -0.0253996756 -0.00118415535 -0.167071611 0.406049967 -0.14059262 -0.0223089512 -0.158691153 -0.213733315 0.0183017273 0.0788005814 0.0993171856 0.0586734898 -0.0472030044 -0.0593479462 0.166135535 0.0709354877 0.0372733921 -0.0411492325 0.0376239046 -0.710805833 0.14831835
0.0820698515 -0.192625567 0.0617106594 -0.0501296706 0.340540171 -0.574658751 0.612787843 -0.0746472701 0.133773029 0.159427449 -0.266430855 0.0493398644 0.197151572 -0.523849905 0.306133002 -0.0316675268 0.0835628137 -0.0134618413 0.0580220781 -0.573400259 0.0471790805 0.187061265 0.0927409232 -0.0371665768 0.260189712 0.23248814 -0.138654128 -0.189004436 0.0666237101 0.310297877 0.0593210608 -0.265846074 -0.370726377 0.133909389 0.133190736 -0.108187459 -0.0733323097 0.232189432 0.142168269 -0.294709682 -0.21843712 -0.194091022 -0.0426707827 -0.0596995875 -0.2552163 0.101050146 0.368759215 0.117849328 -0.0444200002 -0.304085195 0.174428001 0.228560448 0.271425992 -0.18903552 0.0817586184 0.118337616 0.250582814 0.0712703839 0.156002894 0.159482315 0.115469553 -0.015008484 -0.00612623757 0.0162466839 -0.0266532879 0.100645386 0.168483064 -0.227640271 0.064924553 0.111162633 -0.142074242 -0.0326279849 -0.0802296773 0.106749147 0.143241212 -0.161578819 0.067751132 0.136180043 -0.18672967 0.0479378067 0.0225255024 -0.00974272192 -0.0539949983 -0.169424161 -0.224087238 -0.184701055 0.0175130628 -0.0184172541 0.1249502 -0.306842327 -0.0139217675 0.0338244587 0.316295356 0.225700453 0.723630905 0.0240910668 -0.126672715 0.0611270182 0.191349328 0.28446418 0.0404086523 0.0285010412 0.120808527 0.128193885 -0.078413628 0.201451451 0.24541083 0.194497958 0.267653912 0.351890594 0.126872599 -0.366286576 0.26243341 0.180255905 -0.852191329 0.0822642669 -0.0781679749 0.274166971 0.222075015 0.125822917 0.0632022172 0.0367734283 0.189109564 0.103329629 0.23476848 0.0127919987 -1.00102782 0.26385814
0.0616760179 -0.422666073 -0.0776631609 0.203677744 0.0165211316 0.689231038 0.00747973844 0.0164984465 0.257816821 -0.110053003 -0.602884233 -0.092516236 -0.0400521569 0.015450337 0.0521716215 0.142778575 -0.0407426916 0.319822013 0.455991685 0.137680218 0.359440774 0.0329518318 0.221614897 -0.597612679 0.269709378 0.246219322 -0.491594791 -0.464161366 0.0239925459 0.165752187 0.0736462176 -0.306294233 -0.236934856 -0.134447947 0.0691879317 -0.112906918 -0.327149183 0.34071511 0.0265755169 -0.286208093 -0.347148091 0.0511219986 0.3968274 -0.0793570131 -0.336464614 -0.192619339 -0.170111716 -0.15838398 0.260987043 0.0872746632 0.22790803 -0.311502516 0.30114612 -0.179766491 0.186003461 0.140407115 0.330290556 -0.118152268 -0.458081633 0.0103393663 0.00821617153 0.245075628 0.157382756 -0.317541867 0.0275915116 0.385489762 0.00845511537 0.11752072 -0.0117118256 0.0672619119 0.332511663 -0.333484113 0.145228103 0.226152003 0.0489006862 -0.344414949 0.138669491 0.199281484 0.0340177715 -0.413561493 0.110155866 0.262220711 -0.178316861 0.430243552 -0.105588593 -0.499025375 -0.111505464 0.0117069185 -0.217074081 -0.265238047 -0.399962962 0.0561181232 0.00210767658 0.593384206 0.261860162 0.0755668953 -0.102851383 -0.00825822353 0.108696803 0.122448035 -0.0864498392 -0.123001546 0.416962087 -0.049053181 -0.314103812 0.218250319 -0.163543075 -0.0982731432 0.11175251 0.193942323 0.334855318 -0.189610839 0.175907344 0.527899384 0.425815225 -0.0502355546 0.0543950722 0.136061966 0.186985195 0.258162558 0.239370078 -0.145950764 0.0416682325 -0.0353510119 0.401754051 -0.0318739861 0.398506761 -0.0843409002
0.0826852769 0.166527107 0.0762828961 0.263123244 0.00439376896 0.198816642 -0.34304136 0.00453069946 0.145164803 0.140854582 0.359808177 0.243909046 0.0979581103 0.182612181 -0.0163239986 0.31257081 0.0481549427 -0.348288178 -0.205606252 -0.44725737 -0.0824523717 0.165664062 -0.00953513756 0.242605448 -0.0302236229 0.0410756059 0.198129773 0.317528158 -0.0183102563 -0.101902544 -0.0768853426 0.109981827 0.173288137 0.260073096 -0.125126705 0.326339751 0.281973451 -0.0554739088 0.327378541 0.0961314663 0.33096233 0.193126008 0.00139943534 0.0650062636 0.238010645 0.375340253 0.160028875 0.264684707 0.547590852 -0.104319386 -0.0177289937 0.25047186 -0.119619086 0.369437546 0.00332138129 -0.111923121 -0.015416842 0.210118413 0.166165441 0.0539042354 -0.0510430112 -0.217529133 -0.116607375 0.405273885 0.194856271 -0.139356688 0.126318231 -0.0936508849 0.303164154 0.181244582 0.0775059313 0.163103372 0.110702775 -0.110348277 0.255571038 0.125834852 -0.00244404259 -0.0662577674 0.0155884391 0.0641075596 0.11041268 -0.078113161 0.118237294 -0.112289354 0.312512398 0.2009397 0.152516127 0.0740876123 0.218361363 0.319121122 0.331237227 0.005383268 0.116609819 -0.285072178 -0.0846616328 0.0993675664 -0.113758825 0.0973631367 0.0315960832 0.16724053 -0.18583338 0.121208154 -0.102785893 0.196396589 0.33273536 0.132451817 0.192159951 0.215023965 0.0657415688 -0.0903342292 0.00817857962 -0.00317805633 -0.136119768 -0.282723844 -0.38991484 0.220037714 0.296638936 -0.0534314178 0.0785972103 -0.0586942546 -0.147082984 0.267435461 0.0308573376 0.365044266 -0.28454861 -0.0433822758 0.104525328 0.0240742173
0.0263880491 -0.0548484102 -0.034737464 -0.0698840618 -0.0118306465 0.0712063238 0.0373685285 0.0538795665 -0.0779563636 -0.0380028561 0.0323494971 -0.00841988623 0.0608138926 -0.0700125098 -0.0926044807 -0.0684046298 -0.0520916022 0.0542039685 -0.0386587568 -0.0511999577 -0.0112876603 0.0489829406 -0.0957109556 -0.0203404576 -0.040384993 -0.0646423474 -0.0267949328 -0.00830188394 -0.0785737187 0.0613748208 0.0282357335 0.00316759199 -0.000377602875 0.0065200855 0.0737653226 0.0101912459 0.0030534938 -0.0100353286 -0.0678721741 -0.0870447457 -0.0168749094 -0.0878148824 0.0286461785 -0.0494314246 0.01121521 0.0372588709 -0.0490189865 -0.0188946128 -0.0795219019 -0.0252152737 0.0640037805 0.0271290094 0.0525352992 -0.0533703007 -0.0865843147 -0.0403519496 -0.0444512703 0.0525819436 -0.0455932058 0.0491199642 -0.0756651014 0.0171383284 0.00397640094 0.0519204997 0.0581922606 -0.0759500265 0.0706951469 0.0216758996 0.0856057182 0.0366560146 -0.0833831802 0.0222965479 -0.0115724886 0.0345912129 -0.0349436663 -0.00175236166 -0.0784147754 -0.0225941092 -0.0547398739 0.0262158737 -0.0784111321 -0.00690632639 0.00286830147 -0.00546398433 0.0780891925 -0.0763143077 0.0543239117 -0.0880247578 -0.0368318558 -0.039567966 -0.0457123779 0.0284084603 -0.0442365967 -0.0263796598 0.0635817572 0.0185692273 0.0177822914 -0.032245554 0.0173122529 -0.0381017216 0.0138052944 -0.0762285665 -0.0855435878 0.0388651974 0.0407582 0.0557320341 -0.0494426712 -0.0214198921 -0.0620464906 -0.0582023971 -0.000676624477 -0.0170830339 0.044227466 0.0630822554 0.0630190596 -0.0277620442 -0.00617095735 -0.0318672433 0.00854420289 -0.0924720243 -0.0250702947 -0.00830177963 0.0120262522 0.0456228182 -0.0159292296 -0.0421011411 0.0793037638 -0.0272901431
-0.0164462999 -0.050703764 0.0341527015 0.0413477682 0.040339563 0.0127504766 -0.0612985641 0.0816850141 0.0515767671 0.049384024 0.0380778238 0.0063893008 0.0380867459 -0.0224690735 -0.0949236229 -0.00181880593 -0.0657049641 0.070419319 -0.0774230957 -0.0348913223 0.0157421883 0.0308427121 0.0800140202 0.0723640248 0.00680813054 0.0617943928 0.00410979241 -0.0396972187 0.00116632879 0.00433185231 0.00167594105 -0.00372896343 -0.0608002469 0.0255498849 0.0250073187 0.0445578173 -0.0403661951 0.0146066668 0.0573980436 -0.0494003035 -0.0311391857 0.0499805585 -0.0503827408 0.0158192068 -0.0210130513 -0.0304582715 -0.0890811607 0.0300996751 0.00316011906 -0.0756026506 -0.0213286281 0.00732562691 0.00820364431 -0.0798132941 -0.0164026786 0.0575906411 -0.079659313 -0.0702178627 0.0554713085 -0.0359640829 -0.0512953252 -0.0638976023 0.0146850729 0.0083816722 -0.00682608364 0.0280641317 0.0181628857 -0.0536711141 -0.00458552921 -0.0875289217 -0.0704599172 0.0362008214 0.00887362659 -0.0648159683 -0.057321474 0.0547411479 -0.0829895586 -0.0626300573 0.058983393 -0.075182274 -0.0590778887 0.0422659814 -0.0733538419 0.0130313067 0.0692486987 0.0110989511 -0.0546363406 -0.0578493923 -0.081177108 0.0472566709 -0.00234308094 -0.00179769844 -0.0625096336 -0.0683313161 -0.0251978599 0.0181214213 0.0554192141 0.0568555146 -0.0128888832 -0.0948115066 0.0532433167 -0.0436208174 0.00841441751 -0.0252075959 -0.0498324819 -0.038420856 -0.0231911223 -0.0782513991 -0.0619877428 -0.0198716149 0.0307170302 0.0877266899 0.0486715473 0.0505810305 -0.0038542226 0.0117916595 -0.0298540257 -0.0595739037 0.0595326647 0.0327156484 0.0679326952 0.0357498117 -0.061426986 -0.08007963 0.0790723637 -0.0639579892 -0.025291957 -0.0560242571
0.0333896726 0.246178418 -0.019466294 -0.0502724163 0.0773467347 -0.146435499 0.306389838 0.0348222479 -0.00711367 -0.114434525 -0.169251144 0.00107894721 0.0976895466 -0.146514699 0.0737471506 0.112576269 0.0882606208 0.251301885 -0.0469582379 0.00785678998 0.0792876109 0.156169072 0.254808456 0.0781583861 0.00774355559 0.0652624071 0.105446048 -0.00949172303 0.0670503303 0.106381558 -0.0349810161 -0.0446725264 -0.0542906299 -0.129005 -0.203187957 0.0114476802 -0.0486006774 0.275188208 0.208127663 -0.0416181199 -0.0610151663 -0.0404211245 0.138049915 0.0799413845 0.0340383425 0.0734642297 0.266718507 0.147532344 -0.184289426 -0.0191324931 0.0236863792 -0.062048614 0.0987277925 -0.0862954259 0.0193787161 0.0891796798 0.0455902554 0.144174233 -0.0382969938 0.249913231 -0.112073809 -0.0592029169 -0.0248183198 -0.154657885 0.125111327 0.171996221 0.0693801418 0.237941504 0.108582385 0.150029033 0.116157562 0.0448742732 0.239500731 0.201874495 -0.0675815046 0.157534555 0.0831439719 0.121350862 0.179640651 0.120658286 -0.0195927992 0.163417503 -0.0649989843 0.125006974 0.0220291335 -0.0645553023 0.0707495436 0.0734503642 0.134906769 0.119448379 -0.0660066158 -0.00411121547 0.00582544832 0.292386591 -0.148897991 -0.055441916 -0.201721862 0.0191016514 -0.0412527658 0.0688535944 0.0624147579 -0.169617295 0.390577346 -0.058883179 -0.176454753 -0.0882489905 -0.0173135679 -0.0127407359 0.127740711 0.118388109 -0.100254588 0.221522912 0.125186205 0.154725388 0.431979626 0.0787604228 0.05412478 -0.193225905 0.0497945249 0.108939692 0.0571920238 0.160614595 -0.17231372 0.109983891 0.0851636305 -0.0353151485 -0.837604821 0.138666749
-0.0347999036 0.0138866603 0.024717968 -0.034523908 0.0641073585 -0.0309778471 0.0192667916 -0.0300988592 -0.0339678302 0.0119691556 -0.110550687 0.0223655775 0.0113138165 -0.067274265 -0.0959575176 -0.0664637387 -0.00747743342 -0.0947279334 -0.0752673969 -0.0452510156 0.0358097106 0.00713754073 -0.130306095 -0.0647542775 -0.0876564384 0.0265278779 0.054717496 0.0237106588 0.0245238096 -0.109795645 -0.00503544416 0.0676501468 -0.0763961226 -0.0523980074 0.0261392966 -0.0650360659 -0.0805186406 -0.0936017111 -0.0945544094 -0.110948965 -0.0380228572 -0.0368427671 0.0438942052 -0.0444672517 -0.0441970453 -0.103653036 0.0502284989 -0.0241491348 -0.108250029 0.00983042922 0.00509258965 0.0161024649 0.0457526818 -0.050216198 -0.0162055176 0.0367290191 -0.0210400447 -0.0526613928 -0.0145426961 -0.0657825395 0.035983745 0.00116723985 0.0228627045 -0.00197254098 -0.0116475122 0.00249369908 -0.0840359554 -0.0115504889 -0.00500794686 -0.0988466516 0.0766078085 0.0422010683 -0.0647640303 -0.0730280951 -0.0182371624 -0.0747367069 0.00516651245 0.0224716607 -0.00229544681 -0.0218392927 -0.0776059255 -0.118529096 0.0115576508 0.0230675824 -0.0342301056 -0.0126663242 -0.077279143 0.00674349815 -0.0736871511 -0.0467831865 -0.0204697885 -0.0317090228 -0.08119867 -0.097934626 -0.0679148808 -0.0346611291 -0.0789688379 -0.0129991556 -0.0622448921 -0.00375084602 0.0250263494 -0.0522980019 -0.12373846 -0.0459739454 -0.10145285 -0.0283983089 -0.115519397 -0.0809120461 0.00776182115 -0.086564146 0.00842762459 0.0545497648 -0.11240828 -0.111589156 -0.0992643833 0.00388672785 0.0368291214 0.00313378358 -0.108328678 -0.0855403841 -0.0748783872 -0.124716423 0.00153737969 0.0274783336 0.0328349397 -0.080590032 0.00433359109 -0.0577646494
-0.083788082 0.0602302775 0.0383333899 -0.0181457475 -0.00424509775 -0.0669142306 0.0256927386 -0.0216529351 -0.0109915612 0.0622785874 -0.0557735786 0.0787638053 0.0338308252 -0.0647946671 -0.0703437477 -0.0921902806 0.0444342569 -0.0186113827 -0.0253139511 0.0554506853 -0.0281293001 0.0232404675 0.00445726234 -0.00725832256 -0.0589053966 -0.0699894652 -0.0806342214 0.0668651909 0.080247499 0.0753787458 0.0367877185 -0.0260419324 -0.0631530732 -0.0978634581 -0.0437867865 -0.073589161 -0.0343654789 -0.0795988441 -0.0730014667 -0.0124590835 -0.0724509805 -0.00253776275 -0.0150813824 0.0733391568 0.0427356921 0.0259163193 -0.0709979385 0.0218091737 -0.0573295578 0.0422084555 0.0703623444 -0.0767539665 0.0656055361 -0.0647709817 -0.0464767031 -0.060689915 0.0188634153 -0.0900068879 -0.0565898865 -0.000551603676 -0.0536844917 0.0604800582 -0.0184365176 0.027136825 0.02647187 -0.0672865361 0.0628031716 0.0464040451 0.0214383025 -0.0923029408 0.0670445934 -0.0683501288 0.0548895001 0.0704351813 -0.0117108859 0.0276254658 -0.0764719471 0.0492315851 -0.00373494765 0.00830957945 -0.0231601372 0.0510340445 -0.0831615925 0.00425800309 0.0252550431 0.0496502891 -0.0586188212 0.00803612918 0.0138836969 -0.0507558733 -0.0528904833 0.0106674209 -0.0528771281 0.0600611679 0.0124789169 -0.040241085 0.0138920648 -0.0484787263 -0.017773049 0.0131972628 0.0206979588 0.00475144479 -0.0129769752 -0.0459650606 -0.0891512334 0.0569351129 -0.0317715108 -0.0958912522 0.0542184152 0.0603050329 -0.0176335406 -0.00489566801 -0.0706072971 0.0452975519 -0.0732207522 0.0542600937 0.0164818931 0.0545415282 -0.0568142459 -0.0167398173 -0.0109647093 0.0227660146 0.0128074205 -0.00827194843 0.0762697682 0.0221292228 -0.0462845564 -0.0529727302
0.0428312644 -0.0114019569 -0.0707484484 0.150732085 -0.138764635 0.107772693 0.00381661719 0.0413249061 0.150873408 -0.0452896804 -0.334798217 -0.0112749515 0.0500470214 0.16193378 0.313487142 0.220886499 0.153838545 0.574973941 0.373665512 0.424760044 0.460373968 0.305577695 0.537564397 -0.271326065 0.344302207 0.264368027 -0.380457401 -0.439365804 0.0206587911 0.385230452 0.00425468571 -0.393987179 -0.233542249 -0.440165728 -0.324349433 0.243031204 -0.0774009898 0.367454857 0.218085542 -0.301156729 -0.349001944 0.231530115 0.487288833 0.0761649087 -0.219610453 0.0612950474 0.0430250317 -0.075880371 -0.135179251 -0.0563515425 0.409131706 0.0802801698 0.389446348 -0.272124439 0.154177323 0.171865821 0.362176418 0.224855676 -0.542111635 0.381674021 -0.29413867 0.2249524 0.0999130532 -0.380593598 0.163612753 0.438481867 0.239920363 -0.0188161079 0.16816695 0.169168398 0.0899197534 -0.303383052 0.574327946 0.183515608 0.142012686 0.076451458 0.157451168 0.163394406 0.218325302 -0.317901462 -0.0204168055 0.591118157 -0.125114694 0.543288887 0.05215092 -0.28735882 0.203768522 0.0663186386 0.273723423 -0.311278075 -0.17886132 -0.068712309 -0.029192023 0.558694601 0.0740858987 0.152226612 -0.323575765 -0.132691383 0.181680664 0.37326467 -0.233383045 -0.0418213718 0.698715925 -0.101372577 -0.312327385 0.307849288 -0.109106839 0.176384896 0.338142395 0.516285598 -0.0291175321 -0.265991062 0.386221021 0.414538831 0.307828397 0.173389673 0.218582854 -0.509615123 0.387027293 0.39242819 0.372652858 0.282747149 -0.117683217 0.232142538 0.642093062 -0.0423967056 -0.230153441 0.151107877
0.070962429 0.0257631224 0.0845490992 -0.0816474929 0.0649955049 0.0467887484 0.0769633427 -0.0391483717 -0.0826785415 -0.0261138696 0.0624657497 0.0756370574 -0.0190005004 0.000714550551 -0.0194422081 -0.0122181196 0.00689408043 0.0413755551 -0.0285422262 -0.0741853267 -0.0130036334 0.0379070342 -0.0808015987 0.071511358 0.021682905 0.0302043129 0.0427848473 0.052723784 0.0775084421 -0.0484182276 0.0291695595 0.0531206056 -0.0960699469 0.0407107696 -0.0920633748 -0.0665399134 -0.061864797 -0.0661526844 -0.0724148601 0.0427101701 -0.0852526128 -0.0529856831 -0.0927315801 -0.0349598527 0.00521672051 0.0197037179 -0.0552071035 0.00312962616 0.0406245738 0.0642308965 -0.0272400975 -0.0706353933 0.0449312665 -0.0411988199 -0.0929746777 -0.0453443862 -0.0205995012 0.00972175598 0.0565844662 0.0425576977 -0.0495336726 0.0624859333 0.0234344993 0.0150662391 -0.0752166957 -0.0149959624 0.0206169561 -0.0273634754 0.0271169357 0.0296745114 -0.0616581813 0.0608186573 0.00913105905 -0.0153819937 -0.0173013471 -0.0117415814 -0.0193444174 -0.0390111208 0.000749836792 -0.0350580364 0.0621645637 -0.0409466922 -0.0893721059 0.0804333165 0.0426980816 -0.0658126697 0.0584391616 -0.0769613013 -0.053734906 -0.0566235408 0.00296733063 0.0239936709 -0.0468481667 -0.0298244469 -0.0565581508 0.0579013079 0.0430405661 -0.00218887255 -0.00448404299 -0.0064214142 -0.0270815194 -0.0495241322 0.083713457 -0.044786267 -0.0642690733 -0.0172962733 0.0163027421 -0.0857012868 0.0134729417 -0.0143481512 -0.0410818718 0.0101138577 6.70484224e-05 -0.090029031 0.0415616855 0.025313409 -0.0599242821 0.0279226974 -0.0584882163 0.0569795482 -0.0477221236 0.0234822799 0.0190083049 -0.0110718254 -0.0550702699 0.0419618562 0.0154122971 -0.0515826494
-0.0122562423 -0.369689286 -0.0624899231 -0.120223671 0.0649068952 -0.0249039903 0.158891052 -0.0741914064 -0.0671677962 0.186580107 0.0111990348 0.0251528732 0.112642102 -6.91711612e-05 0.103299096 -0.0903529599 -0.021727331 0.269515365 0.0462305434 0.460455924 0.0758129954 0.0126214717 0.174342617 0.0330747589 0.165796176 0.167430878 -0.0937147886 -0.175327346 0.0543200001 0.139208511 0.0391146466 0.00148785324 0.0318359025 0.222761691 0.35337615 -0.158042654 -0.116999224 0.217118204 -0.133394331 0.0845637396 -0.0926798731 -0.162720114 0.14404048 -0.055885572 -0.0382738225 -0.0542023592 -0.190896377 -0.00924823247 -0.166845173 0.102955744 0.119839691 -0.0302464664 0.0626985803 -0.034424331 0.269441992 0.0997857973 0.362991065 -0.0917219743 -0.0226764195 0.0555209108 0.282970876 0.160295188 0.0151051395 -0.073494114 0.0761160627 -0.164004236 -0.0804380998 -0.00399372913 -0.20100154 -0.196139947 -0.0760103911 -0.0709008873 -0.196705312 -0.0725534856 -0.027226558 0.174277872 0.0500838049 0.0014840971 0.0412870646 -0.0321513899 0.0657657012 0.123522907 0.14778474 0.0998286903 0.0821201727 -0.00383022032 0.0571030714 0.0788132623 -0.102155276 0.150171399 -0.00658799289 0.0708961263 0.0597564131 0.223490626 -0.51176846 0.019872997 0.216597214 0.145583585 -0.0274726041 -0.012999774 0.203567713 -0.0129594831 0.126995862 0.0603759326 0.135530815 -0.140891761 0.157484308 0.000539283501 0.0402572155 0.170935452 -0.561983228 0.00490464922 0.0936046913 0.224232033 0.168745533 0.0249369647 0.0107877422 0.0835215896 0.195011348 0.106849559 0.145371526 -0.0407045856 0.0416598171 -0.170877755 0.0663261861 0.0770653114 0.361279398 0.0684406906
-0.00351831596 -0.0464910045 0.0272034965 -0.0840092823 -0.052611459 -0.0423724316 0.0546070114 -0.0855408832 0.0223319568 0.0746229067 -0.0534801967 -0.0576323494 -0.070946537 -0.0265130196 0.0600078441 -0.0609775558 0.0764670372 -0.107120514 0.0431664884 -0.0197373349 -0.0362923406 -0.0815919489 -0.0545473136 -0.0665168613 -0.089820236 -0.0409810618 0.0865758359 -0.0912599042 0.06963294 0.00953499787 0.0553332157 -0.0174290631 -0.0586269535 0.0253611803 0.0488484465 0.0157619547 0.0326419882 0.0756788552 0.0111724893 -0.0586619414 0.0168399271 -0.0641928092 0.059945967 0.0142670572 0.0481773056 0.0024506459 0.065438129 0.03682255 0.027429197 -0.0739888847 0.00365446415 0.0223953445 0.0509557761 -0.0401569158 0.0550484732 -0.0919172689 0.0525670424 -0.0451583453 -0.0740045682 0.0625092015 -0.0186616071 -0.0468649417 0.0339772552 0.0471042432 0.000340380037 -0.0798401535 -0.0537412241 -0.0723186284 0.0212390963 -0.0933468193 -0.0717867538 -0.0955235511 -0.0274539758 0.0696881115 0.0188208427 -0.0205370449 0.0294609778 -0.0722228512 -0.0299837589 0.0568831749 -0.0850863308 -0.0969568193 -0.0583621226 -0.102321409 -0.0370866023 0.048006773 -0.0120913573 0.0230470523 0.00255979924 -0.0955672562 -0.0576280653 0.0103447363 0.0653530359 -0.100359984 0.0474915318 -0.064589709 -0.0841424242 0.0030997186 0.0520572215 0.00310410908 0.0237676743 -0.00304818177 -0.0130530018 0.00336119137 0.00164419832 -0.0327804163 0.00704792002 -0.00511034159 -0.0910514817 0.0535934158 -0.103747793 0.0146748237 -0.0799225792 -0.0331731811 0.0577634349 0.0224966444 0.0520612672 -0.0126093579 0.0148387477 0.0282123704 -0.0926402733 -0.0610771552 0.0345588066 0.00383346295 -0.0361073241 -0.0231229588 0.0255212337 0.0506889075
0.0655755177 0.0438946672 0.0247886479 -0.0690630451 0.0508865491 -0.0385862067 0.0505344197 -0.0618523322 0.0229396988 -0.00851852633 0.0639892593 0.00364980008 0.0375816524 -0.082399711 0.0206594355 -0.0869141221 -0.0808454305 -0.0877422467 -0.0637635589 -0.0368507691 0.0168164242 0.00567336706 -0.0320213065 0.0267293528 -0.087805368 0.074018769 -0.047260873 -0.0429072268 0.00303592533 -0.0338559411 0.0327778533 -0.0087883994 0.0370206274 -0.0191891212 -0.0339729078 0.0119465366 0.0277772956 0.0476593748 0.000186659396 0.0546878353 -0.0468032323 -0.0230604187 -0.0879791752 -0.0668965876 -0.0816078037 -0.066364333 0.0232852753 -0.0575694293 -0.0860399529 -0.0824258924 -0.0789887011 0.0248328671 -0.0380995013 -0.00306217582 0.0303288624 0.0658692718 -0.0545226894 0.0576079078 0.0342613608 -0.000411786139 -0.0390976109 0.0258017704 -0.00383040844 0.0258141812 -0.0797367543 -0.0356330723 -0.0167218894 -0.0859525502 -0.0688735321 0.019120425 -0.0809127614 0.0444092341 0.0813598856 -0.00802698731 -0.022162525 -0.00961355865 -0.0347915515 0.0789077953 -0.0494922623 -0.0729768798 -0.0428362042 -0.0160983223 -0.0516255163 -0.0223123059 -0.0273588561 0.0726525858 -0.0449303575 0.00799245387 -0.00955157075 -0.00899551809 -0.0706961155 0.0327231884 0.0510816984 -0.00191196799 -0.0267680734 0.0252640098 0.00325611979 -0.0169033445 0.01878771 0.0389155149 0.0413282141 -0.0526956804 0.0221533179 -0.0371627286 0.0115246791 -0.0373713672 -0.00779496739 0.0178843979 -0.00944358576 -0.0800589845 -0.0638808459 -0.0272724144 -0.0596893877 -0.0834671333 -0.0681041777 -0.037377879 -0.0558576509 0.0426874384 0.0307234395 -0.0914866701 -0.0112552382 -0.0141866878 -0.00499840546 0.0436957851 -0.0358757675 0.087551631 0.0487524197 -0.0921814218
0.0227391422 -0.115307026 -0.0131805595 0.0849718004 0.295436502 -0.215459689 -0.239388391 0.01945908 0.0900853127 0.303367823 0.14851442 -0.0645504147 0.241520107 -0.442287654 0.068587698 -0.233686686 0.00552134542 -0.253102452 -0.262835115 0.140975535 -0.0360974744 -0.192771018 -0.151521742 0.331392884 -0.00912166107 -0.0202474967 0.476440489 0.378783315 -0.0774160698 0.0846141353 -0.0421599783 0.221719503 0.321868956 0.497540921 0.412384123 -0.309052676 0.0980797112 -0.112358533 -0.213021964 0.376252919 0.254036367 -0.188644543 -0.267408282 -0.0472143516 0.203896835 -0.184778944 0.0763872787 -0.121753655 -0.0858467147 0.235385954 -0.0467758216 0.0851059332 -0.177795351 0.313976914 0.228768364 0.0889760405 0.063412331 -0.236869588 0.1866512 -0.103458092 0.333710402 0.114244372 0.265823364 0.179941222 -0.218319714 -0.200327814 0.111561954 -0.150648281 -0.181004301 -0.303641915 -0.0653106123 0.237654969 -0.152448282 -0.122888669 -0.196798101 0.0631594807 0.185440347 0.0820133686 -0.228716001 0.30823952 0.0821858644 -0.060039144 0.386806279 -0.154684067 0.129406497 0.446631402 -0.286985725 0.0304421932 -0.156792819 0.427643657 0.167292878 -0.0672164857 0.247753128 -0.222228274 -0.136346996 -0.0679936558 0.373487115 0.304780453 -0.0241955668 -0.228293493 0.505869567 0.00689708395 -0.460761577 0.334246486 0.208526582 -0.333466291 0.3326765 0.151300639 -0.00141838368 -0.0911566019 0.224089935 0.240122601 0.0547965541 0.0241117589 -0.0631001815 -0.108998008 -0.160972163 0.640676439 0.104765326 0.0614858977 -0.0195195731 -0.235113427 0.187458515 -0.299126774 -0.225406006 -0.00175200403 -0.834583223 0.1255752
0.0707766786 -0.263536364 -0.0138291419 -0.470698684 0.467174172 -0.540766299 0.102452852 0.0519063398 0.110189013 0.449857473 -0.185561225 -0.415641665 0.381728381 -0.551925659 0.277029335 -0.528200507 -0.0944253653 0.124931455 0.276919633 -0.254882574 -0.0219651237 -0.536310911 0.017298758 0.0461573377 0.248290628 0.224818572 0.21430032 0.0474265069 0.0625589415 0.194514662 -0.00289150327 0.122624718 0.0621409416 0.518576503 0.695128322 -0.511150539 -0.113830842 0.452883571 -0.457240105 0.382155716 -0.00112403487 -0.589717925 -0.119580433 -0.00677652657 -0.430676997 -0.591673434 0.0215869416 -0.40177387 -0.520973444 0.543335438 0.275286674 -0.887557149 0.174019203 -0.060462404 0.218310371 0.236277863 0.356298149 -0.388575792 0.109342076 -0.161879554 0.518031776 0.298194259 0.36508435 -0.144302666 -0.405223638 0.130482614 -0.0626974553 -0.0397035815 -0.456761122 -0.487835288 0.343955487 -0.00432510581 -0.427916646 0.269562513 -0.543737352 -0.330122203 0.260743946 0.182933509 -0.475568444 0.00879318174 0.351632804 0.0721037015 0.392070889 -0.181066334 0.000716904295 0.0932205021 -0.496667236 0.0826644674 -0.474088371 0.0509605072 -0.148516074 -0.0743661672 0.373335361 0.487085551 0.205551058 0.00607406395 0.464257479 0.413604289 0.25941503 -0.270759016 0.626060307 -0.215835169 0.0504719876 0.426359028 0.186396703 -0.170767739 0.415950865 -0.144440413 0.295972705 0.338244557 0.210080773 0.319138944 0.165126368 0.567852318 0.0644931346 -0.416071683 -0.485218674 0.855909467 0.0272994637 0.150982901 0.159846023 -0.633419394 0.490626514 -0.687442601 0.0816546157 -0.0292582363 -0.279463589 0.153855667
0.0280253552 0.270932645 0.0290485304 -0.217186615 0.122010387 -0.414261609 -0.100433469 0.0229236428 0.0362141095 -0.0480542295 0.180661201 0.0647367984 0.0829296112 -0.0586985871 0.13049674 -0.0337633044 -0.0204923842 0.156506389 -0.187614366 0.238876775 -0.00440256577 0.101421364 0.0507456027 0.147034317 0.00972088706 0.130032033 -0.264657408 -0.191188246 -0.0725525469 -0.0021894495 -0.0322910957 0.152180016 0.0732169375 -0.182503343 -0.158477575 -0.05918568 0.156565785 0.0250884481 -0.0824847668 -0.107815169 -0.0517914742 -0.241175041 -0.160892397 0.056120567 0.0384936929 0.138621643 0.0156455655 0.0622531883 -0.195319191 -0.168190271 0.0732917935 0.41496262 0.070695892 0.00136764755 -0.0432544574 0.127959713 -0.13691695 0.057982076 -0.0878908262 0.150710911 0.0240736529 -0.106865615 -0.121843055 -0.31716907 -0.0435262732 -0.0160578843 -0.0692823008 -0.041517064 0.0431723371 -0.0558449663 -0.335136384 -0.167413309 -0.171872273 0.240708038 -0.175678492 0.0419231094 0.0518920347 0.00260540959 -0.313043952 -0.114846826 -0.158718005 -0.0631925389 0.0116467923 -0.303886533 0.0126353586 -0.278514057 -0.0227085687 0.0344565138 0.17744197 0.296394646 0.175520927 -0.0661343187 0.0702490807 -0.0365225561 -0.378982574 0.0589192659 0.119738609 0.0821706429 0.0145746954 0.0217277277 0.0171156414 -0.0304140579 -0.0246580075 0.00555231702 -0.10409157 -0.101601832 -0.00403697928 0.0946045965 0.141016901 0.125073791 -0.477606475 -0.239159182 0.142125472 -0.0122452984 0.145405099 0.125999361 0.0543743931 -0.42772916 -0.0310783032 -0.00927264057 0.0303873662 0.0138247274 -0.00401845155 0.0815362632 0.110124424 -0.0426633582 -0.194102868 0.0646414906
0.00785241276 0.531084895 -0.0840108544 -0.0257806443 -0.0294878762 -0.347179621 0.741436124 -0.0581274629 0.00936638843 0.176770329 0.021244403 0.085319601 0.0948393866 0.104428738 -0.177270144 0.168665722 -0.149898887 -0.424952239 -0.110828303 -1.29356599 -0.144844458 -0.0277188849 -0.241418645 0.508484006 -0.102099627 -0.120762639 0.400946885 0.115354888 -0.0551348217 -0.00581551204 0.024600558 0.193687797 0.112062357 0.250871837 -0.00946623646 0.327026963 0.0693186373 -0.145127818 0.206818536 0.0521718375 0.193213567 0.0675970614 0.495388359 0.0777744129 -0.0575538129 0.235644713 0.222638145 0.257748485 0.0157539342 0.0729858354 -0.153787985 -0.0991331115 -0.338006318 0.181573048 -0.376490384 0.102444991 -0.394190073 0.0330333635 0.255695522 0.117932811 -0.00211263332 -0.176017731 -0.0271228645 0.31176579 0.0461254083 -0.0297075268 0.105848826 0.546958983 0.308698028 0.109873384 -0.0207214579 0.221496537 -0.103831723 0.145280182 0.319065213 0.209907115 0.038725432 -0.0571092777 0.200961798 0.158265218 0.0299399924 -0.233773589 0.307272196 0.0599742047 -0.0511293598 0.278766364 0.168551162 0.0671326444 0.085148938 0.306117058 0.131226301 0.0382222757 0.0600473322 -0.351570755 0.114434227 0.0531567112 0.102642298 -0.0235641282 -0.132708818 0.40673694 0.230648801 0.0825586244 -0.143877268 -0.0506403111 0.285755664 0.343016356 0.122885413 0.117947936 -0.0646159649 -0.265650392 0.0268612131 0.559316695 -0.153612569 -0.149201289 -0.992866755 0.125965849 0.0778637752 0.298018456 -0.144121081 -0.00447681267 -0.255860955 0.218888327 0.00697732391 0.211966589 -0.226199985 -0.00687506795 -0.282169402 0.14914836
0.0290203094 0.0423292145 0.0765836462 -0.052722916 -0.0287310649 -0.0715707168 -0.0442186408 0.0427902006 0.0612903498 0.0189776961 -0.0195368882 -0.0469079129 -0.0711756945 0.00996481255 -0.080962494 0.0708397701 -0.00855928939 0.0143373795 -0.0497155264 -0.0480163731 0.0174791608 0.0113130696 0.0325360894 0.0516301915 -0.0703955591 0.0681561083 -0.000708939042 -0.073712863 0.0501721874 -0.0498457924 0.0592074208 -0.050018996 -0.0440228432 0.0250886492 0.0729067549 -0.0724036098 0.0313202515 -0.064992249 0.0669723824 -0.0144842174 0.038607154 -0.0594955124 0.0206401814 0.0712984875 0.0497142076 0.0539517142 0.0604535677 -0.0261365194 -0.0842266157 -0.00106901443 -0.0787255615 -0.0862716064 0.0268328395 0.0521529652 0.00823767669 -0.0877702907 -0.00511428295 0.0654540136 -0.000303567853 -0.0698686987 -0.0298513249 -0.0723571554 -0.0063600787 -0.0493694395 -0.0893805325 0.0172688682 -0.036157608 -0.081044212 0.0722308159 -0.0157909226 -0.0760612264 0.0195117164 0.0672849938 -0.0477777347 -0.0837617144 -0.0161007289 0.0742821172 0.0757378489 0.0272194333 -0.031921763 0.0421525389 -0.000702713733 -0.00180458964 0.00571778091 -0.050909508 -0.0499693751 -0.053766869 -0.0282579437 0.00471616117 -0.00349396188 0.0126846032 0.0769971982 -0.00425937399 0.0496446565 -0.0200017653 -0.0749693587 0.0346846804 0.0746005923 0.0444041118 -0.00472403923 -0.0257796906 -0.0883426815 0.0680325851 0.0525320433 0.00632433314 -0.0134164356 0.0279674791 -0.0658545271 0.0442742929 -0.0828491673 0.087098144 -0.0529085435 -0.0556947477 -0.000209364633 -0.0256624594 0.0207861774 -0.05451506 -0.0279415473 -0.00894710235 -0.0398444384 -0.0353122503 -0.00659467559 0.00787464436 0.0468270108 0.0567320436 0.0506496653 -0.0420683809 -0.0695119128
-0.0223990344 0.403439045 -0.0718299225 0.0633744821 -0.000373146439 -1.34602082 0.741652608 0.0615756735 0.0738285109 0.00121232984 0.209523708 0.415031791 -0.016688697 -0.169875711 0.0235031936 0.141133487 0.268311977 -0.392899603 -0.232068434 -1.72705543 -0.0601991117 0.150704131 -0.0161815453 0.346734673 -0.0450579152 0.000417189585 0.310240895 0.189192295 0.00681071728 -0.0919593573 -0.0854120627 0.159633845 0.161073595 -0.0291995872 -0.33563143 0.243676171 0.36235249 -0.18012774 0.306481004 0.108828567 0.287662208 -0.229614735 0.048067078 -0.0405676886 0.300496131 0.377718538 0.489225656 0.326020658 -0.00622714404 -0.39400202 -0.114435315 0.450099856 -0.164899215 0.286344916 -0.361525357 0.0401613489 -0.787455738 0.377669603 0.461431026 0.252354681 -0.000223150142 -0.301122308 -0.0976278335 0.595083952 0.208234042 0.0578138195 0.0800745636 0.228928328 0.420217484 0.252624691 0.360209763 0.260298729 -0.261243463 0.102565296 0.358550638 0.164908558 -0.049020052 -0.045293998 0.179735512 0.419364333 0.0447918065 -0.122976527 -0.106627285 -0.111043684 0.037763942 0.170724198 0.284760803 -0.0557005368 0.299544245 0.129384473 0.411620617 0.00863995403 0.0459716469 -0.191851512 0.245705649 -0.0238489807 -0.099022463 0.0277444758 -0.0808978602 0.434290856 -0.102379851 0.268338829 -0.00144748657 -0.0789882094 0.201873451 0.582285285 0.101038337 0.235328525 0.0564696118 -0.203899175 0.727616966 -0.121107325 -0.098473832 -0.323917449 -0.466953099 0.341161042 0.0244874321 -0.247896358 0.0656382665 -0.125382379 -0.181789875 0.275593966 -0.012033836 0.39817974 -0.214746609 0.0163286701 -0.856824756 0.119053632
0.0450309739 -0.0521523245 -0.0490155146 0.231831431 0.0375949144 -0.467945695 -0.135853365 0.057933569 -0.0562244765 0.0746853873 0.331172377 0.0409980603 0.162701458 0.0558638833 -0.146850914 -0.0439078324 0.0500819534 0.0441477261 -0.487518579 0.0334794186 -0.20524545 0.115461662 -0.0969784334 0.357697964 -0.132600859 -0.0575568751 0.307008386 0.356948614 -0.0538670309 -0.255915135 0.0316197649 0.264885604 0.169424802 0.379955411 0.274920464 0.0720312148 0.183037758 -0.166231364 0.0287970416 0.369004041 0.250125766 0.165620744 -0.347503096 -0.0766281039 0.351837844 0.143135354 0.228772029 0.249739259 0.0835833102 0.0910032019 -0.265505493 0.354399115 -0.217823669 0.28399995 -0.0389934927 0.0677767545 -0.0891360492 -0.254011005 0.426719487 0.0794754252 0.348504364 -0.0794762149 0.00151774567 0.302267075 0.121568233 -0.466554433 0.138266668 0.0237290729 -0.240612477 -0.0294118747 -0.0062426473 0.538176298 0.0895323828 -0.424837083 0.176926479 0.180864647 0.031896811 0.143136904 0.116275802 0.412969142 -0.0288662929 -0.0346274041 0.190989077 -0.143319741 0.201242462 0.47885865 0.158444971 0.00116457045 0.00135298783 0.461663038 0.287549645 0.068039991 0.24994494 -0.503536165 0.151714504 -0.018492382 0.303391218 0.110400409 -0.190120533 -0.0631606802 0.483566612 0.290027976 -0.350137293 0.357723325 0.328907788 -0.0324373282 0.265283883 0.114371315 -0.0718602911 -0.206953019 -0.0522809885 0.439894259 -0.166519254 -0.0552186482 -0.35062781 0.0704657286 0.0561111122 0.502723157 0.03608457 -0.116146848 0.033876393 0.0663562566 0.0136676868 0.0595751628 -0.232566088 -0.0590840206 -0.217154965 -0.0521393456
0.079047747 -0.0668746084 -0.00299057527 0.387653917 -0.222232565 0.178829372 0.0673678592 -0.0150626004 0.0739539415 -0.184640676 0.116738662 0.404547781 -0.0611473732 0.260390908 0.114139758 0.436514825 0.127594516 0.311610997 0.131045997 0.42514804 0.305963695 0.464335442 0.393439114 0.365271151 -0.0536638759 0.0844457671 -0.359411091 -0.199468091 -0.0813142583 0.0992998481 0.0316366032 -0.32967791 -0.0968725085 -0.433764398 -0.405411571 0.599564075 0.0354439095 0.233735994 0.499719501 -0.427286804 -0.256500542 0.293577403 0.399414808 0.0791738108 0.184511542 0.410094649 -0.0168575086 0.357039392 0.113187745 -0.454783231 0.155621067 0.553012967 0.118108347 -0.0718129873 -0.0684792697 -0.0878822356 -0.058637064 0.481175154 0.0168592427 0.404280722 -0.43133077 -0.158043176 -0.156775951 0.0927755609 0.353812784 0.0215566028 0.0932627395 -0.0219848342 0.485448509 0.404869348 -0.0480701141 -0.0551654622 0.63055712 0.00947066583 0.446317524 0.1581375 -0.105789252 -0.0156295151 0.359029472 -0.162005827 -0.268123478 0.400656253 -0.331768334 0.231113598 0.143602252 -0.14060545 0.473929048 0.00437094271 0.511619568 -0.0315628611 0.109393939 0.048701562 -0.161740199 0.0337114036 -0.0719357654 0.0823923126 -0.482513189 -0.278561354 -0.124357015 0.557307541 -0.39712733 0.240096182 0.633474648 -0.221530765 -0.179387927 0.435360193 -0.295216411 0.212589994 0.0277749225 0.0930413157 -0.0255673695 -0.048525583 0.242216438 -0.0201987587 -0.0304489024 0.422376603 0.530279636 -0.586626649 0.173447505 0.0892043486 0.128444061 0.525862396 -0.421931684 0.644803286 0.380347729 0.00845175982 0.141170546 -0.0583112277
-0.0603100657 0.255718052 0.0452608243 0.298706889 -0.0793568864 -0.25517109 0.220701456 -0.0859497786 -0.0952163115 -0.113925703 0.181300595 0.445834756 -0.0519021638 0.170694232 0.0795954317 0.376989812 0.398726761 0.0957436711 -0.190617904 -0.156275705 0.0146678481 0.436676562 0.0665803999 0.210187778 0.0870088264 0.119807042 0.0234818105 -0.00323673943 -0.0882213786 0.0270973928 0.0614401326 -0.23470819 -0.136026859 -0.320627064 -0.353324801 0.615730703 0.115398318 0.0387337357 0.525877476 -0.14379099 -0.0833195448 0.281558305 0.154587746 -0.0335522108 0.190577865 0.298938572 0.391245157 0.389752626 0.184222639 -0.289040059 0.103498206 0.617594481 0.0370292664 -0.0667219907 -0.12985459 -0.1396925 -0.127444342 0.48541978 0.232438445 0.346758068 -0.142410174 -0.195325837 -0.271313876 0.258963704 0.323357195 -0.228252321 -0.0624027885 -0.232029855 0.381597847 0.453720331 0.119376637 0.108130366 0.289750636 -0.057212811 0.517228544 -0.00346987997 -0.160521626 0.0223018359 0.229562253 0.220110938 -0.162377611 0.135586619 -0.208285928 -0.0640599951 0.0154151665 -0.0659817904 0.586289465 -0.052311752 0.665855527 0.0539500043 0.212921157 -0.0357320867 -0.0879898593 -0.0341891609 0.18252103 0.0409610383 -0.395453125 -0.166917577 -0.13314487 0.499204785 -0.270126283 0.407232463 0.340242118 -0.112454861 0.0189436022 0.432716072 -0.0848718658 0.0697951987 0.0351746976 0.0629344508 0.053194277 0.0380866788 0.0763135701 -0.146426305 -0.113999799 0.499786437 0.335146874 -0.552730381 0.0885743201 -0.0867297575 0.12894015 0.553027689 -0.165929154 0.523074389 0.0270223748 -0.0756896064 -0.180292502 0.0694468915
0.00830062479 0.139768615 -0.00208460423 -0.364834279 -0.0475921854 0.00545310136 0.223810747 0.0808529928 -0.100311741 0.0566692539 0.0686949417 0.141248509 0.0709473863 -0.0334486254 0.0827632844 0.0548878945 -0.0620083883 0.00259958417 0.0752184689 -0.212758377 0.19322595 0.0498284586 -0.0331644751 0.48633495 0.0154679641 0.0897182822 -0.228201821 -0.0842270777 0.0349116027 0.139094621 -0.0215953365 -0.335746318 -0.224304885 0.1971156 -0.215074271 0.125080585 0.0122802826 -0.24230206 0.114064388 -0.264242142 -0.0529125109 -0.279515684 0.112064101 0.0587784424 0.00546180224 -0.034568347 0.250130802 0.0869154781 -0.3183631 -0.0495992564 0.0528389849 0.269595355 -0.113864057 -0.0703189522 -0.14817293 0.0484154858 0.0540936254 0.220301583 0.139342666 0.156566948 -0.0646926239 -0.0231155455 -0.0142475823 0.0315718912 0.108252563 0.184350789 0.149764597 -0.054446198 0.220911607 0.148589343 -0.511562169 0.047637213 -0.177532747 -0.0018966049 0.113995977 0.18299067 -0.0190760847 -0.0887215361 0.188430727 0.109166972 -0.137862951 0.134781137 0.150709167 0.221539199 -0.218961388 0.0326866135 0.0145808989 0.023662895 0.184759751 0.027438974 0.0108116409 -0.000756695867 0.100448653 -0.218604922 -0.174645022 -0.0677379519 -0.285206735 0.0631170869 -0.104766205 0.307611048 0.0622527562 -0.00431596627 0.0960070416 -0.0815024003 0.170103744 0.0334031247 0.191772372 0.114773348 0.0291488916 0.0467267074 -0.472753644 -0.122849517 -0.015064789 0.0707407668 0.0391583107 0.0101384027 0.116171688 -0.119212568 -0.0221132711 0.0454943031 -0.0770821422 0.087414369 -0.0775502101 0.164430216 -0.00658853538 0.0745220706 -0.139819726 0.156580999
-0.0745387748 -1.10105097 -0.0358973965 0.195355892 0.388797134 -0.0850483179 -0.245889604 -0.0524744242 0.0708569363 0.0753937736 -0.545626342 -0.136974797 0.189806625 -0.378010899 0.193669304 -0.0459393933 -0.0169813484 0.435986996 0.300744742 0.0465039164 0.226633951 0.00215006364 0.279310346 -0.208126009 0.173052728 0.298049599 -0.207322761 -0.489357173 0.0654074773 0.244068295 0.0655662343 -0.291012526 -0.319151074 -0.0134709431 0.181726769 -0.0811217427 -0.155005231 0.460026562 -0.154502347 -0.0917798802 -0.306249142 0.0776871368 -0.0318814255 0.0353475213 -0.413421661 -0.141740263 0.143724471 -0.132684737 0.0446871668 0.0145883169 0.250604331 -0.320550442 0.347372711 -0.302591205 0.242653906 0.109740749 0.233106181 -0.105292842 -0.263923079 -0.059918467 -0.0340527818 0.282662779 0.207345352 -0.241941392 -0.0941901281 0.183963776 0.079933688 0.141576201 -0.29228276 0.053882353 0.188007131 -0.16961664 0.38344577 0.142857864 -0.0129614193 -0.213321522 0.184980273 0.256786674 -0.115596168 -0.200339854 0.100879222 0.295593292 -0.0886339769 0.147274256 -0.0114474837 -0.385329068 -0.108448543 0.0436087921 -0.193437785 -0.0444568507 -0.367443711 0.0367686078 0.128193051 0.67975843 0.346350878 0.00365252816 -0.186053678 0.166370973 0.266833484 0.148225263 0.344260693 -0.16388391 0.220968053 0.0612085052 -0.333364576 0.104752682 0.0585644618 0.0752165392 0.342605889 0.473059714 0.370100468 -0.27654171 0.199272007 0.575756907 -0.219718754 -0.0804529041 -0.100001074 0.29947111 0.163932994 0.193400115 0.193797752 -0.238374606 0.115303181 -0.207850903 0.383094996 -0.0652808696 0.125591233 0.237054065
0.073749572 0.120518543 -0.0208411105 -0.32067138 0.248593494 0.0519958809 -0.139719561 -0.0789480507 0.151636228 0.375412226 0.0344511382 0.0498046875 0.210431322 -0.170701116 0.114936285 -0.194503456 0.0629486442 0.0854846612 0.00369782117 0.199801192 -0.00369539601 -0.0449032001 -0.0442062803 -0.177918375 0.281682223 0.115757406 0.0724447221 -0.0187851358 0.0588651374 0.214286551 0.0909264609 0.122857787 -0.0388779864 0.283820868 0.390085042 -0.168982372 -0.0661647171 0.108643606 -0.155274183 0.158277646 0.0343611166 -0.181762397 -0.308993936 0.0618695393 -0.127909839 0.000958114571 0.169395134 -0.0874931142 0.317384839 0.311715335 0.138915583 0.0718253925 0.0953204781 0.116821468 0.224985167 0.0657876357 0.327634811 -0.153022975 0.360461503 -0.142825574 0.408673763 0.263013422 0.248770431 0.242650375 -0.19061926 -0.191558138 0.218133822 0.040103931 -0.0360349305 -0.108963013 0.049188856 -0.115398578 -0.244105056 -0.0716270506 -0.268354028 -0.0340097584 0.1448057 0.0481297523 -0.317208618 0.0998701826 0.20227544 -0.0652756542 0.173075125 0.00428222632 0.0957130864 0.026054915 -0.176098496 -0.00210101902 -0.0657123998 0.0677143484 -0.0556513295 -0.0100607276 0.353341103 0.201462463 -0.0334421061 0.236875996 0.330515534 0.341013521 0.210073188 -0.255714327 0.0842176527 -0.218421459 -0.187323913 0.368781865 0.27168718 -0.0622404665 0.374906689 0.14722912 0.147122428 0.0697834268 0.0594739355 -0.0396816917 -0.0601859204 0.0981863216 0.23015973 -0.158440515 -0.113663197 0.377243429 0.167778045 0.177608714 0.149750844 -0.144706815 0.424475551 -0.159540623 -0.0805031955 -0.017950736 0.273972958 0.109438181
0.0702245161 0.0667505562 -0.0791945159 0.230352566 -0.132045805 0.126912728 0.139370501 0.00615222007 -0.00959756039 0.134127989 0.326530337 0.368465483 -0.0480248816 0.579882801 0.116478838 0.197946668 -0.144191787 -0.0466974638 -0.183497384 -0.0782937631 -0.0798927695 0.22268945 -0.0710010678 0.124058671 0.016889317 -0.0537245944 -0.100629702 0.0855075791 0.0392962918 0.0742406398 -0.0747613758 0.152131543 0.118704818 -0.0448080711 -0.112280421 0.308023006 0.280552298 -0.117800497 0.183147982 -0.0223891288 0.0176365674 0.319366962 0.0856345966 0.00776654482 0.229865044 0.371694297 -0.346344501 0.358938813 0.448889554 -0.213593811 0.134414107 0.375046015 -0.0420431495 0.142161131 -0.0312889293 0.147293344 -0.00976860523 0.386742055 0.363149107 0.263488561 -0.0328675173 -0.149388626 -0.0596237928 0.227052525 0.301406503 -0.0475236811 -0.0149837164 0.177654043 0.375217348 0.297838449 -0.0386945345 -0.017379716 -0.00306997402 0.125390053 0.220243752 0.248664781 0.0975427479 -0.0537506938 0.112675019 0.0540574901 -0.0250767041 -0.0336451009 0.0897187069 -0.30556038 0.108408935 -0.039185416 0.232303858 -0.0616323352 0.399216413 0.245083764 0.287550896 0.0387292132 -0.0634024218 -0.167542055 -0.587604284 0.0340452641 -0.111731648 -0.0136419963 -0.0741045028 0.00825933274 -0.176310822 0.362389117 -0.0625984445 -0.102896966 0.156665325 0.129916474 0.0583073795 0.147026807 -0.114714466 -0.146069482 -0.367854834 0.0078676166 -0.0622248687 -0.0919886827 -0.0590422191 0.306190431 0.331033438 -0.377595782 0.00636008522 0.0296938512 -0.043069046 0.366201431 -0.078618221 0.375448048 -0.178929105 -0.0477040373 0.314044416 0.0109408721
0.0865895674 -0.0435976684 0.0708078444 0.0310492646 0.0550312661 0.0707386509 -0.0235809386 -2.4088753e-05 0.0357562192 0.00857290998 -0.0558140017 -0.061688982 -0.0482513271 -0.0757528991 -0.0856953785 -0.00908173621 -0.0273832642 0.0398695022 -0.0628165677 -0.0564951971 -0.0240185 0.042662926 -0.0576280206 -0.0483704545 0.0459667891 -0.0352474861 -0.0873603746 -0.0300939344 0.0140799657 0.0230004136 -0.0785807967 -0.0374177247 -0.010520068 -0.00745234685 -0.0474127792 0.00255092559 0.0170388203 -0.0867760479 -0.0883848295 0.00887157582 0.00232450385 0.061993707 -0.0523043051 0.00367816538 -0.00835490692 0.00712919282 -0.061737176 0.0167207085 0.0215104502 -0.0898337588 -0.00270895869 -0.0872929692 -0.0731393397 -0.0276629012 0.0606720932 0.0630422235 0.0484705605 0.0284049865 -0.0545526557 -0.0628298447 -0.0772233531 0.0395822152 -0.0271891691 -0.0409137532 0.0387868322 -0.0652251542 -0.0484553054 0.0206627026 0.0361087993 -0.0978414267 0.0310678855 -0.0361919142 -0.00930416305 0.0113842702 -0.0842092708 -0.000851589837 -0.0853016973 0.00453018583 -0.078915365 -0.0927642137 0.0243648868 -0.088334918 0.0557742864 -0.0043810783 0.0879444852 -0.0161587093 0.0243591331 0.00792278349 0.0718553662 -0.0476831645 -0.00197196729 -0.0627550259 0.0311927944 0.0854953304 -0.064573586 -0.0881545916 0.0214993544 -0.0166260693 0.00563681731 -0.022654308 0.04657837 -0.0273697171 -0.000447168946 -0.0435137302 0.0239578635 0.0169586521 0.0602829345 0.0425541513 0.00526465895 -0.0177891478 -0.00762121379 -0.0534936674 0.0584530272 -0.0692649782 0.0835026428 -0.0288229324 -0.0429737419 0.00162861496 -0.0334007554 -0.0743067041 -0.031519793 0.0361476243 -0.00858638063 0.0778394118 0.0117964 -0.0554287955 -0.0647535771 -0.0531474762
-0.0468272604 -0.219226927 -0.014236575 0.100496784 0.225362346 -0.0151651781 -0.0119397845 0.0533462428 0.269954443 0.116604701 -0.311729401 -0.107050672 0.0278514493 -0.0360306241 0.101587571 0.0760461167 0.122070968 0.323904157 0.496301323 0.353104949 0.149031013 0.0804846361 0.367479831 -0.806302667 0.24229531 0.166340902 -0.175116152 -0.0771565288 0.0346675739 0.336760551 -0.0176081024 0.0630181879 -0.000223087118 -0.151432484 0.0763431862 -0.135488257 0.0250478499 0.329474688 -0.113863267 0.0237243492 -0.10705699 -0.114573017 0.407727748 0.0762861744 -0.193034753 -0.0314833894 0.00465863012 -0.0718559995 -0.348944902 0.126050457 0.322140932 -0.494229317 0.338101774 -0.200135529 0.214628443 0.229500726 0.175020561 0.00523085706 -0.324040741 0.158595905 0.149647877 0.204539597 0.0854375735 -0.435204655 -0.0288990848 0.320505172 0.0367822424 -0.182787076 -0.0480798073 0.14204587 -0.195540577 -0.15841344 0.0425035544 0.264516473 0.0366129838 -0.263550997 0.146769747 0.178791419 -0.0365088433 -0.122252814 0.246065155 0.264491111 0.0583186671 0.196646228 0.0198062286 -0.143525675 -0.0607427359 -0.0756808817 -0.0704363212 -0.395436615 -0.221867129 0.0559258983 0.131735742 0.659224093 0.146140963 0.147512391 -0.0873258933 -0.0235047303 0.319052815 0.00335820182 -0.157885909 -0.00735862646 0.532788455 0.0217748024 -0.182657361 -0.0296547674 -0.0508603118 0.0203972999 0.227968439 0.335374177 -0.0082066441 -0.280841559 0.145254344 0.538144767 -0.408677399 0.0974583477 -0.11212711 -0.147356406 0.102306046 0.214343935 0.27461496 -0.111825101 0.064329274 -0.143733606 0.468691319 -0.0226354152 0.0574748144 -0.0628335401
0.0242331326 0.140640244 0.00704873819 -0.0344352759 0.0951767862 -0.400163114 -0.784365535 -0.0117088547 -0.118824333 0.0898584053 0.308447719 0.142204195 0.188680977 0.262314022 -0.264742345 0.129881397 -0.371863484 -0.735330999 -0.0984118357 -0.432483494 -0.330561042 -0.101117536 -0.46535027 0.704071939 -0.2650868 -0.270929784 0.5296489 0.615316451 -0.0851904303 -0.219398588 -0.0836222693 0.556324065 0.62803179 0.502555013 0.289852172 0.249210954 0.235762417 -0.381537884 0.0958466232 0.688646913 0.469888717 -0.175619498 -0.356999874 -0.0377964489 0.306303054 0.105535641 -0.160717174 0.274701267 0.0701151863 0.428294897 -0.351323932 -0.247963399 -0.289550424 0.328340888 0.045221217 0.0350166075 -0.31833297 -0.214367405 0.230816081 -0.144538105 0.313669533 0.164861649 0.29552561 0.630686224 0.0406778082 -0.284573972 -0.246770978 -0.0241901856 -0.0522474349 -0.0324520655 0.228838414 0.666811049 -0.0551627874 0.0920276567 0.120676853 -0.104031093 -0.0238391496 -0.0449371971 0.224993646 0.326732427 0.388980061 -0.420649201 0.240534514 -0.732820749 0.157303318 0.610261917 -0.0699129701 0.0838023052 -0.159947991 0.659616411 0.362677187 0.0145903304 0.166678086 -0.363638401 -0.620751023 -0.19435516 0.291746497 0.214530647 -0.0414779931 -0.141081661 0.49342382 0.364894301 -0.671257854 0.217776969 0.198688269 -0.148955077 0.205869958 -0.0622537769 -0.350132495 -0.315422952 -0.10985297 0.493067205 -0.212580144 -0.357723147 0.127776578 0.0568796732 -0.00126717822 0.838317513 -0.348557234 -0.228496298 -0.204266906 -0.0121327965 0.163151413 -0.0509819537 -0.545137286 0.00538758934 -0.243191779 -0.193384498
0.023660088 0.0936158821 0.0962332487 0.087824516 -0.00525842328 0.320095569 0.121799372 0.0194090921 0.285481513 0.128088802 -0.411427736 -0.106329344 0.107315056 0.0985871777 0.29222703 0.00824342947 0.0880928785 0.489813298 0.296800733 0.28865844 0.294344455 -0.00700252689 0.257407308 -0.63929069 0.175380558 0.214448407 -0.326754957 -0.334849 -0.0446314253 0.165667951 0.0284529701 -0.224324822 -0.135417655 -0.252771378 0.110517502 0.0718693957 -0.0852204636 0.392514616 0.0848788992 -0.119875744 -0.197331995 0.0268767942 0.163687125 0.0281404704 -0.18038699 -0.0872979611 0.0539119616 0.000896829122 -0.22478807 0.163693845 0.352538109 -0.207609668 0.260645449 -0.251713395 0.136094019 0.11190927 0.32151863 0.00856572855 -0.078042306 0.250865072 -0.0183093473 0.148815274 0.108728833 -0.291603267 0.0404602624 0.271037191 0.0255489703 0.0253755637 0.0775754228 0.0353033096 0.0607018322 -0.359583557 0.303330272 0.375429124 -0.0472734347 0.0360922664 0.271657765 0.0951556489 0.0162031315 -0.108745925 0.0304072928 0.28522402 0.047201626 0.217027768 0.0281162802 -0.346644551 0.0986997187 0.0553111956 -0.0230847821 -0.436383307 -0.126473233 -0.0188258365 0.0409430936 0.657786131 -0.00791310612 0.221238896 -0.123027109 -0.108282737 0.135555923 0.0658190474 0.00604004506 -0.217444777 0.457693905 -0.0316565074 -0.148680851 -0.0420730338 0.0154340938 0.10094738 0.157963425 0.265332609 -0.0647553205 -0.265846401 0.312376022 0.510835111 0.046149455 0.00203531585 0.0294540841 -0.181877539 0.185344711 0.211530909 0.334011793 -0.0647773892 0.0396223031 0.0206971057 0.361966521 -0.0599198788 0.493309617 0.116723686
-0.0446990915 0.0528061017 -0.00600329041 -0.0144664422 0.0612926707 0.0498593822 0.0415659323 -0.0520794913 0.07054656 0.0729871467 -0.0237447321 0.0769518688 0.0154898614 -0.0881853998 0.0102072507 -0.0838923305 0.0318527296 0.0760960355 -0.0663943589 0.0476220921 0.08335004 -0.0734937638 -0.0306622535 0.0749903545 0.032768257 0.0305001587 -0.0232129022 0.0662296787 0.015612945 -0.0487124324 -0.0489467271 -0.0830758289 -0.0606638975 0.0125528052 0.0275724232 -0.0245274305 -0.0854191631 -0.0221248418 0.0548449531 0.00314766169 -0.0327803344 0.0692171529 0.0675028488 0.0419851467 -0.0545417704 -0.0214310288 0.0482618585 0.0792252794 0.0529202148 -0.0687244311 -0.0852832496 0.0245001763 -0.0173189193 -0.00585417449 0.0862370953 0.0135675967 -0.0779348314 -0.00944856554 -0.047296498 0.0251746401 -0.0119424537 0.037496306 -0.0755410492 -0.000123143196 0.0406396016 0.0763060078 -0.0789945945 -0.0342797264 -0.0184118301 -0.0806091428 -0.0725811049 -0.0722542182 0.000343993306 -0.00782029331 -0.0331919193 -0.0536973178 -0.0836622193 -0.0128091648 -0.0675975382 0.0701907352 -0.0538546406 -0.0507759303 -0.063396126 -0.0750770122 0.0864339992 0.029395327 0.0406463221 0.0137780458 -0.0128736049 0.0419799313 -0.0775489211 -0.0474166907 -0.0339709297 -0.0368229523 0.0249174833 -0.0300391763 0.0628676638 0.00455495715 -0.0841897577 -0.0221149996 0.0245738477 0.0205225125 -0.0468125865 0.0250247344 0.0272859782 0.0150687695 -0.0508061908 -0.059160538 -0.0749740079 -0.0489526242 0.0646527633 0.0861077979 -0.017881684 -0.0606172904 0.0196447819 -0.0832791328 0.0142622218 0.0694815293 -0.0507491566 -0.0758823976 -0.0673092231 -0.0325421095 0.0505730435 -0.0739493817 0.012850523 0.0709055439 -0.0792458206 -0.0684842169
0.0661368966 -0.537378728 -0.0310548022 0.157803103 -0.143074632 0.57526809 0.171657965 0.0695496798 0.0221847743 -0.10860651 -0.149502426 0.204135805 -0.153082892 0.300151438 0.174213678 0.307149857 -0.034588702 0.469027013 0.149351865 0.482597828 0.174100146 0.228688091 0.228897408 0.278380513 0.0960552096 0.0780474991 -0.228286222 -0.370785058 -0.0444057919 0.208957911 -0.0697557479 -0.273598731 0.0945765153 -0.20115079 -0.205810353 0.445162475 -0.041370064 0.248582184 0.311644793 -0.193234578 -0.200405255 0.0280857943 0.123622067 0.0288691372 -0.0752835348 0.0712116286 -0.353374928 0.186769366 0.0413909256 -0.152903333 0.177382693 0.161604732 -0.0162032824 -0.177006021 0.0386882499 -0.0449892543 0.234563172 0.287479758 -0.0493241884 0.254926711 -0.16356498 -0.0746301115 0.0191885494 -0.212935671 0.401388586 -0.0840721279 0.00991745293 0.146463409 -0.0339140669 0.266446084 -0.00398594141 0.0783218443 0.307451069 -0.105635665 0.2023471 0.287727207 0.136059552 -0.136779889 0.205554456 -0.334566772 -0.166259751 0.127673641 -0.159228817 -0.0036696617 0.156600535 -0.209202945 0.467037469 -0.0150944218 0.342959374 0.183049813 -0.0440976433 -0.0722185597 -0.159178689 0.304926634 -0.676613808 -0.0571492575 -0.411231995 -0.266526729 -0.231341079 0.343907475 -0.0103282714 -0.0402482077 0.517131507 -0.255404383 -0.170035347 0.159929216 -0.10415408 0.0324275121 -0.107566342 0.147413522 -0.585977495 -0.0537027717 0.0652497783 0.223883271 0.700913668 0.235190481 0.478488415 -0.261407644 0.0777209774 0.066010043 0.179214433 0.275357723 -0.378539175 0.353908122 0.146560982 -0.0174412206 0.807432473 -0.0309484843
-0.0449607968 -0.0721669719 -0.0682961792 0.139127567 -0.17553854 0.636821926 0.0356977955 -0.0580897182 0.0928634405 -0.0311337095 -0.221679166 0.157301277 -0.108876288 0.212755442 0.196375489 0.193400994 0.305820525 0.558174551 0.358156621 1.11848092 0.346445382 0.26017943 0.371467113 -0.366961986 0.180933312 0.161448538 -0.479106367 -0.25863111 0.0284506157 0.287246495 0.0505211875 -0.0999529585 -0.133662358 -0.449081987 -0.0106108934 0.165349588 -0.0532632023 0.36611551 0.149358004 -0.299024075 -0.15606603 0.219824746 0.227198392 -0.032589525 -0.0740965456 0.213625565 -0.118047372 -0.00459189573 0.0222388972 -0.0551740192 0.109118588 0.205018267 0.335836738 -0.180114895 0.365215272 0.087939851 0.463881314 0.267442942 -0.399454355 0.334730834 -0.0507446118 0.29132086 0.158664346 -0.274705678 0.192031711 0.257398933 0.134453431 0.0320369452 0.280594528 0.253478795 -0.156727239 -0.424867421 0.455069631 0.0846415758 0.0336843245 0.169310346 0.150211439 0.0922071487 0.208589315 -0.307629377 -0.104802735 0.401974499 -0.0545612499 0.406013221 0.180343404 -0.462472737 0.145896807 -0.0426873267 0.247120917 -0.285574675 -0.166084021 0.0784844831 0.0246735103 0.328969598 -0.0673933923 0.192781076 -0.15246664 -0.116855294 0.0874838084 0.0816103071 -0.351714104 0.000855649065 0.531817019 0.0259499401 -0.19915171 -0.0377619117 -0.201129049 0.187755391 0.08048103 0.256029546 -0.20725131 -0.240135953 0.133982629 0.274556726 0.536729813 0.194153085 0.283646792 -0.472795039 0.207845867 0.23826097 0.374013454 0.0990401581 -0.162057042 0.11373242 0.280364633 -0.0234540254 0.929825127 0.157474592
-0.088725552 -0.615690053 0.0806288496 -0.0626269877 0.341467708 0.0722802654 0.248317555 0.0984909087 0.142420888 0.132284254 -0.129069388 -0.225273788 0.227538615 -0.15495196 0.497967541 -0.127519757 -0.0750908926 0.658318102 0.392883152 0.777139306 0.371578634 -0.0154507449 0.164796576 -0.40662998 0.396450251 0.463757753 -0.293762714 -0.376081377 0.0651069209 0.372967243 0.0148129305 -0.000689282839 -0.0774812996 0.19596231 0.350385696 -0.147045851 -0.233362854 0.236625507 -0.20656383 -0.0419134609 -0.257127106 -0.082215257 0.0835752338 0.0315062031 -0.398984998 -0.209043115 -0.317946285 -0.208224744 -0.0565425903 0.339786559 0.433411121 0.033875186 0.412533194 -0.0419551805 0.266134501 0.447006464 0.331808776 -0.137421891 -0.32584244 -0.0574839823 0.218221828 0.251826286 0.280998558 -0.385803461 -0.0962325856 0.388574153 0.177314654 -0.290471017 -0.118982442 -0.0725044981 0.0599353798 -0.385283142 0.169353619 0.317216635 -0.34451738 -0.122447923 0.303942084 0.215417102 0.102818526 -0.158260703 0.196439177 0.366769612 0.179550424 0.147465006 -0.097741209 -0.196063101 -0.100036405 0.0703860149 -0.188979238 -0.180897102 -0.245480388 -0.077708073 0.299257159 0.591708004 0.130338281 0.148644745 0.119532064 0.293284923 0.198459893 -0.0533411615 0.410940319 -0.316646397 0.0973718539 0.216052383 -0.0169555545 -0.0533845834 -0.00219743489 0.156291842 0.269451529 0.651091695 0.127446219 -0.317482531 0.491484225 0.645525813 -0.635872841 -0.171215117 -0.0768488124 0.265339613 0.184170276 0.198610693 0.333654284 -0.119646646 0.185109675 -0.24137558 0.532087684 -0.0564786717 0.347551405 0.103980452
0.00663169334 -0.295788318 -0.0200433414 0.274402827 0.450187296 -0.680982888 0.229695186 0.0414701402 0.0778760388 0.0526504777 -0.265791595 -0.0273235496 0.0966551453 -0.472261697 0.279478729 0.038367793 0.217995107 0.23434858 0.180850506 -0.20695442 0.214706272 0.14403379 0.27262494 -0.119317845 0.277684182 0.34352535 -0.125886068 -0.387376517 0.0412046835 0.203411475 0.0376536697 -0.204882473 -0.433315963 0.0147277853 -0.000336988654 -0.0704522058 -0.0149952853 0.487273365 0.0438428223 -0.17385672 -0.21751745 0.0156659633 0.120555066 0.0276417285 -0.364812523 -0.0543495081 0.300415576 0.0279317666 -0.0420991033 -0.194930911 0.192672133 -0.0338719822 0.222782627 -0.252137244 0.0728871524 0.0783266872 0.222079724 0.182900473 0.0917878151 0.225787014 0.0474265888 0.0698527098 0.038500376 -0.295491725 0.0632251948 0.180281416 0.0168774966 -0.247708485 0.0212959927 0.0901947096 0.0738247633 -0.187986746 0.282492399 0.267929405 0.121963039 -0.290183902 0.182222053 0.209872395 -0.179588407 -0.0685459971 0.160385117 0.111368962 -0.118946545 -0.0834377781 -0.0940723568 -0.207547948 -0.0652363673 -0.0219129175 0.0664338619 -0.143806919 -0.176167578 0.0238493085 0.269922137 0.51117295 0.651057959 0.0435891859 -0.168487966 0.172120184 0.161586404 0.33826232 -0.0352640562 -0.118821472 0.342155874 0.105857052 -0.213714749 0.284530371 0.120441772 0.150783196 0.388428569 0.413168132 0.64008522 -0.276513457 0.304841757 0.314353079 -0.263943642 0.289994448 -0.0120137176 0.0748187229 0.242066473 0.142464772 0.154100344 0.0227406584 0.0655414537 -0.048339773 0.208191663 0.0269998312 -1.51701701 0.172443926
0.0867554024 0.0652890652 0.070679538 0.00841218233 0.0889869481 0.110969633 -0.368145794 -0.0737002194 0.125875503 -0.0136058331 0.182923719 0.046521049 -0.0022727726 0.258889526 0.103707299 0.21921213 0.076040633 0.273161054 0.128153339 0.506776869 0.0826495588 0.255685836 0.127766877 -0.0767104998 0.138468653 0.0358757563 -0.191354275 -0.169824794 -0.0500854291 0.156667501 0.0387037657 0.0563667603 0.00248842896 -0.285102934 -0.15587604 0.161878467 0.0481454954 0.111127645 0.0967079997 -0.0440641753 -0.115263224 0.293931991 0.109061845 -0.0819778442 -0.135197327 0.0669226795 -0.0339496396 0.0588940009 0.255056351 -0.0500966012 0.11626444 0.257029533 0.295175195 -0.0453797281 0.109237403 0.0602168515 0.0649845302 0.330217272 0.0115218731 0.248552516 -0.166294977 -0.074248001 0.0877419412 -0.125212744 0.0811335221 0.0692871734 -0.00766656082 -0.144175753 0.172818542 0.285766602 0.0209196098 -0.266137362 0.335828215 0.31924957 0.116538502 -0.0865325481 0.129922196 0.0632873252 0.158111513 -0.138052255 0.0566705391 0.159146801 -0.00609589461 -0.145806655 0.114703543 -0.0975528955 0.129008844 0.0215153024 0.288047016 0.0703665018 0.133793175 -0.012630187 0.0343480147 0.250357181 -0.00860004965 0.0869373083 -0.0828365386 0.0664306879 0.00281028682 0.135312423 -0.216845185 0.0439198241 0.141895801 -0.12759088 -0.087506488 0.148797229 -0.00961984973 0.103929691 0.0526840836 0.118537128 -0.0861733258 -0.328200102 0.077225171 0.0586573593 0.225974023 0.309847713 0.276995838 -0.337608665 0.0569853559 0.121643618 0.0951697901 0.290365756 -0.0735924914 0.156404853 0.104799353 -0.0515520312 0.128494114 0.00942089595
0.0949432552 -0.0823445767 -0.0720572844 -0.182542026 0.48711592 -0.272296548 -0.175897777 0.0387390666 0.02499176 0.432438701 0.206129014 -0.223860994 0.362361521 -0.403321743 0.10474474 -0.373964399 -0.0810936466 -0.0242069196 -0.0188992564 -0.0478661321 -0.2992239 -0.284302413 -0.249195993 0.122156635 0.0539074615 0.106146418 0.236449212 0.134129733 0.0879297927 0.133343279 0.00803391822 0.239822969 0.060067337 0.535714924 0.600897372 -0.342128187 0.0333545692 -0.145434976 -0.464945734 0.351665616 0.227047816 -0.251078457 -0.428978473 -0.0329705104 -0.0664123669 -0.309933543 -0.00447746133 -0.166459069 -0.0574891716 0.487763286 0.0678407103 0.137792379 -0.0511461347 0.169540286 0.264490962 0.25915581 0.281238019 -0.361352623 0.3044402 -0.307195395 0.41837585 0.235019803 0.331424266 0.115760192 -0.371527433 -0.325815439 0.224926129 -0.053064771 -0.322585136 -0.513373792 -0.108402923 0.125835463 -0.398442 -0.0435798168 -0.308949292 -0.142105862 0.187201321 0.258532107 -0.461016923 0.212738872 0.271026909 -0.282283992 0.430065423 -0.188579142 -0.055276081 0.225238264 -0.385701209 0.0689766631 -0.329770476 0.320289671 0.168464109 -0.0292717144 0.445785671 -0.269039989 -0.0439645275 -0.0367872827 0.428917617 0.478800803 0.184144825 -0.352571487 0.601548851 -0.175639421 -0.664228261 0.426443994 0.24127683 -0.308964461 0.415769637 0.182491601 0.130379304 0.0671461076 -0.0708533749 0.0486998335 0.140214071 0.101185888 -0.0183955561 -0.295021176 -0.302720994 0.807860851 0.101166397 0.0426162183 -0.0192547906 -0.455644786 0.40331161 -0.355433106 -0.235043377 0.00860407948 -0.666341722 0.114367552
0.0712529197 -1.18633687 0.00159006566 0.523528934 0.268522352 -0.201469108 -1.24176657 0.0575000122 0.063530907 -0.341821194 -0.335973322 0.0243110284 0.0190263707 0.0296124108 -0.0776995495 0.212331265 0.295687407 0.00568518229 -0.241620824 0.096866481 -0.107181221 0.133966058 -0.00554365758 -0.289198577 0.0282852985 0.187246695 0.405277729 0.066646859 0.0394129232 -0.302012175 -0.0666687936 -0.0488986745 0.154721603 -0.230737701 -0.187326387 0.00975005515 -0.00541863637 0.375839949 0.0481779948 0.225852087 0.241965353 0.358828902 -0.337313801 -0.0721507967 0.100963943 0.098635748 0.539586425 0.186006024 0.287740409 -0.210096583 -0.230761945 -0.233854845 -0.0301476456 -0.0858500823 0.122893378 -0.048106771 -0.0969087332 -0.205788955 -0.462102056 -0.195076376 -0.153388456 -0.00841950066 -0.132425383 -0.190558165 -0.0250393059 -0.249618888 0.0189980641 -0.466568857 -0.21002619 0.0806458443 0.535084724 0.393286228 0.225740507 -0.196026176 0.103756234 -0.528920472 0.0496765636 0.267665654 -0.268908828 0.470561147 0.171035409 -0.0742413774 -0.482991129 -0.0860970691 0.205937341 0.141099021 -0.000567861076 -0.0750050172 -0.209422261 -0.00772096356 -0.326943755 0.0706480369 0.108161159 0.261968017 0.616822839 -0.16933994 -0.0892028362 0.175871015 0.142021999 0.0321322121 0.115152262 0.0898612812 -0.16767025 0.256866872 -0.486654431 0.29847458 -0.0822511688 -0.154556438 0.169262692 0.159982368 0.708591223 0.305463761 0.148620725 -0.0578553118 -0.263874322 0.161423683 0.0406799503 0.347232133 0.196517736 -0.00464210799 0.0764583871 -0.0997481644 0.0363974348 -0.0910865963 -0.107752651 -0.032718312 -0.366063356 0.0572643876
0.0318710953 0.00751661789 -0.0730280951 0.581763923 -0.212314695 0.0601210892 0.326071978 0.0310694594 0.149634361 -0.131795764 -0.353746504 0.342667341 -0.0927141607 0.223777965 0.263279796 0.471372157 0.447434455 0.421360016 0.112246968 0.0779943466 0.349550813 0.58025676 0.498062253 -0.393945307 0.225744829 0.20013538 -0.328359514 -0.308682501 -0.0385824777 0.113632761 -0.0428905226 -0.277365237 -0.336536884 -0.411357045 -0.388990581 0.560851872 0.0169702489 0.354955137 0.541653574 -0.420265883 -0.381758749 0.33189863 0.302230537 0.0650208518 -0.0493539684 0.492235631 0.418278337 0.409084499 -0.0444038287 -0.283603102 0.270282507 0.229113504 0.244280338 -0.223953307 0.148057327 -0.0529733486 0.330734551 0.485837668 -0.17320013 0.496235698 -0.342906147 0.0139293885 -0.176498964 -0.160060629 0.369481057 0.289028585 0.0821677744 -0.0507843532 0.430611849 0.457508594 0.125684366 -0.240260527 0.450231642 0.0687931553 0.495802939 -0.0327149145 0.0742641985 0.0329005942 0.159096256 -0.105510764 -0.158812419 0.325648874 -0.383542478 0.245712474 0.0916106254 -0.340506971 0.380717516 0.060691379 0.656731606 -0.552060127 -0.202395424 0.0466717705 -0.0272409208 0.505377948 0.340916395 0.0449313559 -0.381565958 -0.246115476 0.165109038 0.541061461 -0.539917827 0.182940483 0.626746953 -0.233264819 -0.31235528 0.525485694 -0.11875698 0.0944442376 0.238293841 0.203270704 0.252824396 -0.188708141 0.25690484 0.233764634 0.042777583 0.507607639 0.368036836 -0.672793269 0.220434025 0.233800635 0.297368199 0.527897477 -0.156008333 0.452157706 0.390947402 -0.0588860065 -0.0693655089 0.210981861
-0.0320053995 -0.427250147 0.0486804917 -0.228706464 0.223935425 0.67031306 -0.188365757 0.0339575894 0.0890141279 0.120970905 -0.0100593725 -0.104307853 0.206716627 -0.0338620022 0.188936055 -0.126278102 0.0346614867 0.21970129 0.0495845154 0.48311621 0.209311947 -0.130543157 0.191389337 -0.262374848 0.216007143 0.282008141 -0.0376961231 -0.133197814 -0.000678092241 0.148020774 0.0662914217 -0.0465799049 -0.00704583293 0.218088031 0.187025577 -0.0821678936 -0.00301638176 0.149581328 -0.220253289 0.0497223809 0.0453393683 -0.130128279 -0.0332678258 -0.0587555692 -0.136518955 -0.159743145 -0.159991801 -0.0820909515 0.0682234541 0.216236994 0.277214915 -0.0780729204 0.185841516 0.0496140383 0.163585946 0.0835515186 0.170389682 -0.123836085 -0.129174858 0.139696866 0.252774239 0.0854094028 0.176872328 -0.196705967 0.00112868007 0.156976327 0.276950598 0.137433097 -0.112583272 -0.197923541 -0.116400495 -0.228741258 0.0227786228 -0.0183495302 -0.323627412 0.301478416 0.114450209 0.214628115 -0.0863747895 -0.196397588 0.0847746357 0.187228203 0.233971342 0.0985002667 0.086851716 -0.0591356233 -0.0233838931 0.041609101 -0.0422722995 0.159559533 -0.0348009244 -0.0531350896 0.102194592 0.112506159 -0.458155215 0.0585540198 0.231106207 0.268028647 0.156393558 -0.062488962 0.278763235 -0.264629751 0.140326142 0.267093599 0.188670248 -0.240666404 0.17860043 0.0609399006 0.198464379 0.189522982 -0.501840413 -0.027766116 0.213125899 0.292268217 0.972672403 0.0051158038 -0.108594522 0.171854094 0.175196543 0.204442561 0.0790992454 -0.115613855 0.179811567 -0.163630873 0.140785336 -0.0139726847 0.708476782 0.248664603
0.0704457089 -0.341933548 -0.0298732594 -0.0268524885 -0.102286406 0.115773216 0.516801 -0.023113519 0.0232239496 -0.000474265165 -0.209682375 0.124682352 0.141077146 -0.400083542 0.135230392 0.000209153266 -0.132431701 0.042115178 0.213026538 -0.10621056 0.220267355 -0.0887551829 0.231404424 0.246363848 0.180434287 0.226325125 -0.300502002 -0.382206589 -0.0296679027 0.164471164 0.0208927616 -0.451371938 -0.314662755 0.142650113 -0.368625879 -0.0528252833 -0.0691629052 -0.00346674351 0.0843938217 -0.252835602 -0.296330065 -0.19742167 0.288648844 -0.0722504333 -0.205335364 0.00421189284 0.262491733 0.058170367 -0.320365071 -0.189929485 0.212553516 0.137209192 0.137153089 -0.015039756 -0.179617941 0.00661773607 -0.0470689721 0.252550483 -0.092327334 0.136272267 -0.192631572 -0.0198616143 -0.00330461888 -0.158792526 0.12440256 0.344336629 0.190198675 0.214517862 0.174275383 0.18285203 -0.458196908 0.0507493988 -0.11061269 0.169618517 0.189896017 0.103862263 -0.0980368927 -0.0489663295 0.250720263 0.0517129302 -0.00957933813 0.235792309 -0.0790726915 0.335626096 -0.299627662 -0.178837836 0.000550010183 -0.0111227855 0.103788435 0.01908122 -0.0288081821 -0.0373262055 -0.0347461216 0.0802647397 -0.00264696381 0.140136957 -0.301854283 -0.0868600383 0.0395738408 0.274595231 -0.14147 -0.442610919 0.339380056 -0.202422425 -0.119248293 0.0597078241 -0.040600609 0.194421232 0.192623869 0.158459499 -0.351593316 -0.248781934 0.119095966 0.164856642 0.125937805 0.202611297 0.209542185 -0.205331206 0.12287122 0.171775728 -0.0574909858 0.0427846909 -0.13240625 0.248949662 0.372609288 -0.0208476037 -1.02909672 0.208041742
-0.00435505947 -0.206602424 -0.0328673758 0.0306210276 0.305231571 -0.259925902 0.20267798 0.0116350176 0.0683745146 0.04841654 -0.016018115 0.0730523318 0.0807882696 0.0268162806 0.169113919 -0.0823153704 0.0878184587 0.172892421 0.0905891433 -0.647025228 0.0121938065 -0.0132516911 0.050250452 0.0642271936 0.176331967 0.115904942 -0.0099571459 -0.0758308917 0.0598713085 0.119164266 0.0375788771 0.00794862676 -0.048568815 -0.0694748312 -0.0169397052 0.000493195665 0.0947059542 0.210772917 0.177887827 -0.065168798 -0.124769449 -0.0168827567 0.159987912 -0.0112432092 -0.151743039 -0.0575995632 0.337754369 -0.0038767932 -0.18127279 -0.177736223 0.194143355 -0.16052641 0.236174688 -0.132335067 -0.0547312424 0.185001686 -0.154271603 0.0977520868 0.0691041946 0.183351815 0.102597788 -0.0958886743 0.0210460592 -0.15091683 0.154256374 0.0827251673 -0.0519891381 -0.0875601098 -0.0565015189 0.114066973 0.0738166943 0.0725704208 0.0309803952 0.277969599 0.0157700218 0.0548879206 0.0332832746 0.0952964276 0.113457829 0.0601233989 0.221536726 0.0792379901 0.00113383343 -0.190243512 -0.0618623421 -0.0941475034 0.178160638 0.0411534533 0.0857191533 -0.10983029 0.114396095 0.00992683321 0.0407099091 0.260769695 0.649143934 0.0753393695 -0.160090774 0.0175927971 0.225968927 0.199494526 0.0749929771 0.118120052 0.22117281 0.0768821239 0.0656683519 0.320887417 0.12794587 0.0849213004 0.119049102 0.180823207 0.118886203 -0.292110175 0.199389011 0.143361628 -0.280498296 0.0510048382 0.0602241904 -0.0724552572 0.111986227 0.0281705037 0.096949853 0.13546966 0.0461857952 -0.00329985144 0.242453575 -0.0647403151 -0.806759596 0.124032162
-0.0714680925 0.0208484046 0.0393054746 0.0451210886 -0.0945781618 -0.0293415915 -0.00806953758 -0.0412248895 -0.00594715727 -0.0832605809 0.0356158614 0.0297556091 -0.00715403492 -0.0418653712 0.00130600668 -0.0107222069 -0.0809196532 0.0846064165 -0.0886750966 0.0644554272 -0.0404912047 0.0629588962 0.0674541593 0.00736263162 -0.03577362 0.0434689 0.0762999728 -0.0761084855 -0.0615050867 0.0613852181 -0.0167151019 -0.0943131149 -0.0565923043 -0.0376577154 -0.0965877175 -0.0490613468 0.0133911092 -0.0755285472 -0.0300122611 0.0111216633 0.0845975429 -0.0559013598 0.0485007204 -0.0157904029 0.050172057 0.0734009668 -0.0866928622 0.066168882 -0.0517105907 -0.0751661509 -0.0537480898 -0.0255881529 -1.23122181e-05 -0.0457681715 -0.10204421 0.00458080135 -0.0710412264 -0.033732634 0.0280517526 0.00802496728 -0.0440417081 -0.0814491957 0.0718793944 -0.0746501237 -0.00923243165 0.0547800064 -0.0349875353 -0.0261999965 0.0720449463 -0.092328757 -0.0211763382 -0.0784910992 -0.0659657419 0.0647549853 -0.0750985518 0.0712432265 -0.0730428994 0.0697067529 -0.0745409727 -0.0390891768 0.0543896221 -0.0924000368 -0.0175654572 0.0380932316 0.0315710381 0.00590624567 -0.0635645837 -0.00090097636 0.0266735833 -0.0366892926 -0.00267014932 -0.0601181984 0.0485104471 0.0172763392 -0.0596081614 0.0712204054 0.0411415696 -0.0831387043 0.0119917504 -0.0713998228 0.0698026344 -0.0791246966 0.0871081352 0.0276021026 -0.0308012683 0.0712623969 -0.0576965474 -0.021481296 0.00673195068 0.0353726856 0.0680261329 -0.0863409415 0.00270442897 0.0560977608 -0.0295065865 0.00793052092 -0.013767682 -0.00637758523 -0.0238447823 -0.0983936414 -0.0724204183 0.049865149 0.0691616535 -0.0102066146 0.0748046637 -0.0520088412 0.0615815967 0.0325070098
0.0360969231 0.0305995513 -0.0189854093 0.481076807 -0.230358139 -0.0174735934 0.468146771 -0.0656137168 -0.0291082598 -0.0924867764 0.0272320155 0.431312442 -0.0685812309 0.291396171 0.162361532 0.440985799 0.386982858 0.162579268 -0.107367799 0.0348897465 0.147520527 0.561112881 0.183798566 0.167277932 0.00191394158 0.0378787965 -0.0720211789 0.0419285074 0.000274628401 -0.142270222 -0.0838912055 -0.189990744 -0.148131341 -0.392836571 -0.374918312 0.662079155 0.195142776 0.208716646 0.601760268 -0.210393131 -0.0471092276 0.339234084 0.251173645 0.0799285248 0.353775948 0.588286698 0.451778114 0.585030854 0.0930760279 -0.363834202 0.0663161278 0.440695852 0.0100168986 0.0822783411 -0.0777860805 -0.125117883 -0.0400731899 0.419452041 0.0532360934 0.51088351 -0.411681056 -0.135332257 -0.172104076 0.197939292 0.510905921 -0.0904570967 0.0940323099 -0.0241293013 0.438077152 0.422191739 0.248222917 0.357061148 0.447196096 -0.0362315513 0.541765511 0.0410308577 -0.0148786334 -0.0112821814 0.228312239 0.105376206 -0.170183972 0.240673259 -0.391710758 0.11073181 0.192626491 0.000456856884 0.588220358 -0.0534332059 0.6529724 -0.0976181179 0.0459667295 1.25989318e-05 -0.150915697 0.0905479342 0.199998423 0.0912791938 -0.246209532 -0.218852401 -0.00311422348 0.451398909 -0.46091637 0.419294268 0.382246256 -0.134300232 -0.173960015 0.340038717 -0.198092893 0.170146927 -0.00152707903 0.014409123 0.000802084396 0.333043575 9.26203429e-05 -0.0985190049 -0.143308565 0.517402053 0.472498268 -0.661310017 0.125943199 0.136966065 0.119712867 0.514057755 -0.271683604 0.517765522 -0.0347227678 0.0067518428 -0.0667973831 0.0787555203
0.00753386784 -0.207086205 0.00730059156 -0.00121421204 0.471303254 0.0883832872 0.524717093 -0.019337181 0.160542071 0.248330027 -0.19974798 -0.0839177892 0.256509066 -0.0382212028 0.0311755463 -0.128486305 -0.113187999 -0.00268311799 0.322927952 -0.329271704 0.0396413207 -0.0657268465 0.176588491 -0.291365534 0.236885816 0.223347187 0.0420094095 -0.0932240114 -0.0353063196 0.264229655 0.0679077059 0.0762490407 -0.0308273714 0.23765859 0.206076965 -0.0266359691 -0.0464898571 0.250880897 0.0402123854 0.108856246 -0.0373712964 -0.122572497 0.293452978 -0.0637919009 -0.12102703 0.0441583097 0.182921261 -0.110825218 -0.0652328879 0.251862973 0.26350528 -0.365979135 0.173229054 -0.0470537543 0.024293093 0.180051282 0.135250136 -0.0460980646 0.108765848 0.0485879928 0.147350043 0.157409221 0.195352614 0.0575748608 -0.0439046361 0.319061995 0.178168848 0.576696336 0.0440444984 0.0982036367 0.0131070083 -0.0510745049 -0.0921830237 0.41390574 -0.00145149836 0.374509841 0.0816315487 0.0717276037 0.00526168942 -0.0103166215 0.238216326 0.128426537 0.210625425 0.121432096 0.00237411959 -0.0285786204 -0.0136868907 0.076941587 -0.189993382 -0.0822582096 -0.154219717 0.00137931854 0.16709885 0.36732474 0.0609605871 0.11509645 0.127476916 0.0797895715 0.208153546 0.166043878 0.215923592 -0.0926095098 0.146256611 0.0649084374 0.0393886492 0.0164279733 0.201821536 0.0112826508 0.289736241 0.272660106 0.0574952252 -0.230576605 0.127243921 0.267553568 0.334745675 0.0361075625 0.0271946099 0.335389435 0.141349852 0.109283231 -0.0387263224 -0.0760723874 0.255928248 -0.144361183 0.146133453 0.049037613 -0.398170292 0.230307519
0.0464735366 0.190668195 0.0946245044 0.0602421463 0.368097931 -0.0634762794 -0.0581815876 -0.0457803085 0.192817166 0.130100012 -0.306617767 0.0606752746 0.206779033 -0.275725484 0.466311455 -0.0152616659 0.125415772 0.384233356 0.241595671 0.501367807 0.335296363 0.110797219 0.235533491 -0.266201884 0.251947373 0.407303274 -0.473648816 -0.464902133 0.0307894647 0.34862572 -0.0616862439 -0.228907287 -0.331428528 -0.188068599 0.000174416607 0.139136598 -0.145360455 0.471985549 0.0725523606 -0.202984229 -0.195586488 -0.040360637 0.0970278606 -0.0478563979 -0.348859519 -0.0459324233 0.00313605322 0.00315723894 -0.132523403 -0.0341049582 0.329441071 0.142460212 0.386481166 -0.308183849 0.124891467 0.113100767 0.278904736 0.13274321 -0.0443291068 0.122804545 -0.0383856893 0.123936966 0.106950998 -0.21438241 0.0528408401 0.29733187 0.141029969 -0.188708872 0.189094752 -0.0282911621 -0.102200657 -0.581385672 0.29161489 0.326937228 -0.131467357 -0.106012985 0.0994252786 0.217940465 0.0220005531 -0.16687873 -0.00950295851 0.267658591 -0.0352439843 0.107366867 -0.0822910368 -0.348305464 0.0203978308 0.0551170483 0.187395021 -0.258509815 -0.117883101 0.0174407884 0.00251138047 0.661740065 -0.0537072346 0.0686986297 -0.212617934 0.165436938 0.0764997154 -0.0506982841 0.0380903855 -0.273155749 0.322303891 0.14538008 -0.21542953 0.0278416276 -0.0594534092 0.0940995142 0.355080754 0.380164176 -0.231326133 -0.507803619 0.367451131 0.474966317 0.440482199 0.156349093 0.138461947 -0.178748578 0.141937748 0.314979821 0.291840017 -0.0539579131 0.00373286055 0.0448518433 0.324429721 0.0582202598 -0.151797801 0.271498024
0.0435068682 -0.0109501295 -0.0506354645 -0.0340021923 -0.063628979 -0.0270344187 0.0695826113 0.0593683198 -0.0658789799 -0.119990468 0.0350959413 -0.0693360418 -0.0367796384 -0.0121060088 0.013528239 -0.00150753069 0.074800089 -0.057093177 -0.0439158045 -0.00172656646 -0.0254175458 0.0648722947 0.0064490675 -0.00051030732 -0.0425165258 0.0117017953 -0.0876634046 -0.0135847302 -0.0238794759 -0.0729860514 0.0893577337 -0.0188619792 -0.0112001207 -0.0487649031 -0.0261216071 -0.086082831 -0.0271299519 -0.00899023656 -0.0427419879 -0.0137187559 -0.0988573506 0.0418509655 0.0291602835 0.010703288 0.014717604 -0.0962141529 0.0329958312 -0.0518524125 -0.0621402301 -0.0259350035 -0.00493369531 0.00533724157 -0.00997012481 -0.0128524574 0.0144898109 -0.02075449 -0.0799521431 -0.0946827382 0.0358840376 -0.0646304339 -0.0504072979 0.0291094873 -0.0673801154 -0.0806279927 -0.0156783946 -0.00426167436 0.0714898482 -0.0876927525 -0.0307219941 -0.0738847405 0.0752148405 -0.0839663595 0.0534931794 -0.0843192041 0.0465677008 -0.0721319243 -0.0211133827 -0.0296660326 -0.0215085503 0.00488355663 -0.09690056 0.0202034041 0.0206960682 0.0333840251 -0.0589543246 -0.0344283804 -0.113168471 -0.0741337687 -0.092354089 0.0130318962 0.0351171643 -0.0382195525 0.0415471792 -0.0176899582 -0.0329164863 -0.0995895341 -0.0439955853 -0.037168283 -0.0259254146 0.0687652528 0.0332540199 -0.0099825589 -0.00267166342 -0.0231493879 -0.0425744466 0.032746546 -0.105608881 -0.074715808 -0.0800223872 -0.0294781998 -0.0433462113 -0.116839096 0.0633811504 0.0610187314 -0.0368309431 -0.0914572477 -0.0145413894 0.0693671852 0.0152502367 -0.0607600473 -0.0204678681 0.0431193933 0.061846219 -0.0426683351 -0.0363284051 -0.0208755359 -0.0145436898 0.0611404218
-0.0651369244 -0.0381096862 0.00583488541 0.154408664 -0.0399652012 -0.0977103412 0.171799123 -0.085338071 0.203657389 0.00158612186 -0.42254895 0.0290366169 -0.0962458402 0.146970958 0.370444924 0.390463382 0.318953753 0.704095125 0.53538394 0.373566329 0.526639104 0.325456321 0.654021323 -0.252299339 0.291120529 0.459706187 -0.447884619 -0.441831738 -0.0356695838 0.438665032 0.0754401833 -0.205273241 -0.369087219 -0.448791891 -0.299272418 0.34115985 0.0122681493 0.441177517 0.238075182 -0.458223939 -0.425893098 0.267115444 0.476891369 0.0548791066 -0.243309245 0.135839343 0.0688516647 -0.05398307 -0.169133946 -0.0783502907 0.322346747 0.119581714 0.440761179 -0.300722122 0.141416401 0.0906067938 0.359857261 0.461302459 -0.431005746 0.348262012 -0.146276042 0.33118239 0.0447277948 -0.417942256 0.272758067 0.46654579 0.227805361 -0.040932782 0.324197322 0.390368342 -0.118671268 -0.462521613 0.469020814 0.0909316689 0.230275452 0.099958539 0.0859878734 0.120983176 0.243599251 -0.354158401 -0.0467395261 0.580974877 -0.210867062 0.591508865 0.0365640111 -0.53760314 0.253829867 0.0182657763 0.24531199 -0.448340297 -0.283474147 -0.0581988655 0.00335949007 0.69872725 0.100990377 0.185130432 -0.328586042 -0.231182501 0.199534029 0.524190128 -0.259369433 -0.133070603 0.866659403 -0.134980068 -0.213122979 0.443607748 -0.11199034 0.211406127 0.394328296 0.383098185 -0.0615209341 -0.459132046 0.440749198 0.478475928 0.0455818661 0.288925499 0.3434093 -0.437299222 0.381426483 0.291497618 0.481399417 0.250914305 -0.144750237 0.306237549 0.594925106 -0.0452004075 0.0548630655 0.211658999
-0.0254208799 0.0703652501 0.0277979597 0.0237931497 -0.0992652029 0.189655453 0.429134548 0.00626284396 -0.260904312 0.134315327 0.0830697641 0.35916388 0.0830927491 0.228883982 -0.197262168 0.147057742 -0.0202551428 -0.224215686 -0.184337288 0.406271428 -0.0702786595 0.223254576 -0.310284019 0.653041899 -0.119783059 -0.388884217 0.239186689 0.106388226 -0.0586935505 -0.132315293 0.0161549542 -0.0969548821 0.0207380392 0.112763941 -0.0913349092 0.479958802 0.123929039 -0.303216636 0.241447374 0.0974372774 0.0378293805 0.16080758 0.0370548964 -0.0869141147 0.148206472 0.173129022 0.0715746433 0.310341805 0.36476782 -0.092145741 -0.210538372 0.708093405 -0.399315178 0.109215721 -0.290616333 -0.199127242 -0.19056043 0.0786033273 0.578746796 0.224632159 -0.0278041065 -0.194490582 -0.0695462376 0.507161617 0.332400143 -0.353931993 -0.0737576261 -0.0200542156 0.181008592 0.211640775 -0.334897846 0.390614808 0.0381683074 -0.374696106 0.450397968 0.164041236 -0.16946958 -0.26741311 0.081797719 0.210945487 -0.0119643109 -0.147927731 -0.0138714826 -0.150955722 -0.0568842776 0.158266723 0.423160255 -0.0249917731 0.545581579 0.335453004 0.341249883 0.0492084399 -0.0726437643 -0.516062379 -0.137433261 -0.181912959 -0.0383756012 -0.193403289 -0.207103983 0.447877824 -0.0803781375 0.385685861 0.0611344539 -0.123135328 0.205343246 0.152333245 0.207519144 -0.0502829403 -0.205210328 -0.265862763 -0.0641650185 0.430864453 -0.320052236 -0.447828978 1.00082564 0.250937879 0.0843320042 0.0378942415 -0.158997729 -0.111773394 -0.276587278 0.357836008 -0.0213615224 0.384732515 -0.436308116 -0.0117653236 -0.363680512 -0.0929832235
-0.0634390712 -0.178885311 0.027965894 0.210730463 -0.133627102 0.39957273 0.152231485 0.066522114 -0.0662997812 -0.00742088538 -0.0539890826 0.378351986 -0.128052697 0.402169853 0.10276185 0.436487883 0.0127586285 0.201720282 0.0336317196 0.171358541 0.103068449 0.392450631 0.124915168 0.314641595 -0.00643300405 -0.0919146761 -0.0552925095 0.218865588 0.0842818096 0.0974861011 0.0710395351 -0.198809281 0.249211222 -0.204582393 -0.212275758 0.524257779 0.165272966 0.0741814822 0.363065302 -0.0129530774 0.0838512406 0.234478474 0.109939136 0.0559226647 0.379736811 0.31364426 0.0183760952 0.353949726 -0.113780312 -0.218437552 -0.0238848999 0.400273919 -0.0948881432 0.0846339539 -0.102383122 -0.0953593552 0.0211960021 0.136742473 0.0487688445 0.272351295 -0.216258407 -0.0966970325 -0.0335866585 0.139500245 0.371605992 -0.0478437841 -0.0339545161 0.177749336 0.110701889 0.175889313 -0.319934994 0.434927732 0.281166434 -0.212318167 0.361217707 0.214828029 0.0653803796 -0.0639916062 0.321230948 0.0194090474 -0.103480995 0.235338271 -0.084108308 0.186736554 0.319607615 0.154010624 0.407887042 -0.0585199893 0.292988509 0.150731847 0.251976401 -0.00037021935 -0.0658398122 0.079321757 -0.220158979 -0.0291985665 -0.17979297 -0.250100851 -0.103446491 0.212618917 -0.174478933 0.423249185 0.233132377 -0.171459511 0.0818171203 0.246849939 -0.0669248924 0.0378463864 -0.010662403 0.0066203326 -0.737752438 0.300358295 0.0134781552 0.0637927502 0.20054321 0.321831524 0.392107397 -0.386912733 0.128121644 -0.00343757798 0.00075884047 0.426809192 -0.185789928 0.526051521 0.0888177305 -0.0220655948 0.578879416 0.0675500855
-0.0367653072 0.402488649 -0.0190801993 0.250379562 -0.18265909 0.233459339 0.235648409 0.0383943655 0.173073113 -0.127113119 -0.190919459 0.218527511 -0.121096052 0.548282743 0.170798376 0.402686536 0.220014855 0.390532911 0.273713619 0.405785143 0.171936065 0.267950237 0.303227037 -0.438855976 0.0875969753 0.0794449002 -0.253755063 -0.106856801 -0.0329225138 0.237291053 -0.0827386603 -0.0497935899 0.07066302 -0.367221117 -0.217229232 0.267792732 0.0618450306 0.286958784 0.302611142 -0.118979372 -0.0844337642 0.0113966828 0.21927844 -0.0471573584 0.120356314 0.175874025 0.051585149 0.157690004 -0.231104851 -0.144787803 0.150302798 -0.135133475 0.247033998 -0.148977444 0.108793072 0.104165569 0.144765735 0.385139048 -0.147675723 0.269433826 -0.210448146 0.116575636 -0.0907009467 -0.223356187 0.293525606 0.23979345 0.018219674 0.0531491339 0.25787124 0.308009654 0.142282307 -0.24767144 0.295957059 0.266578346 0.118975826 -0.0794664994 0.0634075105 0.120917745 0.306762427 -0.216917276 0.0335020721 0.315622509 -0.284501642 0.156249464 0.150891826 -0.342536539 0.125866801 -0.0450529046 0.14142777 -0.252857864 -0.0617397018 0.0313377231 -0.167012811 0.307813495 -0.101426929 0.250232369 -0.252623558 -0.170600608 0.143725947 -0.000169613006 -0.281213731 0.0432348698 0.497513413 -0.139568627 -0.168758422 0.0761823505 -0.266505241 -0.0368385874 0.0799651891 0.179576427 0.0833928138 -0.236606687 0.191783816 0.258197099 -0.0319833383 0.154498965 0.39781031 -0.683733702 0.0633584633 0.106702916 0.227138907 0.26720953 -0.12607272 0.170349717 0.326688886 0.0301402137 0.3630566 -0.0238092914
-0.0663736165 -0.162921295 0.0131253675 0.034822166 -0.0358232073 -0.143969327 0.323055506 -0.00265131402 0.0918442085 0.079150632 -0.0565466806 0.0332778618 0.0626120642 -0.0545473658 0.0438593552 0.0863637924 0.189657107 -0.232594594 -0.0999845788 -0.493050396 0.0329097956 0.050161995 0.123799704 0.163144842 0.0333616957 0.131640315 -0.0902327895 0.0521867462 -0.0425383933 0.0707358569 0.0538692512 -0.114763997 -0.0828557312 0.0122967204 -0.0695205182 -0.13901712 0.000261131558 -0.143895224 0.0212177783 -0.064301677 -0.00647982908 -0.169656754 -0.0149285169 0.00966720283 0.0441794619 0.0044470313 0.37665534 0.0664715171 0.0388797782 -0.0644091964 0.0142857861 -0.0606343858 -0.167511538 0.0580669008 -0.0724119321 0.0557365939 -0.0786417052 -0.127935961 -0.0342848636 -0.0934682786 0.0261506606 -0.0650817826 -0.0655296668 0.0724951327 0.0392654203 0.024121467 0.123820014 0.309347391 -0.163045824 -0.0500020348 0.0672412366 -0.035016235 -0.235316634 -0.145459831 0.118535951 0.0920336768 -0.0657379106 0.0500486009 0.039838884 0.0459087938 0.063447915 0.0305211414 0.00289065903 0.0758084878 -0.0126015665 0.0470717177 -0.052549284 -0.0507413484 -0.0301636178 0.0713424087 -0.05852063 0.0389997289 0.14265117 -0.308671892 0.226682767 0.0158247855 -0.139816716 -0.0200326238 -0.0270051733 0.0120982481 0.221884042 0.164656386 0.0170493945 0.0448176712 -0.00861959253 0.0786169618 0.065556407 0.186431661 0.159696713 -0.162396416 -0.0136632388 -0.107813045 0.0803202391 -0.00777949486 -0.426431865 -0.0546829291 0.0397050828 0.187281162 0.159132898 -0.049585484 -0.0983159989 -0.102202654 0.0563105829 -0.122525647 -0.0116268806 0.0317857638 -0.470152676 0.169008568
-0.0614778772 -0.262407511 -0.0284125097 0.419805795 -0.114157528 0.0662457049 0.18936114 0.0714980364 0.32245186 -0.111187994 -0.509993136 0.250601381 -0.171959668 0.176690906 0.345299482 0.318528414 0.167016909 0.571668863 0.44434908 0.05586835 0.405313432 0.358597666 0.435189247 -0.54390651 0.317310691 0.317382276 -0.496953994 -0.403318703 -0.0617701337 0.352511674 -0.0685321316 -0.357886702 -0.348837316 -0.428799123 -0.244831398 0.185833797 -0.0474365689 0.468644381 0.30181393 -0.387641758 -0.418914706 0.158020437 0.420278162 -0.0446451753 -0.196235463 0.126045331 0.267237276 0.138490707 -0.0625904948 -0.2375146 0.306592196 -0.0771810636 0.328876495 -0.201184779 0.138129622 0.0715588629 0.227738664 0.442800671 -0.483986974 0.35344407 -0.296906561 0.0772325173 -0.00886137318 -0.381346166 0.356116176 0.350024134 0.177417234 -0.151689515 0.262042195 0.459919155 -0.0375465564 -0.366061568 0.443989784 0.229962036 0.327263594 -0.0834703371 0.150945351 0.0534483157 0.216801867 -0.242839903 -0.0629647896 0.45755735 -0.203775808 0.347423285 -0.056544181 -0.395689875 0.299039662 0.0832817182 0.266691953 -0.420363665 -0.26856184 0.0802918002 -0.0403975695 0.562156737 0.353983432 0.17714493 -0.305264086 -0.216442212 0.0883408859 0.577871323 -0.51832211 0.00218306412 0.799667895 -0.281122595 -0.288541675 0.557298601 -0.2462603 0.121518604 0.257359505 0.381118447 0.140627265 -0.380548328 0.184176356 0.412072241 -0.212497517 0.319819421 0.248464838 -0.816777229 0.207614049 0.329855859 0.288001865 0.398809135 -0.156150311 0.320557803 0.48653692 0.0465419069 -0.312990159 0.13295649
0.00359823555 0.108442947 -0.0827328414 0.0979083478 -0.24299188 -0.0631610528 0.340194106 0.0715947822 0.0925819203 -0.136247039 -0.0796965361 0.315113097 -0.169242367 0.104039825 0.047935348 0.296037644 0.208407342 -0.033395905 0.0762624666 -0.475537717 0.116922185 0.237881526 0.0365470313 0.0880138576 -0.0511049069 -0.0844885558 0.165613741 0.367676079 -0.0465247445 0.0369007476 -0.0390604287 0.0767849609 0.196947828 -0.307911038 -0.211315691 0.117110193 0.107640356 0.0777771845 0.319074839 0.0224982351 0.0636552945 -0.0207756609 0.215063348 0.00539865345 0.448412478 0.183762282 -0.0197471734 0.134854048 -0.105701536 -0.149288401 0.0408516638 0.0921252072 0.136552736 0.108562365 -0.0817236602 0.0791883841 -0.116229169 0.275753587 0.117658883 0.104700118 -0.123334602 0.0706005767 -0.066164732 0.423748195 0.257135034 0.12043637 -0.00735982135 0.05545035 0.330933154 0.283142626 0.348473579 0.287687361 0.0789045617 0.107088827 0.242500082 0.0540015139 -0.0843971893 -0.0563067757 0.365364075 0.123651274 0.0180783421 0.0818634406 -0.320067912 0.105786517 0.0957860574 0.0964267999 0.160964414 0.0637370721 0.185781479 -0.155706584 0.0745255575 -0.0609744973 -0.0716715306 -0.0362357125 0.44287473 0.0871454403 -0.105187014 -0.25523296 -0.0447084531 0.23389329 -0.374697894 0.380015165 0.237023354 -0.105982319 -0.0799296051 0.191994131 -0.132930145 0.0182921272 -0.131697372 -0.063172631 0.546955645 0.149538577 -0.0599975474 -0.0665733293 -0.471835494 0.227592766 0.194236025 -0.445587993 -0.0406917073 -0.0577944852 -0.0436200574 0.269262105 -0.152921289 0.319400489 0.0435811244 0.00457914919 -0.238017634 -0.0301979426
0.00540268794 -0.0258554947 0.0364828184 0.00189128623 0.0319323987 -0.0411945805 -0.0368785746 0.0125177912 -0.01151489 -0.0885476097 0.0721068308 -0.0906597674 0.0573603585 -0.0775351226 -0.0879576057 0.0629418939 0.043410521 0.0721913278 -0.0495059192 -0.0228154529 -0.00519498019 0.0280053206 -0.0122420704 -0.0951997712 -0.0338372923 0.0498226807 -0.00949117821 -0.00481511094 0.0368566737 -0.025495261 0.0606730171 -0.012170746 0.00205450086 0.00380768417 0.0680426955 0.00240159151 -0.0619263388 -0.0187809654 -0.00429983297 -0.0289690103 -0.0230675358 -0.0251197163 0.0299302153 -0.0842455924 0.0550909601 -0.0658330768 0.0797826648 -0.00868873391 0.0111232428 -0.0744387805 -0.0319262743 0.0496586189 0.0321544632 -0.0692694485 0.0621498488 -0.0209353063 0.0636150092 -0.00203208439 -0.0442723371 0.00332243298 0.040090628 -0.0958841294 -0.0544497184 0.0577586144 -0.00132083846 -0.0575858094 -0.018131569 0.0373675153 -0.00629832689 -0.075861834 -0.103263505 0.0694295019 -0.0190490298 -0.0764163807 -0.0222539995 0.025625553 0.0572534204 -0.0643919185 0.0393398628 -0.0465082675 0.00992022641 -0.0178010985 -0.0793367401 -0.028193919 -0.0800144672 -0.0867484286 -0.0476643704 -0.0321620293 -0.0582817793 0.0203021914 -0.0258386619 0.0724347159 0.0600198805 -0.00852496177 -0.0225201566 -0.0110133914 0.0135148168 0.0114810215 -0.0162840262 0.0662536696 0.00547145447 0.0108638648 -0.0827602074 -0.0878390744 -0.00613501295 0.0529600158 -0.0356448852 0.0163285229 -0.0923742503 0.00495004375 -0.0211631227 -0.0171949472 -0.0529301055 -0.0178529341 0.0471259877 0.069907926 -0.0787703469 0.0224357471 -0.0932947397 0.0149196051 0.0517650545 0.00157478848 0.042405121 -0.0810022578 0.0139583461 -0.0453640968 0.00649192417 -0.00682364311
0.0567587838 -0.0162122529 0.0404631272 0.0334715024 -0.0456108637 -0.0640271232 -0.0355333611 0.0363000482 -0.10906864 -0.0766542926 0.016578583 -0.0887338445 0.0514066517 -0.0844835937 0.0427853018 -0.0978131592 0.000548403652 -0.0183073971 0.00443904707 -0.00391487591 0.0457323641 -0.04777845 0.0480214432 -0.0527844541 -0.103128254 0.0359388068 -0.00948974956 -0.00453516142 0.026819855 0.0247901566 0.0445331559 0.00239874795 -0.0146838268 -0.0215103198 0.0202490445 0.0518675782 -0.0515140481 -0.110654607 -0.00752538582 0.0182567034 -0.0895114467 -0.0893970281 -0.0959854648 -0.00435139984 -0.0783480182 4.26916959e-05 0.0304361638 -0.0689031333 -0.0837841704 -0.110761486 -0.086740844 0.000979778939 -0.0321758352 -0.0608671121 -0.0345048867 -0.0610026233 -0.117710076 -0.0966708213 -0.0502661429 -0.106833875 0.0230466295 -0.0722148344 -0.0876799226 -0.0352839828 -0.102548271 0.0361579992 0.0229821224 -0.0102258008 -0.0913490728 0.0193831623 -0.10184487 0.0428611003 -0.0508313105 -0.0327362604 -0.105936311 0.000489142491 -0.0514499135 -0.0442222022 -0.0568940379 -0.0603980906 -0.0166567266 -0.00895214081 0.0350791067 -0.0447182097 0.023593558 -0.113649428 -0.00733665423 0.00341439247 -0.0518607162 0.00435194653 -0.0300626438 -0.00901805609 0.0546977483 -0.108789742 -0.0599502549 -0.0630688295 0.0493328385 -0.0563125797 -0.0151747046 -0.0348779112 0.0301140863 0.0299125239 -0.060268119 -0.0199185479 -0.112318657 -0.0694090128 -0.0936723202 -0.0558689274 -0.0287310556 -0.0623292997 -0.0344216786 -0.0566042699 -0.0151995821 -0.103465319 0.0588761903 -0.0686211586 -0.0312804505 -0.0979265571 -0.109815501 -0.0864994079 -0.103632197 -0.114051506 0.0320819244 0.0574491434 -0.0845913365 0.0786032006 -0.0204149019 0.0545654818
-0.0789123923 -0.00399911264 0.033243265 -0.0796304271 0.0381285064 -0.0272506792 0.0576429144 -0.0216146931 -0.0638808087 0.0420548879 0.00179256673 0.0484779738 -0.00924844388 0.044467289 -0.0477702357 0.091772154 0.0300970264 -0.0913326964 -0.0389578007 -0.0586952157 -0.0485307872 -0.0177804846 0.077375114 -0.039916154 -0.051813174 0.00800340809 0.016355535 -0.0313801095 -0.0308839045 -0.0215345491 0.011472486 -0.0707155913 0.0861940458 -0.00749928551 0.0500258505 -0.0412892848 -0.0104372222 -0.000190385152 -0.0948851705 0.0114058265 -0.00963580422 0.00415773084 0.0252432469 0.0550027564 -0.0421424992 -0.0375654921 0.0346950032 0.0246427823 0.0251866523 -0.0590502396 -0.0612088032 -0.0887532011 0.0221598446 -0.0554875396 0.0302880928 -0.0765836835 -0.078470096 -0.0595912375 0.053073898 0.0398395099 -0.0832215026 0.00794113521 -0.0769847482 -0.0771769956 -0.0494693033 0.0528668985 0.0114575764 -0.011329487 0.0195304528 0.00482323719 0.0424214303 0.0284335371 -0.00714116683 -0.0086540971 -0.0311434586 0.0802994147 0.0469550341 -0.0833176896 -0.0222597532 -0.0109045822 0.0268828496 -0.0207043234 0.0834128484 0.0111024044 0.0752651542 -0.0561970584 0.0541868806 0.0251471624 0.0420532748 0.0268786065 -0.0932267979 0.0260533392 -0.051006645 -0.030071862 -0.0896478072 0.00767164771 -0.0371531807 -0.0384951383 -0.0821927562 0.0702854022 0.0720590279 -0.0499395765 0.0147461826 -0.0924460441 -0.0293260254 0.0653735325 0.0471533462 0.0134893712 -0.0670212731 0.0265082344 -0.0314554647 -0.00785806216 -0.00296356855 -0.0771345273 -0.00134777033 -0.0531821698 -0.0511863902 0.0193274468 -0.030587649 0.0223662518 0.0145350974 -0.0921810493 -0.0139381932 0.0729179308 -0.0433987938 0.0447551087 -0.0858851969 0.024161851
-0.0726012737 -0.0568061918 -0.0588182323 -0.144611865 0.328192353 -0.0675527528 0.145330682 0.0314392224 0.207541183 0.0770718157 0.00963476859 0.00795418117 0.0475066006 0.0121377818 0.24935627 0.112260327 0.0297284052 0.446419239 0.362081677 0.173375219 0.264941394 0.0781997293 0.225992858 -0.119168319 0.253787935 0.36449191 -0.262017041 -0.193841547 -0.00659174472 0.235160515 0.0210550837 0.0435066894 -0.12571229 -0.0638375208 0.0623395965 -0.194556311 0.175019622 0.32551524 -0.123371676 -0.0981267095 -0.0967565179 -0.0156271048 0.267986983 -0.00809805095 -0.171434894 -0.00697283167 -0.0309313703 0.0420374349 -0.0858158171 -0.0143413125 0.301508993 0.00509384926 0.35742265 -0.00141282752 0.144591868 0.228803933 0.174175501 0.218103275 -0.0707498416 0.220125616 0.105315976 0.0970468372 0.083680436 -0.34609431 0.051365193 0.449775934 0.253000647 0.273580104 0.240316942 0.0994407237 -0.16365248 -0.251077503 -0.00978377834 0.472484976 -0.169125348 0.355601966 0.145177931 0.181020588 0.0260781012 -0.0596015789 0.14736712 0.145503625 0.177865669 0.0436840765 -0.0086835064 -0.225940987 0.0436532572 -0.0717717931 0.0207100436 -0.0383872688 0.07523828 -0.0372680984 0.171484187 0.39244771 -0.159119561 0.156544477 0.111785203 0.229140088 0.273393333 -0.0395135023 -0.0644145682 -0.144560695 0.355342448 0.073757872 0.0689898655 -0.0102334833 0.0561690107 0.242068589 0.252137214 0.332606792 -0.268932074 -0.220459759 0.34367913 0.366662502 0.0182188246 0.169915438 0.133421242 -0.306887567 0.267206758 0.206683248 0.14369747 -0.0224661157 0.123624064 0.038923014 0.346751958 0.045216687 0.236955613 0.108118914
-0.0821268335 0.202573836 -0.0938180983 0.313892126 -0.166283369 0.702634335 -0.548252285 0.0410937965 -0.0465285331 0.185275003 0.488456339 0.354005098 0.0314373188 0.496857375 -0.050022494 0.45932737 0.0287682805 -0.168977782 -0.149706915 0.134449974 -0.0583798848 0.277873546 0.0538982153 0.480041534 -0.125332117 -0.0850102827 0.134558678 0.535755754 -0.0630009398 -0.168976694 0.0467537083 0.309157163 0.429818302 0.25175643 -0.101369374 0.412049979 0.53896904 -0.35197413 0.388332069 0.294163764 0.432855248 0.393294662 0.0304781441 0.0204985514 0.8185094 0.45036003 -0.0776359364 0.519723237 0.751536489 -0.0967079997 -0.0184590891 0.679108858 -0.223040596 0.553787827 -0.0229826719 -0.0709381923 0.0281161536 0.229175046 0.203672692 0.280439347 0.0365233719 -0.0916487277 0.00995226391 0.450597435 0.378386557 -0.185209051 0.186802283 0.0348028243 0.156837463 0.349043816 -0.412723124 0.377857298 0.242814511 -0.209901974 0.417417318 0.395682126 -0.00938951876 0.0685104802 0.130007312 0.100674212 -0.0277752411 -0.0983979106 0.189821899 0.00980845094 0.487299353 0.393656731 0.322239965 -0.00145842135 0.358137786 0.43517077 0.7464661 0.012253724 0.0276944861 -0.429859936 -0.442690969 -0.0386591181 0.060599342 0.123301297 -0.149032459 0.0556913316 0.0752229616 0.371124148 -0.121411063 0.184568971 0.386750281 0.0311690178 0.186195195 0.232925713 -0.15562512 -0.224201217 -1.14445996 0.29314208 -0.0264068153 -0.307816178 0.201049611 0.243980572 0.37756139 -0.200810343 0.123452336 -0.0854605287 -0.0550045036 0.332278103 -0.12637724 0.420570761 -0.226812065 -0.0594685599 1.08193088 -0.0216616169
0.0241603609 0.0613674149 0.00882090069 0.0499053746 -0.0560978763 0.0135534368 -0.299473107 0.0468387268 -0.0770017207 0.131136388 0.287436754 0.19779335 0.139134482 0.0244521238 -0.000445055688 0.260341674 0.159851506 -0.202627078 -0.174667135 -0.0079876855 -0.0347580686 0.196643978 -0.0148218293 0.675248146 -0.0045177741 -0.0355446823 0.324402481 0.243626326 -0.0107885599 -0.0760856494 0.0157932285 0.0887691155 0.172888041 0.276309371 -0.186486602 0.120826982 0.245843157 -0.109911114 0.164118946 0.142949268 0.319432765 0.204288691 0.0175949931 0.0718104467 0.228793025 0.31492725 0.0736869648 0.250732541 0.367312253 -0.18652454 -0.0634801984 0.386020809 -0.160998002 0.325444609 -0.124160312 -0.092147693 -0.144832507 0.141834244 0.2616418 0.158358753 -0.0229083877 -0.254377156 -0.133715719 0.27643317 0.088100791 -0.126018822 0.154835552 -0.127335265 0.100082889 0.151761636 -0.0454335287 0.311256677 0.105341278 0.0126835098 0.262842208 0.230635718 0.0746384487 -0.0315145105 0.0625189841 0.25106144 0.0155370608 0.0191296265 0.0227121245 -0.08943443 0.311067402 0.251098007 0.156428143 -0.0106533095 0.177782446 0.498718053 0.261394978 -0.0405216962 0.100154378 -0.210796833 -0.190608293 -0.0486746617 -0.00554277189 0.12093287 -0.0412696302 0.1449247 -0.0179642644 0.0868293494 -0.153350621 0.144445002 0.104766473 0.0913123637 0.0888718441 0.0726785287 0.10154777 -0.0494542271 -0.217202827 0.216088563 0.0295700226 -0.212513179 -0.118473567 0.177759141 0.195164189 -0.00383915845 0.137843072 0.00741005037 -0.142890513 0.257338136 0.0119150607 0.174731374 -0.105611771 0.0598975047 0.187403023 0.0348628312
0.0596244745 0.290575534 -0.0176509619 0.567110419 -0.594329834 0.483741909 -0.074476324 -0.0853891969 -0.0466782302 -0.2921561 0.0533807725 0.595240235 -0.170211866 0.459220499 -0.0455076136 0.649928689 0.288746446 0.106629416 0.022174336 -0.190470949 0.267978996 0.479936987 0.340318173 0.152965575 -0.0349955671 -0.110643305 -0.290891647 -0.0891736969 0.0211863741 -0.141713545 -0.0375285409 -0.329058647 -0.0793045387 -0.483286589 -0.600877345 0.666967154 0.178595319 0.0344927199 0.699673712 -0.44027552 -0.175085917 0.483984888 0.300328106 -0.0782097876 0.311954558 0.705789506 0.097348392 0.62017709 0.453088999 -0.50270611 -0.0140214395 0.523312569 -0.0895678028 0.0105719063 -0.0974740684 -0.223629504 -0.269757569 0.499135435 -0.099326551 0.352734387 -0.609591186 -0.238415062 -0.282473832 0.0552875325 0.442872077 0.0742277652 0.18939741 0.0277311932 0.652226567 0.41925323 0.0861624107 0.248666719 0.562363386 -0.161309898 0.677176595 0.135808423 -0.173308402 -0.0887250751 0.561191201 -0.221106187 -0.172250867 0.23131305 -0.479642391 0.214068979 0.150200605 -0.163525358 0.505779684 -0.000302821398 0.500797212 -0.159377828 0.179229856 0.0244157463 -0.299216896 -0.134034976 0.220840618 0.0539469235 -0.529806614 -0.595871568 -0.0516841672 0.521126211 -0.549370587 0.415228665 0.454144984 -0.377013266 -0.193010315 0.498305619 -0.410226434 0.0591003038 -0.197974071 0.0610206537 0.0933827609 -0.0254648756 0.0302963778 -0.119912095 -0.25369963 0.429635406 0.593805552 -0.897476196 0.0706083253 0.00848942157 0.0160540398 0.61346972 -0.385067493 0.708374023 0.0710099787 -0.0557929873 0.737046599 -0.0898254588
0.0593780354 0.123743735 -0.0623676144 0.0772044957 -0.259356111 0.414107978 0.0863181651 0.0327042639 0.116680056 -0.0857731029 0.226933077 0.243740126 -0.0732512102 0.372289121 -0.112740822 0.28119415 -0.00839305017 0.0772970021 0.000147020299 0.00770903006 0.0562986843 0.179518998 0.109433904 0.195999518 -0.139768884 -0.0891948491 0.121560566 0.332481623 -0.031083595 -0.0614647493 0.050592158 0.325511247 0.404282689 0.108325802 -0.124359161 0.2081974 0.344421059 -0.177280784 0.225796998 0.160935432 0.349406064 0.14799951 0.0432304554 -0.0753845125 0.603436649 0.229143426 -0.0429492146 0.195680976 0.318943173 0.0582733713 -0.108786538 0.189758286 0.0433428809 0.445801675 0.0276293177 0.115198784 0.0218156278 0.246926337 0.037843585 0.0873291567 -0.139586911 0.0182561092 -0.00309683476 0.233233124 0.239482939 0.084606193 0.0556618646 0.251896799 0.296719581 0.100279406 -0.0340519063 0.279382318 -0.211671129 0.14056024 0.00639965013 0.314497441 0.043457441 -0.0519818626 0.181740969 -0.0451551005 0.0531972237 0.0713948756 -0.00219173077 0.230989322 0.417706668 0.217976779 0.0964845493 -0.0214202702 -0.0101847062 0.261911273 0.345796973 0.0173825398 -0.0846983269 -0.122755699 -0.250983506 0.0641730651 -0.0367091224 -0.122673072 -0.0722538009 -0.104792342 -0.142691344 -0.0731316879 0.0473592244 0.0316468924 0.285085618 -0.0403156765 -0.0473065749 0.156985879 -0.193889856 -0.151304945 -0.287708193 0.26170817 -0.108410731 -0.0919768438 -0.0687322021 0.228803843 0.329049975 -0.344646245 0.00157673657 0.0788261145 -0.0484270453 0.243233785 -0.121518828 0.197382718 0.0219715014 0.00491616875 0.205990821 0.0735124201
-0.0851039365 0.0289529637 0.0293172076 0.0391850844 0.0354783088 0.0680519268 0.0573713705 0.0443253592 -0.0570067763 0.0436375178 -0.083396323 0.00628856709 0.00326936017 0.0412875451 0.0717991292 0.0484889261 -0.0383543931 -0.0591891557 -0.0983892158 0.0814809427 -0.0929620788 -0.091793023 -0.00237131864 -0.0148379225 -0.0317220315 -0.0730063096 0.0659165606 0.0360318013 0.0325874984 -0.0281651653 -0.067394264 -0.0406349413 0.0598401427 0.00210683304 0.0601013638 0.0264839232 0.0638321564 0.0471432582 0.030505836 -0.0138888955 -0.00292156264 -0.0950404331 0.0783266351 -0.0744434148 -0.0851984918 0.00109472871 0.00634168973 0.0415340327 0.0788838491 -0.10386344 -0.0844158083 -0.0766201019 0.0523935445 -0.0646651015 -0.0614945553 -0.044933442 -0.0213919133 0.00908709317 -0.0611216947 0.0114973113 0.0532692038 -0.0368199199 -0.0183403082 0.0155380173 -0.0435349382 -0.0455763154 -0.100214496 -0.0129032852 -0.0858176276 -0.00935899466 -0.104003936 -0.0760902837 0.0880145654 -0.0838212669 0.0387059599 -0.076537855 -0.0943102017 -0.0728542954 -0.0885182172 -0.0472487248 -0.0288007818 -0.0423465483 -0.0916221663 -0.00782443583 -0.0338082761 -0.0981819108 -0.0179804564 0.0555254444 -0.0805250704 0.0175139233 -0.104222812 0.0247132704 -0.0699509606 -0.0154828485 -0.0702689737 0.0457366295 -0.00437428616 -0.015510926 -0.0131671103 -0.0863366276 0.0556159131 0.0649842918 0.04176002 -0.0870343968 0.0164254867 -0.0397304222 0.0198017247 -0.0938377827 -0.0618888438 -0.0684199929 -0.071351096 0.00207610964 0.00418934738 0.0108845197 0.0153787956 -0.0202411581 0.0367003977 0.0551188029 0.0662189201 0.0531447642 -0.0757588297 0.021297669 0.00938171707 0.0373366848 -0.0422978587 -0.0680167004 -0.0484541245 -0.0855131149
-0.0399474166 -0.281371623 0.0710386187 -0.231353849 0.285263181 -0.505924284 0.379484832 0.0163104907 -0.060189832 0.229706377 -0.239746794 0.147124618 0.246607572 -0.447691232 0.0718328953 -0.10723532 -0.260900795 -0.211935803 0.0373155214 -0.835586905 0.093539387 -0.0798598379 -0.0605040789 0.506489038 0.0377290547 0.189445227 0.0520491116 -0.177718535 0.053475 0.205190912 -0.0771289691 -0.123256564 -0.209751546 0.36221227 -0.0599183887 -0.00559080672 -0.0813115761 -0.0210741889 0.079689391 -0.133314878 -0.0187889989 -0.273406267 0.228424728 -0.031143222 -0.360039681 -0.0315756574 0.010464781 -0.046586141 -0.0714679062 -0.0100985654 0.120671771 -0.0491590649 0.063347958 -0.0960624963 -0.16175589 0.209457174 0.0535362251 0.217607632 0.24671039 0.0642734021 -0.0649978742 -0.178123698 0.0796954632 0.00345398951 0.085389778 0.345104963 0.204704344 0.163661763 0.0496592224 0.0159454718 -0.297992498 0.000737058523 -0.129692107 0.334627211 -0.00484008249 0.132808328 0.00850351248 -0.0538141094 0.116937719 0.102175578 0.0069116503 0.0547414422 0.0424683131 -0.00964267459 -0.416077703 -0.0115304645 0.00877725333 -0.0513472408 0.0802371278 0.205974326 -0.0411987267 0.0644300506 0.155918062 0.173960894 0.889622271 -0.00831780862 -0.0948665664 0.173033223 0.178215295 0.190494865 0.249139711 -0.254213452 -0.0307298824 -0.0574216545 0.0503391363 0.307466447 0.234246597 0.130342484 0.259729952 0.215843543 0.47365579 -0.283902287 0.161809921 0.0675743595 -0.44422704 0.0177170783 -0.0084730098 0.577150464 0.0739417374 -0.0612930246 -0.228686914 0.00316531118 0.140241265 0.114125103 0.0830185637 -0.0401739962 -1.5199095 0.120600812
-0.0561762974 -0.0702444017 -0.00461980095 -0.0313710645 0.424507111 -0.184056431 -0.17767635 -0.0619842 0.0550299957 0.271053314 0.323677778 -0.163749769 0.197232068 -0.280038506 0.169747517 -0.352659792 -0.0547091328 0.0196480658 -0.016975373 0.0829615071 -0.160339385 -0.231184989 -0.166002914 0.0469349548 0.0707243755 0.147265494 0.0446753688 0.0857839063 -0.029785756 0.213867366 -0.0312790535 0.202486813 0.125794724 0.222951323 0.31556049 -0.302318871 -0.0702944398 0.156190902 -0.363412589 0.137320787 0.06041684 -0.0567061156 -0.15240927 -0.0764533579 -0.0871668085 -0.301929563 -0.170858383 -0.14174059 -0.146229401 0.21871087 0.159233972 0.126999915 0.0842152983 0.114902362 0.1131915 0.259494424 0.158075318 -0.23566848 0.0781861991 -0.130397573 0.322669506 0.064421162 0.164391488 -0.139073402 -0.232282743 -0.133516937 -0.0271704271 0.0496167615 -0.195005223 -0.311697423 -0.0101661813 -0.0567064397 -0.0496368967 0.0698371679 -0.369569808 -0.138949007 0.132938236 0.272849709 -0.246189639 0.127520218 0.107805781 0.0180182047 0.331813872 -0.153803229 0.0355186164 0.0722466484 -0.137476221 0.0674013421 -0.270830482 0.146833986 0.114858776 0.0697682127 0.256834239 0.0789074153 0.0111639723 0.00978008471 0.372241884 0.347114205 0.0764693841 -0.31762439 0.522044182 -0.13584888 -0.357962579 0.324162155 0.0578850955 -0.233662978 0.150212348 0.064397648 0.128998399 0.275857359 0.142473936 -0.0160331111 0.187942177 0.107946046 -0.234824255 -0.180069864 -0.194907799 0.430026054 0.0873235911 -0.0226836205 0.0496563688 -0.234225065 0.0994279832 -0.336255729 -0.023792848 -0.0728868172 -0.540469289 0.11954537
-0.0196645856 -0.469580114 0.0713637248 0.167594016 -0.0327445269 -0.0105012218 -0.370244682 -0.0463906899 -0.0523950495 0.0849075615 0.0527608842 0.0608003363 0.125280753 0.0942106694 0.131741568 0.221269086 0.152366772 0.215004355 0.0902194828 0.17135334 0.212331429 0.187429294 0.175216272 0.170135483 0.120170914 0.202651978 -0.319044739 -0.193747178 0.0804124251 0.120180473 0.0465216041 -0.0647190437 -0.109605268 -0.101454347 -0.0444710664 0.226967812 -0.0313525796 0.27063477 0.0845648274 -0.106239244 -0.08051759 0.326570332 0.0332530811 -0.0811604857 -0.0433533974 0.020606162 -0.00712658418 0.168599933 0.180865973 -0.183870614 0.151732668 0.367311925 -0.0320856348 0.0929058641 0.110082507 0.124058574 0.0198647678 0.115592748 -0.136684284 0.113030434 -0.0776032731 -0.0371093675 -0.0285823103 -0.11800079 0.184580013 -0.0873057768 0.185331807 -0.24090378 0.064264819 0.0972538963 -0.160887048 -0.179659963 0.229738399 -0.042350091 0.0315501317 0.0431456044 0.020940626 0.0758019164 0.0944608375 -0.273975849 0.0124901803 0.0891203135 -0.136785522 0.0595031604 0.192764953 -0.1865132 0.153235674 0.05552461 0.209657982 -0.0206083432 0.0492517501 0.0147742331 0.0275451764 -0.00804901123 -0.154093936 0.0526500568 -0.246124491 -0.0562599413 0.0558559932 0.185452044 -0.0858085826 -0.129174352 0.259670645 -0.126655728 0.02692209 0.268928021 0.0400535055 0.120463051 0.0939500034 0.160070628 -0.278236091 -0.0129281813 0.235153481 0.0855854005 -0.204125002 0.109469272 0.304047465 -0.173263535 0.163201034 0.136939406 0.169069991 0.221927285 -0.0474659652 0.292481631 0.200685635 -0.0215079188 0.416494668 0.157299221
0.0363074318 0.0877174586 -0.028660249 0.595230162 -0.354628146 -0.437779665 0.133932993 0.0426990129 -0.078035228 -0.288260877 0.205194816 0.542302489 -0.286416054 0.459652066 -0.355174363 0.419406354 0.0370455161 -0.36815846 -0.43606925 -0.186528936 -0.0906244442 0.453651041 -0.021585701 0.566893578 -0.264855951 -0.184049904 0.0291609466 0.193061024 -0.00295204669 -0.462756068 0.0173664577 -0.164929599 -0.106486343 -0.269001305 -0.45421204 0.578547657 0.261904895 -0.2206043 0.533614993 -0.137038723 0.0708025917 0.478319615 -0.0887871608 0.0456761047 0.556861043 0.467666894 0.174916789 0.353800356 0.540467501 -0.537636697 -0.369995892 0.714913607 -0.402362794 0.254428238 -0.322380245 -0.258174896 -0.568298459 0.235321924 0.364654452 0.182697937 -0.234098479 -0.41307798 -0.393234462 0.397076905 0.465035975 -0.460333735 -0.116838403 -0.0529820696 0.342381895 0.421326727 -0.000477634312 0.450734288 0.473679811 -0.450648129 0.689936578 0.139454409 -0.410926104 -0.319813192 0.424245209 0.268951088 -0.167369485 -0.0337233469 -0.208111122 -0.106010638 0.274203598 0.0913306847 0.57529825 -0.0686013103 0.633693516 0.243064374 0.306461424 0.0537591651 -0.195401043 -0.542790771 0.290371209 -0.0779800192 -0.467019171 -0.345495224 -0.368777871 0.59557575 -0.404402673 0.620495975 0.0878514946 -0.221619204 0.14940995 0.432342321 -0.080870606 0.0170199703 -0.331862628 -0.445342064 0.457111478 0.194062814 -0.207931846 -0.559719861 -0.707729816 0.405368179 0.357872695 -0.254842371 -0.0681777969 -0.169871509 -0.0382089689 0.512394667 -0.247508362 0.479403883 -0.284903824 0.0583485141 -0.352076203 -0.280883461
-0.0114477621 0.0733001679 -0.0924710855 0.04530311 0.0269526877 0.0413320959 -0.0236165747 -0.0313414522 0.0679489598 0.0596185215 -0.0522621125 -0.0635270998 0.0752053186 0.021110408 0.0483985357 -0.0812676549 0.0276841223 -0.0827055722 -0.0321635567 -0.0320419073 -0.0628417954 -0.0678915456 -0.0739870444 -0.0077989297 -0.0815413892 -0.0530655384 -0.0481256135 -0.0292991083 0.0143764988 -0.0787460506 0.0718759522 -0.0979012251 0.030177366 -0.0926062241 -0.0304746479 -0.0203497708 0.0705029815 -0.0861555412 -0.0596812554 -0.0147399548 -0.0942165852 0.0188595839 -0.00519810384 0.0287583545 -0.0273650605 0.0193626806 0.0236477684 0.0555085167 0.0279686283 0.0549509749 0.0461815968 -0.0162657928 0.0493219793 0.00820586644 0.0256169904 -0.0767477527 0.0328148045 0.00150428468 -0.0739955902 -0.0326645561 -0.0332315303 -0.0491056032 -0.0145669412 -0.0740929693 0.0517880879 -0.0234786477 -0.0130715165 0.0275822394 0.035485208 -0.0750465319 -0.0281313267 -0.0843363628 -0.0756964535 0.0467894934 0.0589546748 -0.0727333799 -0.0475669131 0.0319439508 0.0743485987 0.065698944 0.0415165499 -0.0856774896 -0.0618610196 0.0571335629 -0.0949909016 -0.0507278405 -0.0759815797 -0.070300974 0.0225268174 -0.035349369 -0.0918466225 -0.0684733242 0.062103454 0.0732023641 0.0309453961 0.0264458228 -0.0627869666 -0.0441784933 -0.0170693975 0.0371243991 -0.01110237 0.00985615328 -0.0551819168 -0.0454821438 0.0215173755 -0.0721701235 -0.00819498301 0.0666330829 -0.0686031505 -0.0292932186 -0.0108626103 -0.0393387116 0.0406379439 0.0083422279 0.084812589 -0.0338413157 0.0241964012 0.0250096843 -0.0608926117 -0.10029038 0.0360936038 -0.0599517561 -0.0417051651 -0.0100565031 -0.0914351717 0.0562946424 -0.0261133723 -0.0586482808
-0.0704045519 0.155261993 -0.00239256234 0.0485331379 -0.247968704 0.294484526 -0.0058414517 -0.000773519801 0.149979606 0.042945426 0.0736189857 0.177915692 -0.0262878612 0.275543094 0.0403014347 0.281440198 0.183560967 -0.0461160094 0.00263280515 -0.069932133 0.062134672 0.202436119 0.0200658124 -0.0265303217 0.065367341 -0.0504578799 -0.028282145 0.128303573 -0.0241195038 -0.104899503 0.00930414069 0.0814620256 0.0684883744 -0.243538007 -0.195392519 0.199085861 0.0916390195 -0.119916074 0.263829589 -0.0351549163 0.0522610471 0.226245359 -0.0837826878 -0.0440132245 0.298270941 0.301341563 0.248488471 0.236420035 0.12789084 -0.00426233187 0.0843575969 0.0645033494 -0.0689042509 0.231171936 0.0399610475 0.0738511682 0.0959018171 0.376395464 0.107088834 0.0788837522 -0.141189843 0.0258655157 -0.0551003367 0.228774786 0.154320389 -0.0110425549 0.0437060185 0.161047339 0.309673637 0.300867051 -0.107983753 0.0772459358 0.0852549076 0.0165847708 0.0646897703 0.0383228622 -0.0315905102 0.080570884 0.218640044 -0.0327279195 0.0453317836 0.0862571225 -0.154662669 0.0761597306 0.238115251 -0.00532435579 0.156202078 0.0384247825 0.224643022 -0.0648642257 0.20525153 0.0673270747 -0.0931999758 -0.11816594 -0.201619014 0.092272155 -0.0952030793 -0.125958771 0.0444671959 -0.0562293865 -0.28177157 0.116285659 0.166039616 -0.0510865338 0.142068684 0.12374635 0.0284167528 0.115675434 -0.0110969571 -0.0675274357 -0.581849933 0.0975727588 0.0568259805 -0.145660922 0.136980385 0.195143595 0.332089394 -0.441523612 0.122877806 0.0365489274 -0.00483434787 0.238048449 -0.000279769883 0.300454885 0.00163873192 -0.0623873249 0.404230177 0.105217226
0.0742727146 -0.0103769163 0.0482413471 0.129726127 -0.260913521 0.316212147 -0.49461773 0.0582717881 0.0542425066 0.0333605818 -0.0290053636 0.126303256 -0.12525776 0.614208639 -0.124690898 0.425930589 0.0839017108 0.233828515 0.12117587 0.078027375 0.0882863775 0.0194855239 0.171371266 0.000211101142 -0.0347510204 0.0427522548 -0.129684418 0.0185382776 0.00221023709 -0.022265289 0.0374753587 -0.0127016027 0.00252695079 -0.163950905 -0.0985350087 0.354391009 0.0874007866 0.0329500735 0.174538538 -0.0124360221 0.0964253545 0.520715594 -0.0579411946 -0.0814032108 0.259250641 0.179050401 -0.160948589 0.175833106 0.336923003 0.0224555098 0.111615211 0.107526794 -0.0227571335 0.131527156 0.0473913997 0.04778108 0.126068339 0.149757892 0.179950818 -0.0983922556 -0.135272145 -0.0500251353 0.0555196442 0.229275659 0.13623482 0.0291261412 -0.00289881742 0.195665732 0.261020601 0.264262736 0.195585623 -0.0692529604 0.240271196 0.152922332 -0.0215099268 0.0855000094 0.0678251162 -0.0537538491 0.272653937 -0.0848764405 0.0338038988 0.0421418361 -0.110786997 0.206731588 0.227429539 -0.0810384154 0.224255964 -0.0712313876 0.0611188971 -0.205826834 0.130208611 0.0204945505 0.00041191568 0.197933927 -0.0842967406 0.157642782 -0.0888296589 -0.0602879822 -0.0209466796 -0.0615831725 -0.215603143 -0.0259903744 0.226305962 -0.00849309098 0.0700670555 0.1751398 -0.0183211584 0.094993718 -0.110364936 -0.124314278 -0.235660747 0.0688432604 0.0609141588 0.0988247842 -0.299337059 -0.0147173852 0.295192212 -0.217364743 -0.114179246 0.0688498095 0.110569194 0.253101975 -0.00861308444 0.358517766 0.140887722 0.0802655593 0.610417724 0.00919886492
-0.033863131 -0.328810751 0.0280791931 0.0136722475 0.192527458 0.271885544 -0.116235279 0.029628275 0.123625614 0.100998715 0.0989759639 0.00894608069 0.155786425 -0.0261129756 -0.0327012055 -0.100315824 0.0119668366 -0.002418068 -0.11139401 0.363255978 0.10073559 0.0196263641 -0.0905013829 0.2426195 0.0804365948 0.0442921147 0.109338358 0.1826047 -0.00485341251 0.0565679483 0.0308588296 0.188309044 0.18186453 0.331413954 0.213554844 -0.0861796141 0.0267297085 -0.0473752767 -0.208908707 0.259857714 0.260507286 -0.144290298 -0.0886956379 0.0552019998 0.189255491 0.0789139271 -0.107320182 -0.0331543609 0.0456500128 0.238338441 0.0509931855 -0.103882588 -0.0249889214 0.331825942 0.256713957 0.0313018784 0.239730775 -0.189668044 0.0847518072 -0.123348646 0.250650942 0.150724143 0.22752361 0.132475644 0.0225906111 -0.12855573 0.219158024 0.102551103 -0.148061231 -0.172879219 -0.197981864 0.122892641 -0.136238798 -0.00703504961 -0.220008805 0.19689934 0.199507982 0.0893335789 -0.0980931893 0.0944485441 0.150891542 0.0393052585 0.334503591 0.128668964 0.244162664 0.180633038 -0.084658742 0.0678114966 -0.239402965 0.411257535 0.186732188 0.0175800622 0.139731914 -0.272479862 -0.0762894303 0.0902169645 0.196968183 0.190249875 0.00101053296 -0.164977074 0.285709292 -0.0801559985 -0.129510477 0.268607229 0.224762797 -0.252685964 0.208120108 0.203902125 0.0698447078 -0.123333871 -0.363059878 0.188174739 -0.0196457468 -0.0244909935 0.450179875 -0.0251934174 -0.100938059 0.417661726 0.0279387385 0.135821447 0.204039782 -0.1603349 0.107786007 -0.163101718 -0.122441471 0.010879375 0.0907711983 0.139094383
0.050342299 -0.10172458 0.0796387568 -0.274785906 0.332811356 0.623475671 0.0693591088 0.0417728648 0.0165795572 0.0939456075 0.131894276 -0.0169468541 0.0913503543 0.0186287444 0.140890002 -0.0741072595 -0.10894312 0.134141028 0.170803264 0.551050901 0.205450848 -0.0285079889 0.13404797 -0.362626195 0.161050767 0.0905852094 -0.0380151346 -0.248972982 -0.0184779614 0.134158596 -0.0614710189 -0.039771568 0.115908228 0.057592053 0.145921916 -0.139758244 -0.129358321 0.0726425797 -0.128582329 0.0321657136 -0.0312792026 0.0564083308 0.0765331984 -0.00502187014 -0.1340902 -0.099825114 -0.285123676 -0.102755688 0.110254861 0.28275159 0.205534577 0.0584879816 0.120591171 0.0208436139 0.136428088 0.0379947647 0.307613879 0.0665976405 0.12168327 0.0920506641 0.144199058 0.14454177 0.204293013 -0.149308696 -0.062459629 0.247060001 0.233846575 0.322946608 0.00791099947 -0.0590302236 0.0572849773 -0.28322044 -0.05926577 0.146887615 -0.385532469 0.44138521 0.232844904 0.0988383591 -0.00965239201 -0.0256678574 -0.042244561 0.149158597 0.22282809 0.174098536 0.0119546494 -0.136200354 -0.188288644 0.0814607367 -0.00624471297 0.0745404139 0.000813275576 -0.0389591567 0.0528447144 0.143223032 -0.492881089 0.085442178 0.181667984 0.171502098 0.169728294 -0.336210996 0.0845760927 -0.341087818 0.155830294 0.236643657 0.142133713 -0.325579941 0.16059497 0.0670752749 0.12916021 0.211952522 -0.304364026 -0.120933451 0.0747871324 0.117550537 0.836610258 -0.0751729086 0.0689148456 -0.116323017 0.207915306 0.200842604 0.136019155 -0.0647347644 0.0709454864 -0.186447039 0.0631220341 -0.0651805848 0.727831542 0.22620149
-0.0906395838 0.474021375 0.0149446251 -0.00853542238 0.215503335 -0.0492546968 0.420195013 0.0281008035 -0.182912976 0.117038518 0.330497086 0.31459564 0.110090911 0.0115395198 0.0980270654 0.147009432 0.0767224804 -0.191803589 -0.33257094 -0.442907989 -0.134580821 0.274259984 -0.0431407169 0.573611319 -0.0760333687 -0.126354575 0.274335355 0.218518585 0.0536701903 -0.030107256 -0.053331174 0.134210005 0.260582179 0.136405349 -0.262106806 0.494043022 0.444541216 -0.136554226 0.256297648 0.130598441 0.263151079 -0.021584928 0.0690857545 0.00496704876 0.241350338 0.393540204 0.245149359 0.343935609 -0.06737753 -0.386785686 0.00565033732 0.702861726 -0.261035413 0.289925873 -0.48852092 -0.0162662677 -0.695421517 0.343910873 0.336057156 0.438068628 -0.149991989 -0.326963454 -0.236877918 0.188271686 0.366034687 -0.0175009351 -0.055085443 0.175647005 0.247246653 0.25106743 0.0205184631 0.347162575 -0.0701342523 -0.0267394204 0.455594987 0.382772028 -0.112325862 -0.154784277 0.192540884 0.446164876 -0.0273399744 0.0283189081 0.181506217 -0.234959006 0.1859826 0.171921164 0.484537244 -0.0805084035 0.498405695 0.513176978 0.514115155 -0.0472651944 0.00835390948 -0.370261669 -0.179606572 -0.0672386959 -0.310769707 -0.00380337914 -0.323351115 0.454555243 0.152814135 0.375264347 -0.0687255338 -0.08540681 0.243686035 0.595302284 0.0373524278 0.263813704 -0.0615871511 -0.0908078849 0.137788355 0.0586447828 -0.0116772112 -0.302751303 -0.170856744 0.364922017 0.254360914 -0.224678814 0.072446309 -0.197316021 -0.298340917 0.405577183 -0.272142768 0.48948285 -0.296219319 -0.0173919946 -0.0621776618 0.0990299657
-0.034909334 0.00386537286 -0.0451938361 0.00327059743 -0.0693759471 0.0387674309 0.0710153654 0.0559758916 0.0380821675 -0.0629487559 0.0660934895 -0.0150041655 -0.00165264809 -0.100271173 -0.0478666611 0.0775175765 -0.0294221789 -0.0492750108 -0.0552475229 -0.0517329723 0.0343759954 -0.00236430741 -0.0434723385 0.0809783414 -0.0160055403 -0.0645423383 -0.0920692384 -0.0983051956 -0.0227561146 0.0570871457 -0.0684049875 -0.0913331732 -0.022021722 0.0618723668 -0.0538208447 -0.00221741572 -0.000771691906 0.0331943668 -0.0481476858 -0.0323338769 -0.00793514401 0.0140260113 0.0523297302 -0.0133728907 -0.0189156868 0.0539308861 -0.0119257728 0.0203700271 -0.0728523731 -0.017586913 0.0464107655 -0.0317353718 -0.0574241541 0.0611031651 0.00917515066 0.00153329736 -0.0508032329 -0.00787747744 -0.0363553315 -0.0565843917 -0.0923399776 0.0326764956 -0.0906676874 -0.0748016164 -0.0872372985 0.0543880202 -0.0150187546 -0.0384299755 0.0833582655 -0.0583571605 0.0412607193 -0.0367934629 -0.0490954593 -0.0748749077 -0.0293500926 -0.0336600803 -0.0145295421 -0.059698388 -0.0464160256 0.0689594448 0.064917542 -0.0997984409 0.0236780979 0.0505322218 0.00629136385 -0.00928020477 0.00129557366 0.0486701056 0.0827703103 -0.0560327619 0.0151245557 -0.00654443353 -0.0443520024 0.034035448 0.0244852286 -0.00630972208 -0.0661846399 0.0302715711 0.0812594146 -0.0463168807 -0.0748160183 0.0173082612 -0.0169317331 -0.0457263142 0.00257240562 -0.0130548514 -0.0701631159 -0.0701735616 0.0726860166 -0.0586946532 -0.0981041864 -0.0418084003 0.0555933155 -0.075563848 0.0371076502 0.0136483843 0.00022031898 0.0965040103 -0.0107755242 -0.0196940769 -0.0205968972 -0.0191132128 -0.036373131 0.0592938177 0.0412842743 0.0200487599 -0.055980362 0.0514510013
-0.0250886828 0.0701783672 0.00127755397 0.0967273042 0.235200495 -0.10115058 -0.360011876 0.0587425008 0.06198553 0.394235045 0.296423018 0.0842927471 0.146074519 0.0288100969 -0.191276178 -0.0289790146 -0.155654311 -0.353169173 -0.202958316 -0.704257369 -0.121647522 -0.157297984 -0.262532622 0.532859445 -0.08978872 -0.0930469781 0.560125828 0.432448983 0.0842493102 -0.0901207849 -0.0265011638 0.271969825 0.251021594 0.568958879 0.328283817 -0.0164721962 0.213040665 -0.194334775 -0.0376623832 0.525952041 0.469921023 0.138546526 -0.109697111 0.0820769444 0.349481523 0.158849224 0.102560088 0.189074412 0.261386216 0.313528985 -0.221868336 0.0401490442 -0.25232783 0.368765593 0.0443704166 0.0438030027 0.0438854657 -0.136336386 0.466713637 -0.105689026 0.350563675 -0.0216208007 0.207487985 0.565427661 0.0418135449 -0.239823252 0.218078464 0.277197331 -0.0909919813 -0.12470343 0.198739797 0.422658086 -0.139739603 -0.107379183 0.213993073 0.10962043 0.140292555 0.0725845471 0.0957034081 0.42929253 0.283882648 -0.297930658 0.374795556 -0.0177525841 0.229140565 0.454605967 0.0143190287 -0.077661261 -0.0717023537 0.411128968 0.330736876 -0.0408940315 0.302037597 -0.309506565 0.234850124 -0.0182178058 0.358178973 0.224389821 0.136277303 0.038357541 0.422534883 0.157113686 -0.443420649 0.284077138 0.369792491 0.0858397111 0.369126052 0.0701358691 0.0415271781 -0.304795384 0.306530386 0.62180239 -0.124870718 -0.226020306 -0.738710284 -0.0170224644 -0.171962172 0.670158863 0.00502621708 0.014777597 -0.130023301 0.00911935233 0.280799687 -0.0328623205 -0.402354687 0.0727748796 -0.150480106 0.168178409
0.0691428259 -0.302443445 -0.0172649901 0.0849183872 0.201328084 -0.640392363 -0.385090888 -0.0573929846 -0.000503767747 0.0414387807 -0.246168166 0.167389646 0.16378136 -0.302019149 0.103190735 0.114916183 0.204541802 0.0450527258 -0.0780595466 -0.406526387 0.0206939708 0.124596611 0.0796104744 0.270044893 -0.0111961765 0.20504497 -0.212039441 -0.150184855 0.0824546143 0.0620894581 -0.0530345365 -0.217599273 -0.149160624 0.0999989808 -0.187742025 0.153424934 -0.0119988127 0.0984234363 0.167884424 -0.148645595 -0.0560135208 0.131813347 -0.0406193584 0.0818843767 -0.0689878836 0.0376680754 0.184327066 0.146385595 0.0240981206 -0.305856645 -0.00491343159 0.520395041 -0.0445716418 0.04844594 0.0687767789 -0.0595144033 -0.0830354765 0.233802989 0.106791265 0.105643205 -0.0446735285 -0.0437737368 0.0102238031 -0.0944877043 0.224002182 -0.0856833607 0.13417621 -0.537748516 0.066315867 0.235557124 -0.215433985 0.017385995 0.0601786338 0.0319793597 0.237516597 -0.231244639 0.0329481736 -0.0160996784 -0.10720174 -0.0675934479 0.0574116744 0.03655155 0.0190698486 -0.0443966351 0.00743996026 -0.0738858134 0.144469127 0.0191562697 0.237169117 0.00146042928 0.0900800154 0.0776804313 0.180489361 0.103041619 0.396923691 -0.1004593 -0.168114051 0.014601755 0.0027647987 0.453464925 -0.0649965852 -0.050617896 0.241612121 -0.0280866306 0.0156150889 0.407550901 0.055819124 0.110157393 0.260433137 0.192164212 0.180804417 -0.115279339 0.0942687318 0.0155833084 -0.138789192 0.30352056 0.137631252 -0.0624845996 0.193308264 0.0856097266 0.0416995138 0.0552868992 0.020389989 0.213324293 0.0481256135 -0.0554421358 -1.30620158 0.166617513
0.0513038784 -0.0909806564 0.0520655103 -0.10844487 0.0452446863 -0.175680801 0.329347312 -0.0497173667 0.149326533 -0.08558584 -0.00122695556 -0.219680384 0.0446170829 0.322717011 -0.0592624061 0.164035007 -0.264168441 0.135887429 0.246797264 -0.16802296 0.0724998415 0.00203865836 0.17170465 -0.0624508634 0.0365657285 0.0568273365 0.0417349264 -0.00849500857 -0.084647581 0.202950239 -0.028056059 0.0331708118 0.124285527 -0.0475159585 -0.0693676248 -0.155168205 -0.0641343296 0.341788232 -0.225636005 0.078791745 0.136226237 0.0222234372 0.366136879 0.0430622026 0.056879621 -0.0487109609 -0.394314468 -0.0721969008 -0.304530025 0.0913967863 0.0507242493 -0.704662085 0.313279003 -0.099368237 0.0677057505 0.113284655 0.173746079 0.0827799514 -0.0379583463 0.136890337 -0.139502406 0.179261863 0.0674587861 -0.234583482 -0.0256803501 0.368670851 0.0652191043 0.703012109 -0.0389136113 -0.168444037 0.315730929 0.0870190933 -0.00680930587 0.48585701 -0.265128493 0.497272253 0.205811694 0.131997362 0.135740191 -0.0318442099 -0.0520186163 0.0675360858 -0.0515691787 0.0607935674 0.115602985 -0.145097688 -0.0629972816 -0.00277928263 -0.233065933 0.176411852 -0.212853074 0.0577215478 -0.129773319 0.414892107 -1.13224697 0.159920514 0.00261363504 -0.034094058 0.0599300228 -0.203633517 0.0162507985 -0.260123581 0.171685591 -0.123245075 -0.0970995426 -0.0664138943 -0.189911649 0.0424652621 -0.00599800935 0.173365563 -0.298991948 0.15086107 0.0645812228 0.310727894 0.159045994 0.0359416045 0.141371205 -0.134313866 0.15826942 0.185511529 0.0488456227 0.0311503932 -0.0760853365 -0.0728863403 0.343753844 0.0626190528 0.0587576218 -0.0256475471
-0.0721484721 0.0966835469 0.00427083857 -0.0186770335 0.368853569 -0.238808468 0.536053061 -0.0476480015 -0.0654630512 0.165481552 -0.0878558457 -0.1845195 0.245512947 -0.436817527 0.0762915984 -0.206336781 -0.140472203 -0.35214299 -0.175272629 -0.442661971 -0.242476925 -0.0842593387 -0.0567251556 0.0793586746 0.0577276796 0.128635421 0.417218596 0.174144566 -0.00758984685 0.110076852 0.0785047263 0.213801324 0.0988785997 0.410548747 0.268262058 -0.242556751 0.0713019371 -0.0836931095 -0.0907302797 0.363891572 0.0871786848 -0.448472768 0.158153012 -0.0878940374 -0.0913574547 -0.119899347 0.378958583 -0.140246928 -0.489798784 0.229525238 0.0180112757 -0.286592722 -0.0806813091 -0.0109757595 -0.118289508 0.172359347 -0.0209588632 -0.306643337 -0.00393716944 0.0814031661 0.408390611 0.203653127 0.134706318 0.0322731324 -0.0646627396 0.169568211 0.115156613 0.422891796 -0.164291427 -0.183979958 0.399867147 0.238722578 -0.246899471 0.217042029 0.034840297 0.253353059 0.199635297 0.137483686 0.112711571 0.260082603 0.242610469 -0.0863988101 0.277633011 -0.0638471842 -0.149678752 0.273790538 -0.206662804 0.050689362 -0.172290981 0.302460432 -0.0541776307 0.0330138803 0.278559983 0.101691775 0.160164252 -0.178002208 0.160494208 0.340452403 0.187176973 0.0546095259 0.584554255 0.169754192 -0.117305689 0.142478138 -0.0053357156 0.0413023308 0.345202893 -0.119178057 0.142162919 -0.0398310348 0.372646093 0.271571755 0.101157092 0.0651345924 0.502428055 -0.135034159 -0.268509984 0.882121027 0.0549229234 -0.133283362 -0.0845428035 -0.0595129058 0.300367475 -0.316569746 -0.0996106565 -0.0418807529 -1.16568816 0.110686995
-0.00562189566 -0.0247422233 -0.0560801961 -0.0372980684 -0.00470334617 0.0658025071 0.14112936 0.0421708226 0.183468223 -0.0632707179 -0.227742955 0.171044514 -0.012241222 0.023256572 0.0474013314 0.0212303791 0.242587447 -0.155561462 0.11443875 -0.543140233 -0.024208609 0.0458394811 0.0225920118 -0.354753584 0.109343328 -0.0136541566 0.0960385427 0.109118566 0.0058927685 -0.0105128102 0.0579144396 0.0541578084 0.0192746334 -0.070918031 -0.226281241 -0.00563230691 0.0842648819 0.0368681364 0.198963121 0.0212163981 -0.0381725207 -0.0347210057 0.212088645 -0.00988519192 0.157181293 0.197595894 0.39790532 0.0863869637 -0.124002405 -0.0947657898 0.0612736419 -0.423540324 -0.000711707748 -0.0468012504 -0.0430878587 0.0389830135 -0.0308400523 0.270283312 0.0683766976 -0.0248509552 -0.121115744 -0.0801620409 -0.0562570542 0.134702787 0.0360261984 0.201074943 0.0545262061 0.262244433 0.221180096 0.182956144 0.274978608 0.0763679817 -0.0623166561 0.203846514 0.148015425 0.0427300893 0.0241037421 0.0777374059 0.198617086 0.141051546 0.153002307 0.0369443707 -0.136049941 0.183240876 -0.0905877054 0.0167082846 -0.0630076304 -0.0155833215 -0.0840255171 -0.216490924 -0.100186676 0.0162079409 -0.087782003 -0.0543660074 0.54224211 0.135201856 -0.0671757981 -0.108879365 0.0930607319 -0.0290928744 -0.305122375 0.190221369 0.0771833509 -0.125487864 -0.0631847456 0.0901698247 0.0631996095 0.0378730036 0.000571246841 -0.1199845 0.238332689 -0.0677323863 0.0559931435 -0.0268196017 -0.268430769 -0.0123792272 0.0413252562 -0.297402889 0.00178298797 0.0238180012 -0.0966618285 0.0807981715 0.112366498 0.0178766176 0.0612544268 0.048677139 -0.210887998 0.122658104
0.0794938579 -0.0334059969 -0.0914740786 0.125039428 -0.100964516 -0.0312593654 -0.403613597 0.0362819433 0.168561891 -0.0988860801 -0.0748363584 0.00375370029 -0.0863648579 0.457352906 -0.0197361 0.311124444 0.330605775 0.138704956 0.124854647 -0.284024149 -0.0308709256 0.27282846 0.250395149 -0.057071019 0.0396123193 0.161151409 -0.11155159 -0.0823585093 0.0574054196 -0.00673078513 -0.0180395413 0.0138856191 0.0246758386 -0.106906973 -0.0160945319 0.183336616 0.161478341 0.384753108 0.212513432 0.0233305972 0.0320227668 0.41497311 0.152032062 -0.0429021306 0.0285288431 0.0498681664 0.200455382 0.124823369 0.0778907314 -0.0638960004 -0.0147409216 -0.0868654773 0.170710236 -0.0751433074 0.110440426 0.0129065905 0.0350526832 0.162866816 0.0891536474 0.0934766307 -0.0721100867 0.0994538292 -0.0236022491 0.0693700984 0.185531646 0.0476095416 -0.0953233391 -0.223613858 0.103423901 0.228068098 0.386673063 -0.0814161748 0.345280886 0.236793116 0.119398601 -0.0901663974 0.171206906 0.169422194 0.0472819246 -0.0909373388 0.242086649 -0.0316959023 -0.23279427 -0.0306590572 0.29006061 0.0781744495 0.216978416 -0.00989512354 0.18407537 -0.189224765 -0.0360295475 0.0849989429 -0.0817289054 0.319276839 0.275860161 0.179003805 -0.0489067137 -0.117745504 0.192108184 0.206553176 -0.148891583 0.15157038 0.344889611 -0.0827270374 -0.139216319 0.254553169 -0.0750362873 -0.0280572139 0.0169066582 0.110184208 -0.00865670666 0.0815446079 0.193819344 0.0812295303 -0.165835157 0.219898105 0.225961298 -0.194544017 0.0789900869 0.0505997315 0.152431265 0.166750595 0.0486391447 0.209260851 0.0935125425 -0.0633278787 0.403815687 0.0912865922
0.070306547 0.25757435 0.0605150536 -0.344363332 -0.107565731 0.225013956 -0.00495023886 -0.00850730855 0.0471085906 0.1682062 0.0611831546 0.0179360192 -0.00484719127 -0.0812964812 0.0624185652 -0.167727888 0.15056859 -0.142424166 -0.0764917508 0.0548537672 0.163571 0.0365824923 -0.0171151254 0.00416000746 0.0976918414 0.0383629277 -0.0869588703 -0.0176637508 0.050725244 -0.0485499315 -0.0334592275 -0.0701429248 -0.221643358 0.00494199432 0.058504574 0.0374394059 -0.118869565 -0.162407875 -0.0860663578 -0.127282202 -0.13544862 -0.258939356 -0.0346516334 -0.0213650391 -0.0537893176 0.0216712654 0.0537951961 -0.0178178269 0.0884142369 -0.0425205082 0.169167891 0.307033479 -0.125715613 0.0133679211 0.146323949 -0.084631525 0.0979085788 0.156893194 0.252297282 -0.0627050251 0.184040502 -0.09688925 0.0688473433 0.310496837 0.0260995738 -0.0242851619 0.194197804 -0.0330629461 0.149846137 0.12949729 -0.463138491 -0.260849833 -0.313131303 -0.174253523 -0.18216978 -0.099027507 0.00922755711 0.0442988314 -0.235864684 0.0585655347 0.0631919354 0.0567550473 0.111683622 -0.00420422992 0.002433958 -0.0700486824 -0.130467802 0.0828984603 0.0935371369 -0.208706111 0.00149611197 0.0599480197 0.154817879 -0.318945199 -0.349527419 0.174498826 0.102407381 0.158906356 0.0159342196 -0.0212984793 -0.125984058 -0.0221247766 -0.0341688767 0.202250525 0.135659158 0.00877080113 0.151784003 0.144812584 0.150875673 -0.0423673689 -0.442349076 -0.233983248 0.0227945428 -0.0424463414 0.252959311 -0.0783275589 0.0736778229 -0.00515481597 0.045490928 0.0398650952 0.0375775769 -0.0703740567 0.128851861 0.0847151875 -0.103198119 -0.0620607696 0.412858158 0.0735868216
-0.0514785312 0.0792428553 -0.0163632073 -0.142405361 -0.205895782 0.416385919 0.00580278272 -0.0711393356 0.11843057 0.0865038037 0.0477647372 0.125151709 -0.0215858258 0.4021855 0.0106288269 0.0770417601 -0.0129704913 0.16297169 0.0903536156 0.216045082 -0.0350626409 0.0202411432 0.0263381433 -0.308746517 -0.0112157045 0.0761316642 -0.14367947 0.0535313897 0.0336698443 0.0524243228 0.0141128553 -0.0381271504 0.0366332345 -0.0790814534 -0.0211788639 0.116194449 0.0395143442 0.0144195687 0.118652806 0.0192193259 -0.0639422461 0.167263284 -0.079608351 -0.0160557181 0.112524509 0.0431034155 -0.212186128 0.0415146984 0.242518559 -0.00206268532 -0.0395767763 0.0439457521 -0.0570286661 0.118779026 0.145284876 -0.0297389571 0.0979202166 0.170509011 0.00854057074 -0.00557463709 0.00781502016 0.114644758 -0.00215720292 0.102295436 0.0921493024 0.0881240964 0.0407877192 0.101993382 0.0530617535 0.0654859617 -0.305948466 -0.019266868 -0.00179334416 -0.0534769073 -0.10883379 0.162409335 0.0750899613 -0.0119946832 0.108040407 -0.182519138 0.0446374454 0.0813200101 -0.0393348075 0.0933949798 0.229166046 -0.0210038815 -0.0113778254 0.0266592801 -0.0403163061 -0.0947049111 0.0858129263 -0.0353448726 0.00231255312 -0.0200439356 -0.424405307 0.0321089476 -0.0555672683 0.0243960116 -0.0252034962 -0.182710677 -0.0654515177 -0.195575327 0.0296311434 0.0611130148 0.120764561 -0.0712709799 -0.0729008317 0.0341671705 -0.1146162 0.0712282211 -0.806907475 0.0146558294 -0.0615763739 0.0674519762 0.150709927 -0.0106151132 0.230869964 -0.316516668 0.064602606 0.142493024 0.113145813 0.0417025164 0.0912306085 0.14436391 0.1053496 -0.0845665932 0.744156778 0.0525572002
-0.0376270227 0.0685941428 0.0449350476 -0.329769671 0.252035141 0.254877597 0.125135615 0.0214812271 0.208593413 0.25108546 0.0906641632 -0.0406523645 0.110215358 -0.159650981 0.352880359 -0.139717445 0.131652057 0.351611167 0.175790712 0.783105016 0.145988539 -0.129187614 0.269816935 -0.30756411 0.266880512 0.342420578 -0.0752954483 -0.212164044 0.000256463885 0.161414266 -0.0408187136 0.0794931054 -0.145874143 -0.0302189961 0.241910636 -0.20282124 0.00493084686 0.224457711 -0.279968381 -0.0532584265 -0.0932922438 -0.152437195 -0.0192455761 0.0433432534 -0.134447351 -0.139824793 0.0243301596 -0.0219186731 0.0931089446 0.222239763 0.240963668 0.0830791742 0.10101001 -0.0202406552 0.286663204 0.237883195 0.448350698 0.0523992665 -0.0494441316 4.65268713e-05 0.279656559 0.227441207 0.222562939 -0.272600174 -0.105555482 0.102095194 0.172695711 0.00833028648 -0.0692832395 -0.130865321 -0.0818547234 -0.279554099 -0.15885891 0.0513609499 -0.231752753 0.131600901 0.238436908 0.243478015 -0.248200029 -0.12072479 0.0495761409 0.130669773 0.204497531 0.146853179 0.00751510775 -0.159134671 -0.166990191 -0.0677533671 0.0090068737 -0.08406014 -0.0952419713 0.021809496 0.309076995 0.22733663 -0.324584901 0.117792718 0.28541559 0.341424316 0.190043822 -0.141769752 0.120988719 -0.303455472 0.212569594 0.269455731 0.090648815 -0.32029739 0.121698238 0.111649416 0.332640857 0.349088967 -0.31599465 -0.0993959904 0.164394185 0.242015406 0.77478826 -0.0518478602 0.00230441196 -0.0812572166 0.174226508 0.335072696 0.263016284 -0.246660084 0.231713831 -0.0333812945 0.249312878 0.059242852 0.489047676 0.214592457
0.0584839061 0.131682605 0.0915916488 0.127520308 -0.336618423 0.430830091 0.232961759 0.0574503392 0.138414696 -0.12720184 -0.0112291211 0.0886074305 -0.0384740867 0.437955588 0.0929080993 0.359481812 0.307534486 0.469471276 0.147433713 -0.0601754002 0.127985224 0.281075954 0.300746232 -0.385154992 0.0374669507 0.104099907 -0.171211898 -0.0329727232 0.0186760873 0.0285836533 0.00165311329 -0.0101793511 -0.0111305853 -0.226592213 -0.0208078027 0.182411849 0.040214356 0.133944556 0.287796527 -0.125748128 -0.013398366 0.211588562 0.279646873 0.00397874415 0.229530022 0.187350348 0.333722055 0.213298857 -0.0133238612 -0.15409264 0.161200851 -0.0175277814 0.223682463 -0.0270048603 0.237132862 0.162025571 0.0356415249 0.14959079 -0.143056437 0.220018804 -0.0923199207 0.124685138 0.0413948782 -0.0344599187 0.226640731 0.164694771 -0.00183594367 0.0662541911 0.14990662 0.272119582 0.357238621 0.0454246216 0.281895399 0.206087619 0.23981601 0.117428541 0.0826860741 0.135029018 0.336388916 0.00325542036 0.195467338 0.0856377557 -0.0703527927 0.279309064 0.185247838 -0.00105375156 0.285926372 0.0095486939 0.298987865 -0.259197295 -0.0377869569 0.0224110559 0.0067020366 0.237932205 0.280259103 0.242429644 -0.221401528 -0.228053704 0.118039116 0.0716818348 -0.365576744 0.237391129 0.459906489 0.0117231077 -0.0307733621 0.131956488 -0.174688861 0.0328693278 -0.0282367393 0.0578725711 -0.171228811 -0.0468815118 0.222119316 0.144565701 0.0670259595 0.180051163 0.345003098 -0.344319522 0.107330069 0.119859681 0.198564216 0.252505064 -0.0801757649 0.241381735 0.270258367 -0.0607855618 0.454925269 0.0227541532
-0.0114872269 -0.39686209 0.0172872804 -0.241624653 0.294254273 -0.423987925 -0.168523952 0.00688503543 0.34263888 0.385210246 -0.124360867 -0.460296571 0.386562288 -0.529679656 0.381824404 -0.637879372 -0.110078208 0.625821352 0.531656504 0.540100336 0.269792616 -0.523607075 0.162629992 -0.323573947 0.300533801 0.34025684 0.00838580541 -0.163183928 -0.0511732288 0.43200165 0.0645378977 0.085362941 -0.116349787 0.332095414 0.594694197 -0.726455331 -0.334449351 0.359655738 -0.503730357 0.233649746 0.0238624308 -0.503557503 -0.0643436909 -0.0613223687 -0.402294815 -0.519344985 -0.18770726 -0.554874361 -0.317901254 0.512345314 0.400898337 -0.353218079 0.375940323 0.0649157688 0.61003685 0.360283583 0.751245022 -0.433885634 -0.0833051428 -0.312207431 0.534385979 0.551864684 0.418515652 -0.0428945944 -0.495551735 0.14625527 0.178913593 -0.511536717 -0.501843154 -0.493987232 0.0638642609 -0.360077471 -0.418098599 0.082686767 -0.553651094 -0.42752254 0.278527975 0.458530873 -0.419491053 -0.113627903 0.332328647 0.320045114 0.317859411 0.228183255 -0.000243277493 -0.0622486994 -0.598801732 0.068647705 -0.524544001 -0.315856427 -0.268367887 0.0450788513 0.320165157 0.505338371 0.336976379 0.169511452 0.473617345 0.471241534 0.437420487 -0.455846012 0.538830757 -0.453571677 0.0773928091 0.433747739 0.223293051 -0.44464612 0.316552311 0.15070729 0.22933428 0.483136326 0.102462351 -0.0777717829 0.395162761 0.747837484 -0.426839799 -0.495423585 -0.464499414 0.573852897 0.297565699 0.229838088 0.570112586 -0.674992859 0.502444446 -0.724591553 0.4957816 0.0269500762 -0.0902640373 0.253231883
0.0332289413 -0.506483257 -0.0164844375 -0.387228847 0.266839802 0.180189684 -0.4790923 -0.0160870887 0.0539743267 0.335578591 0.198432729 0.0225037597 0.177377641 -0.156033397 0.148902982 -0.240535334 -0.137362123 0.264869124 0.144413635 0.567842841 0.0947264805 -0.0749622062 0.0054126312 0.412661105 0.184423149 0.0715464801 0.0873837918 0.0407893099 0.0513438657 0.12861222 -0.0572406165 0.190204427 0.03228347 0.632268429 0.494175911 -0.071355015 -0.0408327915 0.0254673455 -0.122544199 0.22678569 0.171260685 -0.409629136 -0.349866301 0.0211150944 0.0615780838 -0.187699929 -0.237420082 -0.0176355094 0.0446024165 0.430420071 0.173957914 0.372068524 -0.0359662287 0.261930257 0.327988476 0.0304940064 0.402116418 -0.10827665 0.366950065 -0.0436866395 0.513943553 0.149261326 0.215127259 0.127614215 -0.0939079225 -0.282619238 0.1062392 -0.412315696 -0.26323238 -0.269497305 -0.239792213 0.139979631 -0.566959321 -0.217081875 -0.247954994 -0.0380065069 0.1839917 0.0115803536 -0.081720598 0.104193345 0.183793783 -0.0513732545 0.452738583 -0.139809266 -0.0185054988 0.186667874 -0.0611956455 -0.0353608057 0.00406439602 0.343711257 0.179597273 0.0860104486 0.279372573 -0.15010649 -0.537988961 -0.0159779359 0.460166126 0.493926942 0.0966371968 -0.0851652175 0.459497988 -0.147056624 -0.213314101 0.263972789 0.410904914 -0.135485724 0.416661441 0.134419158 0.181044802 0.231184572 -0.535387576 0.15595594 0.123111881 0.172871083 0.531975746 -0.0431208163 -0.131276205 0.489912301 0.0793730766 0.150097638 0.0699499771 -0.239564374 0.41041404 -0.206278071 -0.0962101519 0.00058683008 0.68014425 0.0677825734
0.0763502866 -0.0306757633 0.0639692694 0.0342487879 0.142050818 -0.485511482 -0.172711581 0.0703334808 0.146338165 -0.0078164842 -0.272387058 -0.0380586609 0.116099559 -0.135058641 0.0920164213 0.0496208183 0.115696281 0.144635752 0.326864809 0.125307903 0.144230366 0.149653733 0.246834472 -0.236979038 0.159495041 0.276453316 -0.192925617 -0.361553669 0.0556417182 0.278613567 -0.0122354161 -0.198245287 -0.163260594 -0.237451628 0.112796202 0.100175619 -0.0901361033 0.402482361 0.0604059063 -0.106781416 -0.166562364 0.143253461 0.0913933292 0.0748523995 -0.239828497 -0.0445200875 0.264051259 0.0755353644 -0.158737898 -0.00297161192 0.26131478 -0.158802614 0.365086764 -0.217294082 0.187611386 0.124739692 0.189028233 0.109817453 -0.0314859226 0.154225454 0.00692397635 0.136258408 0.118970215 -0.169026658 -0.0293329954 0.191468492 0.0524120778 -0.123960689 0.0825198218 0.124480762 -0.0202759113 -0.311674267 0.169119164 0.371767133 -0.0317264013 -0.134117067 0.168491498 0.152125835 -0.104275905 -0.131618366 -0.0211396664 0.113631517 -0.0400571562 -0.0785694271 -0.141354069 -0.295481652 -0.0303346682 -0.0717220604 0.0770818964 -0.335698098 -0.152349114 -0.0338852219 0.0752495229 0.523404241 0.243088588 0.166257918 -0.0410113074 0.0368207954 0.196570128 0.0890436843 -0.174825847 -0.00831180532 0.407145917 0.0403635539 -0.142629057 0.267844439 0.0544618741 -0.083537668 0.174167484 0.360933155 0.157273233 -0.234938607 0.269703537 0.375816077 0.0441433378 0.135026157 0.0205303524 -0.0763263628 0.0566424653 0.153446451 0.168023244 -0.017281983 0.142330378 0.126180932 0.228535101 0.0444041118 -0.70388639 0.217958942
-0.0500379205 0.175454959 0.0767704323 0.107041478 -0.0523208529 -0.298202544 0.0753872618 -0.0121626044 0.0533167273 0.0318604894 0.0668620914 0.0652285591 -0.0195463914 0.203566521 0.108290397 0.30677557 0.144022867 0.216601968 -0.0379976779 -0.137697875 0.0816556737 0.195577592 0.24789995 0.138328776 0.039414797 0.2519916 -0.146034896 -0.203187853 -0.00182032585 -0.0248226486 -0.0340540819 -0.130179897 -0.0746815726 -0.209432766 -0.108879216 0.188329861 -4.20105789e-05 0.25917986 0.154906005 -0.192126468 -0.106535979 0.180481657 0.0944320932 0.013610743 0.0539227985 0.148349613 0.282640666 0.0989611745 0.0808202401 -0.161955297 0.187587038 0.00760965049 0.0802417248 -0.0231513157 0.113668337 0.0929756388 0.00573449023 0.125812799 0.0185845122 0.230589271 -0.140911505 -0.0178497601 -0.0937673748 -0.0283058956 0.291246325 -0.00123663619 0.0770158842 -0.352566957 0.124801666 0.201855138 0.260644555 -0.0194505546 0.296117544 0.335817248 0.243383661 -0.158580258 -0.00726549746 0.172709078 0.0502892137 0.00701636728 0.0288355667 0.0241395272 -0.217660308 -0.214529559 0.178758428 -0.0878133625 0.390478104 -0.0162893906 0.295998812 -0.116036586 0.0878095776 -0.00229208171 0.00892528985 0.279037476 0.256527305 0.0464798994 -0.186289921 0.00921639055 0.103477798 0.280901372 -0.0510210656 0.120064922 0.230819747 0.0432276726 -0.124841824 0.2686055 0.00107876665 0.0440747254 0.162920386 0.138124138 0.074324809 -0.0782928094 0.318192929 -0.00114720094 -0.0960969925 0.29518801 0.172262803 -0.320410341 0.140462458 -0.0347982794 0.0989443585 0.298730522 0.0350016728 0.292753935 0.105543941 0.0395376459 -0.394442379 -0.0101035582
-0.02636493 0.120721951 -0.0752387941 -0.00163944368 0.199292749 0.135749936 -0.350262135 -0.0114107206 -0.015474651 0.110231094 0.50350666 -0.0647767559 0.221898437 0.119231284 0.0766359717 -0.1617544 0.151642561 0.0630967394 -0.0647485405 0.31251201 -0.111372426 -0.0609960034 -0.0662133843 0.193336681 0.090510726 0.0526714884 0.343530089 0.458652824 -0.00518184155 -0.0529704951 0.0510759801 0.354712963 0.318708301 0.285847723 0.374828488 -0.277889222 0.216415048 -0.103501536 -0.127847001 0.428491831 0.43105948 0.156456441 -0.171930596 -0.08453428 0.324087232 -0.068008028 -0.0196902957 -0.09486828 0.342651337 0.257195622 0.0545804054 0.484291583 -0.0243846606 0.451401114 0.127927005 0.229228258 0.16652447 -0.182410657 0.103662483 0.0421871543 0.301741987 0.115506075 0.226473898 0.211376324 -0.065726161 -0.21516262 0.173959583 -0.0414355546 -0.263678789 -0.217925534 -0.0239029322 0.241007388 -0.0367068164 -0.0398039818 -0.279680789 0.300313234 0.174570993 0.211222425 -0.0489046983 0.19800061 0.0317437835 -0.0890209898 0.252837211 -0.042422168 0.351548702 0.371355951 -0.0839711055 0.0320563763 -0.00537724514 0.498399705 0.422512621 -0.0140304565 0.198688626 -0.300904393 -0.0342096724 0.0987238511 0.412353128 0.403782845 0.0424615815 -0.213746816 0.261437416 0.0679543689 -0.326938242 0.349274933 0.33430782 -0.246636108 0.24620074 0.14202112 -0.021107994 0.0868378654 -0.202839479 0.0908818394 0.0108260736 0.00478310417 -0.0122631742 -0.0576502234 -0.00609097909 0.326017976 0.192122906 0.0853454024 0.030207634 -0.109439582 0.180132821 -0.117890447 -0.00273499149 -0.0656886101 0.483671159 0.107253417
-0.0250304788 0.340102077 0.0455991738 -0.201715484 -0.255108684 0.113147408 -0.0900443047 0.0311182961 0.237905607 0.134042114 -0.0872596055 0.104123496 0.0289876536 0.14491488 -0.0202129632 0.100775532 0.201840743 -0.218038648 0.200547054 -0.720741391 -0.00630067755 0.0381432772 0.0363822803 -0.269424349 0.118066885 0.0761655644 -0.183853328 -0.0180854145 0.0213342607 0.158118889 -0.0719272569 0.0412711315 -0.0966549888 0.0514566898 -0.117421359 0.158893868 0.0969914049 -0.0671116039 0.239988267 -0.132345513 -0.0827586353 -0.109453365 0.100988135 0.0224549547 -0.0676426291 0.0615689978 0.356375962 -0.0330873691 0.169997737 -0.0857483596 0.0199031048 -0.186350539 0.0910012871 0.0314215794 0.0183918867 0.1221807 0.0878773332 0.378961533 0.0910359994 0.0364740081 0.0687054917 0.0922084227 0.0456555597 0.297210604 0.0688923523 0.148505881 0.0139199616 0.0662536696 0.299473673 0.269848555 0.00315647433 -0.165010393 -0.19622691 0.288892865 0.139261454 -0.163821071 -0.0357918404 -0.0717620328 -0.057852909 -0.0248455498 0.242615059 -0.111123756 -0.0479952246 0.172723085 -0.06798774 0.0278931856 -0.0257223472 -0.00729812682 0.13665688 -0.200143799 0.0222946294 0.0291361883 0.15650326 -0.0829188228 0.339224607 0.327741355 0.0125767794 -0.106784515 0.183184624 0.0266240723 -0.404186934 0.110788569 0.0595311522 -0.016967617 0.186192721 0.384718537 0.169006526 0.0189153571 0.150556952 -0.158095747 0.181508929 -0.160161376 0.017505439 -0.147025079 -0.311699808 0.135115311 0.0386695564 -0.198635817 -0.0872386992 -0.0528177172 -0.145146027 0.0503724888 0.31352976 0.253841907 -0.104838565 0.0647268668 -0.10093756 0.0129273105
-0.0593984984 -0.155553013 0.0592494085 -0.0333132148 0.164411888 0.231560513 -0.636655331 0.0148281427 0.106361993 0.0679970682 0.423007011 -0.26973471 0.0255344883 -0.186925814 -0.100347266 -0.187611073 -0.0280571058 0.242685139 -0.0283814706 0.714763641 -0.286089569 -0.0713298246 0.00651473599 0.0985114425 0.0570777953 -0.111269169 0.315885007 0.457940608 0.0580089465 0.0248415079 0.0927151889 0.315461189 0.272360593 0.250671208 0.513737142 -0.0972581059 0.00674762391 0.0425562859 -0.277139634 0.435511082 0.268092901 0.0811295062 -0.518579066 -0.0602222197 0.345209122 0.000193301879 -0.050366085 0.024864234 0.177405611 0.387532532 -0.126391068 0.036797408 -0.0465041324 0.211550355 0.216238394 -0.0629948601 0.228491396 -0.43942982 0.277871102 -0.339006096 0.359000921 0.18816264 0.244582757 0.291510403 -0.220886946 -0.446331918 0.0624392852 -0.476523519 -0.438550919 -0.289307117 0.0176417623 0.499615461 -0.111007333 -0.560595691 -0.0511732399 -0.178760067 0.0376602225 0.182278618 -0.35894376 0.135262027 -0.0486151725 -0.196447566 0.417448044 -0.121943034 0.280464351 0.338327885 -0.136869863 -0.0164901316 -0.286254615 -0.0407932177 0.0873532668 0.0512733683 0.110168755 -0.0970784947 0.229758352 -0.097322762 0.528230548 0.387530953 0.0321183205 -0.454538405 0.523864329 0.00706701865 -0.363923609 0.28316915 0.325619727 -0.241563752 0.259250313 -0.0305562131 -0.0627428666 -0.121224061 -0.0557651408 0.526994884 -0.0953310281 0.0547118485 0.639718056 -0.214096338 -0.182484031 0.343541294 0.0816569105 0.135231853 0.170431077 -0.169970781 0.198160172 -0.179729551 -0.0791745782 -0.0680282786 0.220348343 0.0307522677
0.0662992224 -0.0664136633 0.072581403 -0.0172585975 0.0476431064 0.0448613986 0.0148835434 0.0881563574 0.0158314016 -0.0973448828 -0.0779332519 0.0235374104 0.0644961968 -0.0339871496 -0.0984658375 0.0514348447 -0.0613978654 -0.00826143287 -0.0949929357 0.0730244219 0.00135610101 -0.0710622668 -0.0269011762 -0.0253149234 0.0638414323 -0.0423361063 -0.0249757711 0.0519796088 -0.0153737143 0.0111043686 -0.0462265015 -0.0123670567 -0.00844515581 0.0498833023 0.0438095108 -0.0752354488 -0.00972189568 -0.0474165827 -0.0812887326 0.0459888652 0.0231731832 0.0610470511 0.0513715707 -0.0504368916 0.00785988569 -0.0480881333 0.0186721273 0.00471901381 0.0638708547 -0.0359183997 -0.0254934449 -0.0317470767 0.0735436752 -0.0769276321 -0.0883015245 -0.0474699736 -0.0736908168 0.0508634038 -0.0578871444 0.0471375361 -0.0293490216 -0.0478166193 -0.0411007851 -0.0855557695 -0.0788596123 -0.0979505554 0.012529891 0.010576277 0.0590078235 -0.0841260627 -0.0679626688 0.0600138567 -0.020452857 0.0191294998 -0.098075442 -0.0582258254 0.042524457 -0.029177513 -0.0509401709 -0.0665727109 0.0710145757 0.0237702597 0.0546223074 -0.0352742262 0.0186794084 -0.0658226013 -0.0328941345 -0.0103630275 -0.0726893693 0.0388493612 0.00468712207 0.0391769037 -0.0603131577 -0.0313543044 0.0130731864 -0.0200265627 0.00320066512 0.0211493671 -0.0226322375 0.0683729649 0.0898589119 -0.0523302145 -0.0955417678 -0.0539805591 0.0659945905 -0.017514158 0.0237327907 -0.088417232 0.0597291067 0.0556773096 0.0045805946 -0.0588877387 0.0161620788 -0.0966098011 -0.0524332933 -0.0436147302 0.00369267748 0.075694032 -0.0355307795 0.0206856318 -0.0153256301 0.0603460334 -0.0521194525 0.06624946 -0.0267327577 0.0180372521 0.00669310661 0.0600384437
-0.0190188661 0.0969147906 0.00550644193 0.13574326 -0.317194939 0.232889459 0.183929071 0.0237624701 -0.015724441 -0.167380169 0.0406146534 0.155719846 0.000245433068 0.115845241 -0.0697129145 0.192088723 0.222905234 -0.0463879332 0.0530657545 -0.339250714 -0.0556138456 0.141176403 0.0437178388 0.0273204688 0.0550268516 0.0406805836 0.241205975 0.0819716603 -0.0665459409 -0.0296753291 -0.0275627468 0.0611947961 0.117947243 -0.0514580384 -0.327773213 0.176700011 0.0832189396 -0.0357738025 0.136694819 0.0765345022 0.0860196128 0.254255086 0.127946183 0.0381460264 0.213941231 0.0446863584 0.077019155 0.0639275834 0.254086256 -0.113879919 0.00317866262 0.163657188 0.11600928 -0.0473738313 0.0260279868 0.084663868 -0.126257658 0.092291981 0.14669764 0.0271020904 -0.279712051 -0.0409620926 0.0104890997 0.353745222 0.0430997834 0.0625604093 0.00247033848 0.277227759 0.244061813 0.225560367 0.655317545 0.134077609 0.166853562 0.0653571934 -0.000970016001 0.0688680708 0.109305501 0.0749102905 0.265994817 0.248487711 0.134793833 0.133104786 -0.124164701 0.0919672623 0.163120076 0.23380895 0.141873434 -0.033966355 0.0834979787 0.0655037239 0.0790810362 -0.0810439736 -0.0995170847 0.0612523146 0.760630667 0.151910871 -0.24033232 -0.135236114 0.0191412941 0.120161399 -0.123707898 0.137731075 -0.0249093063 -0.137485355 0.034280736 0.0739472732 -0.0673705488 0.0364846475 -0.0598570518 -0.115205586 0.732598841 0.0153157525 -0.090531379 -0.0611210316 -0.31970799 0.128853202 0.179563746 0.206724152 -0.00761618931 -0.127489671 0.121828206 0.0326349996 -0.0844085738 0.116483934 -0.0485576391 0.0572666004 -0.437285244 0.0811716318
-0.00760635873 -0.310750604 -0.01160092 -0.0837434456 0.256835818 0.172163159 -0.498041153 0.040857818 0.0162139852 0.0473095886 0.0640888214 -0.00530699501 0.188981831 0.020732319 0.0596606731 -0.180492118 -0.00784840714 0.29356578 -0.00751586678 0.676572382 0.00535243191 0.0440073907 0.194321424 0.0219778959 0.250436008 0.221949369 -0.121821523 -0.14504382 -0.00761058182 0.0328337774 -0.0682781786 0.0523675643 -0.0469262861 0.0518637225 0.150710747 -0.172344163 -0.0626589507 0.180959404 -0.136138961 0.167398915 -0.107411146 -0.0638086647 -0.281476617 -0.00247509778 -0.0144370534 -0.0889913365 -0.130780756 -0.175605133 0.14997457 0.171538442 0.140468076 0.0955535546 0.108241841 0.162235379 0.2171655 0.0723128021 0.268042356 -0.112613283 -0.0987596214 -0.0624238104 0.200564995 0.17289114 0.119500354 -0.122583933 -0.0492138229 -0.184092343 0.241177365 0.126856133 -0.0463212356 -0.0184278358 0.0190887172 -0.164430246 -0.0682772622 -0.129615411 -0.241688028 0.0411056392 0.0902687162 0.129095852 0.0201400332 -0.0365399346 0.00249139615 0.000958153221 0.175342724 -0.127954885 0.110121287 -0.015470081 -0.00133245194 -0.0777996778 0.0177690461 0.0241205934 0.0622609742 0.0252819732 0.140834004 0.0817765817 -0.232037038 0.0975698307 0.137935311 0.205055326 0.185108796 -0.135861635 0.229321703 -0.13502489 -0.140413091 0.190975055 0.0361827128 -0.27657488 0.0604258701 0.129470974 0.0869781077 0.246081769 -0.206183344 -0.233214438 0.169040605 0.217760935 0.888474226 -0.169258296 0.0171464812 0.208199427 0.156546414 0.129798159 0.131160438 -0.197016418 0.130972862 -0.116355971 0.0529160351 -0.0625755712 0.473961711 0.130819783
0.0715278164 -0.0955325961 -0.0561579354 -0.0300046094 0.212551296 0.312895387 -0.244020581 0.0336893722 0.103216819 0.221703753 0.123577602 -0.0786209628 0.0621428899 -0.112091415 0.174479932 -0.0331715867 0.145698816 0.221406773 -0.065840818 0.279659063 0.034981586 -0.0571258776 0.136444271 -0.529232979 0.138654187 0.143866748 -0.0805174559 -0.158317864 0.00980196893 0.149222851 -0.0584911257 0.0258469116 -0.0922399908 0.144610897 0.231563374 -0.082738705 0.047087457 0.140619576 -0.099246949 0.0495167114 -0.126342833 0.171666443 -0.0717554912 0.00477858633 0.00342298672 -0.0459079593 -0.0241138041 -0.0958418697 0.142429963 0.194044009 0.139961809 0.151357219 0.0302238222 0.0788918585 0.155910566 0.0586783104 0.141757414 -0.0384913906 0.184257656 -0.0213936288 0.204257771 0.0813293457 0.116492338 -0.142378911 -0.0527518652 -0.0493214168 0.159524351 0.132356465 -0.0762757286 -0.0978508964 0.0154200122 -0.303089201 0.0963404477 0.0161396172 -0.298890471 0.103291072 0.180903196 0.1760979 -0.289406568 -0.00123396388 0.0194289554 -0.0669564828 0.227987006 -0.0125722401 0.0138595812 -0.0125409057 -0.0110838469 0.0547890738 -0.034387596 -0.0283256304 -0.0493500791 0.0799966231 0.182361737 0.144377068 -0.0845895708 0.113228649 0.188746378 0.313030392 0.0325486027 -0.252205193 0.0978988037 -0.144331113 -0.0729900151 0.224990427 0.00186831178 -0.174644694 0.235566065 0.202441826 0.277005136 0.11672315 -0.0369092487 -0.315461189 0.17629528 0.104915053 -0.0830324292 -0.00695362035 -0.139296502 0.0395616516 0.114312418 0.22837688 0.045200143 -0.168291971 0.140412554 -0.0472043231 -0.0285175014 0.0723352358 0.586038947 0.13302812
0.0346919149 0.0401839986 -0.0219231024 0.00254678563 0.00624691509 0.0497332737 -0.0325734131 -0.0401468314 -0.0930173919 -0.0942296386 -0.098423332 0.0288559198 -0.0157784838 -0.0987897292 -0.0246318989 -0.0132864388 -0.0452200994 0.00160709023 0.0569762662 0.0478810444 -0.0850488394 -0.004513341 -0.103772864 0.0359387361 -0.0257711597 0.0372696295 -0.00356414728 0.0304368269 -0.0674021244 -0.0628835186 -0.0251483098 -0.0692006275 -0.0378684998 -0.0956857502 -0.042174276 0.011500001 -0.0694012418 -0.030237684 -0.103660807 -0.123479828 0.0295113549 -0.0525266081 0.00169365515 0.018864654 0.0237359516 -0.0297854841 0.0289794002 -0.0614117384 -0.0269734822 0.0254706684 -0.0606474094 0.0238793753 -0.051004447 -0.0558128953 -0.00888466649 -0.105178759 -0.00901255757 -0.113627978 -0.114817001 -0.0366424993 -0.0381154753 -0.0295206681 -0.0470101386 0.0486396402 -0.0577260852 0.0346265174 -0.00461861817 0.0203346442 0.0321554095 0.0171469525 -0.0869977027 -0.0715565011 -0.118141405 -0.0497568697 -0.065879114 -0.00949145574 -0.116370313 -0.08780393 -0.016248405 0.0115202675 0.0530538857 -0.0412720069 -0.0660564229 -0.111824982 -0.066265136 0.0126179606 0.0224680826 0.00605802983 -0.111167811 0.043325901 -0.104314163 0.0606142208 -0.0300548468 0.0872636214 0.033579424 -0.106959403 -0.0714953691 0.0493152551 -0.00743924873 0.0206645876 0.0459954813 -0.0335384831 0.0264399406 -0.104069375 -0.0836776868 0.0245791655 -0.12007232 0.0499010347 0.0408860669 -0.115419038 -0.0353069343 -0.0321611129 -0.100678481 -0.049658455 0.056337662 -0.0244841259 -0.0977822393 0.0538741276 0.0155171622 -0.0937954485 -0.0236377437 -0.0991599187 -0.107253335 0.00493811583 -0.0524628423 0.0493382439 -0.0837227777 -0.0952301174
0.0173050612 -0.139525488 -0.0222201012 0.454498053 -0.130014494 0.497069091 0.410252929 -0.0413603447 0.0714886934 -0.219216272 -0.430365741 0.172913522 -0.0573090836 0.130246595 0.309053689 0.389716893 0.299085617 0.528527439 0.0879149511 0.378359765 0.483013272 0.421853065 0.549931407 -0.0509438924 0.0864108577 0.326509356 -0.383976877 -0.436769426 -0.0802969635 0.205953211 0.073453635 -0.348275244 -0.114791378 -0.370550156 -0.332541466 0.411700934 -0.0839520842 0.473058701 0.363423467 -0.403528869 -0.184776962 0.368971854 0.250329316 0.0803010687 0.00541517138 0.438941896 0.0901909322 0.325445294 -0.117252983 -0.272465706 0.174199805 0.162184492 0.257724375 -0.212648913 -0.00103008247 -0.0522491373 0.367661387 0.468511939 -0.145606369 0.481448501 -0.450461119 0.0699363649 -0.0436865762 -0.235258892 0.380838096 0.294152528 0.268111527 0.278159678 0.409903109 0.294505537 0.110793501 -0.0932079926 0.576456428 0.139258713 0.330162168 0.208318308 0.164999887 0.138398424 0.294541955 -0.251834482 -0.24319002 0.524904251 -0.283699274 0.300410539 0.0660566092 -0.38337785 0.338838458 0.0762724504 0.544251263 -0.29010883 -0.091342397 -0.00584892184 -0.206316099 0.607795537 -0.174430057 0.0900520012 -0.32818538 -0.206565484 -0.0592437908 0.371784836 -0.378089875 -0.108325645 0.681657612 -0.126137972 -0.179472849 0.24912402 -0.306420147 0.191204324 0.202440947 0.309187293 -0.190093189 -0.0425416008 0.199571028 0.230493903 0.301992625 0.379955441 0.42203477 -0.671335101 0.339224607 0.242734239 0.289458662 0.318922758 -0.218436122 0.51341629 0.391323537 0.0228359029 -0.0116747832 0.103780955
0.0198367313 0.116618 0.0756205544 -0.169690385 0.396586299 -0.0783205405 0.124835953 0.0374092236 0.166636154 0.366405547 0.378473967 -0.103486747 0.225937784 -0.204317242 0.00851235166 -0.238551915 0.00312953116 -0.0387237109 -0.0326424725 -0.200272948 -0.170187846 -0.102952778 -0.115731083 0.0434889756 0.194721371 0.0787829757 0.397777408 0.396094173 -0.076382339 0.158840686 0.0755799636 0.369711995 0.316165328 0.544451416 0.461408764 -0.274808347 0.123468295 -0.049254261 -0.178500146 0.352263778 0.300383717 -0.373782218 -0.28175956 -0.0476736277 0.127736509 -0.030126214 0.105099723 -0.0298261251 0.0204923954 0.34720549 0.106617942 0.0443743207 0.0904562995 0.306881011 0.242910102 0.277606905 0.246409863 -0.162460059 0.137100384 -0.0717070922 0.445451945 0.29035303 0.37239936 0.0756877735 -0.17392914 -0.0174992345 0.203620419 0.0842817947 -0.0685433894 -0.119077988 0.0764673054 0.162298217 -0.420306534 0.161877081 -0.345788598 0.203481391 0.265912175 0.272825897 -0.182507545 0.287595838 0.229683712 -0.155238107 0.430040926 -0.0884860903 0.047405161 0.374768764 -0.255934775 -0.0728671178 -0.270566344 0.316221654 0.17083554 -0.0679371655 0.323165923 -0.265316427 -0.063487798 0.00462185219 0.365431339 0.443052322 0.153932691 -0.197209746 0.567312717 0.0436045267 -0.420243919 0.478126556 0.320041656 -0.284733117 0.444390446 0.228621751 0.162630871 -0.0221586339 0.103563949 0.0665254369 0.0776688084 0.10443414 -0.082329683 -0.176931828 -0.177362829 0.670881391 0.191005334 0.0519584306 -0.066893898 -0.181575805 0.371819526 -0.315871716 -0.208274201 -0.0790461153 0.116247296 0.164722085
0.0859810784 0.284112722 0.0149479862 -0.27570352 0.163699284 -0.534781158 0.1338709 -0.0786309764 0.278458536 0.21878469 -0.266729712 -0.0174410697 0.251851678 -0.321065009 0.271475226 -0.186845928 -0.00352554722 0.145514518 0.368164957 -0.292354494 0.232262403 -0.095308505 0.187667385 -0.0436248444 0.230438456 0.192320406 -0.247425929 -0.442804843 -0.0325983837 0.315965205 -0.0152413398 -0.0340303369 -0.300761789 0.115533583 0.206050128 -0.0541347675 -0.143519312 0.129727945 -0.0778593346 -0.207021669 -0.252938062 -0.4014498 0.244224772 -0.0820378363 -0.69634819 -0.0584128238 0.076900892 -0.198919117 -0.453713536 0.215930402 0.368460625 -0.241604969 0.222147524 -0.215096205 -0.0265093632 0.253248274 0.196222216 0.143976748 -0.0339099392 0.0905503556 0.155561522 0.214618668 0.261078417 -0.29977724 -0.0861333534 0.393630564 0.12600489 -0.243913531 0.214370713 0.0437305272 -0.385919958 -0.524738848 -0.107799061 0.495244831 -0.0134299472 -0.267470509 0.223832414 0.024153389 0.0648823008 -0.00776365213 0.272890478 0.262677312 0.149566099 0.0346273631 -0.379005253 -0.256433517 -0.106350027 -0.079917416 -0.0894543007 -0.266745985 -0.233129531 -0.05117267 0.239917248 0.52917403 0.0903046131 0.2361525 -0.0377588756 0.147122145 0.194455773 0.0741024092 0.228388578 -0.102858335 0.212186649 -0.0254332013 0.0365084633 0.0491593219 0.242072552 0.0492687784 0.240364015 0.333112121 -0.11236681 -0.655489564 0.262292594 0.466922373 -0.458180606 -0.0508212373 -0.11424204 0.222247735 0.0396322869 0.107333012 0.112719394 -0.153797999 0.159642681 -0.0961562172 0.359478414 -0.0182932615 -0.398616463 0.213133037
-0.0623456091 0.278203994 -0.0854121447 -0.030713845 -0.0284524988 -0.0285158399 -0.0187015031 -0.0849350244 0.0779675245 -0.0391343683 0.245028555 0.00299679535 -0.0320567079 0.110561505 -0.121222273 0.167907655 0.106586188 -0.242926344 -0.116060019 -0.464495242 -0.00579326134 0.0911372229 0.0915982351 0.0602559298 -0.083265014 0.0195081979 0.221431881 0.26321125 -0.0530462228 -0.208236635 -0.0529144593 0.193234935 0.187535197 0.0444480553 -0.100263543 0.101987019 0.188771367 0.0669102296 0.13559261 0.124606758 0.278399259 0.18875438 -0.0240493864 -0.0832775757 0.1515221 0.213948965 0.261339754 0.207080692 0.145198837 -0.0626481175 -0.131328315 -0.0384237878 0.00574474735 0.137386873 -0.102864705 0.0259972364 -0.14246279 0.161911041 -0.00607279688 0.0778972059 -0.0992306694 -0.165305138 0.0103207026 0.0871616676 0.0432049632 -0.0656674579 0.0550098382 0.0707660615 0.0332223661 0.141355649 0.0343635902 0.0467646159 0.0402153507 0.236181661 0.00164162111 0.151843533 0.00423424458 0.169264555 0.00665456103 0.128107101 0.120379284 -0.156066552 -0.145025715 -0.147532985 0.263802975 0.232444465 0.141909704 0.074319534 0.0356364623 0.111106925 0.261145413 0.0167242587 0.10129334 -0.0785988569 0.0432803482 0.10602393 0.123791851 -0.0134391328 0.00141466805 -0.0490852892 -0.108074732 0.11182107 -0.224933177 0.0137387412 0.166719452 0.10278213 0.104512751 0.0917465761 0.142536372 -0.0986896306 -0.0346570686 0.186160937 0.0704049692 -0.275069982 -0.209391683 0.183385506 0.122759089 -0.224937171 0.169384047 0.023503352 -0.122405753 0.0812520459 0.159446463 0.0659460574 -0.139675364 0.0826119855 0.149128452 0.124093302
0.201647326 -0.0766597912 0.0975803956 0.146649376 0.199994281 0.170136079 0.198323011 0.00250603561 -0.0899131671 0.0776845887 0.0769630149 -0.108140074 0.0342818312 0.137118354 -0.0220422093 -0.0246470924 0.0665722638 -0.112805076 -0.0693461001 0.038767416 -0.0386170447 0.042835176 0.0614022985 0.0648540184 0.14497079 0.20618698 -0.00120610127 0.118638076 -0.0136613259 -0.00363194919 0.223711461 -0.00052841648 -0.0272845402 0.0574198067 0.00627351645 0.0504484363 0.0767951608 -0.0270347986 0.0816525742 -0.0489658304 -0.0109625468 0.191414118 0.0665307045 -0.000463169941 -0.106032662 -0.0928215012 -0.0321768411 0.185881943 -0.0150796315 -0.00755837141 -0.121775731 -0.00828796998 0.201523885 -5.15607535e-05 0.00333714602 0.124281883 0.0596326366 -0.00495703751 -0.019657746 -0.0947250947 0.13439016 0.104561478 0.0302250125 0.0568589829 0.10165374 0.0380530469 0.0748398453 0.0858559608 -0.0741451085 0.128232062 -0.0632638186 0.0362634808 0.0567699298 0.00204299088 0.00982308667 0.0185757615 -0.178932846 0.0720984414 0.109334297 0.0882075578 0.0449682921 0.0520298332 0.0320659354 -0.025037026 -0.0226188414 0.085621804 0.214947239 0.116359487 0.0429529175 0.27970627 -0.0928492323 0.00300828856 0.0487665124 0.120699845 -0.043579869 -0.0699674562 0.181361631 0.239283293 0.14101252 0.216118917 -0.104022063 -0.00721541559 0.11120759 0.0203683265 0.198748186 0.0697233677 0.127160355 0.170647353 0.0315350555 0.0965851247 0.196342215 0.287258178 0.136771247 0.224393219 -0.0343792066 0.191439301 0.170845374 0.131464675 0.193634048 -0.0102761984 0.0919834003 0.142232478 0.212243021 -0.0529514663 0.0203690343 0.197798476 -0.0976102054 0.199843779
20 128
-0.169868946 -0.0855582505 0.0706428811 0.0909984112 0.0468929075 0.163333818 0.0594839416 -0.0274110772 -0.0390839055 0.164760768 0.0219015405 0.0607712492 0.000164860408 0.0809225664 0.0420159437 -0.187449098 -0.02757046 -0.490598649 -0.0102221128 -0.654881477 -0.0282535255 -0.226583049 -0.499935329 0.030650625 0.55986774 0.238434643 -0.07355652 -0.389028221 -0.173336402 -0.0373690017 0.507813513 -0.0233201552 0.0184976812 -0.0328829437 0.0169473644 0.0670188665 0.0674804375 0.0162321497 0.0674675032 -0.0261119548 -0.0672962219 0.0449906401 -0.45601356 0.187657833 -0.906438947 -0.0663476512 -1.0781548 -0.0709639713 -0.0518775024 -0.258076698 -0.0160500854 -0.230837151 0.0882391185 0.189541742 -0.00223260955 -0.0364231467 -0.523810983 -0.0120415902 0.0101512447 0.161656871 0.243645966 -0.0309291072 -0.164743304 0.201691449 -0.00802493561 -0.997717261 -0.0743895099 0.1709674 -0.104385823 -0.101669662 -0.0655223727 -0.212143153 -0.059762083 -0.00608591363 -0.00331989559 0.0358657502 0.0124636311 -0.000869472628 0.00302629708 -0.0875151604 0.0599374324 -0.284390181 -0.0834940299 0.0476637743 -0.0375989676 0.109267481 0.861187994 0.427520245 0.226114377 0.444797426 -0.0626254678 -0.22995694 -0.0471960343 0.217506036 -0.553691745 -0.0679819211 0.169714406 0.0903060213 0.210984364 0.201892063 -0.875100791 -0.0181432236 -0.138743818 0.0644973293 -0.0645811409 -0.237836465 -0.133161485 -0.00354708172 0.181172833 0.197868422 0.161780655 0.0286308303 -0.157077655 0.159243837 -0.0771429762 0.00941936765 0.275421232 0.0674614757 0.303456813 -0.02763444 -0.224835858 0.0777726993 0.10181284 -0.0361620933 0.077037178 0.130781636 -0.252024591 0.283623636
0.010476416 0.0258579981 -0.1039607 -0.570284486 -0.0440751426 -0.0376592167 0.027613081 0.0400206335 0.0486121215 -0.309945881 0.0227234103 -0.0411451533 0.174347937 -0.0437144116 0.0201957095 -0.0665829927 0.188779414 0.546538353 -0.0419505648 0.0380750373 0.0592647977 0.00394323515 -0.0708242878 -0.0587893315 -0.95906955 -0.232579291 0.143087223 0.0877427757 0.595763981 -0.486773312 0.0747529715 -0.0707389042 -0.0967860892 0.192511037 -0.0619540997 0.0703931674 -0.0667947531 -0.0505906679 -0.16147241 -0.0887071341 -0.00667920057 0.259587049 0.61513865 0.147765696 -0.0840362981 -0.0463594049 0.172451824 -0.10655614 -0.0179229584 0.152112007 0.252767265 -0.00206425763 -0.128001601 -0.177356809 0.0057114237 -0.230717748 0.318415284 -0.0763939619 0.0125582144 -0.290871561 -0.398114413 -0.416994482 0.490327448 0.0267807469 0.14679946 1.52601886 0.0550254174 -0.323226511 0.573909223 0.454128534 0.0483581945 0.109601423 0.345717758 0.127832547 -0.00389430672 -0.241298631 -0.192066804 -0.152703673 -0.107201196 0.263495356 0.110652447 0.128915533 -0.0366671756 0.0891878903 0.0947483331 -0.00950945821 -0.206830502 -0.0129239094 -0.151499897 -0.0346403718 0.0950017273 0.981299579 0.0483001769 0.037100438 -0.0887068212 0.0433667563 -0.0156331491 -0.138426304 -0.0236858409 -0.434037179 -0.095322147 0.0371898897 0.0970979258 0.413649529 -0.0760835111 0.598869979 0.291178882 0.0715416297 -0.172637418 -0.154138237 -0.358893603 0.0462344438 -0.344131052 -0.16113241 0.147982627 0.178656399 -0.0121975411 0.344715059 -0.56123817 -0.0193580501 0.100477792 -0.34029749 -0.308209538 -0.0157759935 -0.0247018766 0.199406758 0.231080547 0.119969487
0.397505164 -0.0170998387 -0.147692755 0.17352815 0.394276232 0.401856452 0.514665842 -0.100658871 -0.274416596 0.328843206 0.0595537685 0.0409356467 -0.260125577 0.228053421 -0.0919356421 -0.333734572 0.242673025 -0.745413601 0.0979918838 -0.0210357774 -0.0663019717 -0.309003234 0.0480155014 -0.0157130975 0.641391158 0.120282069 0.283389956 0.252134889 -0.0237033721 -0.679457664 0.131324768 -0.00304874289 -0.00445448468 0.132334411 -0.0139977485 -0.0471023545 -0.173945725 0.071741119 0.079126209 0.0674322993 0.0566108301 -0.307952553 -0.686726689 -0.169246867 -0.0290911514 -0.0280135572 0.0376175418 -0.118294738 -0.310115546 -0.310794145 0.0643538982 -0.477572203 0.226753116 0.0975754708 -0.0342343971 -0.145036146 -0.571483016 0.0622159876 -0.0350323319 -0.577019811 -0.0280834287 0.0367075764 -0.254028738 0.318594396 -0.249154031 0.467902005 -0.329584002 0.179650187 -0.663069189 0.306318909 0.0409594476 -0.210955843 0.410446405 -0.357598543 0.103141539 -0.25656414 -0.821455598 -0.186246574 0.341603637 0.0864765272 -0.493042976 0.109205291 0.0663492978 -0.0368340947 0.054777164 0.409569174 0.0483362116 0.0265237372 -0.270613045 0.353509933 -0.0800369009 0.212298855 -0.106032692 -0.0485623218 -0.767287493 -0.0642051399 0.292677104 0.428904772 0.103866905 0.390220881 -0.173172221 0.0235363618 0.0770075321 -0.230374858 0.886689603 -0.0510207899 0.407426506 0.452547848 0.252625227 0.362669021 0.165302217 0.531486392 -0.685171962 -0.102196202 0.0168950744 0.268301278 0.17654027 0.603612125 -0.34949246 -0.0144015728 0.307030976 0.151342943 0.364626974 0.00311649614 -0.509675622 0.240149125 -0.289292306 0.311153263
0.124516502 -0.0478766374 0.0238079242 0.0730957538 0.0812281296 0.00229151128 0.0681511909 0.0332518518 -0.0197910052 0.150050074 0.0671536401 -0.012233533 0.0139130689 0.00298570911 -0.0516845137 0.0151765635 0.0339763835 0.0167526118 -0.0079378942 0.122779705 0.094663538 -0.002868335 0.114426382 0.0369231328 -0.0149950311 0.0965365022 0.144645706 0.119793497 0.123357974 0.0172134209 0.0631428435 0.0819524229 0.051072143 0.0569750294 0.00610037474 0.0108592631 0.110471822 0.0609226525 -0.0330145024 -0.00683770655 0.0772315487 0.0882731453 0.125693604 0.0493841097 0.0442451313 0.0384716466 0.0674785748 0.0803742185 0.0145129804 0.00734746316 0.0444882885 0.101757459 -0.0213088188 0.0757212862 -0.0563703217 0.0559224002 -0.0370780453 0.0882269442 0.00573383272 0.073505342 0.121813051 0.0530908965 -0.0198462494 0.0834610984 0.0530778542 0.1131166 -0.0355957821 0.081571199 0.055986464 0.137117445 -0.0546099395 -0.0216074325 0.0499131344 0.0671001747 -0.00401189923 0.00831075478 0.0528439283 0.0449093282 0.0258836094 0.0896966904 0.00291995425 -0.0152969165 -0.062171828 0.0308969691 -0.0280995946 -0.020734543 0.0221326537 0.135104224 0.105385549 0.132782355 -0.0602633432 -0.0193450674 0.0964234918 0.12784344 0.0436939932 -0.0730687976 0.145979315 0.115827627 0.121208362 0.104821526 0.10566546 0.00507517345 0.199618205 0.0789611563 0.00645137532 0.0218066387 0.0322629139 0.0598597266 0.114307582 0.115023434 0.0387612097 0.0347895585 0.0363156796 0.150158361 0.135564104 0.0624976456 0.144934371 0.103882335 -0.0482364297 -0.0260280389 0.12814787 0.155638918 0.0662021264 -0.0660458729 0.111537658 0.148590252 0.0520898551 0.161049232
-0.398296028 -0.00213643629 0.136836395 0.102589495 -0.226426095 -0.331571251 0.157716691 0.0909646824 0.122332625 0.00588544831 -0.251436889 0.0109239444 -0.108916201 0.170141861 0.0282747708 -0.284050018 0.0333268791 0.255922645 0.0515959375 -0.164374501 0.0900635645 0.0876535401 -0.232229412 -0.0333309844 -0.00273544085 0.0539845675 -0.258349568 -0.0963117331 0.179620892 0.0177860092 -0.224042177 0.0469065048 -0.0203894749 -0.144700155 0.0346491523 0.0388056263 -0.0205500349 -0.0844460353 0.135625765 -0.0748364851 0.028223116 0.133516863 0.201213241 0.11267399 -0.194789171 0.02492778 -0.366301239 -0.216368616 -0.861575484 -0.875937343 0.0589667 0.209576473 0.132405981 -0.375250757 0.031807594 0.196877986 -0.692175925 0.0903707743 -0.009675093 -1.36369967 0.0756079331 0.167307809 0.123407796 -0.0321485512 0.159077391 0.260979801 -0.240702912 0.0310305338 -0.107748009 0.0951255634 -0.0415445864 -1.17070329 0.0971198678 0.0672881603 -0.0441628136 -0.0712270066 -0.14560084 -0.478327662 -0.0874437094 0.0333384462 -0.0477951318 -0.294705272 -0.0730872303 0.027399078 -0.0565086715 0.183079183 -0.312958747 -0.194455147 -0.972320974 -0.215747222 -0.0406870656 0.222995639 0.189393684 0.0381826684 -0.234854743 0.0333425887 -0.282187879 -0.0769645795 0.115541235 -0.0164799225 -0.307203084 0.00947593525 -0.0962010995 0.0196043737 0.134539291 0.031094173 -0.141355991 0.00130448106 -0.00406850548 -0.0644595996 0.0504007079 -0.113662258 0.210615367 0.0701853633 0.161399171 -0.0623978488 0.0189616233 0.0220989566 0.0203159396 0.040426556 -0.26044637 0.0685361624 0.145284563 0.0245595817 -0.219386205 0.117729366 0.229498401 -0.140762359
-0.523854792 0.056721732 0.208745852 0.160095364 -0.20512411 -0.649919033 0.12525031 0.100299753 0.139163673 0.143838122 -0.214064285 0.027362071 -1.27834582 0.0961824656 -0.0794576257 -0.272157729 -0.19278264 0.108088858 -0.0346309952 -0.221158475 0.194645554 0.150821492 -0.0604634918 -0.0745386481 0.0661970749 0.0580157302 -0.355426043 -0.066415064 0.198751181 -0.446046054 -0.189941794 -0.0464756824 0.0261506718 -0.170616448 0.0497633331 -0.0727684423 -0.0491951033 -0.000719648902 0.0806208327 -0.000145325524 -0.0757234618 0.117864206 0.0826551542 0.133715585 -0.231534377 -0.00779787637 -0.31771341 0.0860888064 -0.654737294 -0.229614943 -0.011973083 0.160809904 0.242208332 -0.508048654 -0.0746935531 0.109330259 -0.116846271 0.01537605 -0.0494301394 -0.296980232 0.0264273398 0.151452139 0.135093197 -0.00077859452 0.210719749 -0.558241248 -1.8326081 0.123414114 -0.596557796 0.0964788124 0.0558194369 -0.286015898 0.0711199343 0.117109209 -0.0147212613 -0.286090463 -0.107064508 -0.644295871 -0.64459753 0.0812888369 -1.8712039 -0.477543265 0.0885470957 0.0181351509 0.0319082998 0.166463614 -0.204483449 -0.0173904523 0.730234921 -0.279799402 0.00663151313 0.148535341 0.191123754 -0.0648611933 -0.101790719 -0.0599172525 -0.327965826 -0.207666591 0.102849491 0.042208679 -0.378343821 0.0707015246 -0.0439108126 0.031417422 0.0567939728 0.0536550246 -0.307065696 -0.161925718 0.13767001 -0.0894590318 0.193966523 -0.258931994 0.11809133 0.215112299 0.162180975 -0.0709891096 0.139441684 0.00670521753 0.150255322 -0.0492329374 -0.378536165 0.216254413 0.13797009 -0.00305479718 -1.3401531 0.193671733 0.1344558 -0.0679616034
-0.127221331 0.0507071093 0.152505293 0.259879291 -0.348089457 -0.283841491 -0.00931472518 -0.127959967 -0.113048345 0.0591283627 -0.504257262 -0.0223766491 -0.887463212 0.240264788 0.0110474695 -0.326173991 -0.681000412 -0.0137174018 0.0876092762 -0.10819453 -0.0323037803 0.116520949 -0.107035913 -0.0190752186 -0.31859234 0.173879117 -0.0928293839 -0.0815230235 0.00818506815 0.353246003 -0.0526258945 0.016031649 0.0555522442 -0.561246932 0.0639206097 -0.0416024663 -1.05295718 0.0369766243 0.0672878623 -0.0298658479 0.0183817651 0.175016001 0.257076949 -0.0752257705 -0.0632299557 0.0137202656 -0.276960552 0.090103671 -0.56006366 -0.59953475 -0.20779866 -0.109375119 0.243071631 -0.181090787 0.0720080882 0.0446214154 0.251278222 -0.0940729305 -0.0111124888 -0.29562062 -0.621138513 0.193769082 -0.296097994 -0.295307219 0.236322522 -1.01755512 -0.748185873 0.121157385 0.0373235829 -0.0510755628 -0.0170960799 -0.476573169 0.0669572353 -0.125413865 -0.0181081332 -1.61080539 -0.638143539 -0.429504991 -0.591536582 0.128730655 -1.39385772 -0.47939834 -0.0293566044 -0.0922470391 -0.0240542069 -0.0324063338 0.0105206436 -0.106488101 -0.906889856 -0.22961916 -0.0685541332 0.0801534504 0.239154994 -0.475703746 -0.0295009017 -0.0641345903 -0.302728236 -0.150573373 0.104486257 0.0825377852 -0.176033154 -0.00110339315 0.200810507 -0.443145096 -0.118524753 0.0545789525 -0.33436808 -0.515054047 0.107700258 -0.126776442 0.109348655 -0.547604561 0.249414504 0.201790527 -0.0758767948 -0.575559914 0.130054697 0.0215999931 0.138029128 -0.00251711393 -0.210653871 0.16969192 0.154548779 -0.0291348435 -0.308146745 0.205286205 0.0888442323 -0.127254143
-0.571119428 -0.0664108992 0.114142336 0.132185742 -0.607366383 -0.646915197 0.00885193888 -0.761630714 -1.32505798 0.242269129 -0.439437628 -0.0534617901 -0.973147571 0.23360467 -0.0716431439 -0.60042268 -0.237578049 -0.87700814 -0.0505105741 -0.0437893383 -0.382957697 -0.527369976 -0.121868335 -0.0473814905 -0.493133187 0.156086653 -0.0496027581 -0.16227074 -0.0950548798 -1.24161959 0.00363077945 -0.00988537446 -0.0939296782 -0.2189015 0.0506247133 -0.0226995163 -0.414376467 -0.0866562873 0.184040725 0.0128616383 -0.0686680153 0.23252885 0.182446718 -0.113957755 0.0834869146 -0.0196214728 -0.167598963 0.11519707 -0.304265052 -0.391176611 0.0219964925 -0.975263178 0.263183147 -0.149352565 -0.0553583875 -0.227757469 0.327040464 -0.552205801 0.0492660776 -0.0396849774 -1.47741771 0.105741471 -0.718870163 -0.40810582 0.280473232 -2.42026782 -1.0783354 0.20326741 0.0155327003 -0.298739105 0.0706740245 -0.397254437 0.144867033 -2.01170826 -0.0736828446 -0.625513434 -0.096836403 -0.412297398 -0.791224599 0.111018538 -0.62054044 -0.370046407 -0.03955983 -0.0367280394 -0.0560266636 -0.145149514 0.139758244 0.0838994011 -0.811716199 -0.153545916 0.00905691925 0.155029044 0.109017067 -0.463121027 -0.364085466 0.0212122332 -0.436517149 -0.46669969 0.215908796 0.190946028 -0.135125414 0.0597056486 0.221070006 -0.207048446 -0.039171651 0.275515079 -0.0741146654 -0.597242057 0.121595338 -0.220618054 0.0536545366 -0.465066403 0.1566865 0.241017073 -0.586544991 -0.202236474 0.138980314 -0.131625056 0.297801822 -0.0134646278 -0.398581266 0.121344179 0.109337352 -0.0665487424 -0.444320887 0.215109795 -0.25757122 -0.0592692792
-0.342847914 0.0792277753 -0.218147352 0.209545463 -0.332810998 -0.359824866 -0.00586375734 -0.605557144 -1.64863634 0.169580653 -0.272093356 -0.0383043103 -0.352906734 0.123225249 0.0654758066 -0.281029493 -0.299961299 -0.102467909 0.00821713731 0.0192161631 -0.976013362 -2.28255606 0.04300607 0.000797405664 -1.01737869 0.156890199 0.0122080846 0.00728679914 -0.523396969 0.00420422433 -0.124863878 -0.0395785011 0.0717861652 -0.341917545 0.0890503302 -0.0731546879 -0.78718698 0.0151737602 0.087137714 -0.092235513 -0.0719351694 0.238341123 0.393289089 0.178653002 0.0838181674 -0.0930312425 -0.0428566113 0.020731166 -0.281114608 -0.651824415 0.0702998266 -2.09497023 0.177636042 -0.0947732255 0.0646588206 -0.999315917 0.212692633 -0.74319303 -0.0778905898 -0.51297605 -0.439945281 0.0129584344 -0.837685227 -0.385574907 0.165153548 -0.162852868 -0.0819569677 0.155394122 -0.712458014 -0.0597801805 -0.0725377947 -0.596736133 0.0306644607 -0.677081704 0.0154436231 -1.30697787 -0.26721999 -0.56066525 -0.334206372 0.00779823726 -0.921274006 -0.19734548 0.0220709797 0.0828859583 -0.0784827992 -0.0237195306 -0.0179577861 -0.00738563854 -0.859311342 0.07655745 -0.058185637 0.110005841 0.173089117 -0.166791797 -1.85919118 0.0457940139 -0.272382021 -0.391648293 0.0720611289 0.160737649 -0.041208908 0.0375762433 0.204881951 -0.149141818 0.10401988 0.207576543 -0.236845016 -0.468769848 -0.0893498957 -0.183867991 0.146585196 -0.361289114 0.45667693 0.204702914 -0.529595137 -0.279465973 0.210590392 0.010421698 0.257262319 0.0697691888 -0.0835664719 0.112876557 0.0281184614 0.0814995691 -0.654324055 0.320112526 -1.19340336 0.016095059
0.0111704459 0.0140631385 -0.804028451 0.139914796 -0.014315661 -0.0275223888 -0.310031712 -1.38270259 -1.06866467 -0.087486662 -0.0633124188 0.0137763098 -0.545346856 0.145963952 0.0663482547 -0.691607118 -0.127622873 -0.0397670418 -0.0638805702 0.161186382 -0.733855724 -0.823307335 0.0902280211 0.0382856056 -0.183436573 0.168344259 -0.0298024639 0.106229179 -0.403461635 -0.114369139 0.0250615738 0.0350064449 -0.0590849072 0.0447884053 0.0184419006 -0.0167665817 -0.70650351 -0.0525855273 0.0728276595 0.00406752666 -0.063845329 0.127045974 0.249058619 -0.118220001 0.262701929 -0.0447319672 0.133818552 0.163227305 -0.911387444 -0.804054797 -0.138183162 -0.0652468279 0.198335975 0.0205311272 0.0233305953 -0.400150627 0.19388172 -0.682442069 -0.0425262749 -0.664631307 -0.712600589 -1.12192833 -0.835914254 -0.556565166 0.187183499 -0.218525454 -0.48438558 -0.0126859099 -0.000155295318 -0.266473383 0.0579151288 -1.05195594 -0.0264202822 -0.638099253 0.031490799 -0.980066836 0.121392153 -0.0944111496 -0.133134589 0.112115882 -1.01045001 0.0578058958 -0.0970732346 0.0453688614 -0.0614365712 -0.443657607 0.0197633058 0.181469426 -1.15787554 0.175337225 -0.0764275789 -0.152795881 0.125632405 -0.604846895 -1.21166182 -0.0307995752 -0.115084931 -0.168902412 0.134720787 -0.0680899471 0.159227997 -0.0401540697 0.310202599 -0.488098681 -0.0728726909 0.126520604 0.1828949 -0.243500024 0.00215308089 -0.196116179 -0.169265181 -0.395119518 -0.161810696 0.152845517 -0.773800194 -0.46424076 0.156410903 -0.0621467829 0.251559198 -0.0524854101 0.0928594768 0.0346440263 -0.114267372 0.0489210896 -0.772578359 0.303005517 -1.70015144 0.0839781165
0.0537337475 -0.0238385089 -0.87754178 -0.220322251 -0.0106308032 0.100717895 -0.353802651 -1.17292595 -0.387867659 -0.205019444 0.0153699797 -0.0345896743 -1.06060338 0.0752592236 -0.0604526848 -0.152936637 -0.276383311 -0.100831755 -0.00758350175 0.191305995 -0.471639425 -0.437807232 0.0952229798 0.0145836016 -0.0757856742 0.155469239 -0.0112918289 0.12347503 -1.39912832 -0.0923781171 0.102906279 -0.0578827113 0.0501050726 -0.341490567 0.0389465429 -0.092232503 -0.40088889 0.0144162513 0.0484479927 0.070325546 0.0733121634 0.110854991 -0.125689253 -0.382270217 0.205654725 0.067918174 0.119068295 0.267826647 -1.33215129 -0.0476950295 -0.0581219532 -0.0462146401 0.126270026 0.113689281 -0.0778755397 -0.428958565 0.244514093 -0.338588655 -0.064435713 -1.14043188 -1.91559124 -1.11945498 -1.60865808 -0.534987032 0.139072418 -0.0951349288 -0.90439713 -0.0733250752 -0.390042037 -0.303364694 0.0114273252 -0.175924882 -0.152960658 -0.264740497 0.0261231158 -0.913069785 0.245354146 0.118481353 -0.470919311 0.114266627 -0.175009742 0.0552236475 -0.0428434722 0.0346083529 0.0800766423 -0.54150337 0.198649898 0.108839512 -1.61363196 0.179382518 -0.0288594328 -0.330270797 -0.0127240531 -0.578145742 -0.0682689399 -0.0486375764 0.0342437513 -0.045043733 0.231627762 -0.251437813 0.15593943 -0.0725168362 0.211175546 -0.815937996 -0.180453286 0.103492692 -0.00860633515 -0.098853685 0.063484937 -0.0183059182 -0.420456827 -0.0962642208 -1.52368248 0.119130947 -0.629441679 -0.23593685 0.097849831 -0.170520186 0.193780631 0.0688913465 0.0634798259 0.0313202776 -0.281168967 -0.0583650619 -0.165057644 0.148171186 -0.359988213 0.142209798
0.0484705679 -0.0139167467 -0.313258827 -0.471361607 0.0951989517 0.102171354 -0.356775045 -0.241938621 -0.871173084 -0.417241901 0.0586434081 0.00659217685 -1.1381731 -0.171788111 0.0146080395 0.189480513 -0.0642718524 -0.0102163441 -0.100962654 0.103781708 -0.830191374 -0.691693306 0.179234177 -0.0778776482 -0.132383376 0.0834397376 0.0349349715 0.0998085216 0.349593788 -0.0682461038 0.105082899 0.0477365479 -0.058175724 -0.187355429 -0.0333328024 0.0791060254 -1.14788151 0.0688001066 -0.0278235842 0.0645265877 -0.0808106661 0.0494654216 -1.17466521 -0.185780302 0.0458892174 0.00601248443 0.119701996 0.252255917 -0.108874984 0.145470142 0.346716017 -0.332279354 -0.129631594 0.178094476 0.0144642079 -0.351609945 0.159226134 -1.24234986 0.0598496422 -0.150209501 -0.790912032 0.0271499157 0.232847169 -0.220164433 -0.0652950779 0.000670340029 -1.07586753 -0.198025718 0.509589791 -0.165510848 -0.0168397278 -0.0239658318 -0.353567123 -0.647922695 -0.0121207032 -2.00866723 0.216908097 0.124252483 -0.266645014 0.0947093144 -1.9863677 0.163239464 -0.0357994176 -0.0819732696 0.0122340228 -0.440640599 0.224258319 0.185052782 -0.00068201276 0.186570853 0.0204237085 -0.420915633 -0.084029749 -0.18503426 0.180092365 -0.012817082 0.016033303 0.0604728311 0.154783189 -0.3825486 0.229370147 -0.0939576104 0.12006972 -0.0220901594 -0.170170769 0.0478208773 -0.00661378447 0.0391473696 -0.0962025151 -0.0335069746 -0.672053218 0.0632187873 -0.128829345 0.0312020313 -0.774145186 0.0149605563 0.135185182 -0.344174623 0.100193121 0.0521205552 0.17746824 -0.0510674752 -0.367270291 -0.0243196581 -2.08228803 0.116666757 -0.799100339 0.0663707927
0.109221257 0.0590795837 -0.171415076 -0.158281684 0.208662689 0.14717941 -0.523723364 -0.512594342 -1.03138018 -0.678053081 0.177191794 -0.00920001976 -0.14603579 -0.406089514 -0.0392431021 0.162725359 0.104869775 -0.0763403475 0.0309938006 0.0710418373 -0.994322598 -0.0566945598 0.147192612 -0.00457851542 -0.271016002 -0.150012955 0.0514838099 0.118067704 -1.23353958 -0.271784097 0.17864193 -0.03094019 0.0404496044 0.0184419975 0.0506783128 0.0534483753 -1.5462997 -0.0652340278 -0.222870797 0.0322734416 -0.0372439474 -0.0371891521 -1.14641821 -0.133357033 0.0985775739 -0.0181734972 0.165472522 0.134239331 0.182262599 0.152960911 -0.415520936 -0.322779179 -0.310533404 0.145449638 -0.0500423498 -0.648338795 0.159209728 -0.659882963 -0.0019537583 0.213988259 -0.650150895 -0.197766379 -0.884364426 -0.0865137577 -0.735302866 -0.116034523 -0.125836775 -0.535438597 -0.0334082842 -0.0998668373 -0.0450963601 0.134543329 -0.389618725 -0.190660685 0.0303506702 -1.43714345 0.144182146 0.109847717 0.0828235149 0.0605598688 -2.88527632 0.212429911 0.0539914444 0.0145585462 -0.0213785004 -0.296519339 0.236482099 0.202136025 0.257403672 0.190936252 0.0713769868 0.0953834429 -0.508094788 0.0555173531 0.187293246 0.0111965602 0.189022198 0.103509493 -0.00485589309 -0.511703134 0.111254849 0.0431791171 -0.00538096111 -0.210163876 -0.0651338175 -0.0905050859 0.11860235 0.0746238679 -0.07612627 0.00269041536 -0.295203328 0.198623762 -0.705487609 -0.264477402 -0.661152124 0.149128705 0.0468490198 -0.197885677 -0.0938284919 0.0503153317 0.0985408127 -0.282627791 -0.240305826 -0.026425615 -0.157733411 -0.000910749251 0.16812706 0.12729533
0.222483724 -0.086726509 -0.672890782 -0.43202275 0.10063298 0.200620189 -0.29621914 -0.273768514 -2.10152388 -0.40619868 0.13871105 0.0730465427 -0.00549711799 -0.563070416 -0.0209103245 0.232498541 0.106502309 -0.724594116 -0.0211823899 0.149502352 -0.642409921 -0.437197536 0.151890516 0.0222296845 -0.354844272 -0.249574959 0.103840895 0.132373437 -0.307369411 -1.33640683 0.145843118 0.0750816613 0.0765042007 0.056108404 0.00494396966 -0.0111176092 -0.263366699 0.0438834056 -0.42149967 -0.0137616964 0.0344796367 -0.109991372 -0.278943032 -0.0109364875 0.0546225421 -0.00924010295 0.195509329 0.0906306356 0.120622084 0.196132481 0.124129094 -0.714446545 -0.292829126 0.185428724 0.046659071 -0.80659306 0.110428557 -0.587352157 0.0568498001 0.234934196 -0.197140679 -0.452332616 -0.415945977 0.00903256889 -0.277979434 0.0871890634 0.0957523733 -0.64082247 -0.311111182 -0.0935459882 0.0401452743 0.149979502 -0.489039391 -1.26564908 0.0306551736 -0.259613395 0.108415492 0.155823275 0.141019344 -0.0463807061 -0.39291963 0.1646391 0.075236991 -0.0196591094 0.0547769517 -0.306490391 0.132078469 0.142938495 0.225398213 0.159824848 0.0142376991 -0.269034982 -0.299722135 -0.0295206495 0.175517678 0.036457438 0.13235417 0.0899455696 -0.0411591455 -0.429166496 0.119831748 0.0272730943 -0.0656256974 -0.00519652013 -0.1271469 -0.211533695 0.0790393725 0.0198091902 0.0915181041 -0.0215105545 -0.576413393 0.116346948 -0.35654676 -0.427989036 -0.275338084 0.108095214 -0.0835227668 -0.0132041164 -0.361225277 -0.0162801463 0.109748974 -0.419680208 -0.345660448 -0.0720802993 0.0814125016 -0.127751395 -1.31308508 0.0504438765
0.167094573 -0.0549198724 -0.455443323 -0.179473326 0.158902004 0.231789932 -0.10785383 0.0854578167 -0.240274236 -0.293252617 0.0842962861 0.0438674912 0.17048876 -0.22153838 -0.0209267717 0.193217382 0.11430297 -1.72150028 -0.0589832254 0.0571987778 -0.237484992 -2.00011754 -0.0195178334 -0.0761897713 -0.0756144077 -0.416006148 0.0964488462 0.0966827944 -0.0541998148 -1.28349721 0.144744471 0.0329216048 0.0172501449 -0.0471911691 0.0429021791 0.0704652369 -0.0530983247 -0.0703123137 -0.409603149 -0.0361834131 -0.0407854989 -0.461425394 -0.621412873 -0.0858484432 0.0413775221 0.0673758462 0.171904862 -0.182315528 0.202141449 0.163415819 -0.0164338015 -1.01559675 -0.417983592 0.112257294 0.0474661514 -0.24881272 -0.261389405 -0.214783579 0.0869816318 -0.111006178 -0.0624001175 -0.857625842 0.0391454622 0.0535358116 -0.866536498 1.23836362e-05 0.197149351 -0.497522175 -0.162077546 -0.0621854924 -0.0543123893 0.215587497 -0.219210416 -0.585406005 -0.0779801533 0.0791013092 0.127717018 0.11024145 0.0718370527 -0.118729092 0.0805284157 0.186908647 -0.0845244229 0.0625478253 -0.0728744566 -0.120901056 0.0643465444 0.125489324 0.265287369 0.0421141721 -0.0301437229 0.000646490196 -0.382242739 0.0909148827 0.178892881 0.00676818006 0.101444185 0.128775984 -0.28074792 -0.419613004 0.0480150469 0.0861704946 -0.110774174 0.134927496 -0.0812737495 -0.504297793 0.0775572509 0.0673097298 0.0653804168 0.0282650031 -0.448213696 -0.0116446456 -0.219307825 -0.580372155 0.0383240953 0.136140764 -0.242139041 0.176340103 -0.121942595 -0.065820545 0.0975523219 -0.392086834 -0.188605174 0.000290393713 0.11315345 -0.365916669 -0.134465307 0.0257916786
0.126150265 -0.0251454487 -0.196928874 -0.784131825 0.0690952316 0.181592405 -0.0778511018 0.149155438 0.0994528309 -0.513323128 0.0833078474 0.0359329879 0.186161608 -0.704578757 -0.0314321779 0.146046072 0.0586392544 -0.0209107269 -0.0638918504 0.0119838724 -0.118796103 -0.0904610232 -0.0772784427 -0.0297791343 -0.133149102 -0.284779072 0.116478182 0.00681977812 0.163973957 -0.082477279 0.124320686 0.025588382 -0.0265933964 -0.067440398 0.012644222 -0.0703380406 0.0741363317 0.0425126441 -0.148098737 -0.0573412217 -0.0409338996 -0.369353563 -0.945282459 -0.184796497 -0.0463076495 0.022423137 0.0654434189 -0.0539783947 0.135104433 0.166452706 -0.311571002 -0.0136594689 -0.208216116 0.0378058665 0.0192434695 0.0338214748 -0.935237348 -0.0111682815 0.0746340975 -0.0379123874 -0.0105134631 -0.0719813183 0.112955607 0.0450139754 -0.798184633 0.233377427 0.212485 -0.330730468 -0.256038755 0.107680477 -0.0862697735 0.208354354 -0.143883631 -0.253110617 0.0232620984 0.0548015051 -0.0443965681 0.0661274344 0.035336189 -0.172751337 0.215620488 0.121713445 0.0573211014 -0.0416232981 0.0724137574 -0.0231550597 0.0409538858 0.0536883175 0.236970469 -0.0609143861 -0.0451687463 -0.210872859 -0.00299067074 0.137066573 0.216068476 0.0540366024 0.0175284296 0.080925405 -0.356875777 -0.327876776 0.0560221821 0.00418587727 -0.154194251 0.141189322 -0.0565284751 -0.262646496 0.0613310486 0.152159005 -0.104732051 0.0380004868 -0.247664019 0.178615883 -1.61181593 -0.144591078 0.0589202195 0.149649188 -0.214591637 0.166557252 -0.860371649 0.0538163185 0.0578787327 -0.240265101 -0.00919178873 0.048997134 -0.0179996509 -0.239655867 -0.727233648 0.0356238671
0.00861840509 -0.0824848339 0.140095696 -0.248852164 0.0731827989 0.0101342015 0.124869265 0.163948223 0.239161506 -0.0065301354 0.0945805237 0.020140484 0.164283097 -0.142536253 0.0392541587 0.0693799555 0.00114086526 0.392362833 0.00352096697 -0.0705019981 0.137577429 0.220933095 -0.185994163 -0.0769405961 0.22127603 -0.150813654 0.0428209864 -0.0522499271 0.0182982255 0.375633597 -0.10471034 -0.057357423 -0.0288927052 0.00332186278 0.0823916718 -0.0259377956 0.233858123 0.0435059443 -0.342053324 0.0144331474 0.0493002571 -0.480614573 -2.05567265 0.0877626091 -0.40143919 -0.0296591055 -0.0420887247 -0.319015682 0.0314149037 0.0631523803 -0.025676867 0.361172467 -0.109554812 -0.0363394693 -0.0494356938 0.139589712 -0.131956041 0.112405516 -0.0848019794 0.182552814 0.158702344 0.193642199 0.14118889 0.172437146 -0.276078433 -0.0458303206 0.162142903 -0.0350726359 0.121846646 0.139161944 0.0736063421 0.0240048375 0.102136239 0.168825254 0.0264676139 0.21298857 -0.212630302 0.0439179502 0.121118389 -0.176805511 0.179165423 0.0513867773 -0.0468061529 0.0242076665 -0.0246585682 0.0593936294 -0.0959608778 -0.148513451 0.173625782 -0.19277063 0.0427870527 -0.0880277455 -0.406985432 0.0333275571 -0.104557097 0.00614468334 -0.0104977163 0.000212899147 -0.217106611 -0.00706001371 0.00843011215 -0.040216431 -0.494430214 0.0597662851 -0.235129774 -0.368140548 0.088451989 0.0699254796 -0.219545573 0.0381264612 -0.0440089256 0.1406845 -2.1350162 -0.464233726 0.114717066 0.0537557676 -0.285489291 0.0329412781 -0.713694751 -0.0696812868 0.0531396195 -0.0319920443 0.0657135099 0.0233213194 0.0666219071 -0.256441146 -0.0676694438 -0.162711143
0.0558957569 -0.00216588518 0.0747012347 -0.0573484525 0.0602213778 0.115217924 0.0600818917 0.0483853444 0.13282761 0.0350265838 0.0866298899 0.0349290967 0.221065193 -0.237130448 -0.044996053 -0.354044914 0.150430292 -0.408826381 0.00318931811 -0.123572648 0.173258051 -0.0152140027 -0.14696981 -0.015881177 0.196892962 -0.128302231 -0.0769696385 -0.210157648 -0.0476963483 -0.00696494151 -0.168511942 0.00332611962 0.0378972068 0.162347302 -0.083591111 -0.0657411814 0.234500736 -0.0135484589 -0.0782832578 0.0175236482 0.0330605507 -0.541196525 -0.787302434 0.0594306029 -0.170398861 -0.0203015227 -0.312793404 -0.565144241 0.237857491 0.0423946641 0.14627932 -0.103971899 -0.195744455 -0.0248044487 0.0221617054 0.0321670361 -1.10887301 0.192773759 0.0117662326 0.384958059 0.179434165 0.0497119911 -0.0457969755 0.0806468427 -0.595087409 -0.37356177 0.163795903 0.0882435665 0.0579112023 0.0211538691 -0.0321617685 0.157883435 -0.0741686299 0.171008438 0.104196779 0.171818197 -0.280596435 0.175652444 0.200577512 -0.183921367 0.0837327689 -0.0216213521 0.0386473536 -0.0719271675 -0.0232327003 0.0421317443 -0.0579586811 -0.105796397 0.298992276 -0.0423762947 -0.0823902935 -0.245849922 -0.423166931 0.194848612 -1.91201651 0.0795424581 0.0542248301 0.142435089 -0.241800904 0.113447301 -0.0773962513 -0.0640937611 -0.522310436 0.0515905283 0.102791905 -0.270050883 0.0319356695 0.128599778 -0.200394914 0.123803802 0.00114885287 0.124407701 -0.464795738 -0.171940163 0.0787656605 0.123861626 -0.340507478 -0.0105847782 -0.388896734 0.0268242434 -0.0675054789 -0.0333076268 -0.00282606808 -0.0799819827 0.262328893 -0.310940236 -0.0930746421 -0.128571346
-0.130970672 -0.0709664151 0.107781805 -0.00661452394 -0.0442661978 -0.0464474075 0.0985042378 0.063543126 0.172402456 0.0629498363 -0.111631639 0.061144717 0.0975464806 -0.127779767 -0.0191122368 0.0397516824 0.141296923 0.14503777 0.0414558575 -0.352186233 0.186105743 0.171953037 -0.298829824 -0.0201288816 0.134599775 -0.0465325192 -0.137176216 -0.188928008 0.14113237 0.191638604 -0.417226076 0.0732335225 -0.00152838381 0.141125306 -0.0172214638 -0.048594363 0.211506248 -0.0653417259 0.0511121638 -0.00424842443 0.0244672429 -0.33030802 -0.177697808 0.0134184882 -0.38777712 -0.018540252 -0.111812778 -0.313743025 0.0905858725 -0.185591444 0.270375937 0.0970327631 -0.0803352073 -0.273214102 -0.0355908759 0.139321968 -0.79608804 0.168283582 -0.0790621638 0.199553743 0.144976556 0.0962442607 0.0382544436 -0.0605633147 -0.367121428 -0.742936611 0.201836556 0.0637529865 0.364612341 0.07779181 0.0930830538 -0.00739577832 0.0820385516 0.109811157 -0.0597146563 0.239011303 -0.583592892 0.0562682934 0.187058479 -0.0899283513 0.209874421 -0.030664295 -0.0363390297 -0.0386124551 0.0410622582 0.13983871 -0.303262532 -0.40121755 -0.168153793 -0.0103863245 0.0383241996 0.067394726 -0.174059168 0.040051233 0.731972575 0.0240011979 -0.029675696 0.032673303 -0.116639599 0.0578307919 -0.386417687 -0.0443705469 -0.479618222 0.0582062043 0.168983206 -0.0765112936 0.0058509009 -0.0689512789 -0.0475456119 0.113637909 0.0779535845 0.116077259 -0.00875169039 -0.0401988961 0.0634414032 -0.0203336757 -0.347466737 0.0568598732 -0.0346199833 -0.0408855751 -0.193224952 0.00810263399 -0.0322993398 0.007378879 0.164547369 -0.131754458 0.148104623 -0.328609735
-0.320864767 -0.0958448872 0.100689754 0.124964923 -0.0300703682 -0.217021435 0.10558521 0.198117286 0.0733881593 0.00941400137 -0.113440521 -0.0792047083 0.04774509 0.0273896195 -0.0646423697 -0.724808455 0.112791881 0.114032865 0.0892797112 -0.258370727 0.155946955 0.192061439 -0.266234696 0.044794742 0.106967531 -0.0575997233 -0.144012153 -0.198559731 0.144126728 0.195079356 -0.288400948 -0.00658676913 0.0485838242 0.152335912 -0.0409142002 0.00445379084 0.116549037 0.0104161613 0.0836424604 -0.0193829518 -0.0216620155 -0.165993467 0.137946114 0.093885377 -0.300573081 -0.00590771064 -0.234945819 -0.48952046 -0.0290693417 -0.286177337 -0.0613447689 0.215989843 0.0730365142 -0.116842598 -0.029404996 0.151473358 -0.401439309 0.173440367 0.0243510753 0.00557143381 0.136275157 0.179821089 0.253385842 0.0431576669 -0.0589699782 0.450426459 0.0798432902 0.0282304641 0.0705485791 0.0829378366 -0.0739264488 -0.193300471 0.0790079013 0.214769304 0.0616639592 0.0773646459 -0.266106099 -0.193541676 0.157213449 -0.0469146632 0.12218485 -0.293723106 0.0536276884 0.0495521054 -0.0821354017 0.138649419 -0.474569798 -0.288689286 -2.47479081 -0.110944502 -0.00434014946 0.00905565359 0.045661103 0.00592800882 -0.135604143 -0.0149387745 -0.179120854 0.0152788423 -0.0532281883 0.025263913 -0.33265385 0.0228676237 -0.331947297 0.0441943482 0.201188296 0.0167997982 -0.097494714 -0.0093955081 -0.134390056 0.0133677507 0.0943679363 0.0264590085 0.0873070881 -0.0282633081 0.171445921 0.0765506327 -0.213813335 -0.0464913137 -0.461606592 -0.031752795 -0.214407772 0.0448906273 0.0378344245 0.0647852421 0.138776079 -0.0815201178 0.150759146 -0.255942732
0.286272109 0.100352973 0.331066042 0.0656459183 -0.0482648537 -0.0201736856 -0.0224240776 0.00874014851 0.0320031159 -0.0521968715 0.0363790654 0.0492579862 -0.0157802217 0.066533111 -0.155106038 -0.0370618105 -0.0705375671 -0.0357375033 -0.122123428 -0.0944623202
test 112
0.00208000001 -0.0209999997 0.00800000038 0 1 0.25 1 -3.9999999e-05 -0.454959989 0.00400000019 0.00400000019 1 0 0 0 0 0 0 0 0 0 0 0 0 0 0 0 0 0.00208000001 -0.0209999997 0.00800000038 0 1 0.25 1 -3.9999999e-05 -0.454959989 0.00400000019 0.00400000019 1 0 0 0 0 0 0 0 0 0 0 0 0 0 0 0 0 0.00208000001 -0.0209999997 0.00800000038 0 1 0.25 1 -3.9999999e-05 -0.454959989 0.00400000019 0.00400000019 1 0 0 0 0 0 0 0 0 0 0 0 0 0 0 0 0 0.00208000001 -0.0209999997 0.00800000038 0 1 0.25 1 -3.9999999e-05 -0.454959989 0.00400000019 0.00400000019 1 0 0 0 0 0 0 0 0 0 0 0 0 0 0 0 0
-20.7319221 17.0109138 -86.3601151 95.7248917 -343.839935 -571.981689 -742.197815 -931.360718 -924.654297 -900.881775 -798.203918 -727.341309 -483.868103 -259.480865 -50.4654961 112.905037 169.075027 118.155029 97.608345 -134.612427
