history 4 5
buttons 5 Left Right Jump Down MouseLeft
actions 15
aims 16
layers 3
128 187
-0.161539093 0.039665129 -0.0692074597 0.0203277878 -0.0272508319 0.195829377 0.0214607865 0.823966324 -1.17006397 0.325924039 -0.0783571228 -0.0648031682 -0.054732576 -0.00917507056 -0.219977364 -0.225613043 -0.0222720802 0.0325828679 -0.176336095 -0.107490592 -0.214632899 0.0721835867 0.126363665 0.0547219664 -0.011786893 0.00773788989 0.0662149787 -0.0678379759 -0.201199323 -0.0481278636 0.0282452069 0.260490596 -0.0593511313 0.0270834211 -0.0281799734 0.630196631 -1.10338223 0.227409795 0.0602750294 -0.0175125431 0.102468692 0.00664863735 -0.229977235 -0.308392674 -0.0166208651 0.111601315 0.0293233022 -0.0125949029 -0.173423529 0.0175813753 -0.0134334229 0.0726982057 0.0290228948 0.00987897068 0.049030818 -0.0430574901 -0.143361688 -0.126789227 0.017669335 0.173100054 0.0217508189 0.131191343 -0.0204074197 0.721382678 -0.869318604 0.162174508 0.058510974 -0.0332919434 0.142798498 0.173612192 -0.293228865 -0.277811646 0.0253514629 0.27852872 0.154010609 0.00628368556 -0.210648626 -0.0315867774 0.0881208926 -0.0457487926 -0.0681512356 0.0649729967 0.0556030124 -0.0729464665 -0.140488967 -0.0886067525 0.0434980653 -0.193957224 0.00683608046 0.00219593896 0.0497176833 0.710768342 -0.820179462 0.245264307 0.324946553 -0.099860467 0.127575025 0.200239718 -0.266184479 -0.295181572 0.0444265157 0.407316715 0.0523444675 -0.064927198 -0.281629682 0.0335282758 0.0976148099 -0.0564071871 -0.00402928144 0.0109796897 -0.0299478211 0.0433920622 -0.379072249 0.455796927 -0.0657759532 -0.0616669543 0.00470956368 0.0804567039 0.0324806422 0.0864598975 0.0286972001 0.0257229283 -0.0268021747 0.0734943822 0.00570212957 -0.0433430038 0.00222252449 0.0203844644 -0.0294034984 -0.0851781741 -0.01555527 0.0355994552 0.000850626267 0.00918775797 0.161307946 -0.00751750171 0.0215578582 0.0211641677 0.0129490485 0.147708416 0.0692694932 0.0656052604 0.122992158 -0.0687302798 -0.0670303851 -0.0346679576 0.0686404034 0.128347769 -0.136046916 -0.0503339693 -0.0684362799 -0.0432169847 0.0931442082 -0.0498508699 -0.0556785464 -0.0705262423 0.0637398437 0.0800735131 -0.0596327893 -0.0333453864 -0.0140854232 0.00342058437 -0.0643281639 -0.101184241 0.0064696148 0.000945694745 -0.0157913603 -0.0144169321 -0.144350469 -0.0744627118 0.0643095225 -0.0127909994 -0.00647467654 0.127524957 -0.0922434926 0.0462674126 0.00796622131 0.0033267485 0.0264973994 -0.0842472315 0.00784691423 0.000546313124 0.215141639 -0.0612466633 0.0799025446 0.0258255377 -0.00234467536
-0.125788927 -0.0728807598 -0.119457684 -0.241310388 0.0833251551 0.368588924 0.0625043288 0.480343461 2.19185638 -0.0234640762 0.0877120644 -0.0245018378 0.1328412 -0.135966316 -0.000471688225 -0.190798104 -0.0561753586 -0.306354612 -0.0738356709 0.0163928438 0.485910177 0.0416944586 -0.482473195 -0.00054436177 -0.014455907 0.00917501003 -0.0166982152 -0.00051382184 -0.100375451 -0.0189794917 -0.123827934 0.0358606465 0.000254170736 0.544065356 0.131582871 0.554611802 1.92400301 -0.00877148937 0.209921151 -0.0293486807 0.106984966 0.00109400367 -0.13530305 -0.339599043 -0.0173146129 0.055864621 0.095627822 0.138686374 0.215471864 0.0392955244 0.0250711497 -0.0309931636 0.0215083808 0.0241460353 0.0548621118 -0.0235408172 -0.107955009 0.105600841 -0.0344368629 0.163526416 -0.017322056 0.439659059 0.0468097925 0.473333299 1.70091558 0.128600046 0.109927572 -0.0238655247 0.0924196914 -0.126051828 -0.0643683448 -0.43610087 -0.20519571 -0.0875099972 0.0885403007 0.107670724 0.186572045 0.0142700449 -0.051283408 -0.0204352736 0.0216039792 0.060113132 0.0198827237 -0.0345998146 -0.143329769 0.0084634982 0.145341501 0.426072538 -0.0144613599 0.583298504 0.0117530013 0.494566292 1.56808245 0.135035127 0.0107997097 -0.0346790142 0.179076597 -0.0579274707 0.0358469933 -0.55132699 -0.171863258 -0.0726015344 0.0275634527 -0.00980600249 0.131355554 0.00738666253 0.0247010011 -0.0164464749 -0.0450778082 0.0505707636 -0.054437682 0.0299577042 -0.0789017752 -0.212973088 -0.213570267 -0.0379864536 0.0760918036 -0.000947922352 -0.158635959 -0.14098236 0.0311470255 0.0885190442 -0.00831899885 -0.162344649 -0.0971313193 0.0253976509 0.0330939889 0.0849680379 -0.0938272178 -0.120076478 0.000721171498 0.090014793 0.0290268157 -0.0827135965 -0.0404479057 -0.057488814 0.0658462867 0.0931843147 -0.025587678 0.00188360061 0.00979927182 0.0945161358 -0.0111882966 -0.11088673 -0.0479280017 0.0729524493 0.10719011 -0.0168855432 -0.0296284184 0.0437228195 0.0730990767 0.125229046 0.07357613 -0.0594268739 -0.0196389686 0.0600410402 0.10268674 -0.0244341418 0.0151658999 0.0544059724 0.039864257 0.016093256 0.0535157584 -0.0614734367 0.0518733039 -0.0131585598 0.0906201228 0.0743106231 -0.0207999423 0.000550493365 0.035654746 0.011375214 0.0686542988 -0.101153351 -0.0682781711 -0.0587252527 0.120329417 0.0478126183 0.0424531065 0.0426404029 -0.0653059483 0.0128157986 -0.00369930989 -0.127739102 -0.031255044 -0.0552847609 0.02717443
-0.559040248 0.0984494165 -0.0765440166 -0.514269292 0.0677681714 0.225612074 0.0507878698 -0.662427127 -0.466216892 0.186237216 0.444265813 0.168480203 -0.298099756 -0.0211518127 -0.368665785 -0.658964694 -0.0205201544 0.272559464 0.184544817 -0.239698738 -0.409627289 0.802277327 0.482445955 -0.00832280517 -0.0423177108 0.0565204471 0.0467640609 0.0054358393 -0.517276645 0.225502715 -0.419970632 -0.552614093 0.0933232382 0.118937038 -0.0408900194 -0.606946826 -0.572050393 -0.0535085648 0.719279766 0.0824072808 -0.314123869 -0.156271443 -0.353108704 -0.491030991 -0.0396690592 0.0988422781 0.0607520789 0.0201954469 -0.145149305 0.243591428 -0.011121342 -0.0668338016 -0.0130855665 -0.0543441065 -0.0312023386 0.0263472646 -0.527388573 0.188914612 -0.0386712067 -0.230335236 -0.030992778 0.0141071705 0.00173287757 -0.703670681 -0.51361686 -0.117370732 0.507540822 0.0110227372 -0.228437349 0.045391582 -0.399748504 -0.576663911 -0.0284597706 0.188791722 0.03170586 -0.333716631 -0.218085006 0.674784064 0.237924531 0.0369447693 -0.048269026 0.0610308051 0.00393018126 0.0346781388 -0.527755797 0.137373522 -0.347142607 -0.00942390971 0.0268949438 -0.0912344158 0.00907494687 -0.605240047 -0.554549634 -0.103358746 0.575725555 0.0631768703 -0.182566658 0.0892050266 -0.329998106 -0.502266049 0.0824047774 0.00162945548 -0.0419420302 -0.352472097 -0.31927675 0.751412034 0.327792197 -0.0362207182 -0.0602341034 0.0381607711 -0.0074513033 0.0562788099 -0.609400868 0.179796576 -0.596603632 -0.0226093344 -0.0301356874 -0.01150377 0.00623416994 -0.00632982608 0.0613740683 -0.0226758998 0.120698333 -0.155121177 -0.0459016263 0.0668768436 -0.0823304504 0.394302666 -0.18040061 -0.185148388 0.061904341 -0.0536829866 0.267703176 -0.076696761 -0.242051929 0.024472259 -0.0351880491 0.12192899 -0.0925120637 -0.0476152077 0.0184097141 0.0117547242 -0.0563512929 -0.0274017621 0.0151517885 -0.00727592409 0.00833506417 -0.0203610826 -0.0123668825 -0.109823272 -0.0430009216 -0.0510706007 0.0888088718 -0.0663903654 -1.1558733 -0.0354298204 0.0590274297 0.30159387 -0.126333445 -0.31766063 -0.0554299355 -0.0142028723 -0.0243869759 -0.117232993 -0.256151497 0.0138159916 -0.0519731157 -0.0433680043 -0.141025111 -0.18986091 0.0100466236 0.0462029427 -0.0817246735 -0.0370804258 -0.0143285971 0.0717602223 -0.0839689821 -0.152186736 0.0145976618 0.0668888539 0.0140201971 -0.021170212 -0.106694296 -0.0399856754 0.267771125 0.00349526107 -0.0864753202
-0.0326830447 -0.00812265184 0.0890115425 0.055007495 0.0706139132 0.0346643776 -0.00493104802 0.647680044 -1.53483248 0.00933373347 -0.0173878781 -0.13715528 0.0950024724 -0.114479713 -0.116153233 -0.0220616423 0.0120745189 -0.101190947 -0.110039733 -0.158348173 0.315081745 0.038252674 -0.413305581 -0.00553717464 -0.0369283222 0.0147813484 0.027770713 0.0581594855 0.0698572621 -0.0470686927 0.0255861338 0.266796231 0.0482162684 0.152018398 0.0400763676 0.505577028 -1.33078802 0.0629991964 -0.105802417 -0.176216289 0.074867107 -0.0681199506 0.150666207 -0.0348996632 0.00742056314 0.0717120618 -0.0429827012 -0.0731372535 -0.0327242129 -0.0541859567 -0.0656057745 0.0609638542 -0.0322580114 0.025939323 0.0636048764 0.0368792713 0.0210891515 -0.0261358079 0.0143597163 0.264289409 0.056847848 0.227494404 -0.0631488934 0.562748969 -1.27729392 -0.0242207758 -0.00086042349 -0.176819667 0.0854479149 0.119423486 0.121381246 0.0715218559 0.0463449806 0.101664037 0.0830900446 0.0355860852 -0.207905337 -0.126469374 0.0486792028 -0.0432996154 0.0104913041 0.0233415887 0.00517769158 -0.0474120304 0.0844698325 -0.142925143 -0.0178027749 0.254332811 -0.0245113987 0.0926995054 -0.0216785409 0.63726908 -1.23341215 -0.19455488 0.0253419541 -0.102612749 0.14849329 0.0519860536 0.125314787 0.0713881999 0.0168279242 0.158794209 0.0594247319 0.189706236 -0.0644994304 -0.109726235 -0.0926376134 -0.0225200318 0.058864668 -0.0707381964 -0.0105393678 -0.0128445365 0.402056783 -0.122782677 0.495629609 -0.0108949319 0.00529994117 0.116660416 -0.0467965081 0.201010823 -0.048689004 0.00234175776 0.0546906218 0.0337671004 0.120972112 -0.0115909427 -0.0497455187 0.0464705303 0.0642933473 0.16819492 -0.0451098308 0.0578045398 0.120910004 0.0133778714 -0.0317359678 0.0513345823 -0.0430115834 0.0643570796 0.0399852917 0.103645764 0.0254625827 -0.0543387607 0.0750187039 -0.0131950956 0.110928111 0.00940627605 0.0729238912 0.000927456422 0.083368279 0.00995166786 -0.0347301587 -0.0537257455 -0.0190845225 0.0905721039 -0.0462962575 0.00365261734 0.0292942896 0.10837552 0.0503327437 0.0442531556 -0.0541787371 -0.00294921151 0.0277176965 -0.0231618099 0.0234429743 0.0686407387 -0.0498639718 0.111307621 0.00226697931 -0.0318695642 0.0580462813 -0.00833333284 0.0801860318 -0.0477450788 0.0269145668 -0.00945314765 -0.0455741435 0.124874838 -0.0511864983 -0.125086263 0.00445485115 0.0654496849 0.0811432973 0.0563869961 0.0637443662 0.0485024452 -0.0313171744
0.270985514 0.22634837 0.0526486896 0.0873272642 0.144367576 0.329923064 0.0228254776 1.22203791 -0.306600302 0.638443172 -0.0887141228 0.0463581719 -0.532865465 -0.0357589386 0.288053662 0.133233145 -0.0810652301 -0.328811228 -0.0020486943 0.13153179 -0.673301041 -0.0225754585 0.408943057 -0.0640656799 0.0400882214 0.0380662084 0.0453539193 -0.0466220602 0.352347255 0.202025339 0.0624855682 -0.0556071363 0.0606195144 0.323465556 0.0236454103 1.10960066 -0.309826046 0.562801719 -0.0976147503 0.0326302834 -0.363463134 -0.132275283 0.136202246 0.0553867929 0.107682653 -0.0992004499 -0.0460041538 -0.0800830871 -0.0776234344 0.12498904 -0.150752127 -0.0129336901 0.0325315669 -0.0312572755 0.0582973063 -0.0513119325 0.277210027 0.275191575 0.0258470979 1.16728413 0.10719151 0.337756276 -0.0182831641 1.00247645 -0.190119863 0.481582075 -0.340076059 0.129077598 -0.368712813 -0.105338983 0.0291223302 0.136599645 0.148206249 -0.15898858 0.0198569261 -0.159331486 0.0284072794 0.160378799 -0.119209617 -0.0276251584 0.0171400681 0.00275546312 0.0463546142 -0.014801342 0.281038046 0.138807133 -0.00646923762 0.151457787 0.100127585 0.213261724 -0.00872186571 0.977655411 -0.150373504 0.706603169 -0.126801506 0.122563958 -0.331750482 -0.129942283 0.153269917 0.224496871 -0.0259335712 -0.158947274 -0.0214142613 -0.200617626 0.13694486 0.113051757 -0.0679568276 -0.0636436716 0.00117240846 -0.0336305648 0.0482664332 -0.0680843219 -0.109698549 0.195149735 -0.147928596 -0.00487222522 0.0879858509 -0.0126661668 0.0571596846 -0.161688119 -0.0100945756 0.0287618972 0.0388168469 0.0543598123 -0.217910245 0.00374441594 0.00848502014 0.0120901596 0.128401011 -0.115039669 -0.0433851108 0.00400140043 -0.0133955982 0.0138271833 -0.198828399 0.0686343759 0.0496116579 0.027681822 0.133555636 -0.110637493 0.00767976791 0.0741158426 -0.0645161569 0.171051785 -0.141255572 0.0514481962 -0.0264608972 -0.0084106354 0.0504140072 -0.0535591878 0.0243916735 0.0256123543 0.000853296777 0.209456056 0.0578016043 0.0490970612 0.0540600754 -0.286634058 0.239033952 -0.0545581132 -0.00820959359 -0.037746828 -0.0427784882 0.146689937 -0.197823241 0.0176646635 0.0651169121 -0.0263507962 0.0356296338 -0.514515817 0.0322308019 0.0100933099 -0.00518658618 0.031723585 -0.281986624 0.0448435545 0.0464899205 -0.0916644633 0.126328334 -0.357979208 0.0553798229 0.0221831221 0.152556151 -0.0206761118 -0.211747438 0.0494414791 0.0637420341
0.0351599753 0.0582273714 -0.0712135211 0.0625660568 -0.0786857679 0.00671448372 -0.0575449802 -0.0372857451 0.0225554109 -0.0383872725 -0.0211520381 -0.0789550319 -0.0689497143 0.018682681 -0.0214258395 -0.0538937263 -0.0384907313 -0.0501760915 -0.0584579296 0.0437573195 0.0371663421 0.00974080712 -0.0399464592 0.0243295059 0.00328525901 -0.0522620492 0.0157362372 0.0665855706 -0.0815719068 -0.0631131157 -0.00025650012 0.0647020116 -0.0541400798 0.00647576014 0.0417632796 0.0308077354 0.0254390892 0.0633251145 0.0380395092 -0.0507720113 0.00632086396 0.0277145691 0.0740371719 -0.0819305852 0.0299622826 -0.0116200391 -0.0716077462 0.016232349 -0.0398114696 0.01036302 -0.0474776365 -0.0550303683 -0.00620491803 -0.0245653205 0.0427695438 0.00630488992 0.0474366993 0.023306869 -0.0331421383 0.0495315343 -0.00564687932 0.00410311436 -0.0331634618 0.00939017721 -0.00444454839 -0.0158525016 -0.0666395053 -0.0100930259 -0.0606988445 -0.0253760368 0.0519393906 -0.0601355843 -0.0589277707 -0.0082417503 -0.0200466663 0.0123795271 0.0121402666 0.0370825678 -0.0503759347 -0.00516067445 0.0408994257 0.0632529855 -0.00533430278 -0.0423128977 0.0113780936 0.0512468927 -0.0553125069 -0.0424352586 0.0226791818 -0.0147459973 -0.0787126794 -0.032852672 0.0392727219 -0.0344376415 0.0408709981 0.0481666774 0.0106378123 -0.0154266162 -0.013644414 -0.0131064728 0.00367473508 -0.046241492 -0.0174770951 -0.0608273074 0.0448822007 -0.0465700775 0.0668049455 -0.0188507959 -0.0418927893 0.0351342112 0.0109017417 0.0506373942 0.0208842978 -0.0704463571 0.0366081856 -0.0137708709 -0.041964218 0.0367956422 0.0533339083 -0.0739178732 -0.00661241263 0.0504084788 0.028321214 0.0519633554 -0.0347047001 -0.0403400883 0.0532387309 0.0304811075 0.0605567694 -0.0401890948 -0.0469525754 -0.0182155669 -0.0688551441 0.0190199465 0.0442937128 0.0175546929 -0.0168695878 0.0362569466 -0.0560617074 0.061892122 -0.0727136061 -0.0796959922 -0.0172800869 0.0500894897 0.00732192397 0.0280842036 -0.0632468686 0.0266684666 -0.0178156048 0.0293111205 0.0516455695 0.0221428499 -0.00622050464 -0.0141486777 -0.0458639562 -0.0264502764 0.0378767736 -0.0293237716 0.0357708298 -0.0289972872 -0.0170312487 -0.0080877943 -0.0671063438 -0.0103742741 -0.00737091154 -0.00656948239 -0.0242625549 0.0576518476 0.0443228744 -0.0495625176 0.0339695588 -0.0670038313 -0.062254779 0.0127095785 0.00107471645 -0.0341143236 -0.0801755935 -0.0283101946 0.0147803621 -0.0676866844 -0.0710405856 -0.000366277294 -0.0526811667 -0.0737094283 -0.0281749181 -0.011773549 -0.0760952011
-0.131833792 -0.0831498057 -0.103757575 -0.0634144694 -0.00127062632 -0.128143311 0.0820589587 0.679407239 1.57887411 0.0239966735 0.1732665 0.15598239 -0.115175106 0.0320858285 -0.0544104949 -0.222896755 0.12363454 0.14653489 0.0814383104 0.088169612 -0.156003222 -0.190270081 0.0305973757 -0.0700694397 0.0173279196 -0.0566141233 0.0363487601 -0.0625267476 -0.0375316702 -0.128558308 -0.0323941931 -0.110445134 0.126001358 -0.0664250702 0.0206981041 0.809279501 1.45447636 0.145382866 -0.0378374197 0.0711815208 -0.169727936 0.0692605823 -0.0828361437 -0.179543152 0.0504626408 0.0402247161 0.000109916044 -0.0434200615 0.0525655821 -0.00241837418 0.103437275 -0.0520917028 -0.0225611515 0.00127214938 0.0199061036 0.0021944046 -0.0968887135 -0.0775698423 -0.241641313 -0.109787613 0.151393354 -0.115352251 0.00667235116 0.669068456 1.30365741 0.122210562 0.0277374331 0.0286358073 -0.155828238 -0.0164290015 -0.219387949 -0.0299850088 0.108296797 -0.0335440412 0.0948570669 -0.113011964 0.144904435 -0.0380286537 0.0287979264 0.0657725334 0.0679977685 -0.0665505454 -0.0483722314 -0.0302356854 -0.120143823 0.047202576 -0.106565543 -0.0359925665 0.0355744995 0.0900723413 0.0831528082 0.640297055 1.1628058 0.0237591546 -0.0824954957 0.131902531 -0.199303225 -0.0494042188 -0.170489132 -0.176141754 0.0655500591 0.041128397 0.0398898572 -0.0489866808 0.0337864682 0.000781375857 0.127067804 -0.044305943 0.0597130358 0.0718244612 -0.0288288556 -0.020482529 0.206988946 -0.245047137 0.0958684385 0.017060928 0.0994119868 -0.0951372683 -0.0920261443 -0.0446310639 0.0263412222 -0.0146004222 -0.0654501691 -0.0770783871 -0.100719035 -0.0329949856 0.113725893 -0.0411965996 0.0431030318 0.0581059232 0.0333264396 -0.0129308887 0.0465785116 0.01677192 -0.0592786968 -0.07213521 0.0969336852 0.0804584771 -0.0642521977 -0.0432772338 0.0624267608 -0.00168131897 0.0224708561 0.0842511058 -0.049880933 0.0727086514 0.110689677 0.0646996722 0.00873014983 -0.0464572757 -0.0681482032 0.0104087647 -0.0118721584 -0.00582435494 -0.020385839 0.0344915763 0.0963116065 0.040888276 -0.0570606254 -0.084819451 0.0106783733 0.0674690232 0.0360219404 0.0112562943 -0.0640911534 0.0611885786 0.0281057805 -0.0375384167 0.0901285335 0.0525802039 -0.0229302831 0.0325227678 -0.0404610075 -0.0404660888 0.0262848232 -0.0312394127 0.10492564 -0.077786997 0.0362807997 -0.00462819822 0.0375835374 0.105382256 0.0106957769 0.0405472666 -0.0228436626 -0.0522236489 -0.0197148845
-0.0381250754 0.0763075948 0.0347108617 -0.229385182 0.00270685274 0.199737832 0.0984449536 -0.379720807 -2.19247651 0.164220035 -0.0745133385 -0.0909213647 0.107256338 -0.0189595185 -0.0820274949 -0.212562904 -0.0216816235 -0.045620501 -0.0895471275 -0.0550979078 -0.0591556057 0.0852824152 -0.0983674526 0.0547243059 0.0298609585 -0.0368796363 -0.024959296 0.0328076184 -0.066952832 -0.00659762975 -0.012923982 -0.214312822 0.0426767208 0.103193074 0.115951657 -0.358071864 -1.9437288 0.172761127 -0.177662075 -0.0824194551 0.151232883 -0.0546522066 0.175499633 -0.0553952642 0.0804012418 0.0632096305 0.0637909845 -0.00273046386 -0.290855587 0.017353842 -0.113625504 0.0403132662 0.0694942325 -0.0457768515 0.0388105735 0.0244657844 -0.00644904235 -0.0225269012 0.208307758 0.0173993148 0.0749401823 0.224149138 0.0988357216 -0.39644298 -1.6973089 0.131041721 -0.0603475384 -0.0822466388 0.101923443 0.0187734161 0.18949464 0.0288609602 -0.07966052 0.0345987156 0.00499032252 0.158104777 -0.147363037 -0.0151547641 0.0178683549 -0.0451828465 0.0523254275 -0.00503581017 0.0688719302 0.0417016819 0.0146837337 -0.0131255882 0.143570319 -0.0397226326 0.000195742308 0.185055181 0.0455085561 -0.307113856 -1.59621215 0.01635506 0.0216781516 -0.0704720542 0.0766580924 0.128592119 0.166234106 0.0491243638 -0.114470653 0.0963720009 0.00347302435 0.161558703 -0.202633888 0.0634351447 -0.0453885496 0.0431226268 -0.0730642304 -0.0428960174 0.0130695328 0.000407829881 -0.0419285446 -0.0554850027 -0.0369310677 -0.0724516958 0.0590576231 0.0585801005 -0.00400833227 -0.042594742 -0.0671501979 -0.00671926513 0.0332080014 0.0177660752 -0.0705930889 -0.0397918224 0.0132565694 0.00908360537 -0.0732354522 -0.0681791604 0.0719857663 0.0172617156 0.0528555773 -0.0727519989 -0.0810021758 -0.012891829 0.0743793622 0.0183116905 -0.0467420295 -0.0267681237 -0.0727985203 0.105017133 0.111355573 -0.0036239333 -0.058336243 0.0382136032 -0.0167066418 0.0331025608 -0.0428703986 -0.0574109443 0.0307134464 0.0183314532 0.0564290695 -0.061788775 -0.133151501 -0.0120762773 -0.010412043 0.0890809521 0.0181047674 0.0187364183 -0.0245563313 0.0552245043 0.0429546721 0.0564867184 0.015770128 -0.0378462337 -0.0107658459 -0.0675024912 -0.0248894431 -0.0401374474 0.0245597586 0.121947661 0.0693872496 -0.0207692254 -0.14332895 0.0714087933 0.110022143 0.0705435202 -0.0724393055 -0.0945628807 0.00665574521 0.0996828228 0.0717226341 0.0403303169 -0.134449065 -0.0405476764 0.095152162
0.330356151 -0.156680703 -0.030466944 0.28673178 0.0750213489 0.0562850907 0.0293048285 -0.377489418 -0.855213046 -0.66041261 0.27705887 0.0317678377 0.234038875 0.235954404 -0.254748225 -0.698947012 0.20772019 0.593065739 0.273998946 -0.159778029 -0.106833398 0.176056191 0.368567169 -0.0359213352 0.0507549569 0.0411837846 -0.0180168785 -0.0288929977 0.398393929 -0.0589252673 -0.166186139 -0.119450718 0.00522959838 0.0522518791 0.0665569901 -0.313592196 -0.719344556 -0.634588718 0.144733593 -0.0521162041 0.0792974383 0.00833806582 0.0153720863 -0.275103331 0.157581642 0.106873728 0.103801452 0.0392173417 -0.129900008 -0.0136464378 0.126302212 -0.0547609553 -0.0401188023 0.0272190943 -0.0316457339 0.0175879076 0.432817161 -0.103597336 -0.274576873 -0.201003298 -0.0184912216 -0.0366107374 -0.0508419238 -0.323367745 -0.747998595 -0.604113996 0.217985407 -0.0735759363 0.123740464 -0.0842173472 0.0373607799 -0.164012656 -0.0141542181 0.0798886642 -0.0263018776 -0.0249811411 -0.0572509393 -0.0767990127 0.307129413 -0.0205322094 0.0312589034 -0.0479692481 0.00733213127 0.0298653618 0.364243776 -0.110223129 -0.223067835 0.00622481061 0.0599701218 -0.0824188963 -0.0563389026 -0.195478484 -0.717572927 -0.596366167 0.630434334 0.0160742793 0.041630365 -0.0901130736 0.0996855646 -0.13400878 0.0455775261 0.0555451401 0.0788969547 0.0591098107 -0.25287962 0.0456459932 0.280251265 -0.0124237984 0.00373598933 -0.00773413479 0.0169776306 0.00259890407 0.275199533 -0.0844947174 -0.212214053 0.00472792983 -0.0237402543 0.14494513 -0.180987224 -0.215992913 0.0396271646 -0.00140101218 0.118776932 -0.173392713 -0.273231447 -0.0631969124 -0.0440768488 0.176783681 -0.023510607 -0.138827339 0.0506595299 0.0360381082 0.101785913 -0.00571023766 -0.166352704 -0.00929608196 0.0603180043 0.092919454 -0.0939817801 -0.0946408212 0.0408982635 0.0697171018 0.180123881 -0.0385739356 -0.151748821 -0.0671405494 -0.0432694256 0.0436161682 0.00151823275 0.00368767092 -0.0336725153 0.0342388861 0.0829802603 -0.105168767 -0.00473466143 0.0133895129 -0.0417211726 0.0472282022 -0.0514607877 0.0772775263 0.0059530735 -0.0259971842 0.077340208 -0.0324826613 -0.0090125883 -0.0473897383 0.0268188138 0.108480394 -0.065103963 0.113682687 -0.0452886336 0.0809930041 0.113122322 -0.0138102425 -0.0281223003 0.025459744 -0.0316630676 0.107369736 0.0201043189 -0.010948603 0.0701250285 -0.0164749157 0.0638662353 -0.00218175445 -0.106556393 0.0602603704 -0.0207845699
0.133691639 0.040277075 -0.116081394 0.34108001 0.0292859823 -0.0379530527 0.0375139862 1.24521899 -1.2521584 0.0949248597 -0.196931779 -0.0440279394 0.282187402 0.040977627 0.266986519 0.212711275 0.105276987 -0.258455157 -0.0813113376 -0.11562331 -0.111575529 0.0699743479 -0.0625870451 0.0298957154 -0.053209357 -0.0155180134 0.032485418 0.0550901294 0.208279327 -0.0262174532 -0.120697454 0.175985172 -0.00873096008 0.115207098 0.0305664986 1.18058741 -1.19383764 0.115887247 -0.30699876 -0.119015127 0.216359198 -0.0425497554 0.27065897 0.354915261 0.169636562 -0.123147182 -0.0272774268 -0.0466669165 -0.0502712801 0.0788010955 0.106318742 0.0395855457 -0.00605017692 0.0190932751 -0.0305565596 0.0620720685 0.228289858 -0.096386537 0.0627817214 0.22992821 -0.0409193411 0.0474414527 -0.016266048 1.0970881 -1.0553807 -0.0891201794 -0.271135867 -0.110941514 0.268905133 0.0523157306 0.177755535 0.343650162 0.154097393 -0.152908608 0.0673489273 -0.027617773 -0.108421966 -0.0112541653 -0.0165350735 -0.0412667505 -0.0228233822 0.057567507 -0.0359008051 -0.00439718366 0.260269761 -0.0324182361 0.0889191255 0.206829295 -0.0412752926 0.0230141897 0.0348663852 1.06430769 -0.909613371 -0.102858722 -0.170108065 -0.0750210583 0.270659596 0.0590929054 0.267440706 0.374054939 0.0558640137 -0.0135695022 0.0724690929 0.0672243088 -0.216029823 -0.0638438389 0.0054664663 0.00496805459 0.0582951903 0.0581896007 0.0383737534 0.0292651057 0.321598381 0.0957656577 0.270286828 0.0253150463 0.000916827354 0.160259321 0.0560299084 -0.0307506453 0.0169756562 -0.0518412292 0.118952543 0.0194733571 -0.0488843061 -0.0346808247 0.058558248 -0.0610056557 0.136239856 0.063317053 0.051706396 0.0173881371 0.0865357593 0.104245685 -0.0025562665 0.0248645544 -0.0596765056 0.0353718139 0.0567029938 0.0786958337 -0.0258359388 -0.0761471167 0.0263578612 0.0729973838 0.148409173 -0.0660360307 0.0297476705 -0.0329534486 -0.0300770961 -0.0655984059 -0.00965888798 0.0132120913 -0.04482859 0.102445647 0.0652554557 0.00449924916 0.0508368723 -0.0365622304 0.0189867914 -0.0651827604 0.00799027085 -0.0611011609 0.0135133099 0.0375031419 0.0091596311 0.0715381056 -0.0412532426 0.0795943066 -0.0143222436 0.0125209717 -0.00405089557 0.0412539057 0.105491608 0.0690527484 0.0206184871 0.00274737924 0.0491608903 0.0196539238 0.0864062682 0.0490459614 0.0698560923 -0.0491363592 -0.0150153041 0.0501363054 -0.0233517699 0.0366826057 0.0135328602
-0.0158863161 0.0224603768 -0.0116461897 0.00815717783 0.083304733 -0.0159374569 0.0471276492 -1.0306927 -1.77526939 -0.0723270252 -0.212530971 -0.0341210924 -0.108711325 0.0150756044 -0.0677279979 -0.0933558941 -0.1185771 -0.341238648 -0.168232784 -0.106328174 0.327462107 0.125499219 -0.0917883441 -0.00552473962 -0.0716279 -0.0241594166 -0.0278695971 -0.0155538507 -0.0496962816 0.0377864726 0.0202699807 0.209239259 0.00379417604 -0.0269640945 0.0493611693 -1.01325834 -1.53252578 -0.0651553944 -0.368936449 0.0788633004 -0.0781492367 0.0813656673 0.0889268294 -0.0734877586 -0.00866298657 0.0137397433 -0.0240067188 -0.0418335423 -0.120146826 0.048633121 -0.0367530957 -0.0411500856 -0.005722709 0.0571892411 0.00628761202 0.0508096367 -0.0800036341 -0.0161963496 0.205122262 0.249633878 -0.0411221758 0.103809483 0.0461335555 -0.922189236 -1.25710893 -0.0300758537 -0.261167556 0.0597284883 -0.12909019 0.157507166 0.0444854386 0.0435311198 -0.074030675 -0.0669457391 -0.0235912874 0.0243369266 -0.0758976564 0.0534397885 0.183782265 -0.0466520153 -0.000230379403 0.012075834 0.063839972 -0.0226636678 -0.112061098 -0.106122337 0.0669206306 0.0990437865 0.0278292391 -0.0284259189 0.107343897 -0.927850604 -1.22641766 -0.0333789811 -0.280939549 -0.00618355023 -0.120612353 0.234199151 0.0351927094 0.0857651308 -0.0805730671 -0.0443709679 0.0249096807 0.00202893419 -0.173324376 -0.0433254167 0.00772353727 0.0633370727 -0.00969396532 -0.0368049182 -0.0561883524 -0.0429638475 0.0198283792 -0.00712802541 0.0640305355 -0.0108659379 0.0776300579 -0.0778532699 -0.00645427685 0.0933873504 -0.0723739117 0.00141437293 0.0532093234 -0.0313687399 -0.0793751478 0.0446123406 0.0437798314 -0.0234446675 -0.00244948268 0.0362109281 0.0405634716 0.0515159518 0.0416322947 0.0136282304 0.0320318639 -0.029996898 0.0299865175 0.0404799879 -0.0494417734 0.0655404255 -0.0500921011 0.071359463 -0.0359215103 -0.00236648927 0.033096619 0.00881545991 0.0300866012 0.0455039293 -0.0478670038 -0.0661224052 -0.0623260885 -0.00795174483 0.0259079635 -0.0403812341 -0.0310144592 0.002467677 0.0975993797 -0.0195112266 -0.0115249585 -0.00177189196 -0.0184905492 0.106590316 -0.00979714189 -0.0110359564 -0.0624996684 0.0341172814 0.0644732937 -0.0416785069 0.0567459576 -0.0487064235 -0.0184922405 0.0347014852 0.0640351474 0.0560969971 -0.0397504978 0.0127959922 0.0837999284 -0.00637030182 -0.0432358123 -0.1100953 -0.0473297015 0.0674049333 0.0206950512 0.0103413798 0.00757777737 -0.00144995749 0.0985329077
0.0579843782 -0.0500554293 0.0201582573 0.0360469297 0.0212120097 -0.0172258243 0.0115748737 0.0247970447 0.0788106322 -0.0770607367 -0.0211356431 -0.0562327728 -0.0409269594 0.00763052376 0.0515622683 -0.0491545983 0.0405983478 0.054445032 -0.0360449329 0.01276353 -0.0375418849 0.0156628788 -0.0339034572 -0.0284870714 -0.0489525869 -0.0609808117 0.0583565831 -0.00923477113 -0.00933785457 -0.0301843323 0.044321876 -0.0341776721 -0.0363266617 -0.0642651021 -0.068204619 0.0713788643 -0.0488086268 -0.0170533098 -0.0145629421 0.0197514296 0.0141041642 -0.0614005625 0.0709554181 -0.0675850511 0.00191378442 -0.0114441952 -0.0169465505 0.0498337895 0.0617425442 0.00952580571 -0.0258284695 0.0543664098 0.0459436253 0.0131342486 -0.0200011358 0.00308303535 0.0578523614 0.0141429501 -0.0211035963 -0.0566604584 -0.0459204987 0.0455401279 -0.00928844884 0.00164005056 0.0361309238 -0.0550335757 0.00172091799 -0.0275984947 0.0328065827 0.0602705814 0.0464499965 0.0517129973 -0.065694198 -0.0248899776 0.00865942985 -0.0621109679 0.0198374242 -0.0479335673 0.031335935 0.0591856986 -0.0625566319 0.061276406 0.0341212675 -0.0482582487 0.062655434 -0.0571017377 -0.0559248999 -0.0322288983 -0.0104359472 0.0059069139 -0.0281740744 -0.0627667606 -0.000794635271 0.0486183539 0.0631549284 0.029576024 0.00516215712 0.01614145 -0.0532475039 0.0305012912 -0.0756313428 -0.0320695676 -0.019217629 0.0536996871 -0.00213170052 -0.0333101377 0.012775965 -0.0606788136 -0.0193609782 0.0202527493 -0.00484310091 -0.00767979771 0.0396639705 -0.0620312095 -0.0439077541 0.0707850754 0.00783813186 -0.0171819963 0.0313512385 0.0370082669 -0.0122196451 -0.0371738821 -0.0119532049 0.0198397394 -0.0163195878 0.0425601006 -0.066347532 -0.0358785428 0.0490344279 0.00260953465 0.0147257522 0.017337827 -0.0172794685 -0.0359575115 0.0139950942 -0.019380983 -0.0369220711 0.00966139883 0.0109747369 -0.0135031007 -0.0494556054 -0.0177703816 -0.0414432175 0.0317747258 -0.0549648702 0.0583069921 0.022412343 -0.0626201034 0.0475544296 -0.0788289607 -0.00425171107 -0.0523708761 -0.0629095584 0.000532058999 -0.0419671685 0.0528589785 -0.0641993955 0.0606972724 0.037404079 0.0575384237 -0.0214140043 -0.0515370704 -0.0485831834 0.0540970974 -0.0428825021 -0.0090039745 -0.0179849602 0.0125806406 -0.0667200461 0.0524545833 -0.0541096628 0.0652116388 -0.0286135338 -0.0393589884 -0.016562324 0.021642454 -0.0202627387 -0.0729845241 0.0447231419 0.0660019442 0.0368947983 0.0648435801 0.0199308544 -0.0124436077 -0.0646752343 -0.0639135689 -0.0570612438
-0.130763412 -0.083852604 -0.0739564151 -0.00870555174 0.0618263893 -0.0465796739 0.0678986162 0.140861854 2.2161603 0.120780215 0.174366087 0.127159983 0.0482055843 0.00227354839 -0.0374437906 0.262276411 -0.106256284 -0.0626170635 -0.0259099603 0.0497517027 0.430121064 -0.158664525 -0.309566379 0.0447283089 -0.0105497018 -0.0415658578 0.0585062057 0.034013018 -0.0946532041 -0.060059242 0.0735436529 -0.143895373 0.066019848 -0.0323302113 0.0978017598 0.101409659 1.89708686 -0.0267928615 0.267015129 0.124220438 0.0418897569 -0.022426853 -0.181723371 0.171556398 -0.224048555 -0.0674048662 -0.033875376 0.0329863578 0.48654601 -0.0457165204 -0.0519521572 -0.00654568523 0.0107942969 0.0268139839 0.0498884618 -0.0692889392 -0.145214781 -0.095655553 -0.144815445 -0.120493762 0.0272768904 -0.160875797 0.11222063 0.0389986522 1.63444793 -0.00340361125 0.250485897 0.184424713 -0.0507494025 0.073291637 -0.168460101 -0.0329357684 -0.0646704659 0.00746883592 -0.0446860157 -0.0206001066 0.273489743 -0.0201534983 -0.0250262469 -0.00780104101 -0.0648475289 -0.00447358936 0.00483154505 0.0488797873 -0.112173617 0.00885277893 -0.00951496325 -0.277664185 0.0257350653 0.0110496804 0.069303751 0.104818337 1.43904042 0.088819772 0.181917593 0.0823265985 0.0331952162 -0.0156843551 -0.175224543 -0.102837078 -0.0540467575 0.134739339 -0.0126473615 -0.0629948527 0.293555915 -0.128543898 0.00992720295 0.0164371058 0.0328220055 -0.0674715415 0.00358730555 -0.018934086 -0.130390286 0.232059985 -0.000357145851 0.0439684689 0.0535065308 -0.0584862791 0.1896694 -0.0509020798 -0.0505469888 0.0755223632 -0.0990932882 0.121696584 0.0614458509 -0.00847717375 0.00842909981 -0.0482770056 0.130943492 -0.0273538567 -0.0320646763 0.104433805 -0.00576385343 0.0028882802 0.0869109556 0.0411797613 0.135900021 0.00948257186 0.0396757796 -0.0308859013 0.0354390815 0.0588854551 -0.0173698515 0.0109256823 -0.00970779825 0.0271629319 0.0701120198 -0.0151662808 -0.032889545 0.0413916074 -0.0147028789 0.00303463638 0.0713545904 0.0793579444 -0.0573692918 -0.0533705503 0.146341771 0.00472328905 3.05067442e-05 0.0355299935 -0.0152323358 0.0812630951 -0.0602573566 -0.0127548939 -0.0799153671 -0.00802958757 0.0239010137 0.0548212156 0.0427890979 -0.0643658638 0.0289013609 0.012721994 -0.0660726205 0.0965973139 -0.0785704479 0.0364468321 0.0840562284 -0.0588672049 -0.0346257687 -0.0167090818 0.0345649272 0.0636216849 -0.0210939422 -0.0588838421 0.0214994159 0.00266044587 0.0973487124
-0.143569306 -0.0312241074 -0.360021502 0.100098103 0.0578140505 0.332242191 0.00616260059 0.188439071 -0.938551605 -0.104328513 -0.428039223 -0.000695882889 -0.746112585 -0.171778217 -0.110442355 -0.415708005 -0.143563718 0.591927528 -0.115476802 0.0200977363 0.265385687 -0.330173224 0.0623597093 0.0579284132 -0.0376617461 -0.0545591228 -0.0114089921 0.0695838034 -0.13120608 -0.0203605741 -0.300462782 0.352134705 -0.0626458898 0.227652058 0.0481189713 0.201125816 -0.874994636 -0.261247635 -0.567632437 0.0412152633 -0.605900764 -0.272680849 -0.127331957 -0.184998348 -0.0491297618 0.567492783 0.0114973616 -0.239390105 -0.0285017323 -0.145488173 0.0976661146 -0.0228086747 -0.0058106333 -0.0637211055 -0.067072399 0.0314357057 -0.147899598 -0.0858037025 -0.625127971 -0.375290006 0.00428233435 0.0683065876 0.101763703 0.124894097 -0.836131096 -0.130232334 -0.757637382 -0.0442452841 -0.507969737 -0.0897650123 -0.0841803253 -0.269124657 0.0768171549 0.734691203 0.157130659 -0.143974796 -0.0752332956 -0.137312531 0.265045226 -0.00837494433 0.0233449489 0.0570444018 0.0198555291 -0.0607070476 -0.151096418 -0.0232583173 -0.451450735 -0.379869103 -0.0472936295 0.0142511418 0.0570037067 0.0938344002 -0.8410182 -0.0815685466 -0.847563744 0.0515274145 -0.587300658 -0.0683006644 -0.154190466 -0.262115687 -0.0169243831 1.00589311 0.266207516 0.00402439758 -0.326365769 -0.120172605 0.351578772 -0.00234758109 -0.0493482426 -0.0615475923 -0.0649318174 -0.0511706509 0.0158055052 0.137823313 -0.241509616 0.00570823252 0.073729597 0.0721105337 0.0954024792 -0.0543287992 0.0341821089 -0.0258552954 0.0185587015 0.220760211 0.129263729 -0.0724776313 0.00889274757 0.142970175 -0.11336761 -0.15228045 -0.0508838557 0.0630318597 0.0107606007 0.0317214839 -0.054213129 -0.0448847786 0.0165949985 0.0132351611 0.0655394495 -0.194299772 -0.00249774009 0.0471157394 0.0723255277 -0.0146923885 -0.74397856 -0.0629501715 0.0325423144 0.115924589 -0.0797413215 -0.0877549648 0.0592597425 -0.0171594806 0.163627073 -0.170089066 -0.250706822 0.0713194907 0.0424895659 0.105659969 -0.0110073322 0.0100369491 0.00713445246 -0.0659174845 0.00196704152 -0.0976646841 -0.0084050009 0.0722856075 0.0317453519 0.194881573 -0.327784598 -0.184295073 -0.0370739736 -0.0380044915 0.00835743546 -0.0371603146 0.0550509878 0.0200178549 -0.0670969263 0.0347429253 -0.0603639781 0.180238724 0.00953167677 -0.0907109007 0.137918726 -0.159030661 -0.0171466712 -0.015173614 -0.0917776152
0.00240831124 -0.0257384013 -0.216616586 0.209245622 0.0891536623 0.00858400948 0.0683603883 0.904815495 1.97442055 -0.0515323207 0.270200849 0.154678583 -0.0288756788 0.103150286 0.137548745 0.0371913016 -0.130546778 0.147953883 0.0411387719 0.185351074 -0.409866005 -0.176475734 0.18823427 -0.00829856098 0.000757470727 -0.0120479017 0.0217021927 0.0602214634 -0.0408891402 -0.0222676713 -0.144154847 -0.376874298 0.109988451 0.0676029325 0.146604881 0.896615386 1.71514618 -0.148013502 0.428258151 0.127750665 0.0380381159 0.0766220912 -0.0402417406 0.0946119651 0.00427159248 -0.0564011 0.0138791073 0.089974463 0.0772269666 0.0307913106 0.0827686191 0.023461774 0.018306613 -0.0039454475 0.0230838209 0.0196946785 -0.104058608 0.0122935539 -0.377449393 -0.30067566 0.0797201246 -0.0711524561 0.0142666018 0.921745837 1.39080513 -0.224039912 0.122280315 0.161191255 -0.0830733031 -0.0692603141 -0.0636894926 0.0477313139 0.078907676 -0.0662532076 -0.0336450711 -0.0713043511 0.102803297 0.102361262 0.0584367216 -0.046283409 0.0312018171 0.0415242538 0.0363216549 -2.68220901e-05 -0.0169404242 -0.0547641739 -0.180315346 -0.174594656 0.0762813091 0.178583533 0.131256565 1.00907922 1.2792964 -0.274149954 0.17756708 0.180777743 -0.0737379864 -0.151677758 -0.124747857 -0.083286874 -0.0544646047 -0.0892889872 -0.0468361378 -0.10198357 0.196834654 0.162201136 0.105040081 -0.00940369815 -0.0214103535 -0.0522733405 -0.05875393 0.0506348982 -0.147985682 -0.00364659261 -0.306856543 0.00135647506 0.0292232446 -0.0571841933 -0.00863944832 -0.338978171 0.0661744028 0.129362777 0.0419497713 -0.0547721535 -0.208582371 -0.068695344 0.104606107 0.0773191825 -0.0913699195 -0.237361118 0.0342858136 0.119199857 0.0689851567 -0.00467483141 -0.215046048 -0.00127780437 0.025282409 0.0938679501 0.0132041341 0.000345435867 -0.0409949757 0.0803055465 0.0476412512 -0.00214504893 -0.0353347845 -0.0559748635 0.0897281915 0.0214756411 0.0798959732 -0.0324163362 0.0164803788 0.0771318227 -0.00627160491 0.0708583221 -0.0150545584 0.0302064493 0.0472153313 0.0521023981 0.123494513 -0.0178907476 0.000732518733 0.11221604 -0.018043004 0.102011897 -0.0915288404 0.0266590118 0.0653784573 0.0477145538 -0.0186043903 0.0294013154 -0.0397848226 0.0642863959 0.102398247 0.0473842397 -0.0928141773 -0.0727158785 0.0411533006 0.0598939098 0.0561062284 -0.0672297776 0.0523456186 0.0458586179 -0.0341024399 -0.0109115783 -0.116911985 -0.0102229416 0.0790916681
0.222089797 0.115208626 0.0166077316 0.0134232473 0.0634520575 0.308109641 0.06577494 0.747389734 -1.18356836 0.0410240851 -0.0814244524 -0.107646719 0.00317195221 -0.0217070766 0.223717883 -0.196630612 0.16798313 -0.0345834643 -0.0204082727 0.0709892362 -0.315836489 -0.0012332279 0.0803331733 -0.00619249046 -0.0365755111 -0.0175566934 -0.00210781395 0.0328020304 0.263401568 0.101821236 -0.140410304 0.387648642 0.0544565544 0.227291703 0.0415449515 0.772228241 -1.19340253 0.17244491 -0.173460841 -0.0614040419 -0.0982600451 -0.121681862 0.294850916 -0.142613485 0.234251857 0.0533609092 0.0350426845 -0.0481456257 -0.163169712 0.0759950355 0.0429971516 0.0290092677 -0.0477798283 0.0315756723 0.055219695 0.00470789522 0.23755601 -0.0301884562 0.00420985557 0.556852818 -0.022186622 0.328769058 -0.0179997608 0.676353753 -1.06336963 0.158522651 -0.205527291 -0.107363202 -0.0877801627 -0.0921228603 0.126741976 0.0229285806 0.236173481 0.061626181 0.0158447959 -0.0286640637 -0.177451268 0.144885749 -0.0863249302 0.0198173523 0.0731004775 -0.0253321566 0.0498394966 0.0629909486 0.135358244 0.000291279634 0.00686480105 0.138126612 0.0735281557 0.1415748 0.106811918 0.688783467 -1.02794337 0.340070724 0.032473471 0.0188608356 -0.0969507173 -0.0205143541 0.329048634 0.169374228 0.134595692 0.0777944699 0.0310375541 0.0168963689 -0.167327687 0.0887726471 -0.17913112 0.0446824059 -0.0674681067 0.031316109 0.0481587052 -0.0670208186 0.56821239 -0.287890583 0.226613 0.0378943831 0.0279529989 0.255337596 -0.130901486 -0.0685537234 -0.047802195 0.0185421593 0.222772434 -0.0284577999 0.00757312961 0.0060127005 -0.0096723726 0.122147471 -0.0316494964 0.0363727026 -0.0581963025 0.111314982 0.0889458731 0.00056376413 -0.145657748 -0.0496219806 0.0802045241 0.11678648 -0.0446492322 0.0307539832 -0.03450986 0.109472841 0.079767704 -0.0563826598 -0.0119812489 -0.0158960633 0.0419047214 0.0959377736 -0.0832528323 0.0426441245 0.0492187217 0.0465002134 0.0564051606 -0.0484689847 -0.201414362 0.0474998578 0.00658899918 -0.0466725565 -0.0677246526 -0.0292069651 0.0495033711 0.0988746658 0.0184460208 0.0656844899 -0.00633978751 0.0490403026 0.084084928 -0.0210402589 0.0361936837 -0.123882011 -0.0349179767 0.0927573368 -0.016296709 -0.04873145 0.0042461073 0.049223572 0.0801899284 -0.0711530373 -0.0787403286 -0.0364941359 0.022986047 0.0396575667 -0.256260931 0.137616992 0.039414376 0.0422949567 0.0294177607
0.0672143102 -0.193102643 -0.071242407 0.105853155 0.119248688 0.0094621405 0.0182590485 0.791469634 2.00706744 -0.0120464107 0.301587701 0.138566613 0.0471715368 -0.108705506 0.0760270953 0.282464623 0.0591904633 0.0354157649 0.0772201419 -0.0305144191 0.261563867 0.0378393531 -0.265958279 0.0612660348 0.0730415881 -0.0199655145 0.0288868621 0.072922796 0.0809552446 -0.0825701654 -0.0386677645 -0.139062539 0.113928489 0.0329232588 0.10970699 0.815809369 1.81433606 -0.00189679163 0.377275348 0.0919442922 0.040360231 -0.0493500791 0.0245762505 0.261675507 -0.194004685 -0.143082634 0.0365764201 0.0133019928 0.407827407 -0.0818375349 -0.0167343579 -0.0253268331 -0.0263186321 -0.0183796883 0.0512469709 0.0218962952 0.0272564515 -0.12741977 -0.246760994 -0.104837634 0.0981567651 -0.0568113066 0.108770691 0.850828111 1.60722268 0.0440048203 0.321094513 0.102737777 0.0523194447 -0.10390906 0.0291410033 0.110400237 -0.210238978 0.0137938391 0.141104147 0.0032979399 0.250772178 -0.0422778465 0.0365628563 0.0402539149 0.0682709515 0.0555036068 -0.0639870912 -0.0286678709 0.105768971 -0.104091279 -0.0821413025 -0.121000044 0.0882389024 0.118916765 0.0702470168 0.857350349 1.45006645 0.0809438974 0.340468705 0.0681976974 -0.0552916266 -0.0564379096 0.0688240156 0.0604988709 -0.148414969 -0.025587488 0.0576318949 0.070097208 0.0815343782 -0.0693190694 0.0974356085 0.0563630164 -0.0659780353 -0.0196861811 0.0115320534 0.00697612017 0.149983227 0.00206383364 -0.0830016956 0.048416324 0.0676962361 0.086418055 0.0165460203 -0.117304735 -0.0295395292 0.0535344183 0.0485351309 0.0171873681 -0.0748867467 -0.0126388408 0.115515135 0.0270748753 0.100875713 -0.103898674 -0.0301329084 -0.00572274718 0.0747556612 0.00981223863 -0.0197448786 -0.0268715285 0.122661807 0.0593544431 -0.0113967517 -0.0321374685 0.00889075547 -0.0205497369 0.0549000092 0.139995828 0.00496728066 -0.000388890505 0.0349972025 0.0682335272 0.00758788409 0.0423047356 0.0632154495 0.0846825615 0.0132111935 -0.0294321813 -0.0469402969 0.0711012334 -0.0164913386 -0.0420409814 0.0236453712 0.0164130162 -0.072782971 -0.017363999 0.0018909116 0.048140306 0.0265741032 0.0209956318 -0.0129421065 -0.0489054583 0.116810255 -0.0409477502 -0.0319900364 0.0737013891 -0.0176771637 0.114979245 -0.0140967667 -0.0316621661 -0.0080159558 0.0317483097 0.0318473987 -0.033593148 0.00999855995 0.00795933697 0.0420792699 -0.0133016659 -0.0126939863 0.00782102346 0.0773135871
-0.15651992 -0.0403042175 -0.0857607275 -0.287105441 0.0884965882 0.257735997 0.149299189 -0.307274401 2.0087862 0.19351992 -0.0107012698 0.121962026 -0.137495935 0.109173767 0.132873639 -0.233450279 -0.036976181 0.207831249 -0.0509645119 -0.031487301 0.11023514 0.151125371 -0.0641170815 -0.018080961 -0.0649325028 -0.0514296442 -0.00694435835 -0.0111243427 -0.152429774 0.0299594235 -0.0551339425 -0.30501914 0.155134931 0.13457115 0.0638259053 -0.330925822 1.745978 0.193413392 0.15340963 0.147865802 -0.0130146779 -0.0216813907 -0.015171539 -0.226532429 -0.0767352358 0.0706151724 -0.172223404 -0.0110043976 0.158353388 0.147515774 -0.129669651 0.0265044868 -0.00249414891 0.049863264 -0.0266172923 0.0297750309 -0.118403882 0.0630746633 -0.0377028063 0.106177084 0.0800620019 0.0304031465 0.046666652 -0.28576386 1.52216351 0.219374567 -0.146716207 0.047250431 -0.00680339569 -0.0622225627 -0.0802175328 -0.237873182 -0.0525133833 0.0213593859 -0.133678764 -0.0539715923 0.174474865 0.0691453964 -0.0305916369 -0.0471020192 -0.00394013524 0.0333755091 -0.0245036595 -0.0472078398 -0.136617094 0.130981281 0.00996798649 -0.0784293562 0.0294695161 0.0719449818 0.0978423953 -0.360374331 1.39321196 0.281272322 -0.253112763 0.0386496149 -0.109565563 -0.103931211 -0.119203284 -0.357204139 -0.00794873945 0.0115190493 0.0711053461 -0.243306443 0.117629103 0.0862986818 0.182321548 0.0237805173 -0.0425596982 0.0375087336 -0.0404574499 0.0575851202 -0.207001239 0.0830671936 -0.410783738 0.068178013 0.130612627 -0.149955347 0.0385194607 -0.242353469 0.0558609217 0.0733645409 -0.0708958879 -0.0222721323 -0.125462309 0.00949048996 0.146956012 -0.0496557504 -0.012804768 -0.0238679554 0.0655376166 0.0726021081 0.0495889224 0.0191168506 0.0312466398 0.00216966122 0.0250960551 -0.0365714394 0.00975113921 -0.0140097775 -0.0728499368 0.14411138 -0.10776671 0.0550503246 0.0578482226 0.0180210471 0.0738111138 0.0453687198 -0.0365993194 -0.0764095336 -0.0518975034 0.122449636 0.0498433709 0.00514417933 -0.105882317 -0.0718554109 0.0718555301 0.0294844024 -0.0306458324 0.0126017397 -0.0399691612 0.148233995 -0.0455068089 0.00232231477 -0.0948824883 -0.0654994547 0.094141379 -0.00464862399 0.0504037961 -0.092225045 0.0128133968 0.0789589435 0.0609720685 -0.0362995714 0.00731224054 0.0294680521 0.126408294 -0.00213564793 0.00591843436 -0.0098119285 0.0196916535 0.0449887216 -0.0203332286 -0.119386055 -0.0738299638 -0.0309494697 0.101222597
-0.0768162832 -0.00922773033 0.16654405 0.259738773 0.0908283442 0.0106128957 0.0167396627 -1.26868165 -1.67732775 0.0146888066 -0.020809589 0.110292368 -0.0564696379 0.0473426245 -0.168735802 -0.134223357 -0.00293932995 -0.0521420315 -0.012488653 -0.00959085859 0.168847442 0.0252735149 0.0627345592 0.0598488748 -0.0391792729 -0.0161666945 -0.065837577 0.0167866051 -0.0138492966 -0.0249992702 0.166115031 0.333918512 0.0143449614 0.0703142062 0.0543877706 -1.28595078 -1.56851411 -0.159792155 -0.0873016044 0.0724341795 -0.027334623 0.132369101 -0.108137973 -0.110607058 0.0318495482 0.0109093217 -0.0607755966 -0.0170166735 -0.184546933 0.0174485017 -0.00623196876 -0.0452797785 -0.0686916038 0.0233906358 -0.0277436562 -0.0369030498 -0.0575644374 -0.0976941511 0.362729609 0.00722210202 -0.0112253334 0.205612406 0.0640931651 -1.17744374 -1.39646041 -0.0212651044 -0.0211298019 0.0944734886 -0.0168695115 0.155180797 -0.0122690191 -0.100544371 -0.0311448537 -0.11270088 -0.0657881126 -0.00772789912 -0.0690627396 -0.0405993573 0.0480042435 0.0393701941 0.018050395 -0.015240442 -0.0465143919 0.0625433773 -0.126248658 -0.125274405 0.107220873 0.0146945873 0.0650026575 -0.0507250912 0.00136906793 -1.18974245 -1.33621073 -0.207605287 0.000985108782 0.0469708107 -0.0328323692 0.0872977972 -0.156346783 -0.00941796415 0.0515256301 -0.065561749 -0.150323883 -0.0249803793 -0.131247222 0.0300395992 -0.142107204 -0.0373869054 -0.0162377767 -0.0309936069 0.00235087425 -0.0527869016 -0.0560056865 0.170267001 0.115911707 -0.0327872671 0.0662712306 -0.0408957116 0.0781728104 -0.0297949184 -0.0653484166 -0.0235897396 -0.0107074305 0.0178446267 -0.0318645723 0.017502822 0.036487136 0.00344379595 0.0227324869 -0.0509756543 -0.0612261891 0.0773167089 0.00405891798 0.00248338701 0.0696718991 -0.0181108266 0.0214739237 -0.0386396572 -0.0427904762 0.0490700006 -0.0164988302 0.0855585784 0.0204310175 -0.00506596686 -0.101673126 0.00161450356 0.0230281707 -0.0209979564 -0.00429121172 0.0333539918 -0.0551000834 0.0512346104 0.0929923803 0.0161772147 0.0723721907 0.0341242552 -0.0187918562 -0.0126131866 0.0135702966 0.0285588708 -0.00208570063 0.0978699476 0.0381645523 -0.0500923432 -0.0164908487 -0.0608390234 0.0189670995 0.0662845746 -0.00913779717 -0.0301654339 -0.0632768422 0.0656112358 -0.0477599539 -0.0564218611 -0.0266024973 0.0696989149 0.0182705 -0.00340470113 -0.0494633391 0.0336395241 -0.0118077621 0.0532500483 0.0419092961 0.057426583 0.118609317 0.00379482657 0.0467258394
0.0311951376 -0.159907162 0.10763254 0.0230670888 -0.0311865378 -0.112522975 -0.0147206616 -0.813163519 1.52523828 0.0612278879 0.221015543 0.0738986358 0.0965401307 -0.0652938709 0.14500244 0.257958174 -0.201643631 -0.128051102 0.129255861 0.143856689 0.144097 -0.246830195 0.0327458419 0.0722060204 -0.0631714016 0.0622262508 0.0196915418 -0.066651918 0.0904243737 -0.0812678635 0.254053026 -0.257383794 -0.0275850222 -0.0422808155 -0.0139855202 -0.741431713 1.42679548 0.0325272456 0.176607177 0.0719521493 0.0616774857 -0.0422493964 0.0726791844 0.181593329 -0.212979779 -0.21642378 -0.0573098846 0.017712852 0.1879417 -0.156797275 0.0395655558 0.0526990443 0.0173505247 0.0594162643 0.0352117941 -0.0688875094 0.0163686611 -0.0262967218 0.078965351 -0.202904373 0.0260355808 -0.188261062 0.056991972 -0.802417159 1.33573925 0.0517294519 0.262868732 0.0312838219 0.0937408358 -0.0675547868 -0.0505009666 0.154623359 -0.117600888 -0.103713207 -0.0865037143 -0.0195464753 0.240277246 -0.126220718 -0.0135507677 0.0537816882 0.00350627303 -0.0133200064 -0.0398867354 -0.0434306487 0.0086750146 -0.0430147871 0.0879119709 -0.0464551039 0.01684599 -0.105331481 0.100572176 -0.67105037 1.16124809 0.0363353118 0.130329609 0.0398941152 0.143871263 -0.0823083147 -0.0572759286 0.033451736 -0.0380782522 -0.0951479897 -0.13906531 0.0536615737 0.261413425 -0.0754901245 -0.026183581 -0.0283829868 0.00620687753 -0.0473027453 0.0610651672 -0.0386692584 0.0757345557 0.0699559376 0.140399918 -0.0515232459 0.0555701554 0.058439739 0.0523751341 0.0345341228 0.0356352478 0.00318893744 0.00328381523 0.0801695064 0.0340488963 0.067919299 0.0433720276 0.0546529144 -0.00673232274 -0.00493665552 -0.0367111191 0.112155251 0.0294417664 0.0576187484 0.0494809151 0.0136271417 0.0659568384 0.02761559 -0.0272049438 -0.0199913457 -0.0162009113 -0.00277819531 0.0791934356 0.0443274863 -0.058793135 -0.0711906254 -0.00836372841 0.0588945672 -0.0132237328 -0.0481257178 -0.0423129871 0.118276976 0.00318305427 0.0757956579 0.0509156361 -0.0566956736 0.114517011 0.00436938554 0.0957771689 0.00463923439 -0.0708370954 0.0743678138 0.0679825842 -0.00196496933 0.00988027081 -0.0605585054 0.0383438542 0.105534211 0.104940206 0.023937732 -0.0436530337 -0.000578236475 -0.0279560294 0.0191958379 0.0308453068 0.0231520981 0.0540554971 0.0996618196 0.0883952454 -0.0641705245 -0.0316682085 0.0627869517 0.0451055504 0.0205939468 0.0546501949 0.0504539832 0.0511487424
-0.136654854 -0.0398203544 0.0493101142 0.446845651 -0.0242467429 0.134188294 0.0583226718 1.90644515 -0.483646125 0.0860190243 0.487479985 -0.0151930153 0.0327315703 0.105065688 -0.0780318677 -0.356818974 -0.164377019 0.341294348 0.0521271676 0.0275447108 -0.4566544 -0.0311351139 0.285024405 0.0272761062 0.0493693128 -0.0382616296 -0.0169902518 -0.00208434463 -0.108718306 -0.126872525 -0.0128892856 0.22095862 -0.0554689504 0.117507033 0.0771596506 1.8945781 -0.573824763 0.200079516 0.364442706 -0.0700047836 0.00896085426 -0.0138337035 -0.105907641 -0.190025836 -0.234298363 0.161083013 0.0239967164 -0.0420898236 0.0186271574 0.0664343983 0.0782216117 -0.046162419 0.0520300716 0.0507746786 -0.0290969685 0.0080242902 -0.133186892 -0.0410119966 -0.165645108 -0.0155941537 -0.0167873725 0.134751812 -0.0183526129 1.81453907 -0.514158487 0.279081464 0.198422626 0.00254215277 0.0812960342 -0.0651200414 -0.103238098 -0.244040415 -0.297446191 0.0954777077 0.180026606 -0.0782011375 -0.206387147 0.0164747499 0.137100473 -0.0725888535 -0.000861100852 0.0461730957 -0.0421190113 0.0401790217 -0.185294777 -0.136211276 -0.119111054 -0.0828727186 -0.0703004673 0.19230406 0.0375358276 1.85760581 -0.5576455 0.415944576 0.54137516 -0.0988188609 0.100223705 -0.0328826979 -0.0415553451 -0.2672607 -0.396553755 0.170679003 0.115794994 -0.0622768104 -0.190384954 0.0893799886 0.267140269 0.0665584058 0.000700362027 0.024691619 0.00116229802 0.0114112049 -0.296133876 0.323889822 -0.243464708 0.00935872644 0.0563017912 0.0809655488 0.153650463 -0.117469341 0.0551876873 0.0134522924 0.0627793372 0.0731936768 0.000336680765 0.0590883344 0.0519165806 0.252115875 0.0620594472 -0.0805185214 0.0645660758 0.0600071661 0.149636462 0.100303322 -0.0444344431 0.0380889401 0.0898246616 0.0198503044 0.0319779292 -0.0453606881 -0.0176580846 0.0319585614 0.16746366 -0.0248310976 -0.211864054 0.0394860134 0.0612991862 0.195981577 0.0362263806 0.0179853067 -0.0161176696 0.0226275753 0.207564339 -0.044921156 -0.0801320001 -0.0330096148 -0.0224385522 0.204212874 -0.0320823304 -0.0139257265 0.0644174069 0.0301289521 0.0258424487 0.0970060676 -0.00845822971 0.010907948 0.0855766535 -0.12562342 0.00899631716 -0.0755130351 -0.00496117771 0.0366450883 -0.099663116 0.072958529 -0.00171483052 0.0661592633 -0.0249268711 -0.0625620633 -0.00319087575 0.0834958032 -0.0670746416 -0.0198588446 0.149763197 -0.0315662585 0.0922330767 -0.034184359 0.0264763646
-0.0908227935 0.0349850319 0.104896702 -0.0815324411 0.00582441781 0.127987176 0.0554981455 1.05824745 -1.77192104 0.0816306919 -0.0507021248 -0.16034928 0.0544074066 -0.105747312 -0.0143197346 -0.102316037 -0.204580829 0.0634749532 -0.164855123 0.0296194106 0.0864040926 -0.0754715502 -0.189758345 0.0386279374 0.0168773159 -0.0501814224 0.0696199387 0.0494751632 -0.14611119 0.0370177999 0.0331132226 -0.0770975798 -0.0153266154 0.0153483823 0.0685339049 1.029351 -1.53712726 0.16142185 0.0224299692 -0.0925156251 0.0635967106 -0.0957445875 0.0533452667 -0.0532268919 -0.0704786181 -0.0251301955 -0.0407677367 0.180381462 -0.0645679161 0.0227072574 -0.153498217 0.00073094666 -0.0712105706 -0.0237710476 0.0616447628 -0.0656536072 -0.0612266324 -0.0982998312 -0.021716278 0.0395235084 -0.0142424237 0.121353902 0.0106025953 1.0160414 -1.42221022 0.226103604 -0.0279787555 -0.0382634401 0.170429423 -0.0242625419 0.0132862646 0.00598244881 -0.0435064547 0.0727498755 0.0577681139 0.128790274 -0.145290315 0.0911190212 0.0615923665 -0.0536359996 -0.0596435294 0.0571873933 0.072140947 0.00638131052 -0.124330439 -0.00411717035 0.0685064793 -0.199467137 0.107374147 0.190830275 0.0541901886 1.01618361 -1.36987329 0.204405293 0.127974451 -0.0770973861 0.083987087 0.0421016961 0.113738418 -0.000195278059 -0.114050351 0.142843187 0.019334821 0.0832255855 -0.136735499 -0.0198766328 -0.0703920349 0.0611755252 -0.0444099158 0.00982180983 0.0585822314 -0.00921275467 -0.141315579 -0.0350996815 -0.0645781681 -0.0366924815 0.0412923694 0.0181477815 -0.0146638416 0.0319207348 -0.00951607525 0.0077417423 -0.0749529302 0.0576842539 -0.0513227209 0.0153719708 0.0283551533 0.0529596992 -0.00974630192 -0.0624147244 -0.0094505772 -0.00660820119 0.0575171225 -0.0123801362 -0.0101408269 0.0424410552 0.0810497478 -0.00418000016 0.0700178072 -0.022198936 -0.0728602782 0.0315635465 -0.0607574172 -0.0233971197 -0.0435931049 0.062488988 0.00984495599 0.0191367175 -0.0193298105 -0.0460102558 0.0208483562 0.0275575873 0.0921355933 -0.036688786 -0.131302908 -0.0405907668 0.103102542 0.111523584 0.0897507519 0.0203909688 0.0289625302 -0.0171173383 -0.0300231501 0.0403449088 -0.0915082991 0.0462956429 0.0706799775 -0.00500792405 -0.0206261631 -0.0132946968 -0.00773946196 0.00823487341 0.0376132689 0.0369305834 -0.0517371558 0.0171156526 -0.00986720715 0.0762573332 0.0775561035 0.0221717246 0.0386863351 -0.0338665508 0.0190560259 -0.0910726637 -0.017245369 -0.0606278963 0.0926897526
0.00834451243 0.217821285 -0.0871386081 0.429002583 0.0314560831 0.152504802 0.0696934983 0.710590184 -2.24204493 0.314847648 -0.0632445291 0.0787622705 -0.195750564 0.133697987 0.122330658 -0.0457453281 -0.15167734 -0.329299539 0.019944502 0.0412542 -0.354028612 0.0290436819 0.109572813 0.0153397247 0.0179636404 0.00268710405 0.0177571699 -0.00612252951 0.00742545538 0.0769043863 -0.275093913 0.187712684 -0.0153302839 0.198106781 0.0979820266 0.52382189 -1.97153974 0.311533034 -0.0579449907 0.0703309774 -0.0901332945 0.00748533988 0.0794079751 0.0625399798 0.174758747 -0.284253985 -0.0664478168 0.105511256 -0.296285778 0.0172983557 -0.193964645 0.0128158033 -0.0442384779 -0.0337460525 -0.0111160427 -0.018067196 -0.0373584293 0.0295838304 -0.120368361 0.258699179 0.0387555435 0.259114146 0.0388806909 0.603216588 -1.64556503 0.152485669 -0.239433348 0.0823099986 -0.16665481 0.0296497885 0.0170761887 0.0835908353 0.146324962 -0.326817214 0.0230460037 0.00135780952 -0.00998459756 0.100253701 -0.255683392 0.0445987582 -0.0647609532 -0.046325434 -0.0458149388 0.00962646306 -0.0111772539 -0.00357201113 -0.133413523 0.219654426 0.012925515 0.0988197103 -0.00107047975 0.531342268 -1.50113177 0.0803245232 -0.144845098 0.0983354375 -0.146209985 0.0476204753 0.0686889067 0.164319798 0.0743247867 -0.21882233 -0.114692263 0.0207140241 0.0434254184 0.131162733 -0.242122725 0.0669382364 -0.050267227 -0.0371812321 0.0322559178 0.0581757426 -0.0603773147 0.205542192 -0.128110617 0.0167334601 -0.0155979283 0.0233441629 0.0874238014 -0.0051610209 -0.0675237775 -0.00307073258 -0.0485647917 0.0596408956 -0.0133762388 -0.0534576923 0.00382054877 0.0286820717 0.038890902 0.0698605478 -0.000970870256 0.0490537398 0.0194897056 0.00718758814 0.0425483286 0.0628149211 0.0558470413 -0.0192919131 -0.0559087396 0.0574576557 -0.0265567601 0.0340403132 0.0893881246 -0.0167889334 0.0819796696 0.0371651128 -0.031984508 -0.0291061886 0.0271604247 0.116400696 -0.0340506174 0.0348364562 -0.0060237688 -0.0192055441 0.0969149843 0.00069218874 0.0112406509 0.0667515174 0.00259724818 0.145604059 -0.0629866421 -0.0192588288 -0.024049852 -0.071908161 0.137420028 -0.0180970095 -0.0352250673 0.0322274044 -0.064868249 0.0236935969 0.0347633809 0.0063249087 0.112503029 -0.00821199082 -0.0280312896 0.0143927559 0.06865751 0.0661030486 -0.0133461123 0.0274537858 0.00628836453 0.0402595736 0.0724558979 0.012049445 0.100099251 0.00903052837 0.0342183486
0.00597452372 -0.0984018072 0.121960647 -0.313098788 -0.0306220204 0.0357835852 0.0311856084 -1.35217428 1.29547131 0.0528017059 0.0572528429 -0.0420930311 0.0311763305 0.00413276954 0.284795791 0.248590842 0.169454575 -0.237572402 0.0678645223 0.0414282978 0.192204654 0.00396392029 -0.0293971021 0.0313231349 0.0694197267 0.0721339434 -0.0615545772 0.00443512201 0.00316987 0.0105419001 0.342103213 -0.357610077 0.00970834307 0.0549406968 0.102239423 -1.39515173 1.28871024 -0.0920106024 -0.130439311 0.0326283127 0.0764960051 0.0748974308 0.150752887 0.113739826 -0.00433200691 -0.126968756 -0.140964538 0.0193177182 0.0628940761 0.0332652219 -0.0377428718 -0.0369274691 0.0127728879 0.0672966391 0.0120399371 -0.0362377688 0.0538590811 -0.052087836 0.217684001 -0.0886866227 -0.0206643213 0.0413459279 0.0680746213 -1.24681878 1.08618712 -0.0947731733 -0.0628262907 -0.00797192939 0.032939855 -0.0259128753 0.205335349 0.127300575 0.115072802 -0.148718491 -0.213194907 0.0373227708 0.337844312 -0.0359400995 -0.256620914 0.0312327743 0.0218387693 0.0399360657 -0.0587650724 0.0226041526 -0.0261875018 -0.0251092464 0.214733586 -0.0674932897 -0.0613022111 0.0326776728 0.065555118 -1.28114784 1.09150434 -0.0424909592 -0.251583904 -0.0220123827 -0.0028131234 -0.0307862964 0.135692433 -0.112577602 0.154538795 -0.0949064791 -0.150384784 0.110769905 0.367359072 -0.0970969573 -0.34207657 0.0100070983 -0.0582299158 0.0397752896 -0.0131612867 -0.0612315536 0.0754712671 -0.0855579898 0.128060967 0.0560571849 0.111815132 0.0357459448 -0.0199139491 -0.0133232586 -0.0499546379 0.0350266844 -0.00127955968 0.0584195964 -0.0965645835 -0.0454891324 0.102828346 -0.0260305591 0.0580757186 0.077651076 0.0720825195 0.0905910656 0.0769522116 0.0346200131 -0.00893085916 -0.0225480683 0.0536119491 0.111560553 0.048523169 -0.0373930335 0.0349175557 0.0642235801 0.0460842066 0.0560410395 -0.00820173789 -0.0699747428 0.0652795061 0.0570642054 -0.0411297679 -0.00836015865 0.0149536878 0.0655682907 0.0585626028 0.0297821593 0.0249226745 0.00894617289 0.0833005235 0.0124449143 0.0511018075 -0.0652955845 0.0329458714 0.083986707 0.0876673982 -0.00904229656 -0.0459082089 0.0535098314 0.00119770027 0.157655016 0.0854476467 -0.050990656 -0.0570525676 0.0679858848 0.0684656203 0.0335330255 -0.122728288 0.018713519 0.0530466884 0.0559269823 0.0404984131 -0.0917939097 -0.058873333 0.0114155924 -0.0100607062 -0.000752226391 0.0385488868 -0.0136496983 0.0254905205
-0.0158358924 0.0188091956 -0.0266868714 -0.233569071 0.0501835234 0.277782261 0.0443718918 1.03206897 1.4275924 0.544538558 0.315778762 0.0160542093 -0.017357666 0.142593607 0.182315901 -0.219692856 -0.0328962691 0.178076521 0.083056286 0.129074141 -0.49517414 -0.193417132 0.397504151 0.0688435584 -0.00622974336 -0.0600023828 0.0671500564 -0.0154219121 -0.0827109218 0.177100912 0.073332727 -0.100219235 0.0212171152 0.221646249 0.103610888 1.00204563 1.31799161 0.399495184 0.169850633 0.0515489392 -0.10815873 -0.0409875885 -0.163495153 -0.208897948 -0.0613647178 0.0270059034 -0.101211406 -0.00118664908 0.106563061 -0.0102864057 -0.147815809 -0.0492579304 -0.0178589076 -0.0449978635 0.00192401558 0.0574565381 -0.10656026 0.198856056 -0.183833838 0.0271959361 0.0541317388 0.122225173 0.0965297073 0.921864688 1.0903399 0.205974743 0.0700408518 -0.0217407811 -0.117318287 -0.173108697 -0.243051708 -0.171039596 0.0649663359 0.0193904117 -0.0125746662 -0.12787658 0.025220992 0.0336351395 -0.153736293 0.023733072 -0.0226694234 -0.064404577 -0.021988485 -0.0163508691 -0.00160213734 0.13497968 0.0294087827 0.288606346 -0.000990749802 0.150379315 0.10875608 0.873632133 1.07264066 0.235037968 0.0308726244 -0.0230465885 -0.0986698344 -0.127107918 -0.249220401 -0.212099567 -0.0271920711 0.120219439 -0.0670443177 -0.206508577 0.171829894 0.0507204607 -0.100500725 0.0323559344 -0.0222284235 -0.025095176 -0.0344992951 -0.0707296953 -0.087568894 0.0744277537 0.0645981878 -0.000752530992 0.092933923 0.0373042151 0.0310571399 0.112818152 0.0655059963 0.0948861241 -0.0255558994 0.115033716 0.0904403329 -0.0524731502 -0.00331966626 0.0102653606 -0.0403965376 0.0490602851 0.0589582324 0.0688539594 0.0883131698 -0.00123631931 0.00212751818 0.0483991131 0.0397890024 -0.00802269951 -0.0220191646 0.0253243465 -0.0540078506 0.0924981236 0.035597384 0.0489751324 0.0631276593 0.04438591 0.00594062777 -0.00679574162 -0.0442257263 0.0201634113 -0.00748102367 0.0399382897 0.0943659171 -0.0208487734 0.000173167937 0.010737814 0.0417508818 -0.00174833194 -0.044247482 -0.0935792327 0.0488911718 0.100004494 0.0119192954 -0.0242180694 -0.100022614 -0.0722008571 0.0195580013 -0.0773324743 -0.0807404444 -0.0732466578 -0.0143856592 0.0476898067 -0.0710180253 0.0251992159 -0.0646491274 -0.0346325673 0.00507142022 0.0263490137 -0.0405246019 -0.0645646155 0.0114128888 0.015354828 0.0192494895 -0.135777608 0.0548215173 -0.0710322186 -0.018310301
0.314060658 0.0935829505 -0.100037962 -0.259360164 0.0488735326 0.656365037 0.0125122331 0.584462404 -0.887837589 -0.111052021 -0.460502446 0.0430678129 -0.273691177 0.177409545 -0.113837294 -0.045773454 0.10508018 -0.0514212996 -0.0449808352 -0.0464588292 -0.289148122 0.0199537314 0.0044868663 -0.0393072441 -0.0465465002 0.0544743687 -0.0673636571 0.0704604238 0.295703083 0.00320774061 -0.22871992 0.299682975 -0.0222205538 0.539790273 0.0985792354 0.512774348 -0.776111543 0.0321295746 -0.570490539 0.0598591529 -0.446769416 -0.00450729672 -0.0202119946 -0.0137352543 0.196688592 0.0233681295 -0.0180961359 0.013692122 -0.219226837 0.142399475 0.0929681137 -0.0103529096 -0.0608301125 0.00225515664 0.0259389132 -0.039716091 0.271044821 -0.0500564277 -0.263696969 0.362412244 0.0917591974 0.361611784 0.0853652582 0.520412743 -0.716258526 0.0413852371 -0.442356139 0.0992336646 -0.414905816 0.00396643113 -0.105629034 0.121491946 0.10299053 -0.0449986085 0.0953702778 -0.0797331706 -0.222066358 0.162992448 0.0269239433 -0.00511533767 0.00550288707 -0.0314285122 0.038714394 0.0674729347 0.282462597 0.0198917296 -0.11899893 0.0174337663 -0.00705142878 0.242321655 -0.00929362513 0.576675832 -0.605576575 0.0291797649 -0.226037532 0.068723537 -0.526716411 0.135685861 0.0274885632 0.22354801 0.0805575177 0.0154463761 0.187598109 0.0713021606 -0.182782277 0.112938449 -0.00195798371 0.0435987785 -0.0287647136 -0.0602779835 0.0343094394 0.027121909 0.337399572 -0.0631843135 0.0724162832 0.0248880461 0.0922370777 0.0941805691 -0.0218105018 -0.0583780482 -0.0111023933 0.00140651898 0.159712374 -0.0284339301 0.0280003622 0.0717969537 0.0792865828 0.373204947 -0.284479201 -0.000275424245 -0.0272150561 0.0637436956 0.033643581 0.0223925691 -0.11292734 -0.0492530391 0.034632761 0.1301011 -0.0187726282 0.0812666565 0.0351426601 0.048709102 0.222627476 -0.112061143 0.0594259463 -0.0150550455 0.129459962 0.141087785 -0.101800136 -0.00835063308 0.0409872383 0.0944225565 0.0901532695 -0.0953951851 -0.168508649 -0.0154349022 0.0831466988 0.106876276 -0.200687885 -0.0551387854 0.0729931146 -0.00535673043 0.0316608436 0.0363578014 0.0153312944 -0.0703456923 -0.012174922 0.0880097672 0.0235182587 -0.23621735 0.00625234097 0.112524711 0.0416385829 -0.0804088339 -0.167098939 0.00280775875 0.120392829 0.0968556479 -0.025604805 0.0669589937 -0.0116154216 0.0382051356 0.0386661105 -0.0327878185 -0.0583483949 -0.0256785005 0.0790054873
0.301098078 -0.398909003 0.130588233 0.69161123 -0.0500466786 -0.25690335 0.0762963295 0.505854726 -0.21558769 -0.498359144 0.417986006 -0.112672821 0.143051982 -0.182904005 -0.105256148 0.0431010313 0.237890646 -0.11619471 -0.0929164886 -0.184036508 0.548698545 0.151713893 -0.43626377 0.04781048 -0.0384905487 0.0110335052 -0.0168197975 0.0635714233 0.163829669 -0.476655185 0.0803060159 0.460047096 -0.0356659517 -0.302684218 0.0471124314 0.510250211 -0.215067551 -0.459455699 0.477819741 -0.181853607 0.0944212675 0.0112649761 0.0716771558 0.00687241927 0.00123078516 0.0774947181 0.0390353873 0.0614172481 0.129975885 -0.1524176 -0.146212906 -0.0559673831 -0.0727370158 -0.0697458535 -0.0477663055 -0.0710899606 0.252670199 -0.420390874 -0.0838654414 0.18894875 0.0357926898 -0.24895373 0.0597857162 0.57362932 -0.136599854 -0.459741235 0.554627419 -0.0933786035 0.0939385593 -0.0895622894 0.165454492 0.0710043386 0.0237435419 0.0335929655 0.102295294 0.0779187977 -0.00446889549 -0.0328210443 0.115568243 -0.0507571399 0.0603692532 0.0614414513 -0.00221391022 0.0632966757 0.292976141 -0.473938316 -0.0801170692 -0.575643122 0.00574757252 -0.238486141 0.012364327 0.657444835 -0.23993884 -0.407910615 0.611207604 -0.195506111 0.111295417 -0.100099117 0.164862543 0.0611572564 -0.0860394239 0.0898367539 0.172891781 0.106733911 -0.120191388 -0.0466076098 0.180006132 0.0133642629 0.0268099979 -0.0563844778 0.066455245 -0.0695259571 0.18796809 0.15403004 -0.0673786476 0.0684047192 -0.0480762534 -0.0377862118 0.164382413 -0.18271786 -0.0618228838 0.0315541551 0.105559371 0.014871723 -0.127069578 -0.0458194017 0.0345390849 0.0447373427 0.0800853595 -0.122598276 0.0437039733 0.0212694444 0.0982864946 0.0181903988 -0.0790104717 -0.0310615934 0.0245742649 0.0655495599 0.103801794 -0.0435305461 -0.0284897909 0.0121567743 0.0257617608 0.0621048324 0.0138888666 -0.0612103492 0.0233586282 0.167804167 0.0705997422 0.0935700759 -0.000715129077 -0.00436630892 0.115876779 0.00972624961 -0.102043241 0.0160048306 0.0572945438 0.00734476419 0.0578377694 -0.0452957228 -0.00887277722 0.00429025665 0.00446126377 -0.0269374661 -0.107010081 -0.0192356631 0.0759666637 -0.0912514776 0.0343119837 -0.447513878 -0.0381112546 0.0546898358 -0.348006338 0.154452875 -0.290251225 -0.0506989583 -0.0167814381 -0.0815131515 0.0581161007 -0.302089602 0.0523006469 0.0351784676 -0.166255221 0.0784751996 -0.12292017 -0.011185389 -0.02852685
-0.11361669 0.117684372 0.0694261268 0.181254268 -0.00977767073 0.245512784 0.0979573578 0.461263776 -2.33761644 0.378226012 0.179562628 0.126969263 0.000728105195 0.172211125 0.149651632 -0.278741598 -0.240923762 0.159593925 0.146988466 0.0903918445 -0.760987222 -0.195581123 0.742981911 0.00711245835 0.0252356157 -0.0638406202 -0.0313149951 -0.00186113268 -0.0856437013 0.186931908 -0.0909092128 0.31014967 0.0302673653 0.151239067 -0.000890949683 0.381553382 -2.17111707 0.220475465 -0.0633401573 0.0807323977 -0.0457297936 -0.0580106005 0.0154676428 -0.0340056643 0.129344806 -0.0391062461 0.0501061231 -0.105084509 -0.309815079 0.0532461517 0.0189355966 -0.0113019347 -0.0561494231 0.0241492465 -0.0186412819 -0.0352013782 -0.0326291434 0.0882361531 0.0751986355 0.0695707574 0.102811411 0.26456058 -0.00184385106 0.346955955 -1.76354539 0.211804137 -0.264290392 0.0629162714 -0.0295543466 -0.0358330421 -0.0921021476 0.0179964136 0.055760663 -0.0787669793 0.0760517865 -0.21128045 -0.118038967 0.102227964 -0.0768033043 -0.0477787778 0.0199334547 -0.0069443509 -0.00497415662 0.0655913502 -0.0918393135 0.123882286 -0.0176689234 0.131127313 0.0764213204 0.127723545 0.0760977268 0.307129711 -1.59430695 0.212205157 0.02459893 0.0918262899 -0.108509362 0.0177663304 -0.169964537 0.240429655 0.117552266 -0.044405248 -0.0627426505 -0.14192389 0.0565049835 0.173428431 0.000182888369 0.024627611 -0.0189424008 -0.0299676694 0.0289878547 0.0253609195 0.0169358477 0.107500508 0.107143328 -0.0706669912 -0.0140769668 0.0304132625 0.100270465 0.0628470331 -0.0697971657 0.025516944 0.0298443977 0.0732519552 0.0621702373 0.00159940869 -0.0120948413 0.0491631925 0.0108996965 -0.0445984453 0.0405044556 0.0321356505 0.111053973 0.0560692064 0.00143712864 0.0411888212 0.00499905134 0.0869868398 0.0146628683 0.0827155039 0.0699139833 -0.0173221417 0.118691988 0.0437153578 -0.132262766 0.0214366242 -0.0233049896 0.0934237167 -0.00624116696 -0.0837997124 0.0265465677 0.013423739 0.161830947 0.0336761661 -0.0142769702 0.0576420277 0.0580860302 0.129533783 -0.0218179114 0.00549399387 -0.012079373 0.0288412198 0.0366884023 -0.0535738319 0.0413166657 0.0313808769 -0.00370338699 -0.0328154899 0.0187730826 -0.106007144 -0.00323596597 -0.0361632742 0.120564885 0.0317150727 -0.0544882827 -0.0679888204 -0.0179032683 0.0931189358 -0.0756674185 -0.0344962887 -0.0185362361 0.0376303792 0.0656039491 -0.00316494796 0.0206605904 -0.00650933385 0.0841897354
-0.164068431 0.130536139 0.182556376 0.170258477 0.0911422446 0.104121678 0.0358356312 -1.1349746 -1.22658706 -0.0621839799 0.19731918 0.0816308558 -0.192901745 0.0831172615 -0.291024774 -0.404709101 -0.11545299 0.0573327728 0.0976763293 -0.0613635853 -0.0306889303 -0.0506106056 0.135152191 0.0168932378 0.0270714387 -0.0521164089 0.0575011522 0.0519642085 -0.145988822 0.0534793809 0.0268609319 0.0858869404 -0.00757067231 0.131281346 0.0659367591 -1.20941305 -1.21941912 0.0293988697 0.168444678 0.0955819041 -0.0554352403 0.0465346649 -0.165406868 -0.23751016 -0.0397576056 0.0834368393 -0.0850441083 -0.105982333 -0.128715247 -0.0878475606 0.0574177094 -0.0198852792 0.0114991292 -0.0151949637 0.0549000204 -0.00479660183 -0.123779647 0.0702748224 0.271294683 -0.0535807349 -0.0383707657 0.113782674 0.014070645 -1.14434135 -1.01229143 0.0642600209 0.0636397153 0.114477284 -0.0826994106 0.130836308 -0.106886238 -0.276857883 -0.0489525199 0.00194803113 -0.0286794305 -0.0600062683 -0.180449396 -0.115813516 0.105584018 -0.042548053 0.0137559623 0.0712101609 0.0607381463 0.0416942984 -0.182169691 0.0548571013 0.0752835423 -0.233134225 0.035934221 -0.0262606349 -0.0097139217 -1.12533009 -1.01873887 0.0919859707 0.149191603 0.136637852 -0.156176209 0.055331707 -0.137517303 -0.207489833 0.096696876 0.027366912 -0.0408208296 -0.00248048501 -0.255145043 -0.0996390954 0.0371487811 -0.0401150361 0.0229314938 -0.00281430781 -0.02155637 -0.000252999365 -0.322697759 0.0735123605 -0.1806788 0.0706206113 -0.0133939832 0.0320061408 0.00875083357 -0.100353479 8.01235437e-05 0.0634990633 0.0191361364 0.0679681152 -0.0596910901 -0.0488329716 0.0939787105 -0.0183689091 0.0676581785 -0.0513627194 0.012951158 -0.0319705643 -0.0219086986 0.0358156823 -0.00282982388 0.0425500795 -0.0363202691 0.0414630696 0.0399260521 0.0139414994 0.0607712269 0.0856584683 0.0518254787 -0.108059868 -0.182347268 0.0248359591 -0.000269226904 0.0755211934 -0.0199898835 0.0532734655 0.0407833159 0.0711047873 0.0900873616 0.00900020823 -0.0604086667 -0.0292690173 0.0181845818 0.0371847115 0.0653873011 0.0302135441 0.0212598741 0.0280704591 0.0229363013 -0.0437947288 0.0618206635 -0.0654119626 -0.00407030992 0.0654201359 -0.076881595 0.0975518301 0.0116500482 -0.0386142805 0.0261942931 0.0339843258 0.0990419462 0.0136876479 0.0887511596 0.0379789025 0.00641228678 0.0557011589 -0.0539191067 0.0158373471 0.0366278142 0.0328145027 0.0887233689 -0.0310137458 0.0189015735
0.0709856749 -0.211163655 0.0330362134 -0.280322343 0.0539092794 0.0282422639 0.120367579 -1.89830661 1.68288052 0.0360279679 -0.193796098 0.0771549419 0.10744369 0.083678171 0.0605332553 0.0864922479 0.117593206 0.0789178833 -0.00742317503 0.0967697948 0.151823491 -0.00617930107 -0.0691629797 0.0370646641 0.0622249246 -0.0524225384 -0.0186579153 0.0174291208 -0.0271532759 -0.155979604 0.273611039 -0.11683061 0.0176230576 -0.00753005827 0.00276130275 -1.94093239 1.69486821 -0.0930519477 -0.0942858979 0.00967680942 0.0485282429 0.087338008 0.0114018917 0.103554174 0.0263497531 -0.148504958 -0.0790421516 0.0597056299 0.140920639 -0.129628047 0.0610600263 0.0588812828 0.0230244845 0.0357943401 0.0273368731 0.059939757 -0.0307304673 -0.113395721 0.23711811 -0.149192706 0.00107459631 -0.140120924 0.0175044648 -1.86277354 1.54183483 -0.108939253 0.00633061258 -0.0090932725 0.0418747589 0.0641685054 -1.3933226e-05 0.0603046045 0.178526938 -0.00444582803 -0.141782314 0.114210658 0.178734273 -0.171973005 0.0810940713 0.0633996725 -0.0577820055 -0.04242073 0.0349657759 -0.0449956842 0.0814424232 -0.0970716327 0.205219418 -0.0825350881 0.11365632 -0.0398538448 0.0591343604 -1.77103877 1.37884045 -0.248415917 -0.248662159 -0.0296083372 0.0576260313 0.0348051451 0.132601842 -0.109116644 0.160756856 -0.0836543813 -0.134621128 0.0518491007 0.118050776 -0.118185081 -0.1130483 -0.058619298 0.0368497372 -0.069775641 0.0456303135 0.0237747356 0.192704752 -0.0955201015 0.233853877 0.0537953377 0.11770945 0.00501159299 0.0223106015 0.0680526346 0.0128975436 0.121769197 0.0191769022 0.0551296696 -0.0573881082 -0.0656087548 0.0543971919 0.119841732 -0.0142771499 -0.0145980185 -0.0292537175 0.0335922353 0.0756093711 0.0580647625 -0.0468742996 -0.00451031327 0.0775841102 0.0231200065 -0.0186162479 -0.0957229435 -0.0584501922 0.109573983 0.0412726775 0.0477007851 -0.0282092076 0.0617630184 0.140090808 0.0516657121 0.0945920721 -0.0767534375 0.0298933387 0.0239010043 0.0555534922 0.00780251017 -0.0183583032 0.0530015379 0.12192639 0.139377281 0.0537275784 -0.0591785647 0.0196102709 0.126774147 0.0975995213 0.0629947484 -0.122471325 -0.0353909321 0.0553817935 0.126782879 0.0104493639 -0.0242659654 0.0639792085 0.135472402 0.0246471427 0.0307036247 -0.0428511761 -0.0664230436 0.120437436 -0.0522074141 -0.00645659212 -0.137814492 -0.0275056697 0.0439533331 -0.0570900887 0.0972104296 -0.0191515703 0.0504891649 0.0282279085
-0.0884674489 -0.2238639 0.0584971271 -0.0111496923 0.0314978771 -0.0765618682 -0.0159487277 -2.34716296 0.414839804 -0.132233739 -0.426806539 -0.0129458494 0.0372804031 -0.180562094 -0.179737508 0.268840492 0.0444026478 -0.26054889 -0.264617801 0.0257118754 0.416881114 0.0814284831 -0.125630125 0.0143819973 0.00427510589 0.0150670484 -0.0435970388 -0.0143277496 -0.0292667951 -0.207834989 0.270375282 0.248304516 -0.0459862649 -0.0784125924 -0.0353118069 -2.22771168 0.504876733 -0.130118996 -0.248031244 -0.112958141 0.0509594344 0.047962442 -0.180245906 0.155535534 -0.100681864 -0.0910122916 -0.0591474138 0.0694280118 0.0685556233 -0.115224555 -0.130507559 0.052258566 0.00635878742 0.0626146346 -0.0255809873 -0.0692896992 -0.0104893427 -0.183793873 0.309654802 0.136607885 -0.00437755883 -0.0168406442 0.108733445 -2.17895699 0.38818565 -0.175894663 -0.116644256 -0.101447836 -0.0383094251 0.162584856 -0.221911579 0.137145266 0.0264986195 -0.0308238827 -0.275769174 0.0716075748 0.242867321 -0.141239479 -0.239240602 0.0485112891 0.0726522654 -0.00386855006 -0.0522396378 0.0336078107 -0.108285174 -0.0910757184 0.186073348 -0.0179423373 -0.00500154169 -0.0244965684 0.00797724072 -2.23875999 0.417874664 -0.108942881 -0.129436702 -0.0999694541 0.0139732379 0.114204936 -0.215717524 -0.0565031245 0.124862351 0.00213248958 -0.252824306 0.0683925897 0.113315538 -0.0818280503 -0.241916701 0.0608954728 -0.0261830427 0.0275395811 0.0168769136 -0.0721459687 0.0388719328 -0.00953942817 0.0886608511 0.0387757346 0.0834848285 0.0539062098 0.0349691175 0.10644079 0.0243218839 0.0233733188 0.0108287632 -0.0168204326 -0.0142398477 0.0578252226 0.0284278151 0.121527858 0.0417966433 -0.0476525985 0.0284042582 0.0668089837 0.00749484915 0.00878450926 0.000496698485 0.0258142501 0.0945780724 0.0548732579 0.0573969968 0.0132104959 -0.0633633137 0.0912618041 0.0673530474 0.0650028288 0.116225846 -0.0708123296 -0.0225368049 0.00588645926 0.0559482761 0.00429486344 -0.0704007223 0.0793615431 -0.0234980173 0.0635337606 0.00516464189 -0.0246649869 0.0846494436 0.130502477 -0.0259357151 -0.0514966995 0.0262970552 0.079066202 0.102308854 0.0449779481 -0.111478724 -0.0629937202 0.0110843191 0.0968302786 0.0158375893 -0.102807499 -0.00356104225 -0.00578217348 0.176442727 0.0068737627 -0.132136717 0.0129561424 0.070195511 0.111991756 -0.0247031432 -0.19580394 0.0647231042 0.063319698 0.0958854333 0.0582666956 -0.0974557474 0.00503315777 0.0555185899
-0.010008241 0.139851525 0.179180026 0.00291740941 0.0228529256 0.120589063 -0.0327230431 1.13159668 -1.23667562 -0.0527382493 -0.0436162055 -0.118908942 0.173162147 -0.06562756 0.0971971378 0.270748973 0.183526471 -0.210268483 -0.289530218 -0.0962761641 0.0940352306 0.119885467 -0.346440226 0.0455996543 0.0282392949 -0.00937590748 -0.038730979 -0.0699796826 0.04029385 0.0973725468 -0.0333480574 -0.249388829 0.0529687628 0.0897050202 0.0766698867 1.09343958 -1.16798508 0.0507216789 -0.0762244463 -0.0904141292 0.148744226 -0.0780318081 0.1635786 0.289607912 0.117396377 -0.295721769 -0.0407403484 0.116696484 0.114465892 0.0705668479 -0.137507007 0.0420414135 0.0375904813 0.0289510339 -0.0128278621 0.0072670728 0.0618123524 -0.00789450388 0.301719576 0.0869651586 0.0315230601 0.218027964 0.0660016686 1.12175167 -1.00330603 0.0832385644 -0.0620976426 -0.0391645022 0.183149561 -0.119821973 0.0577197298 0.227752239 0.0776874498 -0.0596467443 -0.133773446 0.0513794497 0.04884886 0.0150407869 -0.282091945 -0.00858599693 -0.0354675911 -0.045635961 0.0432320982 -0.00750435889 -0.0150964884 -0.0223518312 0.378376454 -0.192773029 -0.0233826023 0.206966072 0.0194404423 1.01565599 -1.0400902 0.0941816941 -0.0299954023 -0.0745941401 0.173002824 -0.0637674928 0.186119601 0.363435179 -0.073307097 0.0131158708 -0.136868447 0.0835157558 0.31361872 0.0638788566 -0.383050859 -0.0437496193 0.0507536158 -0.0513390005 -0.00981772691 0.0339507684 -0.122435428 0.062910296 0.0528101288 -0.0544186495 -0.0421437435 -0.0125656985 -0.0138763636 -0.0225485675 0.00539675355 0.0889276117 0.0308794081 0.138813987 -0.0434720479 0.0455323905 -0.00209999061 -0.0842180923 0.117849179 -0.0294063259 0.0257399604 0.0545236357 0.0469504781 0.0643566772 -0.00292775733 -0.0318177454 0.0740139708 0.0755201876 0.00640228624 0.0505319983 0.062853694 0.0224727653 0.0538346134 0.0585232712 0.0626613945 0.0662472993 -0.0234590005 0.0839558914 -0.0173896495 -0.0653475076 -0.0531543158 0.0893398449 0.0365282223 0.0271995887 -0.187598497 0.0290766358 -0.020944979 0.0184840262 0.0278366394 -0.0404794775 -0.00587722659 0.0465448387 0.00809557177 0.0110031627 -0.0842760429 -0.0166612118 0.054913193 -0.0364498384 -0.025086144 -0.200808913 0.03646826 0.0887557492 0.0765255988 0.061479684 -0.18870151 0.0653039813 0.0484433658 0.0821221992 -0.0809545666 -0.255112708 0.0188654959 0.0120938476 0.120921865 -0.13039571 -0.0490669794 0.0226390511 0.0281140506
-0.150648013 0.0355027542 0.130951285 -0.205313414 0.0174543802 0.533706903 -0.0180506334 -0.046039328 3.01376772 0.0237453971 0.327224106 -0.193727911 0.0863551274 0.154873386 0.0836148635 -0.606301129 0.108532332 0.708521247 0.0207421258 0.056694515 0.177745879 -0.060150262 -0.125305533 0.0456109345 -0.0728851184 0.00352679193 0.00230138004 0.0715187192 -0.22476685 0.0945233852 0.169269264 0.126522854 -0.0450023413 0.643177152 0.0400634706 0.0873248577 2.56563139 -0.197652981 0.262433529 -0.22104539 0.176764011 0.182994291 0.0938047841 -0.477132916 -0.237109542 0.368118405 0.106780298 -0.0369164944 0.272759378 0.0174683221 0.175137416 0.0670574307 0.017044127 0.0264754668 0.0450698361 0.0476484448 -0.124206431 0.0230764374 0.325576425 0.378582895 -0.0142742926 0.644840777 0.0201198794 0.121802919 2.32981181 -0.108821109 0.158404768 -0.161283627 0.177703246 0.0694301799 0.116754852 -0.588182569 -0.331210703 0.314436287 0.0712842196 0.0377135351 0.151746064 -0.141971081 0.162786335 0.0255823433 0.0534999818 -0.0609688424 -0.0336496048 -0.00231739134 -0.205776304 0.127991974 0.397755086 0.804784358 -0.023573691 0.52487725 0.0183325708 0.101074621 2.06898928 -0.0268510189 0.116550647 -0.0992842093 0.18873249 0.0176624637 0.12365175 -0.677607894 -0.289871812 0.108587667 0.156949833 -0.00737244962 0.0712190047 -0.113540843 0.240768462 0.0101314634 -0.0112318359 0.0126609579 -0.0484100282 0.00135379285 0.0737884119 0.0103310291 -0.034833394 0.0610124171 0.0166047513 0.125387356 -0.0310208052 0.12532714 0.0430038571 0.0385171473 0.101431832 0.0461622328 0.0323216915 0.0131449625 0.0946214721 0.0557701848 -0.0120833823 0.124267861 -0.057998661 0.084435083 -0.0234396737 0.03527705 0.021973718 -0.022760164 0.0637033358 -0.00142251595 -0.0120626027 -0.0748541579 0.0231372416 0.0420757681 -0.00296679256 -0.0129622975 -0.0204243772 0.0400406718 0.00503619015 0.0516188294 -0.00620329101 -0.00916893035 -0.0289040357 -0.0241171606 0.0561943203 -0.0895842165 0.0737632513 0.059218362 0.0814497098 -0.0276404228 0.070200488 -0.0216839239 -0.0280583203 0.0900020823 0.0650702789 0.0451572835 -0.00888786465 -0.0640397519 -0.0212071761 0.0589307845 -0.0899868309 -0.0708286464 0.0477883667 0.0392889529 0.0627557561 -0.0644954294 0.0290864334 0.0658937842 0.0638527796 0.06310343 -0.0839828774 -0.06413652 0.0426306427 -0.0148691088 0.0577041544 -0.144179374 -0.0350836143 -0.07165654 0.0748089775
-0.166458711 -0.169973359 -0.224255338 -0.399813384 0.033842776 -0.365380436 0.0663310289 0.666026175 1.50275898 0.276325643 0.107229479 0.0445368253 0.0813073665 -0.215471536 0.216733426 -0.0874817073 -0.0661862418 -0.338346511 -0.0102904066 0.211323023 -0.678214371 -0.156337693 0.420925945 -0.0261236578 0.0531031042 -0.0325804949 -0.0597378016 0.0234227702 -0.190333173 -0.0273138396 -0.147179216 -0.365280062 0.148571759 -0.190172747 0.0750515908 0.665522754 1.2539295 0.271555573 0.172171578 0.0461089909 0.0982458591 -0.376967937 0.000903251988 -0.0391978212 0.0364799537 -0.4427737 -0.014318387 0.103569061 0.00791119598 0.0267676357 -0.0698074326 0.0227144584 0.00978018343 -0.0140926428 -0.0308496132 -0.0655113235 -0.231540069 -0.030283412 -0.0885178521 -0.313160092 0.105825976 -0.112925924 0.0798949301 0.652675867 1.20216179 0.127190918 0.101311527 0.0281130504 -0.0387628525 -0.31408909 -0.102051646 0.0723329782 0.185029194 -0.398970127 -0.0273387171 0.0362991132 0.0380716436 -0.0270778593 -0.0575389564 0.0449453369 0.0042996034 0.0209672004 -0.00887561589 -0.0264140703 -0.220409706 -0.0741984546 -0.255912513 -0.448410124 0.105185054 0.183492675 -0.0140581215 0.579350054 1.15748167 0.146772325 -0.12464568 0.138226271 0.0952032954 -0.330283403 0.0537232012 -0.125402361 0.0482410528 -0.346139967 -0.202567443 -0.202436134 0.286194861 0.0207442455 -0.1889413 0.0529319495 0.0484937206 0.0223050565 0.00812467933 0.0337718427 -0.109497428 -0.036741849 -0.260742009 0.045496434 0.0610044189 0.0286093149 -0.104874879 -0.04436028 -0.0469768457 0.0570193231 0.00507511059 0.0650845245 0.0590089187 0.0537293255 0.00253280625 0.0400077179 0.00249376521 0.0508734174 0.0141603947 0.0403455421 0.115785711 -0.204266056 -0.0838846192 -0.0102435425 0.0561352074 -0.0145061454 -0.0505053923 -0.198431879 0.0302162617 0.0843217224 -0.00100530242 0.187452063 -0.170362175 -0.0606242679 -0.0162395891 -0.0488495119 -0.164966434 -0.238866374 0.0692111999 0.00552588981 0.0591654815 -0.136479124 -0.105166003 0.0475603417 0.0868331492 0.0774526298 -0.0410356447 -0.273459911 -0.0373602994 0.0676769316 0.071429275 -0.0258104242 -0.204195082 -0.0129821859 0.0113356607 0.0843755081 -0.185204759 -0.177570313 0.0430361181 0.109903485 0.0241473224 -0.0838487968 -0.0941055194 0.00952457637 0.0160625856 0.0916419327 -0.123736434 -0.112876773 0.0507725403 0.0354751945 0.04033098 -0.583881259 -0.0230292305 0.0608120114 0.05792417
-0.171636403 -0.171725646 -0.08655224 0.296723723 0.0481694378 -0.115948595 -0.00400167331 -1.16223419 -0.0694081262 0.0600044839 0.400908798 0.0407199599 -0.215795025 -0.101051368 0.0422121324 -0.388648421 0.107671112 -0.0406310968 -0.0830776915 -0.152288809 -0.142024279 0.0947266519 0.244223386 0.0296983495 0.0116271004 0.0420221388 -0.0395171158 -0.0472170897 -0.122797139 -0.105089881 -0.052366849 0.326192468 0.0209410936 -0.111282475 0.0100600189 -1.19728017 -0.186391115 -0.234652668 0.343540251 0.165572807 -0.271111161 0.055004634 -0.213361025 -0.274246424 0.134330183 0.0995589793 0.0131374206 -0.179652691 -0.0365011506 0.161153942 0.153369054 -0.0432488024 0.000619053841 -0.0603959337 0.0350305066 0.0145851746 -0.198428586 -0.145631373 -0.0692768395 -0.422619998 0.0079408437 -0.00642839726 -0.0260947775 -1.07486975 -0.22092782 -0.101424195 0.0780038461 0.0894939378 -0.185802728 0.0912330747 -0.112202056 -0.2942065 0.183885828 0.081630379 0.00523280818 -0.171518698 -0.236979648 0.220833749 0.239984378 -0.00375593454 -0.0423208848 0.0482519642 -0.0588163137 -0.0323974825 -0.139430597 -0.10755384 -0.1571794 -0.210213572 -0.0180680845 -0.0197267979 -0.0363677368 -1.05365217 -0.205369934 -0.078465648 0.163180619 0.155568689 -0.146664247 0.129555941 -0.142645508 -0.285409659 0.212851137 0.0534027405 0.0563077368 -0.199856654 -0.235225558 0.176906511 0.373739094 0.0315529779 -0.0421597734 -0.0340679027 -0.071535103 0.0516522676 -1.0179956 0.309105128 -0.625876725 -0.0270185471 0.0577296466 -0.0208379906 -0.104718424 -0.0207346883 -0.0340507105 -0.0363810547 0.0859594122 -0.0190110132 0.088255316 -0.0296382718 0.0407153219 -0.0226891693 -0.0343919992 0.0224276092 -0.0249019973 -0.00813270919 0.32275036 0.0540144928 0.0287390407 0.0627176166 0.0780697316 -0.0175955221 -0.166448966 -0.0332822837 -0.0194141008 0.00862578768 0.10392195 -0.0120805055 0.000346463115 -0.0570893101 0.0819734633 0.110658161 0.00727992225 0.0684982985 -0.0408341475 0.016281236 0.109602265 0.0134706218 -0.0838729665 0.0622390509 0.0790624917 0.153125331 -0.00243375124 0.0132448012 -0.0561256483 -0.0576263368 -0.0601804294 0.0662156492 -0.0574469902 -0.0292667001 -0.0201814175 0.104333378 -0.115323782 0.0414562225 -0.0136613809 -0.0345093012 -0.0238607563 0.0385154523 0.134019822 -0.0685224608 -0.0461158827 -0.00305608474 0.00835895166 0.153367728 -0.0184918568 0.079550311 0.0870145187 -0.0613475256 -0.0647455007 0.0192126706 0.00383601803
-0.103303961 -0.0978650302 0.255332023 -0.577615261 0.0908451602 -0.156090945 -0.0132333236 -0.563331366 -1.47741091 -0.0261304658 -0.23637417 -0.125944898 0.0798200667 -0.0588442981 -0.452940285 -0.16467756 0.130046055 -0.00593903894 -0.190661117 -0.132863447 0.335094899 0.276385486 -0.422489077 -0.0664927661 0.072096169 0.0335089713 -0.0218171515 0.0116690099 -0.0960848853 -0.115218468 0.146120965 -0.401899666 -0.0708173439 -0.248315588 0.0909593329 -0.557680845 -1.31253469 0.0137863765 -0.0373947546 -0.16303207 -0.0351234339 -0.00874065887 -0.172148794 -0.194255397 0.0406841077 0.223077193 -0.0741832852 0.0416216701 -0.0656252727 0.0200678241 -0.247470796 0.0548273027 -0.0373490714 0.0694370419 -0.058365114 0.0379039794 -0.0798325464 -0.150831506 0.360741109 0.143350393 0.0110518616 0.0806666017 0.013592069 -0.504851401 -1.06484485 0.150094107 0.297777355 -0.0684247315 0.0268340204 0.0913210735 0.00533970026 -0.344987303 -0.204192683 0.0704527795 -7.34245259e-05 0.158927739 -0.190486446 -0.075852327 0.150014758 0.0453156084 0.0621200502 0.00299867243 -0.00535386056 0.0430110693 -0.142139748 -0.098323293 0.321590394 -0.091774486 0.0127102006 0.0155235268 0.0560691468 -0.471298218 -0.984608233 0.247872204 0.456834823 -0.134308904 0.0812592208 0.0883117318 0.0564364046 -0.221700341 -0.23953101 0.169110194 0.0528183319 0.127807081 -0.428293914 0.0720534995 0.0605852343 -0.0378170051 0.0661931485 0.0148768649 0.0624170154 0.0695565194 -0.181858808 -0.0613141172 -0.38757351 0.0115436316 0.0323176719 -0.0333423391 -0.177296191 -0.176602527 0.00636265427 0.098660402 -0.0141950641 -0.170437664 0.02870409 -0.0118452311 0.0541792475 -0.119458035 -0.0390006937 -0.0508922674 0.0104052052 0.077730462 0.0652681887 -0.0955094025 0.131456718 -0.00430130213 -0.00761840539 0.0419225991 -0.0875736251 0.0351132043 0.0464949161 0.1054774 0.0244147424 -0.0747469068 0.0183496028 0.0626493096 -0.00336812437 0.0393725149 -0.123523533 0.08481846 0.0146813616 0.105872341 0.0760644749 -0.147748411 -0.00654867105 -0.0590946712 0.00184777589 0.0528502874 -0.0706628934 -0.000530083315 0.00753180683 0.0424507372 -0.120368958 0.082916975 0.000934746698 0.0271498933 0.0462524071 -0.141851306 0.0336278714 0.0502299108 -0.0638835207 0.0129787605 -0.183116511 0.0158071034 0.0315922871 -0.0166593529 0.0629273131 -0.0269772559 0.0187106077 0.0718876794 -0.000193193555 0.1094357 -0.0177153014 -0.0210337378 0.0169543494 -0.0576584004 0.0989468247
0.238087654 -0.253874749 -0.11689005 0.702163458 -0.0492796227 -0.30862385 0.0346997641 1.516729 -0.638875842 0.517645359 0.117961466 -0.0936911851 0.335876733 0.109188341 0.566422701 0.116702035 0.0462677553 -0.179641113 0.0179870725 0.0934685245 -0.650554895 -0.0946785435 0.467452556 0.0594455898 0.0145408064 -0.0681345388 0.0233533084 -0.0135910995 0.215290859 -0.192709371 0.0699105114 0.637687027 -0.063368693 -0.340283722 0.121656671 1.51961398 -0.540727139 0.462183923 -0.046823822 -0.0297688879 0.347180963 0.0480730645 0.380398422 0.207713008 0.133362278 -0.126993954 -0.0337176174 0.0854806304 -0.0754611418 0.164580896 -0.209679827 -0.0184664093 0.0224151835 0.0575007498 -0.0127184838 -0.0404886864 0.141833574 -0.26859951 -0.0763470232 0.552428246 -0.0492023081 -0.152772158 0.132631123 1.40500915 -0.474538922 0.436198264 -0.12549299 -0.130942404 0.438722491 -0.0639001131 0.302273393 0.373376697 0.214626312 -0.169775069 -0.0738041326 0.0404847525 0.0375902466 0.136878669 -0.219657332 0.0277693346 0.0584142506 -0.0596715659 -0.0424354486 0.0381129831 0.134439185 -0.292034924 0.0336375758 0.0191086512 -0.126058385 -0.0600287989 0.099969849 1.40982735 -0.5221439 0.559047937 -0.155009255 -0.168162018 0.418985814 0.0379847437 0.367034107 0.374571294 0.217657298 -0.0938606113 -0.0405735262 -0.194910258 0.128188804 0.311801881 -0.011306949 0.0724611729 -0.0416591838 -0.0648605078 -0.0494720936 -0.0397045761 -0.148766086 0.0556906238 -0.21803464 -0.000522822142 0.0919909626 0.0687405095 0.0138624338 -0.145317614 -0.0318526588 0.00639050547 -0.0683619678 0.0254891347 -0.130451933 -0.0100072995 -0.00283503952 -0.0194297154 0.0629401878 -0.148798198 -0.0645422339 0.108138472 0.0023991249 0.0202576611 -0.013103921 0.0364123732 -0.0158564188 0.00337459729 0.0328348912 0.131592125 0.0325553641 0.0660099015 -0.10277383 0.0476244316 0.0560871288 0.0464852452 -0.0253540017 -0.0604591444 0.124291651 0.0105260927 -0.0661687404 0.0825439915 0.00229859562 0.0697667748 0.225746572 0.00360079855 0.106468402 -0.10545852 0.0604998991 0.10273622 0.0710915178 -0.0302658305 0.0389460549 0.0223740879 -0.0220904574 -0.0599715151 0.0600836016 -0.0236027334 0.00923323072 -0.2048513 0.0399898812 -0.0233513247 -0.078775607 -0.021221295 -0.200915322 -0.0280887969 0.0456685424 -0.117505901 0.0627529621 -0.318972766 -0.0408481769 0.0127282962 -0.0757075176 -0.100842446 -0.11376778 -0.02006853 -0.0167935994
-0.176787093 0.0108460914 -0.112683803 -0.602547765 0.194069281 -0.123475894 0.0116419718 0.368614972 -0.892783701 -0.513629973 -0.0334869139 -0.035358794 0.207761809 -0.0949479342 -0.217625141 0.213755175 0.137635872 -0.713557363 -0.266683728 -0.0708891302 1.03108704 0.529152751 -1.16561365 0.0217946246 -0.011669375 -0.00659954548 0.0224794149 -0.0380008481 -0.225673467 -0.0331070945 0.026037043 -0.352778524 0.1632016 -0.0697963014 0.0801122114 0.448995739 -0.809557199 -0.349433571 0.350341588 0.0305021703 0.117057346 -0.0408469103 0.0907605439 0.237522483 0.0846336856 -0.509761512 -0.0782798082 0.252463102 0.0585090294 -0.0825058818 -0.123359524 0.0716684759 -0.0491494238 0.0484288558 -0.0139446966 -0.0190138035 -0.196820796 -0.0652307644 0.0106335953 -0.0242477637 0.198508129 0.00662478711 0.0800250247 0.447650701 -0.695379734 -0.266249627 0.173305765 0.0550394058 0.230719388 0.0183992069 0.182415232 0.216548935 0.0294297989 -0.569027007 0.0388607718 0.216724604 -0.0247460008 -0.028035583 -0.120026946 0.0168721303 0.0474223942 -0.0692104921 -0.00682215393 -0.0700842962 -0.265929163 -0.0892098024 0.183734849 0.6272223 0.196570024 0.162071452 0.0237782747 0.503069997 -0.595694661 -0.22099939 0.264351666 0.0605608076 0.138916969 -0.06533546 0.10264419 0.413513839 0.0278888475 -0.870380819 0.16887337 0.710139573 -0.13560383 -0.424503207 -0.268687308 -0.0547147207 0.0691048503 0.00908865035 -0.0679724663 -0.0422271863 0.135318428 -0.285852373 -0.128080502 -0.0721135437 0.0451322906 -0.163606361 0.0163674485 -0.190225735 -0.072301276 0.112933002 -0.146772608 0.0417963415 -0.183203906 0.0432195142 0.0426518768 -0.232195705 0.161950603 -0.0458655693 -0.0563489273 0.103391446 -0.250836998 0.118738137 -0.327273667 -0.00503926724 0.0251923036 -0.224230573 0.0588096268 -0.201747358 0.0241597891 0.047611203 -0.174839169 0.00884346943 -0.0668090135 -0.0341599137 -0.00147601531 -0.152965665 0.043539118 -0.313239545 0.0386996269 0.0548176207 -0.100752801 0.0552997105 -0.354711592 0.024292998 0.101085864 -0.222468972 0.123372763 -0.275804609 -0.0442898236 0.0966051668 -0.00694793835 -0.00479527144 -0.0448334739 0.0643591732 0.0738985017 -0.0287336353 0.0888473764 0.0024651764 0.0415966585 0.0589648001 0.0445049517 -0.0901927501 -0.070045948 0.00309651345 0.0524506308 -0.150148109 0.0298230089 -0.314737201 -0.000936366618 0.0140425805 -0.149383381 0.019521134 -0.153346598 -0.0336195827 0.0229688827
0.0141918659 -0.21682559 -0.15437974 -0.0341877714 0.100437999 -0.0857682079 0.0941393599 0.908758581 1.96819448 0.0626767427 0.200924352 0.000631466159 0.00477031153 0.0376587249 0.20392561 0.34204185 0.0962776691 -0.0733559281 -0.00462558074 -0.00854233839 0.396537215 0.0410825983 -0.494279534 -0.0343886092 -0.0549932718 0.0726699382 0.00433715433 0.0142978728 -0.0267674811 -0.111346357 -0.12103235 -0.251723528 0.0814124048 0.0360827632 0.0483425297 0.888436019 1.74859202 0.0846382007 0.208982393 0.0471011065 0.0211505238 0.132683173 0.156915113 0.353179485 0.0621807091 -0.134053737 0.000165078396 0.0720126331 0.330545753 -0.0106066633 -0.0930366367 -0.0246328078 0.0158745572 0.0124834627 -0.0118707195 0.061114639 0.0646630898 -0.0922448039 -0.244331956 -0.14134562 0.161966279 -0.0884241611 -0.0112315034 0.851587951 1.51276374 0.0506368019 0.308960825 0.0719524845 -0.0418671332 0.157353207 0.0742414668 0.261240184 -0.0303889457 -0.103282064 0.00774885155 0.0702468455 0.164511546 0.0320797451 -0.0960751101 -0.0501181483 0.00440076739 -0.0344617143 -0.0437794104 0.0535484403 0.0479160994 -0.0846478865 -0.0262785759 -0.190929234 0.0789508075 0.159325048 0.0235209893 0.875851631 1.45016706 0.0193956885 0.212451592 0.0524933152 -0.0461396202 0.0801336691 0.0917484909 0.058025185 0.00512761064 -0.0291809961 0.03116614 0.00032242079 0.0730897337 0.0396650657 0.0471424982 0.0327354148 -0.0700409859 -0.010700874 -0.057181485 -0.006314978 0.186668605 0.0847666562 0.0619671717 -0.0397245921 -0.0046797758 0.0277148429 0.0794640705 -0.0310753919 0.0401955992 0.0293480475 0.107903972 0.0366255008 -0.00569563545 0.0431122035 0.107334249 0.0891228467 0.0979686081 -0.0393475816 0.0403233916 0.0184517819 0.0907549709 0.101772077 0.00133406126 0.0252150297 0.0726206824 0.0972273275 0.07658384 0.0312100947 -0.0244971924 0.0603283234 0.0557684414 -0.00753975147 0.0927300081 -0.0476474762 0.10376168 0.124751464 0.0281811561 0.0510551371 0.00157721341 0.10358841 0.0780150667 -0.0387466028 -0.0507456325 -0.0175567977 0.0867795572 0.0168146752 0.00129718392 0.0314668678 0.0655304343 0.0884129032 0.0549605861 0.068504326 -0.0133256186 -0.0658585206 -0.0153044676 -0.0107339025 -0.0508634672 0.0612511672 -0.0051651895 0.00657070614 0.0422546528 0.0312621407 -0.0450661443 -0.0699745938 0.0740397647 0.00911938958 0.00643804204 -0.0503566265 -0.0193499401 0.120473303 -0.0385409296 -0.0337584056 -0.0287995972 0.0670275837 0.0612121224
0.0867184326 -0.139328748 0.0285708699 0.210977599 0.0441787057 0.01899199 0.10079477 0.268446952 -1.38839436 -0.45271948 0.0729610845 -0.0924354643 0.182786241 -0.0959691927 -0.204019681 0.0680345297 -0.0948546827 0.0412209593 -0.171775147 -0.0454742499 0.442186862 0.1881219 -0.417600572 -0.00139266998 -0.0464412272 0.00918851793 -0.0727883205 -0.0451557525 -0.0194385089 -0.183392644 -0.0865178183 0.256723881 -0.0233624205 -0.0827695057 0.0283777378 0.257110804 -1.17240095 -0.216649204 0.091989398 -0.104290389 0.127247602 -0.0919215456 0.135764375 -0.0172754973 -0.0461339355 0.104950294 -0.0366293825 0.0228532273 -0.0750006288 -0.00328657497 -0.0452351049 0.0695967376 -0.0173927248 -0.022045359 -0.036707256 -0.00500331074 0.0580465421 -0.241732061 -0.119861878 -0.0609031357 0.0185665023 0.0304869227 0.0169343576 0.25166443 -1.10191 -0.169102758 0.192956954 -0.05252444 0.0897651911 0.0346043929 0.195909277 0.0247048922 -0.199151367 0.168680191 0.0765515789 0.131572694 -0.224182919 -0.108286865 0.066355139 -0.0252672397 0.0711006075 -0.0156472921 -0.0610231683 0.0623562634 -0.00330538512 -0.179456636 -0.232794583 0.0392965339 -0.0296131 0.107431114 0.0360015742 0.214968011 -1.02304876 -0.205345437 0.215314567 0.00170973351 0.132389575 0.10665863 0.257020324 0.0248950217 -0.300395221 0.323506594 0.16112335 0.281754375 -0.275187045 -0.0412908718 -0.0226475727 0.0421149358 -0.0358269773 0.0662028491 -0.0216489509 0.0363240093 0.127692819 -0.0960955471 0.0993246585 -0.0501428023 0.0720296279 -0.0266165659 0.0423572473 -0.101939738 -0.0371675566 0.0957470536 -0.0726743788 0.0262250006 -0.0572703443 0.0479428172 0.0318520702 -0.0655181557 0.119067967 0.0266747102 0.0424131751 0.0534200668 -0.0751696452 0.129467815 -0.177889049 0.0396475568 0.0713324919 0.0012351895 0.114840701 -0.0683614537 -0.0668396577 -0.020027576 0.0897449329 0.0261600353 -0.145880014 0.0715583116 -0.0108115952 0.0221671611 0.172731876 -0.0885043889 0.0425816551 0.0968597457 -0.082886301 0.0435643345 -0.101991899 0.0229262635 -0.00893962663 -0.0558823571 0.10837885 -0.0945480242 -0.0713301003 0.0730353966 -0.00948302634 0.0350263864 -0.0660905913 0.0675026327 0.0687027201 0.103798039 0.0530916229 -0.0565831549 -0.0593403801 0.0851644725 -0.000198293477 0.0437611639 -0.10455329 0.00560099632 0.0098848436 -0.0865125284 0.0929992646 -0.207256019 0.0369732231 -0.0201118272 -0.106618851 0.157720894 -0.200937763 -0.0720717981 0.0933084711
0.0143463854 -0.239504352 0.136524901 0.0259729121 0.000524700794 0.0279606804 0.151588619 0.67066592 2.40806723 0.213776127 0.298779488 -0.0824679211 0.146683782 0.0728914738 0.446976542 0.208852038 0.00592226302 -0.00796469394 0.0280509535 0.149269104 -0.445320219 -0.0771894008 0.306052148 0.00019185245 -0.00909019262 0.0309494734 -0.0627902746 0.0157385468 -0.0176609717 -0.1707623 0.197894678 -0.362601668 0.131819904 0.0441946983 0.0218820143 0.647198796 2.14600039 0.113230407 0.238637716 -0.0334831513 0.0779383704 0.0487295575 0.173636422 0.0855553374 0.106455095 0.0663551167 0.0118413791 -0.00651424238 0.184800476 0.11859569 -0.0482152812 -0.036245957 0.0527129173 -0.00978824496 -0.0288492478 -0.0220627338 0.0389039852 -0.184765667 0.160008118 -0.31251514 0.142330527 -0.0669098347 0.138928562 0.635125339 1.83079529 0.25218907 0.150874406 -0.0407828093 0.0802504122 -0.103514917 0.0380751677 0.0158491004 0.184544787 0.126221836 0.00631648721 -0.121373206 0.188768342 0.177186728 -0.194846898 0.0418315455 -0.0167770572 0.0235833824 0.00794477761 0.0320065692 -0.0127129434 -0.157669529 0.313006729 -0.447080672 0.0214099977 0.280837119 0.101551034 0.697205245 1.71121538 0.342210859 0.271210104 0.0367865935 0.0555927418 -0.0599453673 0.090287365 -0.0543191582 0.14533104 0.0936603993 -0.00309124799 -0.253058612 0.364575744 0.188456863 -0.070972085 0.0214333832 -0.0322220512 -0.0359924957 0.0232132673 0.0357612744 0.0481127016 0.0237375218 -0.018292373 -0.0268831998 0.0316526294 0.000166980477 0.129134968 -0.0569163449 0.0724920034 0.025830185 0.0583313145 0.0983030945 -0.0830258429 0.0147633255 0.0131852888 -0.0291542169 0.0424891785 -0.0508311391 0.00553938001 0.0702816471 -0.038718421 0.111472756 -0.120657139 0.0173623636 0.0273006503 0.108693972 0.122349553 -0.114814617 0.0627423674 0.0587017089 -0.0227590259 0.0731503218 -0.122065842 0.0152520388 0.0948662534 0.055788435 0.00977279432 -0.0490238965 -0.0400369018 0.110797726 -0.00237527164 0.0790744945 -0.116299838 -0.061038278 0.0947257504 0.035290163 0.00855372194 -0.0119809667 -0.0263796113 0.128839552 0.0210925061 0.0971566141 -0.120847769 -0.0508283451 0.0208758321 0.0284310188 -0.00716584828 -0.0412040986 -0.0482697189 0.0680586025 -0.0139046619 0.0437774546 -0.0476167127 0.0403499976 0.0502497703 -0.066644989 0.112633102 -0.123137861 0.0504640043 0.0728787705 0.0238329284 0.0823064744 -0.0502482094 -0.0661553293 0.0101505043
-0.141410902 0.0640749633 -0.154631719 -0.00988253485 0.0668974146 0.225539818 0.0949107036 1.96674979 0.349636436 0.377982855 0.0107377153 0.0817777812 -0.00643008295 0.131253138 0.350266516 0.120924965 -0.0672808066 -0.0816636458 0.0223660748 0.182565674 -0.692669094 -0.152342662 0.425551355 0.0243147761 0.0244605616 0.00295104086 0.0200755522 -0.0492188409 -0.0659572259 0.156141341 -0.270949632 -0.19707261 0.0342379026 0.195096239 0.0131786009 1.76239717 0.243022189 0.419258386 -0.0428655222 0.0301190764 -0.0036584097 -0.0930943266 0.132449955 0.0778746605 0.140129551 -0.0961855426 0.0139170056 -0.00188418385 -0.0319491327 0.0661432296 -0.0604968481 -0.0293286182 0.0702695101 -0.0651293993 -0.0181558169 -0.0199311599 -0.0793076605 0.170755446 -0.27167806 0.454155862 0.011906377 0.0835229978 0.0799983814 1.78169811 0.184299529 0.275225908 -0.403876066 0.0067804167 -0.0225451477 -0.13793847 -0.0123989712 0.0721065402 0.220556855 -0.0811205804 -0.0547101013 -0.0304267481 -0.014722907 0.19524613 -0.140370622 -0.0317008533 0.0297568887 0.0144386664 -0.0551434979 0.0565327108 -0.0659304708 0.119947143 -0.159296274 0.356665373 0.0551463924 0.293685317 0.0350614637 1.76224434 0.293543845 0.406656235 -0.34192881 -0.0469128788 0.0568894334 -0.142543659 -0.0452200845 0.0646357164 0.16128698 -0.0451981425 0.0393813513 -0.183613956 0.0451340266 0.177164182 -0.0445021652 -0.0570968762 -0.0120874122 -0.0630071312 -0.0407515503 0.0131829754 -0.190512806 0.0462353639 -0.312506884 -0.0624472164 0.00575891556 -0.0412890017 0.0526160561 -0.109864168 0.0485803336 0.113720424 -0.0751096755 0.00682403753 -0.061446175 -0.0643510371 0.0435232669 0.0242503583 0.029888887 -0.0373756252 0.0617413968 0.0863921493 -0.00834405422 0.0777250826 -0.0151898954 -0.0542713776 0.05822514 -0.000231664715 0.0568093397 0.0602589473 -0.0479894876 0.0575773604 0.0133179957 -0.00684705051 -0.0488808118 0.0495501757 0.0835405663 0.0812733322 -0.00196616305 -0.0157234389 -0.062849842 0.00386313256 0.0506149717 -0.0418126062 -0.038883999 -0.0272849798 0.1177921 -0.0469235405 0.084531419 0.00601174496 0.0704596937 0.0457567573 -0.0165859591 0.00273552793 -0.0642409399 0.0378550068 0.0899884105 -0.111494794 0.110696442 -0.0276059229 -0.041443482 0.0793384388 0.0616076104 0.00586732477 0.0387151539 -0.0225725621 -0.0249028672 -0.0538096055 -0.0216336586 0.0507731065 0.0307307169 0.106458344 0.081873931 -0.0390044674 -0.107232556 -0.066461131 0.0185427628
-0.269022226 0.124776974 -0.462987721 -0.43358174 0.0731957853 0.205652177 0.0293788668 1.68395209 -0.660746276 0.0719475299 -0.634008467 -0.0485251024 0.268636763 -0.329928756 -0.1345267 0.732077718 0.13238658 -0.702553332 -0.527102649 0.0253181402 0.93759948 0.0277273376 -1.17908645 0.0638814569 -0.00790756941 -0.00402096659 -0.0439348668 0.067047298 -0.227769166 0.0224927738 -0.311016709 0.155370951 -0.00404585712 0.0509802327 0.0191003699 1.55934513 -0.552244484 0.0926569998 -0.570335984 -0.0870003626 0.313817769 -0.0832239613 -0.0453045852 -0.0780248567 0.352334559 0.135873765 0.015177072 0.121299401 -0.1215019 -0.0720602646 0.086940378 0.0138286874 -0.0367803276 -0.0343580619 0.0639343858 -0.0731099173 -0.209666312 0.0197627973 -0.404410511 -0.0353360288 -0.0378975347 0.0371969715 0.0214700457 1.51665139 -0.512147009 -0.0635136813 -0.60088861 -0.0175821036 0.214906305 0.122440338 -0.0410727076 -0.0949776471 0.193266571 0.24872756 0.1634579 0.0741265416 -0.0531201251 -0.0393896066 0.0273404177 -0.0422334224 0.0674907416 0.0435631424 0.00380634516 0.0691155344 -0.244296178 0.0385605097 0.0247846954 0.424356788 0.0960579962 0.151297331 0.0325307213 1.47609746 -0.428706825 -0.0549648255 -0.699958086 -0.0736021101 0.239424169 0.141069964 -0.111112118 -0.242316499 0.230920136 0.43456468 0.274306536 0.175006762 0.0228432547 -0.169846758 0.111921683 -0.0645780638 0.0348463356 0.0525329113 0.0560638756 -0.0239883363 -0.182274133 0.173520282 -0.117199168 0.0685102493 0.086980015 0.0105359796 0.0154183023 -0.0399295464 -0.037251208 -0.021908978 -0.0215394925 -0.00288782641 0.0146503057 0.0301614106 0.0643925816 -0.000750265899 0.0371644907 -0.0245807972 -0.0630069748 0.103911459 -0.00860979687 0.0308375135 -0.0220203325 0.0426125303 0.0393059291 -0.0396867283 -0.011689038 -0.0405127443 -0.00281471759 -0.00287150498 0.0655273572 -0.0710339844 0.112241685 -0.0645765066 0.0988521352 0.0278474614 -0.0843075961 -0.0301353186 -0.0470803045 -0.0201815609 0.0153747825 -0.0347540043 0.00371624879 0.0578325987 -0.0294895433 0.0603372678 -0.0287664067 -0.0824242309 0.0474019572 0.00670549227 -0.0474459864 -0.025589224 0.0017814599 -0.00316680223 0.103570305 0.0571628511 -0.130717263 -0.0663948879 0.00576214492 0.0338740759 -0.0217310116 0.0276634842 -0.06051521 -0.0424461439 0.0218305755 -0.0137654617 0.0388330743 -0.0603889413 0.0367652476 0.0622051992 -0.164702922 -0.0282241646 -0.0990331024 0.0250327066 -0.0163657386
-0.00281667965 -0.237371847 0.0720306933 -0.0941135734 0.14721112 0.0008057534 0.122906588 0.568840444 2.01892161 0.0209937114 0.388955712 0.0510095172 0.00783781894 -0.0509843677 -0.0154862572 0.265961438 0.224789992 0.010655202 -0.0946365669 -0.0471923426 0.512412727 0.165921792 -0.530430377 0.0395834893 -0.0371041261 0.0605071038 -0.018784605 -0.0595944226 0.0824807808 -0.170190319 0.0276293438 -0.251028955 0.181949124 0.0299183391 0.0822931603 0.554062486 1.87650096 0.112276524 0.302521199 -0.00506556267 -0.0537521057 0.0142526347 0.0276952907 0.100842938 0.0467471927 -0.00388316647 -0.0635388494 0.127261057 0.280050009 0.0303895622 -0.129819855 0.0683848858 0.0571178198 -0.0419311263 0.0565965772 -0.0624813549 -0.0329102688 -0.0387327857 -0.109405339 0.046976991 0.0684422106 -0.0605850704 0.00181104103 0.613941133 1.57979989 0.101375662 0.504640937 0.000805725809 0.0369604751 0.104386374 0.0504221953 0.0281665437 -0.104945123 0.0536206178 0.134016991 0.141840637 0.147911876 -0.114876807 -0.0780890137 0.068713814 -0.072609216 -0.00771397352 -0.0389970504 -0.0690373927 0.0491325036 -0.112572797 0.0736795515 0.0329135917 0.104729578 0.113425545 -0.00620398624 0.631246507 1.58390057 0.12075045 0.284675092 0.0259429589 0.0353381187 -0.0647987947 0.172368884 -0.12494956 -0.108505614 -0.0419112593 0.110269241 0.114701286 0.079993993 -0.0599742681 0.0839378685 -0.0433625579 0.017694436 0.0176743641 0.0425592363 0.0674773604 0.172496453 -0.0177964401 -0.0979708731 -0.0602426603 0.0793863609 0.0142262988 -0.0366906971 -0.121483944 -0.00254849344 0.0696977302 0.0690802187 0.0114358868 -0.0337902643 0.0514491722 0.0602653995 0.0664160997 -0.0799901113 -0.00652066292 -0.0327488557 0.115500666 -0.000690858287 -0.0610927567 -0.0203004479 4.20510769e-05 0.118133135 0.0974543765 -0.0887639746 -0.0398574434 -0.0354673415 0.0653108284 0.0643716231 0.00525353244 0.140042141 0.00805748999 0.10961064 0.00923085213 0.0386599079 0.0448184796 0.00270589441 0.0667804256 0.0507235304 0.00820059143 -0.0213891212 -0.0226874836 0.021297507 0.00978560466 0.0481827743 0.000538906897 0.0245217308 0.0126328757 0.0304215532 -0.0429312773 -0.0177650154 -0.000837385654 0.0565101877 0.0649761558 -0.012258715 0.0331382863 0.032118164 0.0888856426 -0.0648828596 -0.0172903873 -0.0122761698 -0.00122278184 0.0968755409 0.0450139083 0.0355478339 -0.0499431454 -0.0726691112 0.134164363 -0.028401006 -0.0703056455 -0.00961998664 0.0280431435 0.0662530139
0.0628212616 0.00329284254 0.0051344973 0.0502469912 -0.0794843435 -0.00655725086 -0.0749098659 -0.0392167307 -0.0662269816 0.0259375889 -0.0212954246 0.0119582145 0.014339664 0.0169936325 -0.0497026369 -0.0323202759 -0.0288830232 -0.0523482114 0.0276028086 0.0411799029 -0.0326664597 -0.0479939543 -0.0388452783 -0.0681761131 -0.0475986265 -0.0201435685 0.0120616779 -0.0350966305 -0.0453007743 0.0528843403 0.0551144928 -0.0149110574 -0.0249401517 -0.046060551 0.0084618805 0.0159913842 -0.0347758755 0.0399644151 0.0367279202 0.0394268222 0.0564069487 -0.0501244701 0.0789732859 -0.00352598098 -0.0794219002 0.0448109508 -0.0517261848 -0.0383351371 0.0076800785 0.0567503422 0.00989515614 -0.0625262782 -0.0497923978 0.0271226242 -0.0200468153 0.0199710652 0.0783359781 -0.0316127613 -0.0656286478 -0.0386875235 -0.0201887749 -0.0383947231 0.0559790879 -0.033456903 0.0400207639 0.017830085 0.0565051734 -0.084984608 0.059308853 -0.0306948852 -0.013723637 -0.00358821545 0.0378819965 0.0376392566 -0.0427578762 0.0235578865 -0.0110862255 0.0233039204 0.000331879855 -0.0181406736 0.0338370875 0.0624171495 0.0389326289 -0.0240766183 0.015540706 0.0300315823 -0.0445727706 0.0517653264 0.0240860004 0.0179823674 0.0523415767 0.000790739432 0.0524069406 -0.0193379149 0.0477939546 -0.0585889854 -0.0656501874 0.0341647752 0.039146591 -0.0759946704 0.0181028992 -0.0141404746 0.0314350985 0.0751733184 0.0493902974 -0.000213708874 0.0369659252 -0.0677864999 0.00540328026 0.023673147 0.0373857915 0.0264052525 0.0339045897 -0.00881058816 0.031213494 -0.071760416 -0.0504443273 0.0181502067 0.0114427609 0.0370290242 0.0295455158 -0.0771938935 0.00844721869 -0.0355852954 -0.00683289906 -0.00577222556 0.0463009104 0.0501393564 0.0227308795 -0.0249311477 0.0216860697 0.00974977575 0.0405881181 -0.00777286151 -0.06818223 0.0293813795 -0.0736157671 -0.00597089063 0.0342682526 0.0292253904 0.0692061633 0.0550968833 -0.0801406801 -0.0115928026 0.0189884268 -0.0144545212 -0.0531256348 0.0573077016 -0.0572567992 -0.0713549107 -0.0668114498 -0.0552360006 -0.00523918448 0.0360524245 -0.00835284777 -0.057426773 0.0388303809 -0.0186371636 -0.0395318978 -0.00812951848 0.0318248272 -0.0245563705 0.0157098193 0.0174379144 -0.0541672073 0.0657567978 0.0330443904 -0.0166993625 0.0340459868 -0.027139239 -0.0156293102 0.0151397809 -0.0674489215 -0.0307773929 -0.0565585233 -0.0062713623 -0.0442974791 -0.037643075 -0.0290393662 0.0460851304 0.0179864019 -0.0860720426 -0.0640270263 -0.0188836679 0.0135863312 0.0455085933 0.0514106303
-0.378068805 -0.0419967435 -0.0452687666 -0.0920346752 -0.00104113447 0.164913893 0.0245377924 -0.354209244 -0.871395111 -0.3663975 -0.176226497 -0.0969967544 0.188374832 -0.452253133 -0.141180083 0.108064637 -0.139260247 -0.514835298 -0.2014056 -0.116712436 0.694490194 0.0615644641 -0.883835673 -0.0124061368 0.0107337311 0.0593962818 -0.0649872273 -0.0145480931 -0.355177611 -0.223043844 -0.10189262 0.194267079 -0.00845770817 0.113037564 0.0892963037 -0.322963715 -0.642077386 -0.24113062 -0.24452965 -0.165910587 0.116699733 -0.152588531 0.143554032 -0.131299511 -0.163370684 0.00913956854 0.00751178944 0.0513698831 -0.0740604997 -0.241912141 0.0568604022 0.071779564 -0.0392774306 0.00753370672 0.0253949389 0.0135651156 -0.333285451 -0.191569865 -0.527233243 0.310870051 0.000308241899 -0.0241076201 0.0607801788 -0.264668614 -0.6668486 -0.25100854 -0.126857415 -0.0648038387 0.154446572 0.0668550879 0.220789298 -0.151109502 -0.107988261 0.0530022718 0.163870111 0.175424606 -0.27549684 -0.275309294 0.320823997 0.0339355692 0.0524024814 0.0642852634 -0.0254906155 -0.0540726185 -0.280942947 -0.237892643 -0.577394068 1.0917722 0.107651666 -0.214458227 0.0328422077 -0.291231871 -0.568065047 -0.32595402 0.145788625 -0.160642609 0.1229821 0.126824915 0.123296857 -0.314223617 -0.0687870085 0.510955334 0.271894872 0.332695454 -0.211312398 -0.316359431 0.14621745 0.0216676071 0.0458990484 0.0488189459 0.000305138528 0.0731032193 0.053933084 0.0503349267 0.232421413 0.00456681848 0.067282863 -0.0494522899 0.0116532547 -0.140012085 0.0338989571 0.0644416511 0.00616924837 0.044057712 -0.404209793 0.0405835658 -0.0388669483 -0.0589873418 0.0103840595 -0.0777359009 -0.0218233764 0.0845341682 -0.0565413758 0.0566137172 -0.167764872 0.0355621651 -0.00253562978 -0.113408662 0.0829211175 -0.14118953 0.0545576364 0.0396479145 0.00118614733 0.0246387366 -0.0585265681 -0.0379127413 0.0626650527 -0.0598911047 0.0201283339 -0.124323778 -0.0640638247 0.0364857428 -0.173662215 0.142143413 -0.068415381 0.0579278916 0.0455472469 -0.158332855 0.0737866089 -0.23802045 0.0401236936 0.0204145387 0.0817587599 -0.104587913 -0.317852885 0.0195582286 0.098031491 0.0809085891 -0.136376739 -0.288225085 0.0491013527 -0.0394766666 -0.0294822678 -0.0649551824 -0.348456025 -0.0478647798 -0.00383638591 -0.000148831023 -0.0949534252 -0.421076208 -0.0175864473 0.0731353015 -0.11515224 0.132102281 -0.0576799884 -0.00748118013 0.0688237399
-0.0543006137 -0.0919433385 0.144983351 0.45027563 -0.0442353077 -0.0290151574 0.0684518516 -1.56391168 1.07083106 -0.163520083 -0.118927747 -0.0771349221 0.12798816 -0.205211625 -0.351734459 0.4578076 -0.167733341 -0.0768452212 -0.100761108 0.0624855235 0.416989088 0.0775393173 -0.12595287 -0.00718253106 0.0586723983 -0.0300852917 -0.0231646188 0.0328377634 -0.159447297 -0.116828009 0.2798917 0.148510382 -0.0421721004 0.034317825 0.0599260107 -1.38683832 1.00386691 -0.133200765 -0.0605157875 -0.0526262857 0.151250735 -0.0344139896 -0.365803063 0.145635992 -0.317436069 -0.00236351765 -0.155635297 0.0570342839 0.140000716 -0.0806700736 -0.0869531035 0.00655791163 0.00289420038 0.0282366052 -0.0409626886 -0.00773775578 -0.0625287592 -0.0055964971 0.27464354 -0.121907428 -0.0342580825 0.0954409242 0.0493800268 -1.38294721 0.967337012 -0.138644889 -0.13565734 -0.152046427 0.0314005911 -0.0316506401 -0.245134667 -0.0220945794 -0.238708019 0.160173669 -0.333838373 0.0671415702 0.219140723 -0.0169381239 -0.338958561 -0.0720646903 0.0629855394 -0.0317327529 0.0179206207 0.0266494453 -0.113484502 -0.0895102695 0.201834321 0.00882720668 0.0127595235 0.0743295103 0.0894687474 -1.31971598 0.945086479 -0.17907469 -0.270539194 -0.144028574 0.152450413 0.0447547361 -0.211794391 -0.133161411 -0.0623816624 0.263006151 -0.278909832 0.00929877162 0.204456255 -0.119898088 -0.24477829 -0.0148880556 -0.0560034141 -0.00346141309 0.0170071125 -0.0710823014 0.0438100807 0.232619792 0.0279618576 -0.0314322077 -0.0151832169 0.118228845 0.165089726 -0.0641316921 -0.0429014415 0.0309280381 0.116524875 0.0622558258 -0.143734768 -0.0302542634 -0.00598448468 0.110902905 0.00209125294 0.0112582091 0.0273197442 0.0294138361 0.0266800374 0.0820667595 -0.0159142707 -0.028248921 0.100538686 0.0195895974 0.0394613557 0.0287970081 -0.0573525131 0.0482043996 0.0390690155 -0.00993771199 0.129039377 0.0503634438 0.0317633897 0.0550936796 0.0569919311 -0.00667909486 0.0414000973 -0.0116786575 -0.0208718572 0.0594265722 0.0565116853 -0.0568473563 0.0212557372 0.0446393341 0.0584261417 -0.017519474 0.051250957 0.00448947726 0.0596656688 0.056070704 -0.160938293 0.0474339947 0.0570359305 0.0240991153 0.0643647388 -0.168192834 -0.0201349482 -0.0153744211 0.013029593 -0.0159474369 -0.027382724 -0.0538111478 0.0811274052 -0.0410395935 0.0841898099 -0.157815009 -0.047353074 0.018480422 -0.016413467 0.0760980695 0.0177014805 -0.0397184566 -0.0153647913
-0.390950173 0.0439972728 -0.482023597 -0.357532084 -0.0391143486 0.475537241 0.0440370142 1.23227775 -0.332208425 0.371116012 -0.240312204 0.0759420469 -0.117771745 0.0956083834 -0.323571622 0.446613818 -0.0615729764 0.47619018 -0.158473149 0.073344335 0.262340158 -0.0845111907 -0.298784286 -0.00533691049 0.0579159111 -0.072472401 -0.0232570395 -0.0700813755 -0.340929091 0.0206354912 -0.340530783 0.361610413 0.0209248476 0.391463131 0.0536807775 1.18875062 -0.367553234 0.345214307 0.260583431 0.0222338289 -0.0839454085 -0.173153713 -0.49127236 0.321579218 0.069249697 0.238975182 -0.0615956634 0.039647352 -0.0133793559 -0.0935993642 -0.0473983772 0.0211587921 -0.0267782696 0.0262006745 -0.0104115084 0.0672937036 -0.414414167 0.078337945 -0.249585614 0.000759595248 0.0111180311 0.0428280458 0.0257395171 1.11635447 -0.312013626 0.173373312 -0.276839942 0.0769751072 -0.0864866823 -0.133882299 -0.362266093 0.352826297 0.0181689784 0.260929793 0.00496532582 -0.0456869937 -0.156653523 0.0994018391 0.0578752421 -0.0048962608 0.0414765179 0.0380929336 -0.0477268696 -0.063520588 -0.377187043 0.0335608274 -0.0886789262 0.131192207 0.0414199457 0.0853751078 -0.0272011273 0.975162864 -0.189301521 0.262247503 0.106726028 0.0640577078 0.0233154166 0.00865266286 -0.424343199 0.215214372 -0.0511240661 0.299699426 0.116112746 0.00391186913 -0.164362311 0.105195984 0.0700491965 -0.0184787624 0.0232131407 -0.0594421215 -0.0432643555 -0.0106976144 -0.273778766 0.102602132 -0.327270329 -0.0623151287 -0.0722809508 0.0944463685 -0.0353787281 -0.0290634874 -0.0599940047 -0.0535748042 0.0253427215 -0.00670341169 0.188847348 0.0413992107 0.00615565898 0.25613445 -0.312363058 0.0075950888 0.0334262252 0.0191599764 -0.0824224949 0.0329386145 -0.0284817629 -0.0198934637 -0.0592500046 -0.161105499 0.117633678 -0.0453380644 -0.00252760947 0.0238086358 -0.115208037 -0.0475543104 -0.18790023 0.0727016628 -0.0698927119 0.0160294138 0.032938268 -0.163396522 -0.011524044 0.0572889298 -0.063720338 -0.0949512944 -0.243579179 -0.00936342776 -0.0322861038 0.0685045272 0.0106272213 -0.0621990152 0.0213016793 0.0494681187 -0.173859373 0.0714275166 -0.0345457084 0.0235175639 -0.0282736346 -0.0583472699 -0.0640326738 -0.132811919 -0.0701476932 0.00699559832 -0.117366105 0.127605632 -0.160976514 0.0192804858 0.0629131645 -0.0196922738 0.0790510923 0.0752647966 0.0130039752 0.0399888344 -0.0303906146 -0.0339185707 -0.0495200455 -0.0550608709 0.0690390021
0.0900721699 0.180711776 0.173834786 -0.271982282 0.0434014238 0.0397591591 0.052581016 -2.19224548 0.421177596 -0.127085432 -0.0137032149 0.122531146 0.00956304371 0.00364935119 -0.0310415328 0.222314402 -0.0919825956 0.120610647 -0.00427662209 -0.0514397547 0.21399264 0.0390136838 0.0177789852 -0.0275060087 0.0205680206 0.00732333213 -0.0681031644 -0.0347574279 0.077176109 0.168462202 0.15916276 0.0633969083 -0.0428558104 0.0500622019 0.0429588817 -2.09261394 0.483075589 -0.140249312 0.0943955109 0.0849027857 0.147626713 -0.156459451 -0.0691437498 0.364265025 -0.0180643722 -0.100761563 0.0377145931 -0.0239133723 0.0343894549 0.105731636 0.010013571 0.0124512315 -0.0280442946 -0.00248455256 0.0374615118 -0.00572271645 0.0444371663 0.205746576 0.172280639 -0.0239253249 -0.00235117041 0.0928811505 -0.00665439479 -1.96286106 0.365896821 -0.233321548 0.0733601898 0.0659566596 0.143660083 -0.107980311 -0.148293048 0.199578986 -0.044099763 -0.101185583 -0.210101902 0.0577572733 0.393875808 -0.0568842702 -0.122622572 0.0547687411 0.0630796701 0.00181271136 0.07311894 0.024152346 0.0869666561 0.215654477 -0.0558596253 0.382894754 0.0669837743 -0.0130766015 0.0153735466 -1.98754311 0.349795461 -0.262392789 -0.0181749817 0.0935683995 0.162965029 -0.129826665 -0.105623461 0.154387772 -0.00766856736 -0.0735185295 -0.205999881 0.109466493 0.36019361 -0.10100469 -0.215220287 -0.023701448 0.0375671238 -0.0355506688 0.0675632656 -0.0485450253 -0.10985443 0.176076069 0.127327174 0.0323784873 0.0498616211 0.167975664 0.014078673 0.146750644 -0.0344042666 0.024988411 0.167151541 -0.0521762036 0.0447810218 0.0191565976 0.0799041092 0.0532093272 0.0506137833 -0.0322333351 0.0162690356 -0.053316541 0.0856776759 -0.0688407272 0.154729277 0.0139060691 0.0757357031 0.0863862336 0.016182391 -0.0150221149 0.0409427509 -0.052354347 -0.00584096368 0.0145283239 0.047644075 -0.0404178463 -0.031457331 0.0723821893 -0.00619516708 0.148975879 -0.0550452955 0.0188825689 0.00035753983 -0.103833094 0.10236676 -0.00627882779 0.0502507873 0.0968911126 -0.02731001 0.112073161 -0.00837559253 0.00820459891 0.0442549437 -0.0274860989 0.0693827122 -0.0364417247 0.0624719933 -0.0718094558 0.0275423154 -0.0375951864 -0.0697593242 0.0294009484 -0.0768068209 0.0695360154 -0.0146656083 -0.0320424028 0.0282610245 0.025788499 -0.0954828113 0.0706400126 0.0167066604 0.0319110677 0.146749243 -0.00255590794 0.0759176835 0.0221904516 0.0425423011
0.0208288804 -0.0493196398 -0.0616934188 -0.0255863536 -0.066303499 -0.0693070069 -0.0286907479 -0.0190557223 0.00973988604 -0.0283409674 -0.0480806306 -0.0232853107 0.0374852866 0.0436075702 0.0614830442 0.0237441547 0.0578658134 0.0118697239 -0.0450688824 0.0224986896 0.0636299103 -0.0256287679 -0.00227903575 -0.0650793612 0.0564379692 -0.059395805 -0.0326212421 0.000678956509 -0.0327311046 -3.89182715e-05 -0.0319004357 0.0810703412 -0.0463487171 0.00211071176 -0.0733385161 -0.000867976923 0.0483630821 -0.0364979617 -0.0175007861 -0.00674551772 -0.00783193205 0.0140831145 0.0576178394 -0.0287135616 0.0245813727 -0.0522539653 -0.0433776639 -0.052703999 0.0168839172 0.0125016868 0.0714693516 0.0257803053 -0.00668972731 -0.0291583836 0.00709760189 -0.0342304111 0.0136135053 -0.0180197675 -0.0372593626 0.013737428 0.0243493635 -0.0231516473 -0.00210221321 -0.0836303905 -0.0238803681 -0.0636635497 0.06898693 0.0584041253 -0.068557702 -0.0630151108 -0.0560267307 0.0372223221 0.00912813097 -0.0605118163 -0.0226516388 0.0549308062 -0.000731050968 -0.0660712868 0.0253710449 0.0727015883 0.0666834414 0.00639167428 -0.020100452 0.00763811916 0.0558985285 0.0291939974 -0.0499121994 0.0474903211 0.0437291376 -0.0718152747 -0.0548827462 0.0389971063 0.0410000011 -0.0549985617 0.0163946673 0.0401672795 0.00963645987 0.0420066118 0.0194789246 0.0126105528 0.0461578816 -0.0168537032 0.000400364399 -0.0177062303 -0.0132598206 0.0281958729 -0.0283254161 -0.00385030359 0.0622994006 0.0240222141 0.0716656148 -0.00338799506 -0.0264632031 0.0608764999 -0.0459608436 0.034122631 0.0583961979 -0.0413420722 -0.0181764625 0.0660226047 -0.00590637326 -0.0675934479 -0.0405520424 -0.0722942278 -0.0142293051 0.0404493362 -0.0132104009 -0.0136486366 0.00253358367 -0.00589966029 -0.0129906759 -0.0266104974 0.00902547687 -0.00788687821 -0.0104844496 -0.018506553 0.015609215 -0.0278848894 -0.00765296631 -0.0111939684 0.0515136719 0.0272119585 0.0306416079 -0.0038902408 -0.0463311784 0.00489551574 -0.0608854033 0.00159823149 0.0683172569 -0.0105134025 0.0698493123 -0.0489826836 0.0574578196 0.0240141936 -0.0318583883 -0.0721743256 -0.0363371707 0.0344263539 0.0671747997 -0.0588153824 -0.0328858159 0.0225724839 -0.0182067715 -0.0657717437 -0.0246008076 0.0232978314 -0.074580662 -0.0271710865 0.0395159088 0.0348440334 -0.0312580504 0.064606525 0.0117614195 0.0315437429 -0.00630390644 -0.027785439 0.0599302836 -0.0684067607 0.0221902914 -0.032101769 -0.0231291987 0.0523816682 -0.0744395331 -0.00868404005 -0.0248231888 0.0536023825 -0.0591038689
-0.244582549 -0.155717894 -0.0284059234 -0.115729406 0.0240886752 -0.0754878297 0.10811305 -0.0824708194 -1.38988519 -0.132210523 -0.421701103 -0.219607845 0.189060956 -0.209397048 -0.142564923 0.0544349179 -0.0956457332 -0.366551906 -0.419926882 -0.0231266916 0.689495146 0.0947016403 -0.920210361 0.0474290922 0.00471357256 -0.0168047361 -0.028120093 -0.0624389201 -0.297185123 -0.180899054 -0.190215826 -0.294901401 0.0089238286 -0.194747478 0.0351369455 -0.0523662046 -1.28470099 -0.0889745206 -0.484496295 -0.159709692 0.160891682 -0.0985556915 -0.00515201502 -0.163295254 0.0162890498 0.143844664 -0.0433702357 -0.0267931968 -0.0774685517 -0.00654683169 0.0436423533 0.0478646979 0.0416950285 0.0602496862 0.0126191378 0.00126504153 -0.245794117 -0.146084249 -0.245199084 -0.288023561 -0.0872974172 -0.139387935 -0.00960881449 -0.0888271183 -1.15631294 -0.0241267644 -0.192080334 -0.122730911 0.0309220962 -0.0807885155 0.108308479 -0.0411519594 -0.00252769468 0.110106006 0.117268868 0.0672684237 -0.230472431 -0.0851255134 0.266416609 -0.00425195694 0.0621383041 -0.0289543867 -0.0101608485 0.0276601017 -0.28243506 -0.226543516 -0.0545464307 -0.475229621 0.0564454906 -0.142402619 0.0660481751 -0.0744845271 -1.04381311 0.0281450599 -0.293841839 -0.217621088 0.0421161391 0.0301613342 0.0324092098 -0.0874429941 -0.0675636083 0.425193489 0.180830404 0.221147284 -0.44593823 0.0110628884 0.197347298 -0.0272705518 0.0159241483 -0.0504648536 -0.0567893311 -0.000946603715 -0.0844935402 -0.0987609625 -0.148004726 0.0403990969 0.0777115673 0.0535771735 -0.168611869 -0.0972065777 0.0678697824 0.0191181209 0.0567412972 -0.0660219193 -0.0959018096 -0.0256510265 0.0576708652 0.0209651552 -0.112085164 -0.122080684 -0.0615760572 -0.0226330664 0.0404963493 0.0180415548 -0.114738427 -0.0706888288 -0.019823648 0.00707641663 0.0434979387 -0.0253477264 -0.0251972973 -0.0191239361 -0.00582322944 0.011843618 -0.028368881 -0.0299029425 0.0100748725 -0.01717107 0.0526674055 0.00831831247 0.0154700577 0.085472621 0.0473497137 -0.00618010666 -0.0939237252 0.0437360406 0.0471769758 0.0563039631 0.033076629 -0.0335747488 -0.0672808066 0.084741056 -0.0204210281 -0.0307542477 0.053290952 0.0202290341 0.0198601093 0.0284965709 -0.0790174156 0.0442339815 -0.0183537453 0.0401346311 -0.0311322082 0.00688433368 0.0197865181 -0.0458570868 0.0598794743 -0.0901946947 0.0850322992 -0.0162712149 0.0633218735 0.103142053 0.0330491252 0.0466841273 0.0581285395 -0.000876836479 0.0636610687
0.0689204037 -0.184251502 -0.288535923 0.51338166 0.0722209886 -0.196521297 0.105948545 -0.869533956 -0.925466299 0.0683704838 -0.324994892 0.140171528 0.0804554597 -0.0967533886 0.0995389819 0.276512831 0.205859706 -0.269875288 -0.056523297 -0.110046215 0.336179793 0.362323344 -0.0622152649 0.0291376561 0.0353459418 0.0624662638 -0.0472090542 -0.0133694522 0.170727909 -0.188806295 -0.242646694 0.309537053 -0.00337191625 -0.219506413 0.116686694 -0.843681872 -0.919514596 -0.098329246 -0.212414563 0.0521828048 0.0498522706 0.0720163062 0.141549915 0.237734437 0.14086546 -0.0579503477 0.0530933067 0.0917917565 -0.0630147904 0.137161016 -0.0912399739 -0.0595557727 0.00817802548 -0.0486276001 -0.00206208229 -0.0073428154 0.120873526 -0.211849511 -0.151151702 0.251300216 0.0177799109 -0.0683613569 0.112687223 -0.7751531 -0.71837455 -0.0761946067 -0.132514879 0.0771426409 0.114014536 0.0693655908 0.263797313 0.253281146 -0.0869005546 -0.102744952 -0.020522112 0.122058317 -0.100020975 0.0606655292 0.117970183 -0.000486910343 -0.020380903 -0.0436614677 0.0570262372 -0.0721283332 0.163139477 -0.231193602 -0.46966204 -0.0595589764 0.000414362934 -0.221105456 0.0962990895 -0.825049996 -0.692172825 -0.106256559 -0.05672203 0.099654533 0.191475004 0.154551327 0.319208056 0.380127192 -0.0391985476 -0.100925565 0.047950469 0.126964435 -0.347203642 0.0921789408 0.0811629966 0.0225270912 0.0670654774 0.0246933326 0.00386776775 0.0726309866 -0.26867193 0.306860209 -0.515479982 0.0724861175 0.0549317114 -0.113180511 0.0695707276 -0.231612429 0.0438495055 0.11012917 0.0312488694 0.0862217173 -0.0910985842 -0.0644491017 0.0771268383 -0.0216007922 0.0863558128 -0.241379276 0.0020390749 0.0945816338 -0.0319912285 -0.0272580907 -0.0756683201 0.0524813682 0.0471468829 -0.0376333334 0.0311037805 -0.0825233236 -0.0433795452 0.109395102 0.0603608601 0.0368212648 -0.0856681392 -0.0452082381 -0.0165967327 -0.0228988696 -0.0327448882 0.0932275206 -0.066293031 -0.00692292163 0.00499812746 0.0386692844 0.0824395791 -0.0152259171 0.0078757694 -0.0172495339 0.0630899072 0.0170010086 -0.0126764216 0.0333966576 -0.0514634922 0.0886195153 -0.0438071415 0.0252628699 0.0720739514 0.0404196531 -0.0631033406 -0.0283724964 -0.0517487079 0.015353106 0.0363129079 -0.00830215588 -0.106937967 0.0392367393 0.0876763612 -0.0409196727 0.0187766701 -0.0687298924 -0.0132927299 0.0529476851 0.0146378735 0.16499202 0.0243823025 0.00963001698 -0.0235322043
0.210149318 0.388524324 0.416497111 -0.579762518 0.0588928573 0.355924666 0.101651616 0.890496254 -0.592681348 0.357663304 0.445032656 0.0761256069 -0.0320689753 0.0337914079 0.261002213 -0.15134865 0.0380603001 0.025770897 0.136342049 0.0118739661 -0.826399088 -0.0599565431 0.565335572 -0.0694428235 -0.0304076113 0.0153215155 -0.0248560384 -0.0730425119 0.254196405 0.360831887 0.284695536 -0.616440296 0.104055673 0.501385272 0.03031151 0.835404396 -0.556244612 0.457313329 0.477165282 0.0575966574 -0.152187601 -0.0424370505 0.162399843 -0.030468598 0.102201149 0.145090118 -0.0640280843 -0.138408855 -0.117939427 0.129351392 0.0665870234 0.0386390537 -0.0610258542 0.01496315 -0.059097182 -0.0213863552 0.281561434 0.305050969 0.368777782 0.350949138 0.0367519855 0.699106753 -0.0122402478 0.817546427 -0.569237769 0.427256435 0.27413106 -0.0266777854 -0.0697710887 -0.0296916515 0.0453140028 0.0916500613 0.120322347 0.0204219632 0.0540476367 -0.229370058 -0.0568995066 0.177183777 -0.067992568 -0.0144623667 -0.0375041626 0.0149165392 -0.026333306 0.0273001119 0.278236151 0.235020265 0.541118145 0.212179363 0.00150142482 0.720065296 0.00673430692 0.80765605 -0.568760335 0.469828874 0.742534876 0.0521800965 -0.188417122 -0.010051867 0.169394746 0.0621293038 0.0550999343 0.0713642016 0.0521104448 -0.165332556 0.0174678005 -0.0336278342 -0.0295609366 -0.0259393007 -0.00630176067 0.00740915537 -0.0457443111 0.00995793194 0.200706691 -0.037554983 -0.0476213768 0.0537176728 0.0932917222 0.073059693 -0.010981339 -0.260432601 0.0437056869 0.0645118877 0.125264317 0.0658827946 -0.270272315 -0.0726066232 0.00102896628 0.0718098581 0.0761088058 -0.201473936 -0.0335009098 0.0322947428 0.0535172969 0.0133273732 -0.442968607 0.0230244249 0.0203713942 -0.105729781 0.0829325616 -0.0575825945 0.0144592598 0.0417765453 -0.155905113 0.14683181 -0.354908824 -0.0347277001 0.114316806 0.0211972967 0.0713284016 -0.1771947 0.0636964589 0.0664319023 -0.122848317 0.171355054 -0.221147329 -0.0725972727 0.0500176884 -0.484865844 0.167903587 -0.206786767 0.00886500627 -0.00180296262 0.0551315993 0.0915213376 -0.22417292 0.0539670587 0.081332624 0.0435190462 0.0177439079 -0.359305322 -0.00105116516 0.0152951628 -0.0590704456 -0.0828927904 -0.13712126 0.00140408427 0.00147353834 -0.0173642877 -0.0287924167 -0.190359294 -0.0176420882 0.0782599449 0.0490256436 0.0631332248 0.0406050012 0.00504618883 -0.00530744577
0.0234171525 -0.0838997588 0.0511486456 0.171853557 0.0863734335 0.0236355253 0.0407172441 1.23691487 -0.839924395 -0.180030316 0.00698382454 -0.0798942596 0.21403417 -0.0911929384 -0.164032161 -0.127131134 0.0786357373 -0.0496427529 -0.0874081105 -0.122747444 0.275426507 0.148139894 -0.293660045 -0.0299057402 0.0203391165 0.0682755858 -0.0612754598 0.0280475542 -0.0132252304 -0.118548259 0.0652612671 0.405733675 -0.0174066965 0.161310732 0.0750964507 1.15889668 -0.81645292 0.0726422071 -0.0941999406 -0.0276022572 0.100448884 -0.0950222835 0.091771543 -0.0952322707 -0.0260434467 0.101087771 0.0332330875 0.0888180956 0.0510254689 -0.0215126295 -0.0298430491 -0.0125450678 0.0552044809 -0.0568468682 0.05253537 0.033739835 0.0605023056 -0.164415255 -0.109640568 0.26823923 0.0381230935 0.131599441 -0.000174993969 1.25684655 -0.676927805 0.00874649175 0.0738919228 0.00684524234 0.0511219874 0.0449196175 0.102662571 0.047009863 -0.107059799 0.0381264351 0.0957322791 0.0335479006 -0.168982267 -0.0578934103 -0.0224039555 0.0508777872 0.0668615103 -0.0327475406 0.0377618 0.00459168106 0.0918740407 -0.254016399 -0.0817922503 0.0381456465 0.11284285 0.120746896 0.0139990821 1.12079251 -0.690401495 0.0633603409 0.309205264 -0.091518417 0.132036775 -0.0131554119 0.154470503 0.0783799887 -0.126466751 0.0688643828 0.124947853 0.226892665 -0.100877345 -0.09734983 0.001529717 0.0343504176 0.0622566491 0.0225323066 -0.0109333768 0.0100354403 0.259602815 -0.150853485 0.189889923 0.0553867966 0.0481187776 -0.0536815189 0.0233516097 -0.0422954224 -0.0509037077 0.021873422 -0.0481938161 -0.0099254474 -0.0630151033 -0.00762284547 0.0346310847 -0.0287812594 -0.00763287442 0.00867534988 -0.0116625912 -0.0219417401 0.00310813519 -0.00406650407 -0.0359786302 -0.0643674582 0.0330668986 -0.0272632558 -0.0224447567 0.0635716245 -0.0545831844 0.0622398853 0.0632188991 0.0194965862 0.106154077 -0.0366011821 0.0624465086 -0.11411722 0.127539322 -0.0219456274 0.0151662454 0.0975615233 -0.076965943 -0.00480090128 -0.0538548417 -0.0729652867 0.05198358 0.0244298168 -0.0910906121 -0.035223484 -0.0535167605 0.0419198312 0.0477725863 0.111440949 -0.0370124541 0.0260759816 -0.0218778066 0.0307481699 0.0930845067 -0.0979207531 -0.0527827069 -0.0315201581 -0.0118448082 0.0377007797 -0.112932421 -0.00475799292 0.00849237759 0.0801079124 -0.0611929744 -0.0504841171 -0.000685043633 -0.0233349688 0.0275490321 -0.0429128408 -0.0881270841 -0.0305798873 0.0327527449
-0.0390647575 0.145029739 0.00298210327 -0.226065904 0.0251863711 0.406976342 -0.00103309192 -2.02787948 0.0464031622 0.323991239 0.234764457 0.0203311164 0.325330317 0.0239585899 -0.312674105 -0.46055001 -0.143348709 0.186285362 0.131714553 0.110750355 -0.427567065 -0.109042808 0.393758953 -0.0421646684 0.0502638444 -0.0663637519 -0.00503069162 0.0661329627 -0.0257139523 0.0884786397 0.0421028659 0.052547507 0.0851248205 0.343702197 0.0249879621 -1.97183168 -0.0201245062 0.140081808 0.318263859 -0.0364295915 0.30160594 -0.0942201987 -0.363235444 -0.374847829 -0.151144132 -0.0358028747 -0.000892565353 0.0902963802 -0.0358117782 0.0158560984 -0.0248922464 -0.0103406236 -0.0632677004 0.0307053402 0.0435639471 -0.0726410523 -0.082913965 0.113801487 0.2099123 0.426319838 0.128858119 0.262404084 0.11518652 -1.99522066 -0.0477991849 0.227931038 0.44266659 0.033097472 0.21876815 0.0211506244 -0.223980561 -0.25902158 -0.180105001 -0.171947911 0.0488076583 0.0848701447 -0.0255597383 0.00557475025 0.200559676 -0.051941745 -0.0445248038 -0.0403541848 -0.0495962985 0.0392229035 -0.00935614947 0.0945878178 0.18168211 0.427132785 0.072215952 0.250484377 0.0616736002 -1.98057365 -0.0962647721 0.0897801071 0.729317367 0.057401523 0.296710581 -0.0530397445 -0.234425351 -0.112081163 -0.164719999 -0.201061144 -0.0852442831 0.0548293255 -0.0265422016 0.0240617357 0.0119264042 -0.0317592099 0.0309975743 -0.00404256582 0.00705184042 -0.0546849743 -0.398645729 -0.151995316 -0.394994229 -0.0670426115 0.020722013 -0.222664043 -0.169009671 -0.200444967 -0.0413635261 0.0178248752 -0.116486929 -0.0271540601 -0.188220888 0.0484554619 0.0117972894 0.000904993678 -0.0727786124 -0.0657747015 -0.0592419878 0.04050643 0.0388433635 -0.0467453077 -0.0703073516 0.0691886842 0.141489476 0.107419156 -0.0673383847 -0.174674317 0.0485098585 0.144521594 0.147723988 -0.0190045647 -0.0176623054 -0.0442519113 0.124797665 0.0430803485 -0.0490728877 -0.0597890168 -0.0196415484 0.115434885 0.16064766 0.0566519536 -0.0501100086 0.0166031495 0.0630908087 0.075123854 -0.0296757966 -0.0961802527 0.0633111596 0.0573539175 -0.00177343155 0.0192564279 -0.200032592 -0.0347733162 0.105211526 0.0629931837 0.0328688845 -0.191756293 0.0162167549 0.0760890767 0.050366465 -0.0277293585 -0.156976357 0.0311269239 0.103020519 -0.0337797999 0.0845531896 -0.109994717 0.0399233028 0.0594704822 -0.00738013349 -0.0463545844 -0.218253881 0.0450799167 0.134272009
0.017386714 0.0383315869 0.0416777655 0.00885467045 0.0453800857 0.0579121448 -0.0275669191 0.848231971 1.19930637 -0.129775465 0.249091044 0.143787161 -0.121854693 0.0341283567 -0.100002632 -0.0412966534 -0.108665861 0.070665665 0.0172020439 -0.0821467116 0.303477913 -0.0733759105 -0.256764621 0.060566932 0.0268939584 -0.0721216947 0.0290634334 0.0709335357 -0.0362809114 0.0926846191 0.217855349 -0.0691026226 0.0623717681 0.273748338 0.103638716 0.956771433 1.09297431 -0.139381096 0.0451113507 0.0487756208 -0.0920260102 -0.00869269017 -0.0259507485 0.0603404678 -0.228435338 -0.070834592 -0.17803435 -0.0966675431 0.145695239 -0.0465819165 0.0945235267 0.0194438174 0.0379602239 0.0572027564 0.00686822087 0.0704393387 -0.0501549654 0.0873298869 -0.0699978471 -0.215068609 0.0136284279 0.229451016 -0.0239379052 0.924913824 0.884607494 -0.203531757 -0.0705338493 0.0461172871 -0.189028949 -0.0114132324 -0.175950065 0.00601639273 -0.119381741 -0.0757509395 -0.097624056 -0.121576644 0.126248211 -0.143971592 -0.015636079 0.0542131811 0.0527290106 -0.04337845 0.00855327398 0.0412184224 -0.0630308539 0.140087724 -0.012860816 0.0661493614 0.0353521593 0.332423091 0.00915027224 0.920074642 0.784910679 -0.122877918 0.195925221 0.0341715962 -0.132351533 -0.067345053 -0.156221256 -0.0762832761 -0.0566379242 -0.0956649557 -0.0614004545 -0.113610402 0.120504312 -0.0545859188 -0.107977487 0.0673238337 -0.0458535589 0.0497239679 0.0468307659 0.048298113 0.220070019 -0.101624861 0.377708435 -0.0724041462 -0.000286249502 -0.102260478 0.123322666 0.014076245 -0.058629524 -0.0262991879 -0.0596196316 0.0632787198 0.0131153632 -0.0204791464 0.0633507147 0.0103869857 -0.00522286119 0.098617807 -0.0527702682 0.0011027843 0.0468835793 -0.0142480414 -0.0646158829 -0.0261984468 0.0806599036 0.112811111 0.0658387989 -0.0231825896 -0.046349939 0.0133985709 0.0301252753 0.00445125857 -0.143909886 0.0435819477 -0.0304326247 0.0633620471 0.0329496264 -0.139940724 -0.0128119364 0.07903146 0.0126629751 -0.0553042181 -0.00498084072 -0.0506305546 0.111738317 0.0961468965 -0.046146024 -0.0595448278 -0.0372469462 0.0554176345 -0.0696205422 0.00339750969 0.0201276559 0.0213388652 0.091004543 0.00530471094 0.119716555 0.0219145026 -0.0535957813 -0.0284402985 -0.0238076318 0.114271522 0.0464908332 -0.0496860072 0.104399823 -0.0506349616 0.0481999256 -0.00443721656 -0.0564306825 -0.0327392668 0.0139298188 -0.0612059496 0.0999330804 0.042310223 0.0908373669
0.0969206914 0.161976203 0.354338974 -0.447899789 -0.0223355033 0.246772408 -0.00230809278 -1.2936542 -1.5673666 -0.0444884114 0.0441521108 0.0628553331 0.0387452915 -0.0496872105 -0.0398372076 -0.135548383 0.199343994 -0.106826574 0.0878080353 -0.0967156589 0.0743860304 0.0555207357 0.158379838 -0.000439979136 -0.0583634935 0.0566440672 -0.0398090556 -0.0484566689 0.146637455 0.0895106271 0.455501467 -0.138241336 0.0091323182 0.19509086 -0.018655749 -1.32394934 -1.39401066 -0.0548259951 0.0551310368 -0.0512675196 -0.0326326825 -0.127215132 0.0484151728 -0.0728085712 0.0924405381 -0.0292507391 -0.0381280407 -0.165941045 -0.141139567 0.0333353542 0.0736845285 -0.0635791942 -0.0213743746 -0.0192833133 0.0240643173 -0.0185216516 0.0348001309 0.193722546 0.74408859 -0.203382567 0.0616990738 0.564256907 -0.00770398509 -1.25239909 -1.26090193 -0.149198994 0.10756658 0.013234891 -0.0464781001 -0.0263315067 0.00754732778 -0.151219368 0.120167866 -0.0685916543 -0.111222245 -0.0674888268 -0.157727972 -0.0748665556 0.000630102644 0.0513005778 -0.0526572205 0.0511959121 0.0050630942 -0.0107004121 0.121508256 0.0802183002 0.50254786 -0.035986837 0.0947393551 0.224852458 0.0440760478 -1.18213594 -1.24666452 -0.243382528 0.107250296 0.0411490984 -0.0430607237 -0.04645513 0.0413146392 -0.119717553 0.235830396 -0.0155294901 -0.00252181222 -0.0243081078 -0.190307409 0.0509464331 -0.0989306867 -0.0456938557 0.0719551891 -0.0612400621 -0.0531125665 -0.0618741587 0.0934727713 -0.00254170923 0.209687248 0.044778727 0.0615760498 0.0364999175 -0.0619231798 0.108261861 -0.0601036362 0.00933623314 -0.0288729798 0.0569058582 0.0983983204 -0.0288386978 0.101844445 -0.0226573814 0.0700761005 0.056018874 -0.0215280391 -0.0245450195 0.0481383726 0.0774473473 0.00914750807 0.0401038602 0.0866197869 0.0643348545 0.0827110633 0.0962402374 0.0392405465 0.0317904167 0.0375274383 -0.0511043593 0.0233025383 -0.0165741146 0.0466981418 0.0270918664 0.0695535094 -0.0144703044 0.0523868948 0.0888471305 0.0366531946 0.0323370248 0.00379272969 -0.0431093052 0.0850400031 0.044639267 0.0664220378 -0.0956950262 0.0180993304 0.0977633148 0.0423504263 -0.00271405838 -0.0700109154 -0.071870625 0.0311328974 -0.0462674685 0.0699702576 0.0103813652 0.0680937916 0.0108621987 -0.0241713226 0.0607427061 -0.0546533801 -0.0259680599 0.00228563766 -0.0568549857 0.0845421776 -0.0160535537 0.0145803541 0.0909015387 -0.0429838076 0.118518293 -0.125694543 0.0458667129 0.0928232372
0.0219603144 -0.0409575738 0.00340679032 -0.0548308976 -0.0727314875 0.0491894893 0.0277506094 0.0496683531 0.0531279445 -0.00558009418 0.0276435297 -0.0409862585 -0.0595228635 -0.0177180208 -0.0489339419 0.0726970285 -0.0533127822 0.0621200651 -0.0186178945 0.00748445885 0.0595775656 -0.0276416223 -0.0219567548 0.0302547365 -0.0185269602 0.00925985724 0.0460756198 0.00351994485 0.04372501 -0.0259303451 0.0358513668 0.00707855821 -0.0624892227 -0.0142472163 0.0223236233 -0.0505836084 0.0680896193 -0.0350036398 0.0336504839 0.002025177 -0.0424818695 0.0488817096 -0.0224607289 -0.0135596739 -0.0148221254 -0.0674509481 0.0369500741 -0.0388878435 0.0492207482 0.0409285203 0.0334857367 0.0260979384 0.0235401392 -0.0616611913 -0.00410547853 -0.0302631818 0.0492310226 0.0343911909 0.00793381874 -0.066227667 -0.0734582022 -0.0672851875 0.0449059978 0.040130116 -0.0587553307 -0.0567516349 0.0628130361 0.0232517552 -0.0460817218 -0.0147041623 0.0392403379 0.035993062 0.00331408018 -0.02544019 -0.0308542252 -0.0276116673 -0.0397976153 -0.0421568118 0.0456199907 0.0121351853 0.0239993632 -0.0531424135 0.0135576576 0.0651449859 0.0339702703 0.00290858536 -0.0275421049 0.070424214 -0.0374668427 -0.0268263817 -0.00275262352 -0.0264416952 0.00315068616 -0.0110151544 -0.0453045703 -0.00552429305 0.0301247835 -0.0776444152 0.0196627844 0.00761136878 -0.0408200361 0.0583971143 0.0415217802 0.017529333 -0.0234742332 0.0235377084 0.0276523605 -0.0108393878 -0.0314614289 0.00139852613 -0.0616431385 0.0514751524 0.000929400499 -0.0320740826 0.000712946407 -0.0383590385 -0.0175181553 -0.0530810356 0.019717589 0.0291986763 -0.0226055235 0.0331006795 0.0456128865 -0.0658415705 -0.0535410717 0.00668222457 -0.0453058928 0.042196244 0.0639788806 -0.0410868749 0.00896267593 -0.00156330317 0.0551291257 -0.058554329 0.0251915231 -0.0520376265 -0.0686289743 0.0586919114 0.0428896695 -0.0722442269 0.0437240526 -0.05875073 0.055638209 0.0118824542 -0.0233650915 0.00681421161 -0.0194306932 -0.00642845547 -0.0502161011 0.0360825211 -0.0506159365 -0.0012278558 -0.059250135 -0.0396368764 0.00839042664 0.00657083094 -0.0726085752 0.0136115747 0.0234849304 -0.0338038057 0.0083842501 -0.0449539758 -0.0694341436 -0.0123252831 0.0483196899 0.00267334282 -0.0580181777 0.050655216 -0.0115521774 -0.0644318014 0.024138771 -0.0661478341 0.0411830321 0.0147309005 0.0213632882 -0.0642751083 0.0130635705 -0.012967417 -0.0158411339 0.0207375214 -0.0658340231 -0.0585277975 -0.0728825629 -0.0257632174 0.0323069096 0.0400600284 0.0125303101
0.005372677 -0.156248346 -0.0480764359 -0.194863766 -0.00676722359 0.0113625266 0.0153869865 0.780734956 2.098001 -0.0232938025 0.302231967 0.0486443974 -0.0455524437 -0.188739851 -0.155901566 0.24958156 -0.111172676 -0.112975031 -0.165835798 -0.0845677853 0.796077013 -0.0602349676 -0.695941627 0.00789039582 -0.0336510688 -0.0641330928 0.0510200039 0.00142309815 0.0219684727 -0.124726139 0.0217105485 -0.164443284 0.041698996 0.0633497685 0.0920935869 0.725202501 1.86892223 -0.0359160863 0.164158061 0.126296684 -0.0149386432 0.0299560465 -0.144732982 0.202913761 -0.217019543 0.201906145 0.118602127 0.0183293782 0.281468153 -0.0747128204 0.0778817013 0.0574630648 0.0654475987 0.0601066053 0.0486869887 -0.0281608291 0.00723545533 -0.106706262 -0.231576025 -0.00331456726 0.0639216825 -0.0498877391 0.0241771434 0.763459325 1.55208182 -0.0496894158 0.338118851 0.0905567929 -0.00266143447 0.0827306882 -0.0783378705 -0.024444975 -0.260031462 0.110671282 0.0819640607 -0.0465905219 0.136272982 -0.0489348285 0.13670294 0.00618176162 -0.00771070272 -0.0706262812 0.072592482 0.0289843678 -0.0221439004 -0.050310079 0.00344357616 -0.0993039533 0.131612599 0.144930512 0.10401468 0.720331788 1.51821637 0.058321625 0.213383868 0.142002329 -0.0583206415 0.0645061806 -0.0700184554 -0.0659318045 -0.153839767 0.207221329 0.073048152 -0.047753837 -0.0278196149 -0.058875259 0.139148042 0.0494691655 0.0289323479 0.0719282329 -0.0360561237 0.0134700462 0.0113069639 -0.0195815451 0.062238276 0.0429626554 0.0241800975 0.0707753897 0.102430753 0.0906643197 0.0228173211 0.00496640615 0.0931068733 0.109999351 -0.0437654927 -0.0157570876 -0.0109784128 0.0650452822 0.0244705025 -0.0607657954 -0.0509299263 0.0728703439 0.128246248 -0.000354572025 0.0404218957 -0.0573971644 0.0163482931 0.138412341 0.0102609629 0.0187320188 -0.0439558327 0.0691851228 0.0646645278 0.0300420076 0.0323632956 0.0186193287 0.0957553983 0.0898766518 -0.0269359872 0.0160864275 -0.000999160111 -0.0165420417 0.0213140957 0.0488108359 -0.00772697385 -0.0345314965 0.0973303616 0.113740049 0.0216888264 -0.017778689 0.0347400978 0.0277706105 -0.0141721247 -0.000716686249 -0.00833434332 -0.0368020497 0.0733753741 0.127666712 0.0393322334 0.029634716 -0.00701318681 0.0404038988 0.00240783463 0.102031901 -0.0766051561 0.0318330303 0.0724154413 0.0987945423 0.0081434967 -0.0574557185 0.0709732324 -0.0091552278 0.0324124694 -0.0519838519 0.0554145612 0.0486971214 0.00306471647
0.238267228 0.407080323 -0.110644236 0.0796115398 0.064931497 0.376016289 0.124364987 -0.0900730491 0.0707092434 1.07891774 0.230265126 0.0402387194 0.0282746274 0.0209651757 0.199526682 -0.452078879 -0.286071151 0.419315189 0.236271963 0.00332198408 -0.706637979 -0.179520562 0.94181186 -0.0121557117 0.0429088324 0.0472492501 0.0267223716 0.0144946203 0.300759852 0.477085173 -0.274525076 0.469710052 0.0946220681 0.285537601 0.0915206894 -0.266638815 0.0745086446 0.878910005 0.492254525 0.0934494734 0.226970032 -0.105306976 -0.0727938786 -0.192066506 -0.0986849144 0.121742964 -0.0153471241 -0.182571381 -0.0534251183 0.0665558279 0.0238794535 -0.00127924979 1.7657876e-05 -0.0156198777 0.0428997353 0.0627248436 0.220171705 0.419818431 0.384873062 0.255328476 0.0587434918 0.179941043 0.0572338775 -0.459843695 -0.0252159238 0.84952569 0.0922402218 0.168606564 0.267657608 -0.239186004 -0.111476868 -0.203002736 -0.104666933 0.0843779743 -0.0607312471 -0.182758734 0.0606656782 -0.0204234123 0.0418400131 -0.0158493444 0.0283622816 0.0184122473 0.0156464353 -0.0469655916 0.199940667 0.399343789 0.362032294 0.323934019 -0.0233525485 0.0663397983 0.0167117082 -0.5042696 0.0996435881 0.735087812 0.247795492 0.14430882 0.216177925 -0.180787846 -0.219997332 -0.324548155 -0.195431873 0.130589262 0.00863760896 -0.188088909 0.0329276845 0.0563696064 0.135976359 -0.0411581136 0.00295637548 0.067718029 -0.0247815214 -0.0723600462 -0.215344101 0.182132483 -0.180208087 0.00983171165 0.051149033 -0.028866034 0.0118679963 -0.0362702869 -0.0338083655 0.0554973148 0.0868993476 -0.151315734 -0.200840518 0.0335563123 0.0124449041 0.167982817 -0.0942770168 -0.3335931 0.0299353525 0.0555249043 0.21844539 -0.190444574 0.0691292584 -0.0108849443 0.0535943285 0.101299584 -0.185736418 -0.106901631 0.0356970727 0.0327656381 0.139895514 -0.140460059 -0.739584506 -0.0394012779 0.0477945842 0.0728683099 -0.159928381 -0.0228557419 0.0315002277 0.0508779548 0.00935097784 -0.187676981 -0.0184777621 -0.0688558742 0.0674495772 0.0367683172 -0.0986918285 -0.108923241 0.0451367125 0.00987140276 0.0381162167 -0.120450534 -0.18417348 -0.0612130016 0.0597117357 0.177152127 -0.136645809 -0.177785128 -0.0249184966 0.0654850826 0.145662874 -0.000549166463 0.0321249217 0.0200456753 0.0644646734 0.116888359 -0.0402059145 -0.0689236894 -0.0495954268 0.0702921748 0.172163785 0.0303703472 0.0446497463 -0.0594777055 0.037687242
-0.125906304 0.429855883 0.18145676 -0.146105438 0.122553602 0.952640057 0.0149620017 0.877211034 -1.46836531 0.265635341 -0.244321868 0.0522515066 -0.309438914 0.0871725008 -0.103932075 -0.258877069 0.0510504283 0.176693037 0.020556394 -0.027515728 -0.368396372 -0.00326899812 0.254011691 0.0184935331 -0.0605223775 0.0108627751 -0.072155349 -0.00856472552 -0.0199794453 0.305477858 -0.0782533512 0.579992056 0.0797498226 0.865255415 0.0376991332 0.76612711 -1.32862031 0.30551511 -0.396986037 0.130207673 -0.275208652 -0.13906987 -0.102596052 -0.123195618 0.192409158 0.132769123 -0.114974707 -0.0905377045 -0.238769636 0.00469905091 0.0737595484 0.027205728 -0.00181472301 -0.0675500631 0.063828215 -0.0611085407 -0.0168483183 0.301344782 -0.125022143 0.237293482 0.098951295 0.773674428 -0.0175476857 0.766802311 -1.21732879 0.24538298 -0.399097502 0.126813158 -0.330667466 -0.0300829206 -0.21848017 -0.0556393638 0.170927212 0.0246701799 0.0350802802 -0.111082695 -0.159386083 0.0711523071 0.0138613358 0.0417847633 -0.0266347118 0.0474568307 0.061732769 -0.04295066 -0.0423103459 0.280124485 -0.0976920873 0.35873571 0.0408214442 0.631705821 0.0422996357 0.764793336 -1.16392767 0.304565728 -0.200358585 0.117705904 -0.27526176 -0.0654865131 -0.0330868065 0.00245602103 0.171556503 0.0917346478 0.0386002623 -0.0478573963 -0.118268594 0.0996083766 -0.0389306322 0.0182063282 0.0283703655 -0.0175895318 0.00828736275 0.0690495372 0.27379933 -0.00145283341 0.00568856578 -0.0272242725 0.0478949249 0.176604331 -0.0887127817 -0.0429504998 -0.0348423608 0.0609002337 0.24896419 -0.114666469 0.044755321 0.0436324552 0.0780387148 0.217868954 -0.185062572 -0.10036996 0.0253952444 0.0631738827 0.137960806 -0.00904416665 -0.108729042 -0.00574806333 0.0407500304 0.150121704 -0.0677456632 -0.128171101 0.0452474281 0.0875533298 0.112220161 -0.0795634761 -0.198846132 -0.0478780568 0.0526498146 0.14099817 0.0943519101 0.0380156972 0.0167905912 0.0985330269 0.0772528127 -0.00358178257 -0.151845008 0.0304175913 0.0545215383 0.103566363 0.0551698878 0.0695988238 -0.0690967888 0.00434263842 0.0334935077 0.0618926287 0.0233619306 -0.0650207549 0.0554061159 0.101341665 -0.0634597689 -0.0130361216 0.0406739339 0.0691172555 0.113390282 -0.055642236 0.0447610691 -0.0720666051 -0.00275738933 0.139967337 0.0173285715 0.0543778092 0.0182406455 0.0898095965 -0.0200628061 0.0459994748 0.0269817375 -0.00105234236 -0.00972606242
-0.0475210771 0.149592072 0.330842912 -0.669968843 -0.0386222079 0.778361559 0.045592688 0.58994633 -1.02607977 0.1362288 0.0030682541 -0.025494447 -0.306031436 0.0409842618 -0.0150254378 -0.16272369 0.00573392818 0.134301051 -0.0681205988 0.02971006 -0.335316598 0.0301810578 0.121952921 -0.00774028897 -0.0639100969 -0.020840399 -0.00740850717 0.0216213241 -0.172017768 0.184720248 0.125585213 -0.445593596 0.0206002221 0.773754597 0.0523652509 0.663413167 -1.0046109 0.229524359 0.0225268453 -0.0106430622 -0.371469676 -0.041731704 0.0885269344 0.0138945663 0.0875904858 0.108766221 0.0351319276 -0.00982324965 -0.155095726 -0.018114062 0.0246262755 -0.0145668797 0.0194855407 -0.0571609512 0.0329464376 0.0471293852 -0.0903657973 0.15426214 -0.166858003 -0.0245418511 0.0361869186 0.670350909 0.0244482812 0.611690819 -0.914909661 0.2421377 -0.102889784 -0.0514946468 -0.438432693 -0.0509775355 0.0818294585 0.035803955 0.148675948 0.0652055964 0.117259376 -0.00539360847 -0.257375896 0.0720542297 -0.0601499975 -0.0465370156 -0.0659843236 -0.0608251616 0.0689177364 0.036374405 -0.131925166 0.203806639 -0.0380012207 -0.254980624 -0.0332997479 0.600320458 0.0749197155 0.624109387 -1.0180738 0.351132751 -0.191300809 -0.0817386135 -0.47359696 -0.0349409878 0.140392721 0.272209764 0.0592323467 0.141704112 0.123741224 0.038361799 -0.289855421 0.052633334 0.0170853566 -0.00216621906 -0.0215029418 0.0070040077 -0.0729563087 0.0442345142 0.164199844 -0.0391295105 -0.0604049079 0.021546565 -0.00585065037 0.0869291574 0.00678975089 -0.0769214556 -0.0531474724 -0.0353337042 0.0292220097 0.104249135 0.000907537527 -0.0512546003 0.00650681416 0.152073577 0.0499526672 0.02232402 -0.0108185783 0.016005693 0.126172408 0.0365076885 -0.218804985 -0.0166356154 0.0760968104 0.065402694 0.0473543629 0.012902705 0.0537176132 0.00511290552 0.0355172008 0.105813451 -0.0657236651 0.0226140469 0.0446611941 0.0597775131 0.0400914513 -0.139055982 0.0259266794 0.0548207052 0.0798357278 -0.000852645724 -0.223871022 -0.00465521216 -0.0248463769 -0.0202728193 0.106315687 -0.081323579 -0.0333225429 0.0755382255 0.0159696471 0.0497689284 -0.119504504 0.0255805701 0.0443270802 0.0226944443 0.00944135431 -0.160252675 -0.0587603301 0.0611795634 0.0517037809 -0.0661330372 -0.0384588875 0.0515934303 -0.0123215448 0.0129560912 -0.0591650493 -0.0926339254 0.0308970585 0.000892265176 0.0850590691 -0.064726077 -0.040969599 0.0565841347 0.00625296403
0.0728942826 0.171101138 0.148988381 0.173323423 0.114720449 0.281868786 0.123785131 -1.3005079 -1.6744715 -0.0222989451 0.122205406 0.0222562067 -0.0185667668 -0.00281865452 -0.335335374 -0.250454694 0.0126641132 0.138435006 0.0994750112 -0.102113195 -0.0376396775 0.0123613561 0.22849144 -0.0130562671 0.0592638105 -0.0546911508 -0.0188721716 -0.0638446659 0.0748132616 0.120782316 0.183725744 0.27288419 -0.0326558687 0.290943474 0.0867484286 -1.22337842 -1.44591415 -0.113306977 -0.117293343 0.156832084 -0.0384049155 0.0354944356 -0.13049531 -0.268982828 0.080512844 0.0479593016 -0.0990438834 -0.111358479 -0.146851361 -0.00643899711 0.00650510099 -0.0503450334 -0.0544847026 -0.0366622061 -0.0723913014 -0.00340176374 0.000394410192 0.00349839428 0.365760356 0.15452908 0.014621377 0.252013445 0.0944735631 -1.18579197 -1.28203011 -0.129505858 -0.0223317128 0.122609787 -0.0433867127 0.058911819 -0.156600952 -0.222474098 0.0748915002 -0.0219932068 0.00336305983 0.00785266608 -0.0142063843 -0.107681878 0.100225158 0.0552903712 -0.0144398399 0.0354310125 -0.051800184 -0.0131489336 0.024112029 0.106856257 0.183512807 0.243288144 0.0277910586 0.0215291418 0.123833634 -1.16930926 -1.24851632 -0.124130227 0.0866879746 0.0578190014 -0.0612191856 0.0467525758 -0.153280526 -0.119194105 0.0710631013 -0.0666620806 -0.0641296878 0.0279989224 -0.146478087 -0.0430525877 -0.0858093426 0.0702107847 -0.0502886288 0.0665524304 -0.0123681389 0.0423360169 0.0359894708 -0.0187590793 0.0452504195 0.0302423611 0.0931108817 0.0878212079 0.00714061875 0.0526529476 0.0483749658 0.0224170219 0.0330928303 0.0313543603 -0.0625353828 0.020763129 0.0832406357 0.0073349108 0.0202562492 0.0236521084 0.0286157578 -0.0199565738 -0.0107659036 -0.0016754166 -0.0614516959 0.0581963062 0.104625225 0.0885023475 0.0738589317 0.0101479562 0.0603532046 0.0529277064 0.131938055 0.00942058302 -0.0681086108 -0.0363893136 0.0821516439 -0.011321933 0.0107380133 -0.0480918549 0.00685209781 0.0579062775 0.042669259 0.0803349763 -0.0860261545 -0.0718974173 0.0552770458 -0.0094370991 -0.0262960456 -0.0431893356 0.0589160323 0.00434037391 -0.0124780564 0.0530079938 -0.0366055705 -0.00819547474 0.00709485309 0.0520936996 0.0813005567 -0.0547734201 -0.0531462692 0.0821603909 -0.0152281644 0.0382930152 0.0198543426 0.0553753525 0.0612005107 0.112080805 -0.00675130915 -0.00254075695 -0.0226849653 0.0126244081 0.0504275598 0.0934526026 0.0472214669 0.0477968529 0.0521939434
0.00776498718 0.196003616 0.0817613155 0.107814968 0.0822403952 0.219553307 0.0773845315 0.881315112 -1.89710224 0.134822875 0.0860074759 0.0420652553 0.0178425293 -0.0111007541 -0.150457978 -0.313412815 -0.168686673 0.130415156 -0.0673961416 -0.140787795 -0.0980385616 -0.0136685288 0.0106553975 -0.0703606606 0.0338997692 -0.0694285408 -0.0355679654 0.0499237701 -0.0289762486 0.149454549 0.127786741 0.166979417 0.0264862143 0.222802952 -0.00659485301 0.836814344 -1.69333661 0.159958407 0.0494006462 0.0393067487 0.0198521726 -0.0653327629 -0.0444479175 -0.235663295 -0.017566951 0.159207374 -0.0634400398 -0.0489763767 -0.214185536 0.054749772 -0.00628497917 -0.0569459423 0.0162114576 -0.0500622094 0.0637404621 0.0680242181 -0.071488902 0.0371815041 0.0672519505 0.117295258 -0.0323856622 0.397096306 0.0694768727 0.786428869 -1.43343496 0.0201038998 0.0113929147 -0.00833675265 -0.0147816362 -0.0513758436 0.0758278742 -0.141023457 -0.108949818 0.0355197452 0.100857764 0.0438989215 -0.314754725 0.0022059076 0.102532893 -0.00335094333 -0.0559401587 -0.0485748053 0.035069935 -0.0711714402 -0.0612265654 0.0871983916 0.0140437782 0.123136863 0.000159535921 0.178340614 -0.0133064045 0.756664276 -1.43728518 0.162744299 0.246480852 -0.0580054931 0.00393837178 0.113329992 0.0332133397 -0.0124862418 -0.311793894 0.180377215 0.118609756 0.00450541545 -0.263460428 -0.101645596 0.0940950662 -0.0662333518 -0.0620573312 0.0221530795 0.0417296588 -0.0340583473 0.0973409712 0.0191385355 0.0837348849 0.032933794 0.0525883324 0.00342231034 -0.059268523 0.045873154 -0.0572164953 -0.0408565439 0.0853280127 0.0132511836 0.0851690993 -0.0434827507 -0.0197242219 -0.00628647208 0.0559682101 -0.0421026126 0.0136511996 0.066908516 0.111504838 0.0428036451 0.0761588588 0.000649400055 -0.0179153234 0.0473545492 -0.0366151035 0.0461509451 0.0378551334 0.0592397824 0.0811289921 -0.0585025884 -0.102507755 0.0599401593 0.0134326955 0.0226107817 0.00840645935 0.0511830971 0.0407397673 0.0580767952 0.0780626312 0.00671389326 -0.0821111053 0.0373155177 -0.0494346507 0.0896759629 0.0475955419 0.0821574405 0.0332694873 0.0104279239 0.0834765807 0.00576739758 0.10150066 0.0407876745 0.0766519159 0.00458003581 0.0462310612 0.0386520103 0.0355559215 -0.0378631651 0.0512774251 -0.0118022924 -0.0524963103 0.0631638616 -0.0663047805 0.0905470401 0.00576413143 -0.011763325 -0.0502925888 -0.0244945977 0.0408532061 0.00199158071 0.113157794 0.0237710327 0.061877463
0.210600778 0.417134643 0.233736455 0.0251668189 0.0449798442 0.575898767 -0.0428686254 1.2111429 -0.234852269 0.396320224 0.37166518 0.248525113 -0.640788734 0.191616669 -0.0452752039 -0.183150306 0.164548934 0.00593335042 0.102312982 0.108545661 -0.388381928 -0.143412456 0.184813499 -0.00445473194 0.0320562199 -0.0352884419 -0.0278094746 0.0559923351 0.315672994 0.483501732 0.209259644 0.103705034 0.196551919 0.400474072 0.0574260168 1.10791194 -0.251553237 0.3714495 0.519493639 0.24760668 -0.355211049 0.10094054 -0.111467287 -0.0722201169 0.097459726 -0.144742817 0.0492821671 -0.0563107245 -0.0629305243 0.063442491 0.0668172464 -0.0410592854 0.00607340783 0.0513002574 -0.0697283521 -0.00919937342 0.202445105 0.355199844 -0.0996470824 1.27119529 0.197932199 0.512501359 -0.00557130342 1.0248642 -0.230931565 0.365587771 0.577007115 0.241268948 -0.226066425 0.111123756 -0.174508452 -0.0473761 0.142897323 -0.1086099 0.0361807197 -0.0201728102 -0.021781221 0.0366186798 0.0327285752 -0.0352099836 -0.05586081 0.00136064738 -0.0225786828 0.0413558334 0.287455052 0.363515645 -0.0322047248 0.853242278 0.0786277205 0.367722869 0.00322923739 1.02128196 -0.17008695 0.303444237 0.818180084 0.15088506 -0.252267629 0.113457322 -0.0948417559 -0.042055767 0.219307676 -0.0723952055 0.160090938 -0.0772201344 0.00446520094 -0.00302685704 -0.0341667756 -0.0647330657 -0.0126084536 -0.0658661649 0.0115726888 0.0525541455 -0.281776547 -0.0262157135 -0.110436365 -0.0467497185 0.0297549292 -0.0519702882 0.0572258122 0.0271661319 0.0536103994 -0.0534950979 -0.0320331343 0.0841915905 -0.0232790709 -0.0401614234 -0.0473926626 0.0763108581 -0.001508296 -0.13151364 -0.0353991538 0.0802690536 0.0898707733 -0.00418463396 -0.0711209029 0.0726959407 0.041515559 -0.0410867296 0.065012224 -0.143261641 -0.00105056912 -0.0163647048 -0.0496014357 0.0849086419 0.111883633 0.0426388308 -0.00466185343 -0.00230545294 0.0101196375 0.0709602386 0.0623059124 0.0684001446 0.0471191965 0.0758851916 0.064318873 0.0223200992 0.0200311691 -0.135588825 0.22564213 0.12530522 -0.00676703453 -0.0370966643 0.0246553663 0.0595422313 0.0237627979 0.0625430346 -0.0586058386 0.143383592 -0.0715169981 -0.256669253 0.0582111627 0.0137213711 0.14464885 0.000417005736 -0.123113729 -0.0324325077 -0.0196517967 0.0100362599 0.0456275083 -0.199465543 0.0483538359 0.00807846431 -0.0165787209 0.111407496 -0.176934838 0.0101396814 -0.0674713999
0.228516191 -0.0118565131 -0.102786593 0.426623583 0.047657337 0.167274624 0.0415526517 1.08488214 1.10641038 3.54394142e-05 0.309124976 0.0221091546 0.0333660543 0.124640122 -0.0296484735 -0.454404563 0.0241062418 0.468489438 0.334870577 -0.0875442177 -0.54246372 0.13453716 0.526672423 -0.0617289022 0.0392072871 -0.0100577176 -0.0130684637 -0.054153882 0.257477641 -0.0186315514 -0.221536398 0.329384357 -0.0316690132 0.0900285989 0.0807475299 1.04427707 0.992461741 0.077586323 0.438656658 0.0766605213 0.0896975473 -0.0609265491 -0.0693691447 -0.152591139 0.0450175032 -0.150935724 0.0418359786 -0.0642013326 -0.0289114472 0.0564115308 0.315472007 -0.0269424953 0.0579671711 -0.0495929271 0.0259350985 -0.0692755878 0.296175182 -0.0252313465 -0.456849217 0.451299936 0.0924363062 -0.0956841856 0.0662042797 1.07519722 0.934674203 0.0850430131 0.567660928 0.0216621291 0.0743592381 -0.0759220272 -0.0876552686 -0.140610993 0.000929447939 -0.391029298 -0.118286021 0.00531825144 0.0652129129 0.110493936 0.0556055382 0.0698134899 -0.0210175812 -0.0131113194 0.0479035452 -0.00739801675 0.230579376 -0.0737553686 -0.405624866 0.365976125 -0.00478836009 -0.0422510579 0.0292199925 0.949337482 0.839275181 0.0640878454 0.520632088 0.0549637862 0.0583860949 -0.180468351 0.0060330634 -0.110553928 -0.0958038718 -0.546671391 -0.033664871 -0.0951864272 -0.0396206453 0.125012934 0.12125688 0.0682101846 -0.0117932484 0.0050335899 -0.0409713797 0.0534968078 0.118933223 0.0949503556 0.10746897 -0.0410310328 0.00380234537 -0.164949462 0.158812433 0.0283731278 -0.00843937695 0.0584949143 0.0192303397 0.0110431435 0.0704242066 0.0656460524 0.00057999749 0.199849531 -0.158427536 0.0796696469 -0.0217024051 0.0845357478 -0.0257742852 0.0130306566 0.0795635432 -0.00150293112 -0.0162504371 0.0103002666 0.00139807747 0.178913549 0.0696779341 0.02761418 -0.00124941824 -0.048747167 0.262779862 0.0706138909 0.104623929 -0.187523469 0.0310699642 0.168444932 -0.0182880349 -0.0260860138 -0.064621903 0.0904481038 0.178605735 0.0461000204 0.0181269571 0.0948262215 -0.130485028 0.252623945 -0.00455291569 0.0176029392 -0.0847529173 -0.0646166056 0.283435762 0.0678439587 0.109311253 0.115912035 -0.108997487 0.0741958246 0.0160074607 -0.0286630504 0.139437988 -0.0676459149 -0.0308817625 0.0126231536 0.0439650454 0.148140907 -0.0898666009 0.0730595365 -0.0611826032 0.106111676 0.109580137 -0.103409536 -0.0979692936 -0.00202874094 0.0378662832
-0.120312825 0.0926834941 -0.10039822 0.181313559 0.0630736649 0.0927508399 0.0494815819 1.05208564 -1.58098292 0.474468976 0.138932675 9.14598932e-05 -0.073848322 0.147222325 0.0746466741 -0.320889354 -0.149964318 0.0426629595 0.0787752196 0.177798718 -0.454765022 -0.18041335 0.296458632 -0.00821711868 -0.0500759147 -0.0396724194 0.0157209039 0.0592308342 -0.023709558 0.012745929 -0.0463819243 0.38806203 -0.0663207024 0.0578358471 0.0927119032 1.02403009 -1.47538936 0.45382157 0.0577935539 0.0374454297 -0.0210557505 -0.020712899 0.0693252608 -0.134460688 0.0605125353 0.140536651 -0.011173022 -0.156173736 -0.107027225 -0.0118271839 0.0834408551 0.0274155736 -0.0275780596 -0.0530013591 0.0399194807 -0.00881803036 -0.15793936 -0.0279651936 -0.080840148 0.169539228 -0.0557068065 0.0855457932 -0.0361613967 0.938414514 -1.3214066 0.378822476 -0.183757618 -0.0225806087 -0.104828104 -0.0179783925 -0.170112446 0.0276839156 0.0180517118 0.125436515 0.131110117 -0.1542705 -0.184232801 -0.000861353357 0.00587043399 -0.0494769812 0.0110662133 0.0693535358 -0.024461478 -0.0303520225 -0.0691390485 -0.0966867581 -0.100241244 0.1815065 -0.0324093252 0.00123188202 0.0813697353 0.865271509 -1.19404376 0.482040703 0.236241311 -0.00437075831 -0.0175006241 0.0414514504 -0.0706011057 0.0909354389 0.0995038301 0.0629904047 0.0342220739 -0.11819075 -0.0814657584 0.0800741017 -0.0343852192 0.0473598391 -0.0156546757 -0.0396857299 -0.0522222817 0.000643476844 0.0285118874 0.106461123 0.204983532 -0.0154868998 0.0877994373 0.0111629125 0.0641210824 0.0887661949 0.0123587996 0.0236656573 0.0773383155 -0.0129243201 0.0346492901 0.0185439587 0.0108272731 0.079017207 0.0133899143 -0.0731504932 -0.0494213626 -0.0159422867 0.0850426927 0.0787637755 -0.078291297 0.0369108245 0.0639750212 0.0255380124 0.0716094971 0.0675564781 -0.0195870996 0.0342465118 -0.0566496924 -0.0324148387 -0.131841049 -0.0588725246 0.0421546139 0.032491371 0.0470670164 -0.141412258 0.0310594067 0.0820229128 0.0430838466 -0.0721514598 -0.115482233 0.0709830076 -0.0260632802 -0.0306168664 0.0434892401 0.0104086297 0.000861518085 0.0833039358 -0.0619443655 0.044227615 -0.0647635311 -0.022355482 0.0721827596 -0.0257504191 -0.0751728117 -0.0262921229 0.0726882666 -0.0137858484 -0.0440479964 0.0278070625 0.0204449706 -0.0468546785 -0.0245391019 0.0663386807 0.00326682418 -0.0816851035 -0.0142627805 0.0251736324 0.0268372744 0.0603880547 0.0509910509 0.00764820725 0.0629406944
-0.0630680323 0.0185430627 -0.00802628882 -0.0405516289 -0.0188907869 -0.0283664316 -0.07630983 -0.000508123427 0.0669085085 -0.0432191826 -0.00238897186 -0.0226997621 -0.0468468852 0.0329341516 -0.070014365 0.0716515481 -0.0608576015 -0.00767588615 -0.0517005846 -0.0476582721 0.0560418218 -0.0141250789 0.0324862227 -0.0254727788 0.00160331279 -0.0370501243 0.0617762953 -0.0717774183 0.00242741383 0.0685055405 -0.0580965281 -0.00541646127 0.0071604508 0.0646086931 -0.00465140585 -0.0646067411 -0.0572314411 0.0183251332 0.0682267845 -0.076295726 -0.0603895783 -0.0592156947 -0.0630812049 0.00588348508 0.0403113216 -0.0632002205 -0.0113454349 0.0185707435 0.0207641721 0.0313765854 -0.0167692378 -0.0207809433 -0.0448083729 -0.0676469281 -0.000726722181 0.0225681663 0.0140409814 0.0653661042 0.0640813708 0.0264548268 -0.0407993756 0.0297705606 0.0253426023 -0.0180300958 -0.0666764975 -0.0585544221 0.0659102425 -0.0574171357 0.0606879778 -0.0610616133 -0.0329039134 -0.00637684762 0.0671343505 0.0124119446 -0.0471599698 0.053341344 0.0164919421 -0.0483909696 0.0726859421 0.0604342222 -0.00396678597 -0.00373666734 0.0417058095 0.00601647049 -0.00470429985 0.0303459633 0.0642851666 -0.00647691684 0.0357692838 -0.03553598 -0.0705505237 0.0014150372 -0.00295203319 0.0315121189 -0.0600396767 -0.0616492294 -0.00290978584 0.0213325322 -0.0669529811 -0.0554151908 -0.0477759466 -0.0351005867 0.056636855 0.0438570678 0.0637331605 0.0657386631 0.0402626395 -0.0410978533 -0.0688308477 -0.0532501452 -0.0643769205 0.05879426 -0.04560614 0.0402211621 -0.0224274695 -0.0437733904 0.00437190291 -0.0270259455 -0.00741814496 0.0137371309 -0.0712023303 -0.0759194493 0.0614932775 0.0156182861 -0.0203639269 0.041144602 -0.0131781558 0.0157158263 -0.0580544285 -0.0483624935 0.0248378068 0.00122234807 -0.0171901956 -0.0166645944 0.0252542906 0.0588977188 0.0446648747 -0.0459362864 -0.0361123793 -0.0219096877 -0.0253746659 -0.0173159931 -0.0122143356 0.0436010249 -0.0539034232 0.0654976368 0.0503151789 0.0618704185 0.0437156186 0.0255368687 -0.057125546 0.0495964959 -0.0786160827 0.00712652318 0.0661004409 0.0111877248 0.000118260272 -0.0526753217 -0.0682596937 0.00428974535 0.027100943 -0.0469919741 0.00184367737 -0.00043806617 -0.0483289585 0.0145256072 -0.0667372718 0.0352293514 -0.0509258807 0.0477003865 0.0600657016 0.0372485071 -0.0572764762 0.0449169427 -0.00490108551 -0.0704126954 0.0518510118 0.0613830835 0.0324438587 -0.064730227 -0.019016508 -0.0127428258 0.0598330349 -0.0626008734 -0.0577222742 0.037770845 0.0183886774
-0.0494517088 -0.121537663 -0.0717903152 -0.0433774963 0.133746907 0.0837769285 0.00769780949 -0.527207613 1.85457647 -0.0750681832 0.0530363731 0.153075159 -0.00280400831 -0.123578332 -0.0321941264 0.178951606 0.107079566 -0.100836441 -0.0829722807 0.0723837763 0.271806508 0.0688954666 -0.261352479 -0.049519401 0.0583874881 -0.0156954303 -0.00728186965 0.0337762013 -0.0406733565 -0.016061632 0.0722000897 -0.138468102 0.054053463 0.0518847257 0.0299309753 -0.513248265 1.62788069 -0.0223964341 0.166468009 0.0755444616 0.0464448929 -0.050922703 -0.120650485 0.134326085 -0.0651531145 -0.220905557 -0.0417190157 0.0556231327 0.382773191 0.0103992838 -0.0976731405 0.0539426804 0.0405405536 -0.05185958 0.067455411 0.0255526677 0.034536507 0.0939751938 -0.112536848 0.0923855528 0.119378358 -0.169647291 0.0216183811 -0.585985363 1.3772589 -0.0272738785 0.259639949 0.0450913012 0.0686309785 0.01537083 -0.111802608 -0.0108354501 0.0490628742 -0.145431563 -0.120396227 -0.0066390112 0.260487318 -0.0342149325 -0.0604402088 -0.0524716079 0.0259582549 -0.0319272652 -0.052470699 -0.0019139573 -0.0388524421 -0.0268039834 0.0285461582 0.180136815 0.136399388 -0.0110577075 -0.00512641855 -0.578053176 1.26026857 0.0620420203 0.215436459 0.15223667 0.0886455849 -0.019168159 -0.0631262362 -0.0102645913 0.116794825 -0.128605962 -0.0601187833 0.0155005055 0.197325006 0.0144922072 -0.0130733727 0.0444423258 0.0518830121 0.0662287027 0.0208134577 -0.0231770314 0.015119981 0.126420841 -0.158931464 -0.0437032059 -0.00550897326 -0.0399799198 0.137477964 -0.0235349853 -0.00513684005 -0.00213623652 0.0271322317 0.0612078272 -0.0625838116 -0.0476446003 0.122430481 0.0581148267 -0.0480056778 -0.0331656039 -0.0127630644 0.000700167438 -0.0610324554 0.0388430767 -0.0664052889 -0.0490891598 0.0845515952 -0.00266262772 -0.00104362937 -0.0202829186 -0.0714363605 0.109519266 -0.0713860542 0.0151509726 0.0194471795 -0.0695553124 -0.0113106873 -0.0662756562 -0.00442448538 0.00841481145 0.0407205969 0.00192625786 -0.00375041366 0.0254892111 0.0473508872 -0.0179413408 0.0848394111 -0.00532448385 0.0158060435 -0.0166477449 0.034974575 0.0994037166 -0.0264970306 0.0991467685 -0.0146019626 0.0582277626 0.00269461726 -0.043812789 0.0425386839 0.0116737597 -0.0718077123 0.0856598094 0.0766214579 0.0880641341 -0.0179270115 -0.0261804424 0.0610773973 0.0865683407 -0.0188729651 -0.101871811 -0.032434836 0.108792417 0.0199679416 -0.0487135276 -0.0329244696 0.0602954328 0.049756106
0.0760673136 -0.0573536493 -0.00308507076 0.0141799366 0.00910302531 0.0261474028 0.0159342699 0.0769610777 -0.0327358395 0.00601637736 0.0380778275 -0.0669175237 -0.0364475921 -0.0624710284 -0.0176580325 -0.0303777531 0.0471239649 -0.0458934754 0.0258342698 -0.0261817072 0.0531634204 -0.0070127761 -0.043684341 -0.024214711 -0.0460610315 0.0239932016 0.0638982803 0.0235752463 0.0275542121 -0.0487176888 -0.00172373781 0.0353563949 -0.00553937256 -0.0803649873 -0.0548524074 -0.0618031323 0.0204450227 0.0157533754 0.0445721596 0.0363110676 -0.0573333502 0.0124684647 0.0794715807 -0.0231196377 -0.081849128 -0.0300510842 -0.0254384652 0.0605420768 0.0616551377 0.062254101 0.0559072755 0.00447626412 -0.0384425782 0.0129777789 -0.0137904845 -0.0323869437 -0.0529201068 0.0710503832 -0.0759838 -0.022429822 0.0112148272 -0.0516218208 -0.0277217813 -0.0527533516 0.0249078777 0.0593849868 0.0309583861 -0.0184538066 0.0437401272 0.0490158238 0.0724070892 -0.0160469785 0.0144622168 0.00716135558 0.022390224 0.0595853627 -0.0241089799 -0.0568643846 0.0360351652 0.0165026486 -0.0362946503 0.0466602743 -0.00772567838 0.0658260584 -0.0499363579 -0.0225844085 0.0247466285 -0.0418727435 -0.0107460544 -0.0247616637 0.0416743867 -0.0579103157 -0.0431402773 -0.0663789958 0.0170673635 -0.0123622632 -0.0410838537 -0.0588421114 0.0446458571 -0.0433348008 -0.0531409606 -0.0155896675 -0.0664325431 -0.0174431801 0.0148177529 0.0343252048 0.00721996929 0.0693379492 -0.0134276934 0.0282417461 -0.0468192846 -0.0092260018 0.0493987054 0.0405719802 -0.0143061578 -0.0365811437 -0.0330765136 -0.0683790669 0.0270659812 0.0613443218 -0.00916163623 -0.0515175499 0.0631781816 -0.0369346887 -0.0218165871 -0.0492448285 0.0506256782 0.00198334921 -0.0817722455 0.0614703894 0.0445370376 0.0179853551 0.0633059889 0.00629633944 -0.0432447456 -0.0284152925 0.0288264174 -0.0501391068 0.0386340059 -0.0483745858 0.0598187298 -0.0232142545 0.0460126288 -0.0500115976 0.0138755077 0.0520565957 0.00824343413 -0.0188554265 -0.0535207354 -0.0417772382 0.0282676965 0.0516733825 -0.0502219573 -0.0446291156 -0.0527577139 0.00504003465 -0.0403832719 0.0159842689 -0.0365281031 -0.027194228 0.0652693063 -0.0455931872 -0.0712023452 0.0008062938 -0.0629442483 -0.0230285563 -0.0668054596 -0.0603316575 -0.00260767853 0.0248693973 -0.0188366659 -0.0791550875 -0.0672192574 -0.0140043302 0.0282137468 -0.0180065297 0.0225030649 0.00732875755 0.0550410077 0.0237096921 0.0117530376 -0.0470113643 -0.014453196 0.0520404987 0.0186768286 -0.0484204739 0.0494651459
0.194037139 -0.0835352913 -0.151754811 -0.108487815 0.0741385967 -0.000491941231 0.0350553915 0.938495874 0.869733274 0.298746616 -0.19325535 0.132002637 -0.207629755 0.0541567989 0.185100168 -0.236095667 -0.0512948073 0.0656822771 0.0989140421 0.143537581 -0.704862297 -0.21884422 0.642217755 0.0227340534 0.0526839495 -0.00947434455 -0.004077591 -0.0681343675 0.0876300409 -0.0782397464 0.0852358565 0.0497393347 0.0745137408 0.0810297653 0.0262851901 0.813011944 0.89664948 0.180841044 -0.132147476 0.0401310176 -0.0344356447 0.0226590205 -0.0381519422 -0.0258941781 0.141761005 0.0638844445 -0.024861047 -0.0624884665 -0.0466037318 0.106612734 0.00815425534 0.055090189 0.0452984199 0.00125645101 -0.0730745792 -0.057142362 0.212503836 -0.0163755007 -0.17419447 0.69410193 0.0331350155 0.175601304 0.07211788 0.852247059 0.881553829 0.0987269655 -0.0539560132 0.109406754 -0.147236034 -0.0565337464 -0.0405249149 -0.0173854791 0.0637403652 0.0226282366 -0.0281718746 -0.1527372 0.0305153616 0.139644116 0.067747198 -0.00756470859 -0.0437841341 -0.016477447 -0.0681325793 0.0445821434 0.200422809 -0.0335947014 -0.130383193 0.374962956 0.0920164436 0.303314716 0.00649803365 0.858636916 0.889871776 0.248521596 0.562630653 0.12647751 -0.0703423992 -0.144634143 -0.0493221469 0.010158156 0.0612279661 -0.0392592251 0.0406512916 -0.207298413 0.00498994626 0.23468551 0.176182568 0.0429681763 0.0359432548 -0.0617207214 -0.0337943397 -0.0301653296 0.0100968825 0.0425640382 -0.51445508 -0.0649402589 -0.0255677998 0.101198703 -0.0506900027 -0.243059531 0.0543632507 0.00454000849 0.156043306 -0.0127238361 0.0558214262 -0.0268220901 0.000288216164 -0.0196731407 -0.0334253721 -0.309229821 -0.0567722917 0.00984044559 0.0130726043 0.00392207783 -0.185637102 -0.0566632524 0.00572024845 0.0839772299 0.114434116 -0.100565411 0.0170054883 0.0934501588 0.0736034885 0.014547742 0.215877682 -0.0144716688 -0.0229257569 0.0705348924 0.109388024 -0.101714835 0.0602973551 0.0454395711 0.0773789361 0.0808357447 0.147781402 0.026104033 0.0614477806 0.120948486 0.0888431445 -0.0788418725 0.0269060284 0.0965849459 0.0853728801 0.095859237 -0.0810154229 0.0722377449 0.035744518 -0.0188490655 0.0247122217 0.0310751703 -0.0671531856 0.00442243507 0.070658356 0.0375838876 -0.0140215019 -0.0197148547 0.0440947227 -0.0355887339 0.047310058 -0.0824493095 0.0193062201 0.0175750442 0.177944571 -0.117851049 -0.625899673 0.0484134331 -0.0326237008
0.474095643 -0.372538716 -0.30099231 0.455019265 -0.110494077 -0.554388821 -0.0313964896 0.963515997 -0.126584128 0.573904157 -0.307383478 0.0276693515 -0.188114375 0.285999745 0.14846614 -0.0674225762 -0.062563844 0.446991444 0.183120921 0.14042972 -0.541231751 -0.154919878 0.652353287 -0.0346082263 0.0675254017 -0.0468828082 0.0580994189 0.00798404962 0.561681867 -0.395560026 -0.0384972431 0.544073641 -0.138026521 -0.539519787 -0.0419238806 0.899022341 -0.155164763 0.587910712 -0.288175374 -0.0166736748 -0.175063953 -0.0473741293 -0.0725770593 0.211129516 -0.0444085449 -0.0559038743 0.0192877688 0.0224286932 0.1068189 0.0236222856 -0.161775306 0.0173240751 0.0456416532 -0.0663137212 0.0631652325 0.0720117539 0.563351989 -0.515414476 -0.13538143 0.203572884 -0.0678399429 -0.326735526 0.00944180228 0.885250509 -0.0919674784 0.467131913 -0.574753284 -0.0982106924 -0.226595849 -0.107623361 -0.175126076 0.32269308 0.0566468984 -0.104528598 -0.0456594862 0.000629995309 0.0378298648 0.0210082401 -0.318270981 0.050009124 -0.0671873838 -0.00978241116 -0.0104366168 -0.0400965214 0.55357182 -0.463920295 -0.466788828 -0.365646273 -0.114494093 -0.32835865 0.0532316044 0.776334465 -0.0494494401 0.581250131 -0.408893198 -0.0356144048 -0.264259964 -0.0659034625 -0.136429369 0.48232612 -0.0277890731 0.035656061 -0.0482159704 -0.0564296059 0.174310237 -0.00218797405 -0.193801269 -0.0247582458 -0.0492392853 -0.0455510281 -0.0236692429 0.0651815981 0.184817031 -0.00331258052 0.019329682 -0.0440720879 0.0657292232 0.117693864 0.0139890788 0.0495205149 -0.0373348184 0.0299198944 0.066415213 0.0107177999 0.131536409 -0.0541888662 -0.0533798188 -0.0331126265 0.0919133946 0.231594414 0.0102379248 0.0487148166 0.0785524845 -0.00327115855 0.0743335858 0.00117328763 -0.077848725 0.136638016 -0.091102697 0.0173232127 -0.0168924071 0.0112858079 0.103100054 -0.0815068558 0.262447238 -0.0487316772 -0.0492832661 0.0979594067 0.025031114 0.134228528 0.0206186697 0.0361634865 -0.00901636202 0.0372806713 0.0766525865 0.0251715034 -0.0614674874 0.0316923372 0.0242528152 0.0630082116 -0.0531250685 -0.0684828982 -0.051794704 0.102800429 -0.00859864987 0.0521545261 0.0246032737 -0.110094778 0.083549574 -0.0585369691 0.0454902574 -0.0328246541 -0.0822982267 0.0610126145 0.124571264 -0.0150520913 -0.0689549223 0.073322311 0.0225873347 0.123595528 0.0032197386 -0.023004286 0.0891736001 -0.00288165966 -0.0150667522 -0.0215618722 -0.0604814552
0.151490867 -0.391029537 -0.117228098 -0.453655988 0.165296376 -0.503084719 0.0352899395 1.02443242 0.823037028 0.279764324 0.0703525096 0.138177752 -0.258031636 0.0254934914 0.293220729 0.150917068 0.157486126 -0.112048201 0.0622821562 0.00715950225 -0.26547721 -0.129075184 0.093786262 0.056865707 -0.00589420646 -0.0612031966 0.0116379485 -0.0628952682 0.177629128 -0.44094488 -0.0316839516 -1.14154136 0.185958087 -0.482748896 0.0721427873 1.02445364 0.753827929 0.267763853 0.327327996 0.0851960629 -0.399319887 0.0446268544 0.151302904 0.290625036 0.165036097 -0.0814241096 0.0958831385 0.0537386015 0.164929152 0.0611813553 -0.034680862 -0.0553424656 0.0217503607 -0.00567883253 0.0288836882 0.0404574871 0.186159611 -0.31743297 -0.325924098 -0.844747603 0.225655377 -0.449383438 0.00108067191 0.996958971 0.662519038 0.350327551 0.303634703 0.120051309 -0.458352655 0.0461858436 0.00780105637 0.244587034 0.160920471 -0.101660989 0.0773215517 0.00385337207 0.125827149 0.133687899 -0.0133888191 0.0690796226 -0.0503614172 0.0658188164 0.0639542937 0.000239916146 0.166211635 -0.340447187 -0.345297545 -0.799858809 0.0873600319 -0.129237548 0.0702404752 0.981861651 0.514705956 0.336517274 0.716517687 0.123613842 -0.423346341 -0.0638230965 0.084827058 0.218648165 0.0939209089 -0.104986295 0.0791465938 -0.15870598 0.14827463 0.148255035 0.126371801 -0.00261603296 0.0381868705 0.0514843836 0.0627160072 0.00565668195 0.140855029 -0.0860723704 -0.164681181 -0.0207145698 0.037144836 0.15900363 -0.0283223465 -0.123955347 0.0665344447 0.0418869443 0.00996904913 0.00555800786 -0.111014716 0.0242125243 0.104909115 -0.0275759939 -0.02000493 -0.0642135888 0.0405503586 0.108403198 -0.0366229936 -0.0116372677 -0.126276597 -0.0603446588 0.027459871 0.0786112621 0.0818595141 -0.00078774849 -0.0118887313 -0.00304474472 0.0665675774 0.0157798845 0.175312147 0.0675213933 0.0256161373 0.0452993438 -0.0376104973 -0.0809727833 0.0726073682 0.0297210626 -0.0402391478 0.00291198608 -0.0708428398 0.0399843305 0.0814369693 -0.109356761 0.089967683 -0.0238214862 0.0509438813 0.0697769523 -0.0931751803 -0.0420649052 -0.0596630462 0.0274515077 -0.0324546285 0.0913297608 -0.0341912434 -0.118206277 -0.0293664448 -0.0384930298 -0.0669186041 0.00173348677 0.061065957 -0.0102294087 0.0147478366 0.0141239166 0.0495788753 -0.0645109415 0.0170727521 -0.0167663824 0.00382979028 -0.129547343 0.0603514314 -0.0394882113 -0.053040795
-0.0471801348 -0.15167205 0.162556633 -0.305024862 0.00226449501 0.0628454313 0.0937413722 -2.0871706 1.24947715 -0.0792762488 -0.137482882 -0.00609660614 0.056437768 -0.241153166 -0.187582076 0.210657597 0.1787588 -0.0532352477 -0.115294717 0.0118222563 0.377498209 0.0389385261 -0.152100384 0.00153610855 -0.0118307695 -0.0647865012 0.0413365364 -0.0698921755 -0.0041575809 -0.130636573 0.391708851 -0.103716612 -0.00106474804 0.00847647991 -0.00156711065 -2.12037539 1.17885101 -0.0352387764 -0.051478602 -0.0133306338 0.0418277755 -0.181354731 -0.208641633 0.206525609 -0.0345519893 -0.172362939 -0.214496478 -0.0190320853 0.209294781 0.0210386962 -0.0831357688 0.00386886299 0.0551311821 -0.029859677 0.0531866699 0.0113383457 -0.0939197019 -0.0938714892 0.494902045 0.0724779889 -0.0204947628 0.0909350067 0.0871322602 -2.01289296 1.01159132 0.0228377357 0.221674979 -0.0595582984 0.0756779686 -0.0397015661 -0.251017123 0.129171163 0.0123114195 -0.0281191748 -0.262837529 0.0645090342 0.31258592 -0.0261776242 -0.386957139 0.0485048145 0.0345706195 -0.0601735935 -0.0461453423 -0.00590416789 -0.108979531 -0.0868723541 0.327157259 0.128251776 0.0233315825 -0.0645226389 0.00920560025 -1.96054924 1.02811265 -0.0531754829 -0.0415414013 0.00759013183 0.0134086823 -0.161996394 -0.13242653 -0.0306326207 0.0590565428 -0.123021737 -0.347772062 0.0794650689 0.237549976 -0.137390196 -0.36273095 -0.0449884385 0.0191811696 0.0520385504 -0.0554091632 -0.0494882986 0.0819924399 -0.0541816503 0.28319481 0.0574396849 0.0247804057 0.0376275778 0.0651095733 0.051388707 0.0452663004 0.1348425 -0.00846217666 0.0931961909 0.0814253911 0.0183682144 0.0659311414 0.104357645 0.0748716071 0.102931447 -0.0468938202 0.0893367827 0.125745058 -0.030052511 0.0325993188 -0.0397187695 0.0121308025 0.180314034 -0.0470767245 -0.129150823 0.0608979911 0.108465567 0.0887413397 0.0806528777 0.0232198909 -0.0233577602 0.0547029078 0.0990756378 -0.0421721824 -0.0592471138 -0.0262857154 0.07491301 0.142509535 -0.0028723916 -0.10056293 -0.0656621605 0.0661671162 0.122616909 -0.0111090355 -0.096262522 0.0329554752 0.0439247042 0.04707307 0.0560699292 -0.0919857398 0.0456368551 0.0730490237 0.101058781 0.0864265487 -0.128927767 0.0584392995 0.0836596042 0.0619882606 0.0381013863 -0.0287714973 0.0539339632 0.133266196 0.0506780073 -0.00348824216 -0.0902365372 -0.0099491179 0.0587206706 0.122831121 -0.0231689923 -0.0338568427 0.0105053708 0.0400569476
-0.0346197523 0.00805267598 -0.0221795645 0.206948355 0.00941155199 0.0898040459 -0.045121152 0.788960218 1.08958268 0.0235724337 0.154055968 0.124724969 -0.156072259 0.136964247 0.118670478 -0.111549698 -0.223407254 0.0442123786 -0.0686925426 -0.085024856 -0.0191630982 -0.0569029339 -0.0866875648 0.0670626462 0.0504180565 0.050934501 0.0151343495 0.036997728 0.0350794792 0.0193578824 -0.0250830073 0.220774263 0.0825249106 0.119345196 -0.0167285241 0.726849318 0.961066246 0.0247371923 0.0020831963 0.108684763 -0.190941691 0.00892808102 0.0287831854 0.0371465944 -0.0455631875 -0.00130662462 -0.0682027414 -0.0499609374 0.155026644 -0.0869052485 -0.00412010029 -0.0257270671 0.0592255294 -0.0250410736 -0.0366854183 -0.0312617198 0.0589714795 0.158265516 -0.3879987 -0.271488994 0.118302397 -0.00859571062 0.0715343878 0.700261712 0.975066066 -0.0899256617 -0.164494723 0.0805836618 -0.278999388 -0.0104642315 -0.12741074 -0.0444442183 0.112228103 -0.0722435415 0.00664086035 -0.122851186 0.0508571342 -0.0969218388 0.0359130539 0.0278041363 -0.0258302391 -0.0315549672 0.0572470725 0.0520409346 -0.0142800966 0.132632852 -0.179701015 0.0944779143 0.0543168671 0.13792412 -0.00954197161 0.721000195 0.78533107 -0.0309776869 -0.016166212 0.0512039959 -0.212896779 -0.0931481421 -0.21232973 -0.167870447 0.129606411 -0.120553166 -0.0719159916 -0.0314586796 0.0282515008 -0.00200758292 -0.0142787714 -0.0158325657 -0.0456614718 0.0707572401 0.00715853274 0.0104322955 0.10691563 0.0213650409 0.259825617 0.0326008275 0.0746021643 0.0502423197 0.0659396574 -0.0319520533 0.0306246802 0.0553909801 0.0853936002 -0.00847192295 0.0074842968 0.0638486296 -0.010329131 0.075927563 -0.0147535019 0.0546057448 -0.00874314457 0.0417671092 0.0650495589 0.0223107785 0.00143435027 0.0145685598 0.0961571261 0.138045639 -0.0311636403 -0.0147067886 -0.0583962649 0.0100602265 0.11714533 0.0135049876 -0.082063958 -0.0338994972 0.0454504974 0.0672505423 -0.0411662646 -0.0816051736 -0.0110802501 0.0925339535 -0.0137584237 -0.0593854599 0.0927015543 0.0234784782 0.0184524059 -0.0435830168 -0.0244114697 0.0380463973 0.0681340396 0.038223315 0.0462534688 0.115618274 0.0219114274 -0.0454673059 -0.0154780857 -0.0286896173 -0.00172002369 0.160189494 0.0022014752 -0.0458426066 -0.0619252697 0.0417970307 -0.0295376964 -0.0156926066 -0.0232942961 -0.0599661432 0.0291336402 0.0318027623 -0.0501615033 0.0529211126 -0.0139427474 0.0469296798 0.207511708 0.0353933126 0.0193095934
-0.0103749549 0.125095591 0.0807641 0.51627177 0.0725325793 0.132354632 0.0256453622 -1.86640453 -1.02216613 -0.14170821 -0.219004408 0.0678470731 -0.0875779465 0.00371777569 -0.135558143 -0.141283914 -0.0656191483 -0.0566774309 0.0674814656 0.0467312075 0.150559977 -0.0137795033 0.163937509 -0.0143873431 -0.0570908338 -0.0166547783 0.0395342633 -0.0495535992 0.0404757969 0.0546999015 0.167581409 0.361870497 -0.0350594297 0.0526186749 0.0520127825 -1.85343802 -0.857055843 -0.0676295683 -0.271233767 0.178236261 -0.0759761035 -0.0451647192 -0.125285462 -0.139918938 -0.0496671684 -0.0549145006 -0.0181006584 0.0499391444 -0.0275672432 -0.0307743959 -0.00268019503 -0.0503274389 0.0162774399 0.00492449105 0.0297459587 0.00756952167 -0.0435080379 0.00562949479 0.258130044 0.0440463349 0.0735185593 0.246452793 0.0751193687 -1.83848453 -0.821228623 -0.0834224746 -0.336782664 0.179868445 -0.122623093 -0.0689908788 0.0499819033 -0.012298068 0.105477482 0.00336043793 -0.156082258 0.117108002 0.0878969654 -0.199445963 0.028907733 0.0202802047 -0.0648977458 0.00739051402 0.0269408897 -0.00178914517 -0.0896929428 0.0660391003 0.0424663015 -0.00491071912 0.0620621145 0.0335246809 -0.00698592886 -1.76797962 -0.786981225 -0.206389368 -0.260827392 0.130409777 -0.0153109347 -0.0363376252 -0.144691944 0.00449240068 0.191359311 -0.134397939 0.0275460724 0.19824639 -0.0698331073 -0.149363041 -0.0712228939 -0.0666026399 0.0664496869 0.0361603871 -0.0479790978 -0.051306434 -0.114890829 0.142919376 -0.149845406 0.00920405984 0.0880550817 0.0459268056 0.0401599407 -0.129472554 -0.0529670827 0.114509419 0.0892930329 -0.0675159991 -0.135980368 0.00725893676 0.054992348 0.0139638279 0.0735793412 -0.207479239 0.0358301401 0.0104836384 0.0443634018 0.0299688578 -0.0486090332 -0.0290741995 0.0353118964 0.0456386432 0.0739877373 -0.131999284 -0.0250688568 0.0342118517 0.0454678982 -0.0447749682 -0.0913220122 0.00147532672 0.0900410563 0.00471268035 0.0935340524 -0.0339530073 0.0610057265 0.0135238133 0.0056746793 0.0574107096 0.0373922437 -0.0193987153 0.0777222067 0.0393448211 -0.00101757725 0.05816897 0.0484299883 0.0755554438 0.0423863269 0.0652184039 0.0681827664 0.0496747792 0.0482432991 -0.00314174499 -0.00205444288 -0.0509061478 0.0644866079 0.0247450005 0.099663958 0.0245229341 0.0192360133 -0.0599704236 -0.000443676021 0.0775703788 -0.0427432209 0.0566913821 0.0193835497 0.0187932663 -0.0588016398 0.0770782456 0.0196780246 0.0701795667 0.0949931741
0.000657023338 0.0967238992 0.123923898 0.296739638 0.103529163 0.132103801 0.0741109103 -1.6825918 -0.923941314 -0.191522002 -0.0238287002 0.00255657011 -0.069345735 0.102129929 -0.214050278 -0.117407732 -0.0683613345 0.170829594 0.0850431696 -0.0484171808 0.130965725 -0.038401071 0.201168507 -0.0149937384 0.0330258831 -0.0433990918 -0.0381433591 -0.00169564784 -0.0674419925 0.0028460219 0.0731513724 0.239922389 -0.0242056921 0.0585311837 0.0972471684 -1.78915775 -0.84572655 -0.216655061 -0.154284075 0.102677673 -0.0542089194 0.0391152278 -0.182977155 -0.177079901 0.0384875089 0.107873619 0.0681087896 -0.10827072 -0.179186806 -0.056813255 0.148038924 0.0468452349 0.00599001348 0.0166788548 -0.0256801322 0.0277827159 -0.103463203 0.0557104461 0.292544693 0.195949942 -0.0505099967 0.223332033 0.0782023519 -1.76286983 -0.772456348 -0.100371964 -0.193923891 0.10235925 -0.016027594 0.0817198455 -0.0197275504 -0.133118764 0.0914766937 0.185969457 0.0857231542 0.00620516855 -0.147394538 0.00136972207 0.213517547 0.0715557933 -0.000191599131 -0.0333274603 0.0213537142 0.03924793 -0.0599637926 0.0502103604 0.132926494 -0.0970549211 0.0564625524 -0.0195353478 0.0727808475 -1.69477737 -0.647382855 -0.129885271 -0.233932018 -0.0289845765 -0.00319661759 0.089979142 -0.153925449 -0.0462441854 0.0684964582 0.0297011677 -0.0509964004 -0.0799986124 -0.30320701 0.0645390823 0.172729433 0.0370435417 0.0634249449 0.00582142919 0.0150535628 -0.0406123511 -0.0197515693 0.130883098 -0.137495443 -0.0448830873 0.0503419824 0.067971915 0.0453393646 -0.0684366524 0.0655872524 0.0167608857 0.132572725 0.00678785844 -0.153208226 0.0277473554 -0.0376329459 -0.0123680364 0.0758388638 -0.163259029 -0.047825262 0.00784433912 0.162913322 0.0565292016 -0.0378694534 -0.0406086184 -0.0179233439 0.0405241176 -0.0965566486 -0.0324292295 0.0166757181 0.0037797722 0.0221097209 -0.0567232594 0.0298430193 0.0160622001 0.0500169918 0.0124448314 -0.0855209157 -0.00846351311 -0.0213532634 0.0165858213 0.0449528433 -0.016322149 0.0878899395 -0.0183841772 -0.0426375829 0.0171420854 0.045828484 -0.0309436899 -0.026232183 0.0558258481 0.0281948149 0.0386639461 0.0120200412 0.0522868037 0.0640392154 -0.0168423075 0.0322047584 -0.0118112359 0.044624649 -0.0216671247 0.030987896 -0.0100520011 -0.00902749319 -0.0491882265 0.0748706609 0.0817046463 -0.0261744466 0.0648105443 0.0284326375 0.0909797996 0.0702616423 -0.065583691 0.0642425939 -0.0582561828 0.050657507
0.011818368 0.113415658 -0.170234814 -0.0962536931 -0.03918593 0.142698094 0.00174266682 0.267788619 -1.9676255 0.103917748 -0.206765607 0.0281959362 0.00546982931 0.063076444 -0.323695272 -0.337744504 -0.11612197 0.324620426 -0.0391401239 -0.116571285 -0.018109899 0.0926362276 -0.0415432304 0.0365902856 0.0352612957 0.00817169994 -0.0440697074 0.0128940418 0.00729345577 0.0878662989 -0.167918503 0.552421033 0.0683044568 0.039891012 0.0670461729 0.302539676 -1.78732061 -0.0184936617 -0.215824649 -0.0496243648 0.0696045309 -0.0949927419 -0.121484518 -0.144722238 -0.0423109978 0.214604348 0.0289749131 -0.0811159462 -0.346845359 -0.0358753614 0.197695613 -0.0522700958 -0.0335442983 0.0134248212 -0.0596754178 0.00815606117 0.0392548293 0.0364018604 -0.0587210022 0.423829287 0.0137624405 0.250279039 -0.0199104883 0.27116552 -1.5597378 -0.103217922 -0.293587655 0.00497470004 -0.00375951244 -0.0373347625 -0.00836167485 -0.0322973058 -0.153452665 0.189137384 0.185543045 -0.0715130717 -0.373380899 0.0435845368 0.300665796 -0.0396860614 -0.0369835645 -0.0020057261 -0.0585033819 0.0426180661 0.00154950039 0.0556671172 -0.101120532 0.617903471 -0.0370515771 0.065494664 -0.0312414691 0.205734655 -1.35732186 -0.134928852 -0.130741611 0.0372022837 -0.00179449574 0.0878454298 0.116646893 0.0306384098 -0.239649668 0.162163675 0.21190393 0.0328268781 -0.292088956 -0.0658441409 0.222549409 0.00984814018 -0.0538753606 -0.0711475983 -0.0310370214 -0.00654552132 0.11222443 -0.0627099276 0.0352276675 -0.00162893534 0.0466603339 0.0323709697 -0.0319899134 0.0131628141 0.0535456091 0.009938756 0.0411675498 0.0317455754 0.056523256 0.0299947709 -0.0207625814 0.0463433638 0.0152950874 0.0647955239 0.0231298879 0.0346546173 0.0641872436 -0.070299767 -0.00726953102 0.0171554089 0.0537300855 0.0502773412 0.0854223818 -0.000828687567 0.0451449901 -0.052446831 0.0335393138 -0.0545815937 -0.0192981232 -0.0651450455 -0.0228109658 0.086527504 0.0445882864 0.0836300552 0.0303014144 0.0555704199 0.019160701 0.0222599301 0.00798592437 -0.0534794405 -0.0579867475 0.133196265 0.00189241371 0.0189480688 0.00551499426 0.0736233294 -0.0228281841 -0.0163726881 0.0483315848 -0.00992625952 0.0743079111 0.00745647121 0.0473221242 0.0616174005 -0.0198578387 -0.023062041 0.097345151 -0.000242940238 0.0243931524 -0.0250752978 0.0720303357 -0.00744306017 0.0936238244 0.0962483287 -0.0305947512 0.0529109277 0.054236982 0.0598169602 0.106295936 -0.0432275683 -0.0238585174
0.0145322764 0.073211208 0.0264336281 0.216579676 -0.000562916626 -0.00935023557 0.0254294239 -1.18833637 -1.49606168 -0.0896834806 -0.243888333 -0.037211705 0.0229125451 0.0130427657 -0.130116895 0.244110286 0.0099252807 -0.143908381 0.0249888562 0.0435037501 0.201445192 0.118737586 0.0029637292 -0.0661164895 0.0221924484 -0.0367948152 0.0690969974 0.02061221 -0.0749160051 0.0220673885 0.00923079159 0.177146897 -0.0333585776 -0.0933471844 0.063903749 -1.21903586 -1.37473774 -0.0299051013 -0.20782043 -0.0480980948 0.0984333456 -0.0402557626 0.0127122812 0.165904477 -0.0418300442 0.0118619073 -0.0709693879 0.0780329183 -0.0764268339 -0.010279512 -0.107815765 -0.0525036007 -0.0510071293 -0.0531546921 -0.0132832862 -0.0308298245 -0.0950887948 -0.0867515951 0.372877181 0.0647165775 0.00360928825 0.187405735 0.0799843222 -1.20845795 -1.18524039 0.0266579632 -0.12653169 -0.0445334725 -0.00763338478 0.0734940767 0.0888187662 0.136492208 -0.0888418555 0.0143657262 0.00743523892 0.150718123 -0.0137560256 -0.131494135 0.0729349256 0.0431656539 0.0237974524 -0.0243673734 0.0730729103 0.0514321104 -0.0248966552 -0.0390713476 0.161669016 -0.122069553 0.0380289294 -0.0885572508 0.0104255546 -1.20339227 -1.19125581 0.0763470307 -0.0912132338 -0.0466931313 0.0227928478 0.0478931442 0.0295658875 0.288662076 0.0594662689 -0.055996757 0.0159392711 0.14652577 -0.184393167 -0.0495357513 0.0146757402 -0.020626191 0.00625853986 0.0544408858 -0.0407830216 0.00490225852 -0.00838795304 0.0958851427 -0.273288041 0.013456665 0.0178178623 0.0112077855 -0.00803818274 -0.0626333505 0.0474328548 0.0293030478 -0.00458834134 0.0621701516 -0.0370350778 -0.020509284 0.0767291933 0.027773058 0.0866748914 -0.0223829839 -0.0292646065 0.100702181 0.0558494702 -0.061346788 0.0436697863 -0.0412106551 0.0659165904 -0.00854534935 0.000863097841 -0.0299475864 0.0161319375 0.0193346795 0.0832398236 -0.0514344908 0.0522669554 -0.0280371644 0.0690324828 0.087737076 -0.0311227795 0.0417943411 0.0112185106 -0.0321456715 0.0407170728 0.0152854854 0.106911123 -0.00220482796 -0.00135518983 0.0174439289 0.0522557572 0.0820708498 0.00139523298 0.0593342818 0.0242424011 -0.0502733625 -0.0321359225 -0.0347271413 0.00661981385 -0.0484868884 0.0400050096 -0.0162862763 0.00373457372 0.0425836407 -0.0524833463 -0.0301093329 0.0434561893 -0.051301457 0.0632045418 0.0187756624 -0.0826685727 -0.0496979393 -0.00711207837 0.00530793378 0.100883558 -0.117985763 0.050284598 0.070757255 0.0461103097
-0.18576166 -0.13031137 0.340251416 0.469092995 0.105502613 0.0150745949 0.0940551609 -1.53275406 -1.00547218 -0.0932993591 0.158533484 0.0382398032 -0.104763836 0.0300008208 -0.200323611 -0.340292811 0.124798015 0.116650708 -0.133934423 -0.043136023 0.101658083 -0.0360949896 -0.00582000799 -0.0385299809 0.0671782047 -0.0546579175 0.0558827221 -0.047620818 -0.083586134 -0.121737026 0.311373174 0.170235813 0.0194463693 0.00834586192 -0.0154850231 -1.42629218 -0.802635491 -0.0280017164 0.119162925 -0.00444050506 -0.093283318 -0.0651658401 -0.0922080874 -0.226405218 -0.0218148287 0.0391437523 -0.0633629635 -0.115329973 -0.115214832 -0.0124767516 -0.0790441111 0.0468415841 0.0145725012 0.0309068412 -0.0046383813 0.0721294433 -0.161615193 -0.0829475224 0.398694158 -0.441678435 0.0117898406 0.218532056 0.0922029912 -1.35831416 -0.738196969 0.0827784538 0.2548756 0.00382320839 -0.132324383 0.0342132449 -0.0666545779 -0.00121725525 0.118566081 -0.151892468 -0.0705323741 -0.0605335608 -0.0356371067 -0.0985332206 -0.0333682597 0.0511551425 -0.0331593715 -0.0132783167 -0.0167385004 0.056784749 -0.200714231 -0.175279483 0.179108366 -0.337709546 -0.00409907242 -0.00939312018 0.0881320834 -1.38701296 -0.682708561 0.162316486 0.456909567 -0.0563626327 -0.23333171 -0.0228105765 -0.0740243495 0.0668728501 0.0835253522 -0.142716676 -0.0745427459 0.0299396329 0.0170381684 -0.124865107 -0.119359523 -0.03108849 0.0389674455 0.0577663183 0.0136587247 0.0591066182 0.172563568 -0.178112626 0.205981076 0.0145655423 0.0675982088 -0.042604737 0.0155184893 -0.0939707384 -0.0270546824 0.00845326763 -0.0277204551 -0.00513580441 -0.140198529 0.0111799315 0.114753291 0.0508635454 -0.00778403785 0.0829340443 -0.0257233717 0.112878613 0.107082918 -0.0990856141 -0.0300526693 0.0306556225 0.0765297338 0.0801317319 0.0498485453 -0.0534347892 0.0121517107 0.0304415338 -0.00604619738 -0.0232159197 -0.156524301 -0.0256996229 0.0873709694 -0.0291360337 -0.057309214 -0.080180116 -0.000759035349 0.101541311 0.0870550498 0.0293391943 -0.0423563831 -0.0589323789 0.0775665417 -0.0138550326 -0.0978880599 0.00530646881 -0.060769178 -0.0090700062 0.00283463718 0.0170743894 -0.105570376 0.0294338465 -0.000940646802 0.0712738782 0.0543410927 -0.0901031643 -0.00851072371 0.00562119484 0.0957314745 -0.0528595112 -0.0608861484 -0.0144066699 0.0834487155 0.0141482297 0.0272137225 -0.037606705 -0.0603097342 0.105286188 0.10754931 0.0311709978 0.159805298 -0.0378864594 0.0184715856
0.0319312699 0.0580264032 0.0265182555 -0.0366475359 0.0669366494 0.00541487662 -0.0512701571 0.0350789353 0.0344065093 -0.00890038162 -0.0190413222 -0.0499389246 0.0448631942 0.0664538741 -0.0238595139 0.0369254164 0.0487504974 0.0206017829 -0.0641536117 0.0478083417 -0.0143784061 -0.0688335896 -0.0308149345 -0.0141600184 0.048369728 -0.0710854679 0.0189613551 -0.0580347776 0.0568340942 -0.0451214463 -0.0486060418 -0.0249588788 -0.0307079125 -0.0245910771 -0.0663512498 -0.0443641357 -0.0204916354 0.0410267636 0.0106511805 0.0492799878 -0.0315416753 -0.0204098038 0.0352427214 -0.0223794319 -0.0632536709 -0.0712763444 -0.0477489606 0.0139851123 -0.0655662045 -0.0149763301 -0.0728824139 -0.023329664 -0.0265567489 -0.0678301081 0.0631573349 0.019059211 -0.0292508714 0.0756383538 0.0662959218 0.00610583276 -0.0136370482 0.0509244911 0.00142737722 0.00227502477 -0.0129722636 0.0273547135 0.0343976393 0.0586058386 -0.0483246818 -0.00329055381 0.0118221454 0.0310643986 0.0498811081 0.0483144112 -0.0707228035 0.0250691846 0.000735744834 0.00206841528 -0.0634606183 0.0549459904 0.0249655172 -0.0627614632 0.0610336959 0.0572802275 -0.0603705272 -0.0164129268 -0.0657451972 -0.00341915339 -0.0116624432 -0.076088421 -0.0505384356 -0.010741516 0.0672774166 0.0486388691 0.064048849 -0.000600004336 -0.0599555783 0.0317940637 -0.0212360062 0.0141323432 0.0772922337 -0.037999887 0.00150617957 -0.0668448955 -0.0244358666 -0.0129156634 0.0126768053 0.0586953312 0.0706777871 0.0603116155 0.00695334375 0.0567023605 -0.0268723741 -0.0275535993 -0.025585521 -0.0435911119 -0.0251988694 -0.0123534761 -0.038703423 0.0171434283 0.0237132534 -0.0491247699 -0.069347173 -0.0073127076 -0.000943146646 0.0146566629 0.0353578851 -0.0405369289 -0.018684566 -0.0425152294 -0.0187710151 -0.0660119355 0.0710480362 -0.0723772943 0.0285070315 0.00558723509 -0.00396407535 -0.031395454 0.044715777 0.0113788322 -0.0136418454 0.0634362996 -0.0690315664 -0.0120381936 -0.0693524629 0.0488684922 -0.0475195572 0.00784680992 -0.0662001818 0.0399543121 -0.0159079172 0.0129394662 0.0729990602 0.0219695345 0.0535264164 0.0370839536 -0.0094525842 -0.00659358501 -0.0602429844 -0.0585005954 0.034545742 0.0126401605 0.00682877749 0.0605152547 -0.0731020868 0.0526531339 0.0303865951 -0.0576935261 0.0156852454 0.0219656378 -0.0600489527 0.0277547017 -0.0246521272 -0.0324349664 -0.00497538596 0.0275235996 0.0332955122 -0.070553273 0.00277324021 -0.0680797249 0.0174640492 -0.0193719063 -0.00918649882 -0.0606918298 0.0403775871 -0.045077756 -0.0148651274
-0.00305475527 -0.0824401304 0.067129828 -0.129641682 0.112127922 -0.0874734297 0.0748692453 -0.869001389 -1.10486639 -0.591458261 -0.204899043 -0.0705770329 0.0932669491 -0.194225594 -0.141033545 0.336707652 0.0641244054 -0.34131676 -0.214384452 -0.133117542 0.75704515 0.364681184 -0.779175043 -0.000342354178 -0.0653780326 -0.000826232135 -0.0483828485 0.0630897582 0.123911552 -0.202613398 0.0960346833 -0.181125268 0.00615641801 -0.0596185997 0.0881671011 -0.709485173 -1.04274094 -0.413958937 0.00923117995 0.028414784 0.0953106508 0.0268097091 0.00662335567 0.253405303 -0.068292208 -0.0964191929 -0.0322588049 0.0960217789 0.00381818344 0.0084013585 -0.0751710311 0.0281227604 0.035110645 0.0237039402 -0.0344061479 -0.014266327 0.0953570604 -0.259975165 0.351121455 0.228171915 0.0384274349 0.197163686 0.0922135562 -0.723743498 -0.901130319 -0.3366552 0.325040042 -0.0512700267 0.178849488 0.0558460541 0.164506912 0.194572955 -0.271916747 -0.0891526341 0.0942349285 0.126614004 -0.0692738667 -0.0207915809 0.0934227407 0.0164981782 0.0483636409 -0.0688213184 0.0645297617 0.0730292052 0.0143798627 -0.166357383 0.0010731935 0.0113214031 0.0302249603 0.0939722136 0.0834622234 -0.689969063 -0.806742966 -0.225997031 0.151328355 -0.0754203796 0.233170345 0.0609241612 0.222793281 0.307056725 -0.274149507 -0.113459468 0.162992805 0.232180789 -0.194955781 -0.0731317922 0.0574537665 0.0617202818 -0.005500108 0.0681717396 -0.0111911856 -0.0326044261 -0.128721073 0.122889422 -0.303771764 -0.0503713936 0.0679415017 -0.00335741695 -0.0720010772 -0.0405385159 0.00692794472 0.0393421389 -0.0202427544 0.0414610244 -0.119008265 -0.00476363301 0.0376168452 -0.0879969001 0.00719777727 -0.192966282 2.60770321e-05 0.0277101994 -0.0288552493 -0.0827805623 0.02114789 -0.0298737213 0.0941558108 0.050739184 0.0526025146 0.0418361239 0.0571581125 0.0256437678 -0.0400427431 -0.010004417 0.106567658 -0.0520395637 0.0161165092 -0.0925905183 0.0341992676 -0.0146034267 0.0137032941 0.0176551286 -0.100588895 0.0111689465 0.0446815565 0.0439116657 0.0428638011 -0.0412852764 0.011439967 0.0894286409 -0.0481450111 0.0986279994 -0.0796157569 0.0708539486 -0.0312689692 -0.0522499606 -0.0459202416 -0.0588490367 -0.0159465261 -0.121771321 -0.0157049857 0.0494818427 -0.0566772744 0.100262314 -0.298111111 -0.0614933185 -0.0323289484 -0.079412818 0.0809480324 -0.190120846 0.027374424 0.0324059613 0.0506314561 0.0890099034 -0.228288695 -0.0347866118 0.0382417701
-0.313982815 0.0219376516 0.0370588079 0.140541568 0.00427803304 0.0552725382 -0.00393255567 -0.124754973 -0.469202697 -0.388439506 0.302555352 -0.127623647 0.0584068596 -0.0501278415 -0.260922015 0.170478821 0.056198746 -0.478865921 -0.344526768 -0.0870321766 0.723831832 0.459558815 -1.12446558 -0.0365913659 0.0263755918 0.039188832 0.0324516371 0.00421845913 -0.285235673 -0.092837289 -0.147988737 0.00490043825 0.0688231066 0.0753025487 0.0474279895 0.0249167848 -0.584328115 -0.302285314 0.527895808 -0.0699112564 0.0413981825 0.13076444 -0.172142565 -0.153259471 -0.0512998551 -0.215753436 0.0336123332 0.20110999 -0.0152871897 0.0444858074 -0.158282995 0.0570399314 -0.0630176961 -0.0337683968 0.00391905755 0.0488996357 -0.349271923 -0.102368727 -0.109364301 -0.318319321 0.0487562716 0.258856237 0.0807351395 0.0731396303 -0.494261116 -0.219820648 0.447624236 -0.0760413706 -0.0947934762 0.277536899 0.0507534333 -0.253111899 -0.116207331 -0.0045232093 0.00945533719 0.24278377 -0.0940080807 0.0206412561 -0.0236134659 -0.00199382752 0.053152144 -0.0196915008 0.0234435722 0.0145186037 -0.367836565 -0.0679012984 0.13860634 -1.13229239 -0.0247941148 0.304903984 0.0269828737 -0.0407267138 -0.613660395 -0.0348319635 0.566676736 -0.0277673826 -0.0951419771 0.345953196 0.0637923405 -0.564102292 -0.227815121 0.185342953 0.05454221 0.282979667 -0.0621312819 0.0304481704 -0.0497404113 0.0240432993 -0.0702633932 -0.00577162206 0.0233107582 -0.0463007726 -0.279988796 -0.554692566 -0.359375983 0.0249065533 -0.00035838873 0.0170157477 -0.418100744 -0.114378259 -0.0418822207 0.0203603208 -0.00178687146 -0.326173156 -0.541791379 -0.0118421279 0.0579801686 -0.103581548 -0.174417809 -0.483467966 0.0540681779 0.0440660901 0.0174922608 -0.235593244 -0.282056898 -0.0127462149 -0.0162678752 -0.129251614 -0.225823596 -0.447333604 0.0290614367 0.10556341 -0.121900566 -0.0883785188 -0.549599528 0.0405799747 0.0990158841 -0.0786132962 -0.105704188 0.307737589 -0.013953615 0.0810973272 -0.0805578008 -0.104302138 0.186565429 0.0312243029 -0.0192893352 0.0677251071 -0.0505906455 0.686429679 -0.00123915076 0.039209459 0.0255797971 -0.0311184488 0.0431582667 -0.051659178 0.0201750565 -0.0657550171 0.0271954872 -0.316761434 -0.0186032914 0.0608302355 -0.0896298587 -0.0991430879 -0.718671978 0.0158456266 0.0418609455 -0.125834182 -0.0067501124 -1.15355372 0.0656693131 0.0212243963 0.0456938893 -0.169106126 -0.255794674 -0.0598187745 0.0218155626
-0.0304117948 0.043977581 -0.00701875938 0.142154813 0.0859573409 0.168679655 0.00232547498 -0.288536727 -2.20865631 -0.0188768785 -0.241892621 -0.0411710031 -0.00274716876 -0.0753765255 -0.0824153125 0.108206116 -0.00281602819 -0.262553215 -0.11023394 -0.142145932 0.258424789 0.16561307 -0.249531925 -0.0375209525 -0.0465885177 -0.0534646474 -0.0689897388 0.0121467933 0.0227285158 0.0492824577 -0.181822419 0.291454732 0.0687531084 0.0224257894 0.083890751 -0.212390631 -1.91364467 0.0627955124 -0.163968518 -0.093372643 0.0628179759 -0.0354305245 0.125484586 0.170407817 0.0920290872 -0.212372571 -0.00165525568 0.0331271775 -0.121737175 0.0195348412 -0.195813641 0.0310711637 -0.0707638115 -0.0523475595 -0.022987254 0.0527093112 0.0199075583 -0.0580267198 0.101524644 0.307151198 0.0281132199 0.150659338 0.0938302279 -0.264400929 -1.60126519 0.0320784934 -0.125867411 0.0283360891 0.154561087 -0.00801253691 0.142186597 0.118097566 0.0289909746 -0.208459988 0.0438240245 0.145332962 -0.0609024167 -0.10383641 0.00423031813 0.0177384838 -0.0362739898 -0.0635356531 0.00762784481 0.0615133345 0.101283923 -0.0109684803 0.0253106318 0.321157813 0.0432496183 -0.0848593637 0.0646667928 -0.202713415 -1.48407447 -0.16349493 -0.166873112 -0.0762856081 0.132638365 0.0859990641 0.183191016 0.143993437 0.00819135737 -0.0994809046 -0.0265766736 0.112076528 -0.20381923 -0.101366684 -0.0412761755 0.0330208912 -0.0673004612 0.0622087866 -0.0725520477 0.0128104463 -0.0102403481 0.200750723 -0.0609092228 -0.00856062025 0.0541151315 0.0433077328 0.0278700013 0.0423638113 0.0136477873 -0.0251768511 -0.00118933909 0.0139229074 0.0240804553 0.0428675488 0.0981577784 0.0113988277 0.0265045036 -0.0582693405 -0.0214249454 0.0229924768 0.0159036275 0.0419396386 -0.000954154122 0.0405013487 0.0546695143 0.11037007 -0.0194261633 -0.00503007323 0.0608258396 -0.0137422895 0.136968881 -0.034937989 0.116769917 -0.0114398189 -0.0450166389 0.137871638 -0.0123951938 0.0743022487 -0.0521695316 0.0782261044 0.121913821 0.00761712715 -0.0357901007 -0.0380653739 0.025815092 0.0397394672 -0.0332754217 0.00475799059 0.00239060074 0.073134914 0.0263575129 -0.0752460733 0.0613226444 0.0373909399 0.0451602712 0.0360344462 -0.053937763 -0.0306778979 0.0648915321 -0.0335721821 0.118804619 -0.069891341 -0.0229290389 0.0480219796 0.0304371566 0.0925629437 -0.00387544255 -0.0605935603 0.0125427023 0.0871475786 0.114652783 -0.0458995029 -0.0321978107 0.0371458903 -0.0420426913
0.156139925 -0.0506513268 -0.00847461261 0.193643719 -0.00179971708 0.167410165 0.0686441287 0.580890775 -1.12965524 -0.182904795 -0.178774163 0.0190215055 0.117776953 0.024738092 -0.154442847 -0.115638144 0.0696181804 0.214715406 0.0525471643 -0.116021708 0.00870504603 0.129584655 -0.0411378257 -0.0618166775 0.0126768723 -0.0602623038 -0.0444705114 -0.0417104959 0.0802757367 -0.047481373 0.0381595194 0.558039606 0.041858431 0.180488899 -0.0200055875 0.689339161 -1.01591206 -0.134512007 -0.260994017 -0.0339264274 0.0767021328 0.101055235 0.0792108476 0.00214723684 0.0339377597 0.302605063 -0.0109700654 -0.140964776 -0.132783517 -0.11341697 0.127817839 0.00131925195 0.0678598434 -0.0665671006 -0.0264353231 0.0655710548 0.0325298496 -0.0847477242 0.082147114 0.608292282 -0.00316833775 0.0964135304 -0.0326875485 0.682033718 -0.831148922 -0.109673232 -0.286765665 -0.0377292074 0.120341331 0.0063852435 0.145117894 -0.0602603965 -0.193779677 0.308549494 0.11255727 0.0478376783 -0.215124667 -0.0405652486 0.189165428 -0.00878430903 0.0629353225 0.00959797204 -0.029254362 0.0638924539 0.109560005 -0.1746196 0.111377075 0.26739803 0.0266279299 -0.0366892368 0.0743941888 0.622896671 -0.799893796 0.0130484728 -0.149842262 0.0392434634 0.121840298 0.0430005118 0.246601671 0.0378318727 -0.174085572 0.284841567 0.166371807 0.129124194 -0.259354532 -0.0314802863 0.106046841 -0.0183206387 -0.0262263082 -0.0595671237 0.0682874024 0.0483325794 0.00808518846 -0.113417454 0.228210986 0.0693554431 0.0489973761 -0.0518778004 -0.0114642447 0.0320990644 -0.0543040931 0.0596486367 -0.0356597602 -0.00862427894 0.0643240213 0.0462261662 0.0243430175 0.0267767441 -0.0418565869 0.0519790016 -0.0106144622 -0.0549742505 0.0222869981 0.013118295 -0.0615161173 0.0284489915 0.0636105016 0.00254862173 -0.0301475693 0.0282980371 0.0292768776 0.0730319172 0.00116006716 0.0417002477 -0.0101228645 -0.0296371281 0.0500120185 0.00314793596 0.00895042904 0.0548080094 -0.0362491645 -0.0291618668 0.120370857 -0.023426272 0.0425423682 0.0299464911 -0.0234541725 0.120891973 -0.116378136 0.0729654133 0.0138744637 -0.00651486916 -0.0346674621 0.0494243018 0.0381520838 0.00894263387 0.0696362033 -0.0366612375 0.0617898516 0.00594140729 0.0609304756 -0.00924257562 0.00216695061 -0.0467647761 -0.0397440866 -0.0632996783 0.0537056997 -0.0140148466 0.0567316376 -0.0454564057 -0.0469663665 -0.0316326767 -0.161209598 0.0470771603 -0.184697792 -0.0198628493 -0.0123988865
0.0558599532 0.0843119919 0.0991821513 0.236299232 0.0759327635 0.069490172 -0.0170349646 -0.880273879 -1.85207868 -0.0231560897 -0.202091217 0.0139070656 -0.138817519 -0.0039493381 -0.169116572 -0.0850032344 0.0856633484 -0.127543554 0.0692708567 -0.0413827524 0.151444852 0.0498706587 -0.103394017 0.0645695329 0.0490868092 -0.0286274664 -0.0102184787 0.0298957527 -0.0078998832 0.0511924624 0.0989434123 0.323793888 0.0184186902 0.0801256299 0.0597446598 -1.01266778 -1.66582417 -0.125008091 -0.280210048 0.033254344 -0.0469822511 -0.0273229294 0.0223546643 -0.00603289716 0.0705681741 -0.166334838 -0.0192644708 0.00482270727 -0.240724757 -0.102813728 0.0184301175 0.0572038889 0.0524112731 -0.0374709591 0.0221235976 -0.0039017126 0.05952885 0.0160987433 0.175683543 0.261256278 -0.0197404586 0.210453168 0.0634166077 -0.939985573 -1.42531335 -0.017530214 -0.160052851 0.00589966215 -0.00808647741 0.0518034734 0.0524799302 0.0164993536 -0.0230381843 -0.186874568 0.0136540346 -0.0380296558 -0.221991464 -0.0456241295 0.100774288 0.0598443747 -0.044084806 -0.0629474595 -0.0289051272 -0.00756652653 -0.0551833957 0.0775548294 0.0516756438 0.111791387 0.0723268241 -0.0421156324 -0.00881326478 -0.907153904 -1.35790741 -0.173373252 -0.283499718 0.0138271544 -0.11424721 0.114854343 0.0804368034 0.0919196159 0.0319419019 -0.239565358 0.0244582258 0.101760983 -0.218963504 -0.139176056 0.0287024081 -0.00132618845 0.0431157425 0.0435536951 0.0373245478 -0.0621622726 0.0215484239 -0.0995952189 0.158981815 0.0296628624 0.0931945667 -0.0430853814 -0.00201429846 0.131555423 0.0444013476 0.0860260725 0.0130471587 -0.0645070076 0.023989182 0.0149967447 0.0766311213 -0.0341968425 -0.00534901395 0.0185553096 0.0398536921 0.100137338 -0.0125039062 -0.0111998152 0.0490222573 0.0353534743 0.111371726 0.0764899552 -0.0213007201 0.0693042725 0.00937850773 0.0986802951 -0.014636266 -0.0114707332 -0.0702073127 0.0380527973 0.0638040975 0.0682634041 0.0268026851 0.0649309084 0.0496875197 0.115053482 0.00141116465 0.0395226963 0.0236647483 0.0522565693 0.0588615015 -0.0255269911 0.0890790299 -0.0137052629 -0.0333430283 0.0420139804 -0.00739779137 0.0593904071 0.0471476614 0.0517460033 0.043854028 -0.0454591066 0.00675276155 -0.0757098347 -0.0510956384 0.10764277 0.011429619 0.0434315614 -0.0772452727 -0.00361663848 -0.02698287 0.0809609592 0.0770570114 -0.10348805 -0.0152006447 0.033931233 0.0926919132 0.0879479572 -0.00263621355 0.053402707 0.0586964972
0.138352513 -0.224259526 -0.140050441 -0.216674775 0.109977946 -0.29978925 0.0691348538 0.588385224 1.11328638 -0.18099454 -0.0319643803 0.210848927 -0.142716676 0.299534619 0.00741652586 0.0283929128 0.0875335783 0.194327131 0.137984022 -0.0278634951 -0.520579159 0.0672656596 0.29630509 0.0329251438 -0.0273319297 0.0489650816 -0.0543580651 0.0140171051 0.188585177 -0.150461286 -0.130822703 -0.524610102 0.121873319 -0.189814016 0.0130167054 0.698461354 1.07837451 -0.183229774 0.112733774 0.214820549 -0.19446972 0.161365479 -0.195881277 0.0815692246 -0.0375593677 -0.263066679 -0.0672942027 -0.0595498495 0.108163059 0.0816669613 0.114032827 -0.0427917838 0.0578202754 0.00571754575 -0.00632705539 0.0620836616 0.218361646 -0.176439404 -0.0819966942 -0.691041589 0.0468622334 -0.118766576 0.0740066245 0.737742007 0.864014447 -0.369548649 0.145369545 0.195192844 -0.212569922 -0.00957070757 -0.13121672 0.0575643741 -0.0445466638 -0.256250799 -0.0685681477 -0.114069931 0.110532902 0.135258064 -0.0999805778 -0.0639372766 -0.0604569986 0.0320157185 -0.0564385615 -0.0187827162 0.173915669 -0.0325149968 -0.299918532 -0.441162109 0.103922792 0.166864082 -0.0222959779 0.644800484 0.857044399 -0.307248682 0.451007515 0.210788608 -0.0892930329 0.0550452769 -0.118185103 -0.0761788413 -0.165878445 -0.256612629 0.0462528914 -0.0485873818 0.191070423 0.10703928 -0.0706931055 0.0509325862 0.0575350076 -0.0185521021 -0.0609939396 -0.0200506486 -0.0504907817 0.058809936 -0.297734618 -0.042521134 0.0124471067 0.026478881 0.015515646 -0.0892031267 0.00172384828 -0.0146042788 0.1767454 -0.129867762 -0.10650523 -0.0563235767 0.0594967194 0.113405213 -0.193872601 -0.150062591 0.039608255 0.0711242035 0.0145984534 -0.0214063786 -0.127388224 0.0173779801 0.0571954697 0.0382100269 0.0323419683 -0.102021173 0.0210556909 0.0160056874 0.123891823 0.00660861842 0.0607637353 0.00176768005 -0.0246833004 -0.0394239537 0.0187489633 -0.0937044099 0.0730979741 0.0205045156 0.0234942213 0.107576385 -0.00704340311 -0.0396930538 0.0369576588 -0.0236458816 0.0336577334 -0.0449471958 0.0706055909 0.0632106662 0.0759255737 0.0158191118 -0.150239602 0.055410102 0.109445654 0.0309483688 -0.136098459 0.0323471799 0.0318509266 0.107078262 0.0694899186 0.0560060218 -0.102495596 0.00428038836 -0.012390689 0.0449108817 -0.00986001454 -0.123514168 0.00989244133 -0.00670894934 0.133539453 -0.270600498 -0.0526310913 0.0654557794 0.0177933071
-0.036558222 0.000980447978 -0.0500599332 -0.0334107652 0.0498027429 0.0184508916 0.0209011156 -0.0544952154 0.0170529615 -0.0424525216 -0.0346657261 -0.0319560058 0.0450301953 -0.0451400951 -0.0413121842 -0.0703997612 0.056398198 0.0667041689 0.0239994228 0.0602986217 0.00626344234 -0.00708292425 0.0681313723 0.0623134077 0.0606427938 0.0578118861 0.0586184114 0.0400399715 -0.0257364251 -0.0237505846 -0.00919794105 -0.0233262144 -0.0554763675 0.0264176372 0.0574017949 -0.0556880087 -0.0628581569 0.0342525356 -0.0615116209 -0.0618680269 0.013089017 -0.0630739182 0.0213141777 -0.0615171194 0.0193656757 -0.0660142526 0.0716245323 -0.00678717345 0.0653765202 -0.00372001529 0.0222133771 0.0322375298 -0.0417580567 -0.0263186693 -0.000522829592 0.0620192736 -0.00435782317 0.0856248736 0.0527698547 0.0333386809 -0.0747261867 -0.0267312098 -0.0753744096 -0.060810376 -0.00983721483 0.0612775274 0.0574961379 0.0193493627 -0.0600376315 -0.0440860353 -0.0431112759 0.0203661434 0.00757265883 -0.0411506407 0.0354428068 -0.0624974146 0.0104101971 -0.0209148191 0.0716801286 -0.0678023472 0.0616851449 -0.0136651471 -0.0543207601 -0.0204147846 -0.0095828753 0.00986206345 0.00876378361 0.0547150038 0.00713268714 0.0463826768 -0.0694858879 -0.0283145215 -0.0640485883 0.0127668995 0.0737257376 -0.0582485013 -0.0278771464 -0.00354721956 -0.0455964096 -0.0591847338 0.0486571603 -0.0201911796 -0.0418289937 -0.00999350101 -0.0611996129 0.068323195 0.0159899443 -0.017781768 0.024896428 0.0493280813 -0.00813424587 0.0317819491 -0.067961894 0.0481410809 0.0408248045 -0.0260684863 0.0166779775 0.0230084881 -0.0285434145 0.0616693944 0.0215435028 -0.066203624 0.0131828189 -0.0331613794 -0.0809656829 0.0541514158 0.00179704884 -0.0581222996 0.0234784689 -0.0445127003 0.057165131 -0.0205428656 -0.00870870054 -0.067812562 -0.0463819616 0.0525950789 0.0233968105 -0.032356564 -0.00483732997 -0.0251321644 -0.0586810969 0.0123433247 -0.0313822478 0.0355300717 -0.0151879042 0.0219764635 -0.0267495606 0.00635775924 0.0449593775 -0.0719115958 0.0709868073 0.00791365746 -0.0463187061 -0.0795955136 -0.00389711908 -0.0363725871 0.0584643632 -0.0287217088 0.0499058403 0.0367552228 -0.0494920462 -0.0353521183 0.0559732206 -0.0544240251 -0.0541097783 -0.0413115248 -0.0250238795 0.0458015315 -0.0202159416 0.00750319939 0.0233518705 -0.0183918756 0.0487103723 0.0412322618 -0.047504548 0.0345770121 -0.0269878488 0.00517073646 -0.0728983954 0.0549992248 0.0441607013 0.0214695167 -0.0294038784 -0.00209155842 0.0445484333 0.0137644783 -0.0850719437
0.0514777638 0.178329781 0.117101416 0.309349328 0.0736601055 0.0405826047 0.0145367617 -1.06623483 -1.10670412 0.0407821834 0.11634545 0.0906995386 -0.0559498519 -0.0237795096 -0.0282527264 0.0136924116 -0.0918726176 -0.131241888 -0.0101601472 -0.108396903 -0.0446512252 -0.102416955 0.16323328 0.0182248354 0.0507906601 0.0719764233 -0.0206405073 0.0163110495 -0.032431528 0.00449928828 0.120371297 0.496375829 0.0281435251 0.0422747433 -0.0301824529 -1.1455617 -0.928097725 0.0916369036 -0.05711044 0.00453385198 -0.0168509055 -0.0617834702 0.070101589 0.041718889 0.080612421 -0.0322030671 -0.0793786868 -0.143704847 -0.11524459 0.0466582812 -0.0247420445 0.0534180701 0.00514131784 0.0105595812 0.0216315761 -0.060955707 -0.0560770482 -0.0300013479 0.303172708 0.313124895 -0.0323912166 0.203887656 0.0790817589 -1.15400219 -0.825785398 0.0219576508 -0.153132111 0.02031813 -0.00472982926 0.0615047328 0.03508633 0.114815854 0.127025023 -0.0608757697 -0.0619365834 -0.0335836858 0.0609777272 -0.0250705313 0.0787909031 -0.0160625651 0.0306561366 -0.0476434417 0.0108256638 0.0280396119 -0.0592822358 0.0814326853 0.117310293 0.259078145 0.0481641963 -0.0777894631 -0.0144036086 -1.04901552 -0.730802178 0.00980187301 -0.0938899219 0.105436757 0.0330025107 0.0131176133 -0.0115807038 0.0628859773 0.0997712538 0.0469815545 0.0153994393 -0.0126397172 -0.0168265905 -0.0543089584 0.0695992708 -0.0453346781 0.0353013128 -0.0386234112 0.0458086804 -0.000248543918 -0.00305138179 0.115667693 0.166645989 0.0368375778 0.0268948246 0.0020791674 -0.0402998067 0.0693049505 0.000108420849 0.0588229708 0.0499508902 -0.0257726386 -0.0154598709 0.016210705 0.0753528103 -0.00833661295 -0.0109501667 -0.0107597355 -0.0557318702 0.0538485385 0.0281798486 0.00931068044 0.0254824571 0.0593283474 -0.00953062437 -0.0488503724 0.0103200795 0.0325696357 -0.0575334281 -0.0191285517 0.0754577219 0.03913524 -0.0248963721 0.0536220223 0.0618354976 0.0511384197 0.0117971534 -0.0237851329 -0.0396050401 0.0546947718 0.0207059644 0.0447558351 0.104876809 0.0556697398 -0.023517089 -0.0238089915 0.0621057115 0.0139115341 0.0627966374 0.0655097589 -0.0208892226 -0.0220680926 0.0117220748 -0.00496505946 0.0804469958 -0.0281012412 0.0287601836 0.0418591723 0.0193728656 0.0839783847 0.0522019416 -0.0664121509 -0.103830926 0.068354249 0.00864466652 0.0838824511 -0.0491380952 -0.044744309 0.00438050181 0.0119014299 -0.00514975237 0.0816522166 0.113318376 0.0387831777 0.0177323576
0.0602128282 0.0727203637 -0.0290503092 -0.0636279583 -0.074863933 -0.039382413 -0.0573417693 -0.0371040441 -0.00718003185 -0.0594070926 0.0418403037 0.0559901521 0.0538157113 0.0229487531 0.0171354078 -0.0513500124 0.00658427598 0.0545092672 0.0163227469 0.034404397 0.0695439279 0.00859408826 -0.0250244774 0.0689242929 -0.0669883788 -0.00157377124 0.0147842541 0.00842828304 -0.0498956554 -0.0224887673 0.0578548536 -0.0122311115 0.0135478852 0.0188730825 0.0203349963 0.0334378779 0.0334159397 -0.0179241113 -0.0147161763 -0.0511685386 0.031915728 0.061149545 0.0557062775 -0.0336703621 0.0307533909 -0.0495699234 -0.0709818676 0.0615571886 0.034600623 -0.0615846068 0.0155803636 0.067145437 -0.00252295285 0.0128519684 0.0330932513 0.0359675884 0.0188107081 0.0212840196 -0.0404495485 0.0256299116 -0.0699274242 0.022686515 -0.0730566084 -0.0267446619 0.0467864685 -0.0432736836 -0.02319167 -0.0323144309 -0.0437459983 -0.0224484485 -0.0532051474 -0.0429272167 -0.00999279972 -0.0312684849 0.0169191435 0.0102285221 0.00496452302 0.00554590672 0.00767435133 0.0360768884 0.00862491131 0.0274590552 0.0199354291 0.0135409236 0.0266121998 0.0653276891 -0.0236354135 0.000157135146 -0.0267664026 0.0323558822 0.0195227191 -0.000714546244 -0.0299301669 -0.0551152714 0.0129204271 0.051737152 -0.0503310338 0.0216817241 -0.0205424372 0.0441578291 0.0174031891 0.0199722666 0.0408703238 0.0301518142 0.00779263675 0.0691761225 -0.0475471765 0.0059717223 -0.0652710348 -0.0555093773 -0.0705010295 -0.00228165835 0.0302882437 -0.0125511484 -0.017251255 -0.0422943011 -0.00736264605 -0.0232363343 -0.0109741734 0.0740821734 0.0454082638 0.0122613478 -0.0158343576 -0.0767965466 -0.0199841354 -0.0104478225 -0.048697345 -0.0180714522 -0.0408501551 0.0769773871 -0.00446604192 0.0500077605 -0.042626027 0.0275549889 -0.0545774363 -0.0240874551 -0.0385337323 -0.0621307716 -0.0621164851 -0.0390251428 -0.0127267316 -0.0328331776 -0.0674774945 0.00421585934 0.0389326438 0.012586832 0.0468770862 -0.0123413913 0.0505589768 0.00150155497 -0.00535729527 -0.0129020251 -0.0353704877 -0.0359127745 0.0197601728 -0.0400061831 0.01657933 -0.0585205145 -0.0167594757 -0.0116591146 -0.0327358171 0.0435541868 -0.0592371672 0.0270724576 -0.0660547689 0.0433791652 0.0604513399 -0.01709342 -0.0132211503 -0.00320284069 0.0420204774 -0.00425970275 -0.0187723208 0.0567980856 0.0551076457 -0.00484192371 -0.046033036 0.0333222002 -0.0402466021 -0.0459649079 -0.0454039127 -0.00392378774 -0.0407460295 0.0412915796 0.0423827209 -0.031210959 -0.0376548506
0.0281601008 0.0815095007 0.182202339 0.255001724 0.0949350148 0.272050291 -0.00300570717 -0.841696441 -2.0414784 -0.0217000563 0.122401051 0.0775979459 -0.0944729522 0.0645234585 -0.176198304 -0.387860924 -0.0928443372 0.23686713 0.156503975 -0.0678780824 -0.163043827 0.044354625 0.255014837 -0.0432934165 -0.0530087575 -0.0303198434 0.0690450817 0.00789712369 -0.027276786 0.10218408 0.0221068449 0.435467213 0.0335961618 0.224949569 0.0440143943 -0.772893131 -1.87791955 -0.0944922119 -0.020488942 0.0595501252 0.0271659177 0.0171640534 -0.065271996 -0.284264535 -0.00154127728 0.1064827 -0.0365017764 -0.161416635 -0.374033332 0.0192423072 0.126583904 0.0226874873 0.0709129721 0.0261480883 0.0121725872 -0.0477621816 -0.0554879829 -0.00740681123 0.167387158 0.362617821 0.0833808258 0.302930832 0.106740184 -0.809465826 -1.60374737 -0.0526786968 -0.14114666 0.00549376663 -0.0756493807 0.0462878086 -0.126177803 -0.239097148 0.0636188164 -0.0132723749 -0.000436504866 -0.058800742 -0.221739158 0.0157037396 0.141550496 -0.000694699585 0.0266971588 -0.0227377415 -0.0520934984 0.0143357515 -0.0465515889 0.0634422377 0.0810392648 0.442868233 0.00934962649 -0.00158022495 0.0493341312 -0.705370009 -1.38184357 -0.042876821 -0.0309401192 0.0640659481 0.03552939 0.108414814 -0.0379096046 -0.0345152095 -0.0294151101 0.0357102565 0.0838782415 -0.0964753479 -0.081629768 -0.0293179862 0.121559322 0.0433400124 -0.00460999459 -0.0624769181 -0.0700306892 -0.0350681692 0.100763083 0.0313496105 0.0656175315 -0.0596108288 0.0893853828 0.0219560899 0.0666937456 -0.0556210391 0.00125549734 0.0838999599 0.0899136961 -0.0543716624 0.00981631689 -0.0544289201 -0.0221197363 0.00299091241 -0.028887257 -0.014732236 0.055114001 0.102494247 0.0943191722 0.00382425939 -0.0252742879 0.0226560831 -0.0300475489 0.0412822217 0.0562754646 0.0252265651 0.0440158695 0.0208544619 0.0589727163 0.0509596653 -0.0238016117 -0.0374562852 0.113196783 0.0248818863 0.0041911304 -0.013600396 0.0573217571 -0.00237537897 0.0496190675 -0.0125643164 -0.00522262091 0.0510745645 0.0023304869 0.0094721457 0.0544749312 0.0300423969 -0.00560259819 0.0211080126 0.0138479527 0.0681896508 0.0771292374 0.0329592153 0.0492677912 0.0172893722 0.0921956152 0.00659045763 -0.0491517074 0.00213838182 0.0548936874 0.0595874041 -0.0593586005 -0.0403390862 0.0775288716 0.0426565893 0.0722745433 0.0109866224 0.0141993538 0.0276912432 -0.0217354596 0.115212731 0.00412078854 -0.0322702602 -0.0171761923
-0.0775993392 0.119989097 -0.132590503 0.378128648 0.0628183782 0.496877611 0.0500937253 1.63449752 -0.62498939 0.0381303541 -0.00649346551 0.0272539966 -0.00885327253 0.163610458 -0.149181053 -0.143729329 0.0687922984 0.143436149 -0.086617589 0.052052334 -0.288954735 -0.055748757 -0.0338629447 -0.00837939978 -0.0335834995 -0.0354467481 -0.0544729009 -0.00642872602 -0.11398451 0.0872962102 -0.347155958 0.379591197 0.0863091722 0.381553382 0.0413279086 1.57601428 -0.700485766 0.119461901 -0.0175994541 0.00669308519 0.0902171358 -0.0630057454 -0.185472012 -0.162643671 0.178628609 -0.0680408552 0.00261674263 -0.0777999014 -0.191977516 -0.0466675088 0.0158734024 0.00527653098 0.0442090034 -0.0147306174 -0.0381215326 -0.0707911029 -0.0648752525 0.163196966 -0.539732754 -0.0293045621 0.0983059183 0.176464662 -0.0474982634 1.43884015 -0.510239244 0.0793160871 -0.329267949 -0.0598564148 0.124513708 -0.0484208688 -0.336947769 -0.0961570367 0.1938508 -0.0684446469 -0.0305687916 -0.234019011 -0.165229112 0.120594926 0.0125829987 0.0144094005 0.049493134 -0.0612981692 0.0478636771 0.0335047394 -0.0097287735 0.0926566944 -0.251160502 0.178847641 0.129550293 0.079969652 -0.0601288229 1.39531457 -0.550022781 0.140696675 -0.0448024496 0.0220741518 0.0727193877 -0.0130027942 -0.343334645 -0.161611214 0.162970334 0.00717442855 0.0192935951 -0.173624933 -0.162728488 0.117102675 0.214812621 -0.00160305947 0.0229128748 -0.0692530945 -0.00989121199 -0.0457781106 -0.216931015 0.17548804 -0.0836922899 -0.0625807568 0.0477714017 -0.0365323946 0.0269853063 -0.0992696434 -0.0623583607 0.0223871842 0.0384600312 0.0554495864 -0.0361579806 0.0548574626 0.00594584271 0.0933107585 0.0217823014 -0.133482695 -0.0351213701 0.0212525986 -0.0177733004 0.00518148951 -0.02139665 0.052449435 -0.0247728061 0.00112108432 0.0606041662 -0.0144092301 -0.0583415553 -0.0701451749 0.0336422473 0.0103958314 -0.0665825233 0.0374508798 0.06830924 0.0525750853 0.0323218703 0.0468937792 -0.0301736183 0.0322677866 -0.00565602211 0.00321920798 0.0348653942 -0.0679082945 0.03862774 0.0401393138 -0.02916326 0.0330947004 -0.0264991112 0.0111368848 -0.115118116 0.0628121123 0.0612979457 0.000891804695 0.052006755 -0.194521278 0.0273939539 0.0820586979 0.031590037 0.015841024 -0.0335547589 0.00656744512 -0.0126948459 -0.0694642067 0.055847913 -0.0206532124 0.114029102 0.162013441 -0.0214703456 0.0608693771 -0.0269709993 0.0595819317 -0.064013347 -0.0240877345 -0.0501459949
0.0353504978 0.135833085 0.0867604017 0.420395166 0.038077414 0.0569424294 0.0354207531 -0.955197513 -1.8465625 -0.0446718894 -0.0591928251 0.0310725272 -0.093919158 0.0204090104 -0.120944127 -0.223996297 -0.0486418568 -0.00917280931 0.0573690869 -0.101980157 0.0177558959 0.00935732387 0.201595619 -0.0386759192 -0.0146370642 0.0331349075 0.0211406946 0.0120441094 0.00885833055 0.0270720813 0.00351973227 0.444089025 0.0815069899 0.0150533263 0.0909521431 -0.940182209 -1.65427554 -0.0881296918 -0.142919689 0.0344788432 -0.116969191 0.0277305469 -0.0695924535 -0.170767501 -0.024999503 -0.0574337207 0.0288308971 0.0154886013 -0.147856593 -0.0984963775 -0.00478264689 -0.0242901631 0.017725952 -0.0670455918 0.0595147163 0.0479917377 -0.00960574578 -0.0310001653 0.201955914 0.215129718 0.0941727683 0.101965137 -0.00429446902 -1.0161612 -1.40764797 -0.0585765094 -0.0677605718 0.0415727347 -0.125588253 0.0713750198 0.0558104888 0.00128419697 -0.0547553897 -0.170939893 -0.115043223 0.0881980285 -0.086172916 -0.0797002986 0.116014443 -0.038827192 -0.0669666082 -0.0712466538 -0.00391869247 0.0230748206 0.0343049504 -0.0504028946 0.0368551202 0.173658773 0.101221703 -0.111373313 0.100950867 -0.946392655 -1.24963605 -0.200446427 -0.135150507 0.0355365314 -0.0925325677 0.0238366611 0.0306744892 0.155918777 0.0552220494 -0.175935 -0.0668614283 0.0389036573 -0.0929704234 -0.074290432 -0.0498276316 -0.0316277929 -0.0512083396 0.00977618992 0.0695046782 -0.00244747847 0.0818116814 0.0465495884 -0.0170285814 -0.00171317905 0.0992370546 0.0361214541 0.0634435043 -0.119636409 -0.0133493394 0.0448825769 0.053118363 0.0768734962 -0.11429885 -0.0293960907 -0.00812683813 0.0677875355 0.115170427 -0.0554975122 -0.0449002087 0.0721598044 0.0574356876 0.0857485533 -0.020046657 0.0682234317 0.107308544 -0.0279471558 0.101633519 -0.0173560288 -0.0714328662 0.112072967 -0.000497800065 0.0334612057 0.0235109963 -0.0351461731 0.0963401571 0.0207155123 0.0609942637 0.0716015324 -0.0334418677 0.0125215948 -0.0465677492 0.108812876 0.0416045934 0.0572937131 0.0532789305 0.000416437513 0.12223269 0.113019422 0.0401982144 0.0337381624 0.0566123426 -0.0313855633 0.0885283351 -0.000253453851 -0.0166715235 0.0156613253 0.0689371452 0.110695697 0.00646845996 0.0165492762 0.0154665522 -0.022576211 -0.0251888782 -0.0354476124 -0.0111744609 0.0597180016 -2.61846071e-05 0.00532907899 0.0525951087 -0.00399925048 0.0719863772 0.0338121019 -0.00552491844 0.0704085827 0.00897945371
0.136146963 0.220656723 0.314945012 -0.567135334 0.0213654302 0.138634011 0.032067176 -1.52027035 -0.958040774 -0.140651524 0.112431742 -0.057422705 0.102752119 -0.0769620538 -0.0013625737 0.0176279638 0.0531250872 0.139328569 -0.0728744045 -0.1510043 0.310056835 0.148971125 -0.0339375511 0.0392288044 0.0519711822 -0.0667380914 -0.00571004301 0.0422637612 0.113105536 0.090797253 0.304461479 -0.250200987 -0.0282480717 0.129026175 0.0474440679 -1.54026484 -0.932203591 -0.284622729 -0.100947127 -0.0316748992 0.136393175 -0.11567957 0.22885862 -0.101828314 0.0498966835 0.0988802314 -0.0338126905 -0.0771558881 -0.0849437937 -0.0573878735 -0.0732637048 0.0361462831 0.0471644998 -0.00966583192 -0.00889427215 -0.0527819321 0.0927998722 0.172743857 0.518551588 -0.113430642 0.0150688998 0.262926638 0.0644644648 -1.44925261 -0.839441717 -0.292390853 0.128226697 0.0399370119 0.175638258 -0.0782445967 0.224927157 -0.159803227 -0.00478838105 0.0990740731 0.0479297675 -0.00822805613 -0.124091998 -0.16772151 0.0961432457 -0.012508601 0.0190009624 -0.0400497168 -0.037779171 -0.0332563072 0.0694447085 0.208870947 0.269624352 0.0668928921 0.0294146109 0.0957956538 -0.0258430485 -1.23649549 -0.853746474 -0.317340761 0.0514805578 -0.0989139006 0.159436315 -0.0814808533 0.172575265 -0.202219933 0.0159832388 0.0579791106 0.0106107518 0.105274677 -0.29214558 -0.146944746 -0.0808547214 0.0248776376 0.0494741052 -0.00838397443 -0.0618180111 -0.0668796226 0.0696935356 0.0722566471 0.225598618 -0.0319934823 0.0396925509 -0.0287665185 0.0879909992 0.243726268 -0.0262388848 -0.00745917019 -0.136879191 0.123422705 0.114523545 -0.0211682953 0.00705561973 -0.215711638 0.130722538 0.155207396 0.0255275592 0.0308461841 -0.00687972549 0.0668803677 0.176602989 -0.0624305606 -0.029683983 0.0809217617 0.0759687349 0.0724083409 0.066898644 0.00953625422 0.0849306434 0.052180253 0.142774537 -0.054909423 0.0434906408 0.0928686932 -0.0155942636 0.00702601159 0.0279011726 -0.033569552 0.148926586 0.0385845862 0.0494382419 -0.0401347913 0.0784460008 0.0782384127 -0.0480299518 -0.130236432 0.0259239823 0.0432429537 0.0945124701 0.0582155809 -0.00321980147 -0.0220029578 0.00414178567 0.0107638417 0.0211667959 0.0204843059 0.0333573446 0.0240069013 0.0504018255 0.00750035187 -0.0468604825 -0.031871967 -0.00820034649 0.130459681 -0.00854925066 -0.0197349824 -0.0340108275 -0.00943972263 0.202780902 0.0288587864 -0.0783444345 -0.0396317877 0.0357036255
-0.0031696544 0.0262241699 -0.233607367 -0.219550088 0.0611674599 0.337981731 0.0168996602 1.43693852 -0.583679795 0.0350237228 -0.00312760007 -0.0817264095 0.0614899658 0.063332662 0.0775654688 -0.171254754 0.190053999 -0.064273648 -0.141296938 -0.0236352347 -0.453311473 -0.035259448 0.144855917 0.0286088735 -0.0406982712 -0.0565152653 -0.0287594125 0.0687427074 0.0754317865 0.0620056838 -0.281473905 -0.237427428 0.0791725442 0.299087733 -0.0196720362 1.41726983 -0.664331317 -0.103030086 -0.013925883 0.0163444337 0.047130432 -0.107418314 -0.023519773 -0.0985465795 0.380009979 -0.0387400016 -0.152484491 -0.00924537424 -0.0392504707 0.0419254899 -0.0536703728 -0.0557484254 0.0359188691 -0.0284790173 0.0493575111 -0.01813104 0.0879788399 -0.0241291896 0.0720852539 0.409452915 0.0030679279 0.196824074 0.0902873874 1.39684391 -0.547419727 -0.184172437 -0.220403686 0.0372628458 0.0652553961 -0.0503457859 -0.0627607927 -0.0874424875 0.277111024 -0.126018807 0.0406442545 -0.0671233982 -0.00976601988 0.10886392 -0.138700679 0.0709367692 0.0521820337 0.0195870847 -0.000172778964 -0.0543853752 0.00693412544 -0.0718907714 0.381856024 0.670886755 0.0823169202 0.200957268 -0.0251425244 1.39752233 -0.505731821 -0.0486396141 -0.0650638193 -0.0665354878 0.042489849 0.00154104782 0.134008244 -0.0707936063 0.178881422 0.053844668 -0.0045681675 0.0289950166 0.0540689901 -0.0861170664 -0.155654579 -0.0492303744 0.0448508188 0.0567336231 -0.00538207591 -0.0240693837 -0.260010034 0.236314952 -0.00127839798 0.0557864457 0.0346218832 -0.232512116 0.129233196 -0.07944794 0.0174561739 0.104483001 -0.13473919 0.115303397 -0.199750468 -0.047322534 0.0838366747 -0.090201579 0.0190872811 -0.143567845 0.00840575248 0.0589562804 -0.19269155 -0.0231204741 -0.0276747718 -0.0709880739 -0.0150745474 -0.147317335 0.0423990637 0.0129297292 -0.0425993726 0.10058701 -0.0750785843 0.0398778655 -0.00970189366 -0.0160278715 0.0926938504 0.109358713 0.0244280957 -0.141989678 -0.0273533762 -0.017127391 0.12289989 -0.0266118255 -0.0856555998 -0.0096052736 0.0849562362 0.0447904356 0.0152000804 -0.112561196 -0.0333873481 0.0855762884 -0.0443056636 0.0510354862 0.0493476763 -0.0250499323 0.0764777064 -0.104952127 -0.0308170915 -0.122193903 0.0142804831 0.0498235673 -0.0546415262 0.126486972 -0.201695338 -0.0117638893 0.0114873191 -0.10124217 0.0908722132 -0.120170154 0.0503582135 0.0830730945 -0.217812255 0.00876571424 -0.11480628 -0.0360537358 -0.00278951786
-0.0192974713 -0.16998899 0.368648529 0.0902194232 0.0741459578 0.322496712 0.0924415141 0.960603833 -0.673286259 0.182666242 0.385670096 -0.033522848 -0.0384691283 0.0508362427 0.0990180522 -0.0955113545 0.0898825303 -0.0659729764 0.0748186633 0.11532215 -0.415825933 0.102023564 0.112548716 0.0380366519 -0.00307001173 -0.0295486636 0.0113160387 -0.0638215914 -0.0112377219 -0.153641433 0.0190017521 -0.0840350762 0.0831135362 0.296904922 0.0888702571 0.918270051 -0.588594735 0.291261405 0.415438086 -0.008649786 -0.181294233 -0.0272481367 0.0613018684 -0.076976791 0.126491681 0.10218405 0.0808045417 0.0996524394 -0.158945516 0.10034465 -0.0758427978 0.0350642428 0.0199137181 -0.0131152682 -0.0673319176 0.0656256229 -0.00286960439 -0.147267357 0.0308591127 -0.0334316082 -0.0519827493 0.227621019 0.102918684 0.883491993 -0.594828188 0.278862655 0.300616354 -0.0845110416 -0.257219762 -0.0351994075 0.0274583176 0.105277322 0.058733914 0.0290470682 0.0542152487 0.0585798882 -0.158513531 0.144092873 -0.12213397 -0.0532938018 0.0428917333 0.0200436115 -0.0448859558 -0.0120528713 -0.138951242 -0.126809984 0.0858689845 -0.512520552 0.0208658893 0.31009081 0.0965543091 0.923203349 -0.645380676 0.348422915 0.385796756 -0.0168872438 -0.304044515 -0.0630039945 0.163646922 0.301304907 -0.0709505901 -0.096577011 0.0718798563 -0.0405084677 -0.115632884 0.132816464 -0.00546703814 0.0715054274 0.0584123135 0.0379485935 -0.0355023928 0.065980956 0.171932414 -0.194420934 -0.320724428 -0.0363199487 -0.00591105083 0.0369696692 -0.0822835937 -0.084797658 0.0164346695 0.043596983 0.0638474002 -0.00914828945 0.0837255046 -0.0565643609 -0.0285147894 0.16047892 -0.0192898232 0.106440999 0.0643942654 0.0717656836 -0.0583208017 -0.0258153547 -0.092484124 0.0317308828 0.0686580539 0.0643959194 -0.0343920328 0.00325109484 -0.0438983142 -0.0180746224 -0.00177748792 -0.00190809241 0.116081975 -0.0150909275 0.0022020468 0.0061292802 -0.0545816272 -0.0465688929 0.0683107078 0.023120096 0.0901555344 -0.118388698 -0.251471519 -0.0716166198 -0.00498323701 -0.0335175507 -0.0639734864 0.0127773024 -0.00566090643 0.102874465 -0.06958507 0.0696242228 -0.0825856328 0.0132531598 0.0416297428 -0.0992001221 0.0282043703 -0.172130346 -0.0556748509 0.0460487679 -0.172673956 0.0660528094 0.0151271205 -0.0557384342 0.0116598802 -0.0247849207 -0.0124531388 0.052101329 0.0502323583 0.00352980057 -0.0629979745 -2.16282497e-05 -0.269741833 0.0443239287 -0.0145790512
-0.0366676413 -0.0413305201 0.0404760875 0.00401892047 0.0487371013 -0.0459747091 -0.0106157726 0.00856788084 0.00336085469 0.0433062837 -0.0828161165 0.0289130695 0.00859083235 -0.0251904335 -0.0407583751 0.0573288091 -0.053820882 0.0263176486 0.0441303365 -0.0266927276 0.0242476705 0.0257886872 0.00232414366 -0.031426169 -0.0106421709 -0.0108746737 0.0281759202 -0.0724522769 0.00931784697 0.0374715216 0.040002957 -0.0330621526 -0.0403659269 0.0294375103 0.00292198383 0.042007491 -0.0106099779 0.0776126161 -0.0304186288 -0.00275836908 -0.0206580255 -0.0819418356 0.020039469 0.0314620845 -0.0534466319 -0.00512795243 0.00551811 0.0504415594 0.0680428222 -0.00492917094 -0.0211221762 -0.0163678788 -0.0538360476 0.0357592255 0.0715961307 0.0628617257 -0.0508676469 -0.0531176329 -0.0321487375 -0.0126869734 -0.0331754312 -0.0827002078 -0.0779160038 -0.0884706751 -0.00540143205 0.0127420751 0.0564808771 -0.0833058357 0.0263770409 -0.0423923582 0.062853314 -0.0492036976 -0.0571453646 -0.0164760202 0.0217740387 -0.0674186423 -0.020190753 -0.0489373505 0.0335365273 -0.0347715467 -0.0353717357 -0.0630992725 0.0221348628 0.0671874285 0.0314561762 0.0430355445 0.0747710988 -0.0169944204 -0.0146157295 0.0485360622 -0.0386850946 -0.0972628444 0.0250485819 0.0448066294 0.0150797274 0.0400264785 0.0457401797 -0.0127369938 0.0329905972 -0.0495935753 0.0195184071 0.0313322656 0.0349488668 -0.0782595947 0.0624653473 0.0126090692 -0.00132384081 0.00431807339 0.00110928714 -0.0439390391 0.063751623 0.0228975639 -0.0859660059 -0.0250476114 0.0268332344 0.0575847626 -0.001005664 0.0525355265 0.00429143943 -0.0417773947 0.0336455405 -0.0147058703 -0.005264265 -0.00837820768 0.0425646715 0.0341601446 0.0243108682 -0.00482592918 -0.0234282389 -0.0637026131 -0.00932304561 -0.0789833441 -0.0741956457 -0.0231895428 0.0431145951 -0.0726343766 0.0287700444 -0.0702100545 -0.0733714402 -0.0598823056 -0.0493686162 0.0566923916 0.0386301428 0.0608834587 -0.0496788472 -0.0701172799 -0.0316265263 0.0339750499 0.0301910248 -0.0679531023 -0.0208727047 -0.0120503427 0.0452791639 -0.0591527298 0.0386875086 0.043003656 -0.053535711 -0.0919297189 -0.0528797656 0.0373652577 -0.0711700544 0.0354671665 0.0515158363 -0.0894423574 -0.02082403 0.0494632721 -0.0326262861 0.0279018879 -0.0274323318 -0.0429416746 0.052929908 -0.00290982355 -0.00653132703 0.0236899983 -0.0482812859 -0.0139760785 -0.0577060543 -0.0529105254 -0.0518429391 -0.0133073078 -0.0535312295 -0.0224702954 -0.046354197 0.0139731625 -0.040819712 -0.0450299084 0.0533808991
0.0352690853 0.0689840317 -0.0115433186 0.0487269014 -0.00595832337 -0.00712874997 -0.0752978921 0.0324468911 0.0457566157 -0.0208296739 -0.0568474308 -0.0576717332 0.0419104435 -0.021181792 0.03711503 0.013605319 0.0627018511 -0.0025094822 0.016617015 -0.050854817 -0.0490866825 0.0545616299 -0.0475010276 0.0018787086 -0.0695952848 -0.0276873782 -0.00953255594 0.0441775396 0.0525016338 0.0323350206 -0.0249113031 0.0256244447 0.0116734281 0.0145912217 0.00310038053 0.00253259414 0.0740095899 0.0484761521 0.00266439351 -0.078513585 0.00893822592 0.00680589257 0.0404854454 -0.0627230853 0.00803865492 0.0558020845 0.00967247039 -0.0361160822 -0.0347055234 0.0219578668 0.0322077721 -0.0564741641 0.0651222318 -0.038275335 0.0157157257 0.0469867215 -0.0462745503 0.0582248941 -0.00665603112 -0.0290408973 -0.0536216237 0.0499130823 0.0347934067 -0.00820915028 0.022910675 0.0180099905 -0.0511971414 0.0581967272 -0.0722993091 0.027176775 0.0316555202 -0.00111479312 -0.0374874249 -0.0615000129 0.048317641 -0.0041591078 -0.0317639783 -0.0256176107 0.00792837143 0.056914553 -0.0656552538 0.00901700556 -0.0648304075 -0.0608905442 -0.0372273885 0.0608767234 -0.0210800543 0.00279595423 0.0211504418 0.000886954542 0.0203125849 -0.0299724191 0.0244710054 0.0547341555 -0.0634950325 0.0333341248 -0.0258516502 0.0418115929 -0.0171707273 0.0178127512 -0.0560543835 -0.0199030563 -0.0339937769 -0.0562708005 0.0193668529 0.0681351572 -0.0544579141 0.0722250044 0.00829029828 -0.0702522248 -0.0207467042 0.0477980077 -0.0679751113 -0.0191696696 0.0603883713 -0.0224915259 0.0356609672 -0.0204323661 -0.0175369028 -0.0498817638 0.0546542704 -0.072013028 -0.0541689545 -0.0730074719 0.00698419055 -0.0440862775 0.0590432435 0.0306213722 0.0389458388 0.00535846595 0.0591542572 -0.0463375896 -0.0244314373 0.054238148 0.0327469781 -0.0452734642 -0.00952091161 0.0306247175 0.00466354331 0.0639453828 -0.0302879661 -0.0789387226 0.0410605371 -0.00232004514 -0.0531688444 -0.00416259468 -0.0732289478 0.0374364257 0.0587235242 0.0127613703 0.0719152838 -0.0505743399 -0.019032659 0.00478924019 -0.00932877511 0.0592179745 0.0497369096 -0.0183094777 -0.0743556023 0.00927451346 0.0460493788 0.00116477779 -0.0263706334 0.0125673944 -0.0684236512 0.0607741624 0.00236131996 0.0711815059 0.0548928156 0.0417035371 -0.0265184902 -0.0449288562 0.00476673245 0.061198581 -0.0101727918 0.0538959503 -0.0149694616 0.0228813272 -0.0477006547 0.00227382034 0.0630199462 -0.0670961365 -0.0418760963 -0.0206584148 -0.0681658983 -0.0630400106 -0.00606779009
0.149799615 0.192667887 0.146270841 0.524125397 0.0509486459 0.0193377975 0.0310229249 0.355521142 -1.41257739 0.132315293 0.353165895 0.0225211605 0.0382847413 -0.0334849954 -0.0651110634 -0.115276374 0.276527643 -0.0510617346 -0.00264784321 -0.17276755 -0.0409443304 0.182315677 0.0349832028 0.062514782 -0.03316826 -0.0618185587 0.0685032755 0.0228336751 0.200876191 0.112392433 0.141313881 0.0763301328 0.0402026922 -0.0589393787 0.093995221 0.335693061 -1.17525923 0.0807209834 -0.0170066245 -0.0236702003 0.0356192254 0.0352731384 0.106330588 -0.222983733 0.127608344 0.114523143 0.0508170947 -0.0529045947 -0.0886430517 0.0698709562 -0.174641505 -0.065751344 0.0208679438 0.0499740615 -0.0145578384 -0.064149186 0.181203634 0.026196368 0.281264454 0.146229431 0.0520312712 0.168294072 0.0626237541 0.338404745 -1.10650563 0.172752067 0.174748495 0.0787999704 0.0602194332 0.0362419114 0.172175184 -0.153060585 0.0136037674 0.0894481912 0.0374036804 0.0729823485 -0.161116391 0.0202700477 0.00541708525 -0.0469755456 0.034793213 0.0652637929 0.0609446466 -0.0601395257 0.122742444 0.0855242684 0.18741709 0.502083302 0.0976124778 0.104763828 0.0216076933 0.373474479 -1.0929805 0.0375856496 0.234740943 -0.00260559865 0.080980882 0.0888624489 0.20538862 -0.154180005 -0.0357748121 0.189651787 0.04589881 0.0602339432 -0.214770719 -0.0411865823 0.153837696 -0.0453783013 -0.028739702 -0.0513364673 -0.00330126286 0.0653975308 -0.00689266296 0.2399472 -0.177312836 -0.0249576233 0.0794070587 0.0283531547 0.146016404 -0.102762014 -0.0701322928 -0.0128407907 0.0336304903 0.102546692 -0.106865115 -0.0358718485 0.03924568 0.144298613 -0.0434507653 -0.131072894 -0.0269238502 -0.00646843575 0.0293793883 0.0206213463 -0.10843201 0.0572654754 0.062725991 -0.040151827 0.0419531018 -0.015580494 0.0675174296 0.05252444 -0.0613306314 0.0211165324 -0.201090366 -0.0720156282 0.0235356223 -0.00820965786 0.036265064 -0.0169281308 0.00927879661 0.0672293305 -0.0449768119 0.0111676399 0.0760101378 -0.0143729672 0.0949058756 -0.143805504 0.143909574 0.0475067459 -0.0651459992 0.00140487019 0.0616899841 0.0408306532 -0.050805077 0.0470968932 -0.0219563656 0.0941142216 -0.0128477989 -0.0537397265 0.0481448025 -0.0230795499 0.0792371109 0.0585797951 0.00928585231 0.0303269997 -0.0298840739 -0.0724436343 0.0812566802 -0.0327273421 -0.0289103054 0.0305630937 -0.314696908 0.165375277 -0.0831277668 0.0216894522 -0.0271769054
0.0394123159 0.191311404 0.00347079081 0.116900384 -0.00178162835 0.422052711 -0.00417973427 -0.219365776 -2.31430244 0.100750379 -0.0258280896 0.048106391 -0.0621811859 0.0382002629 -0.16357705 -0.163833141 -0.148385242 0.0152308848 -0.00465777749 -0.0938025862 -0.188632637 0.0233759806 0.210979685 0.0402035862 0.046109356 -0.0344211683 -0.0112344511 -0.0448511988 0.000734245405 0.136702985 -0.17936188 0.251930356 0.100104831 0.310346335 0.0456783473 -0.228942946 -2.02066946 0.0903244168 -0.160044327 0.0606766008 -0.0296887197 -0.0962698609 -0.00988110062 -0.111273654 -0.0366672054 0.0516201518 0.0252187848 -0.0644446686 -0.446197987 0.0349425562 0.179077268 0.0400118083 0.010548979 -0.0507147722 0.0675813109 0.0495714024 0.0881529972 0.122830175 -0.00959267467 0.250453532 0.0123836938 0.249522924 0.067142114 -0.29869628 -1.64819551 -0.0189354606 -0.248719022 0.0970246792 0.018995082 0.0187229719 0.157176882 -0.0420447998 -0.0970161632 -0.0260823891 0.0603183098 0.0442915931 -0.249407947 -0.0303117428 0.199044168 -0.0433338657 0.0280643702 0.0276067406 0.0368644744 -0.027195923 0.0619876571 0.117775373 -0.138018072 0.228482187 0.104139373 0.0922296494 0.0817347318 -0.271389067 -1.58993101 -0.0899978653 -0.144513264 0.0761823431 -0.0765472725 -0.029596217 0.133736804 0.0585512146 -0.300024867 -0.0334985591 0.184920818 0.0398151763 -0.276942819 0.00499790814 0.0767646804 -0.0355237238 -0.0459221564 0.0190707743 0.00693449378 0.00124552846 -0.123757809 0.206833735 -0.254649669 0.0031292811 -0.00376946246 -0.0783976167 0.123821385 -0.0861596167 -0.0468780175 0.025722485 0.0596487783 0.00600151159 -0.119133011 0.0557510555 0.00612252252 -0.0306290109 0.11250075 -0.128687292 0.0177589953 0.119963177 0.0523074903 0.00496960152 -0.0565475337 -0.0671610907 0.100140341 0.0272725541 0.0391955748 -0.0301538855 -0.0565332472 0.0460931323 0.069892399 0.0529907532 0.0402383991 -0.00641503185 -0.0128385955 0.0992114097 -1.61292883e-05 0.0395011045 -0.0140771084 0.0155701404 0.0460399799 0.00485444395 -0.0220747367 -0.0443941727 0.0459047705 0.0840457901 0.116531782 0.0760760531 0.0488246307 0.0511032194 0.0458624735 0.0138317188 -0.0140304454 0.0561600178 0.087225236 0.0766054243 0.075660482 -0.0383683741 -0.0662531033 0.124204583 0.00163419475 0.00765120331 -0.0368484668 0.027624622 0.100282982 0.0601782985 0.0295718536 0.0146767953 -0.0345870182 0.121226348 0.128227517 0.0127453208 0.0181157738 -0.0352409147 0.030424891
0.0843224004 -0.0372814685 -0.0966886505 0.161097378 0.0701907203 0.260796934 -0.00656528724 1.79626191 -0.550586045 0.0772882178 -0.0939404666 -0.0359414369 0.0399681106 -0.0682915375 -0.237814113 0.272441775 0.147279471 -0.158756554 -0.184371129 -0.0668828264 0.102650695 0.154449075 -0.366554976 -0.0567967668 -0.0730007291 0.0281069577 0.0519493073 -0.0221796595 -0.0414049439 -0.0470364243 -0.129746109 0.263931394 0.110911526 0.112556405 0.0970385745 1.753443 -0.52907908 0.105774902 0.0242304076 0.0199672244 0.0613286793 -0.0668462664 -0.145607725 0.216813833 0.0722779706 -0.172058359 -0.073094368 0.123350888 0.0460673161 -0.0202060286 -0.0987732857 -0.0288865566 0.00735718757 0.00581498444 0.0102243498 0.0466448218 0.0788175538 0.0101890555 -0.223361716 0.209623396 0.0472873636 -0.0156453121 -0.042374447 1.71430278 -0.470444441 0.110890403 0.19089672 0.0392567478 0.0131919757 0.0392581075 -0.152767763 0.210535794 -0.0551002137 -0.106378458 -0.00474449061 0.130542606 0.00857081078 -2.30194419e-05 -0.140834242 -0.00340137631 0.0237809122 0.00265476853 -0.0621024072 -0.00800698996 0.0126665859 -0.00807476323 -0.153020009 -0.256600976 0.131735995 -0.00894147623 0.0635079667 1.59712029 -0.537225366 0.00137602305 0.296507269 0.00626840396 0.0589305572 0.0442744568 -0.148757204 0.210398763 -0.119787827 0.000527424156 0.0580116287 0.0867632553 -0.149760351 -0.0602351092 -0.0780909434 0.0343573987 0.0423190147 0.0299030542 -0.0722822025 0.00500768423 -0.17265524 -0.072617732 -0.173041791 0.0405413285 0.000531974598 0.0140665341 -0.0118464809 -0.054008808 0.0724476576 0.0127112102 -0.0113503765 -0.0490944311 0.0514020287 0.0231342092 -0.0411519632 0.100154318 -0.0244490691 0.0285134967 -0.0464218333 -0.00187507656 0.0449050516 -0.0939403921 0.0738188475 -0.050593216 0.0966888443 0.0648605227 -0.081878297 0.0565752126 -0.0357685797 0.0893152207 0.0596240424 0.0450641774 0.261845946 -0.056769222 0.01936258 0.0842154324 -0.0434805937 0.0104951961 0.0487114713 0.0128219323 -0.0103145791 -0.0505927689 -0.100785583 -0.0675346851 0.0231232848 0.0527851433 0.0223878268 0.00594822038 -0.0206228532 -0.0202695094 0.0796267241 0.0258631818 -0.0476902947 0.0335175693 0.070919469 0.0617054291 0.099393554 -0.0786421001 0.0159565359 0.0859347507 0.0799179375 -0.0174311362 -0.0127633316 -0.0242931433 0.0851457343 0.0982567221 0.0243980661 0.05836723 0.0243146345 0.0385666676 0.0395007953 -0.040808998 0.00176607072 -0.044512257 0.102349669
0.0452599637 -0.0808796138 -0.0956818536 0.183291212 -0.0395020209 0.1208103 0.0830152333 0.162762985 -1.75201309 0.0177394226 -0.202822044 -0.0874621049 0.12706396 0.0473429747 -0.0379099771 -0.2706047 -0.046511218 -0.00616494846 -0.118719578 -0.0265173819 -0.0848696679 -0.0373821594 -0.0752609074 -0.0222413614 0.00729958713 -0.0582908019 0.0119691938 -0.0225116909 0.0231391545 -0.0521609262 -0.0559320152 0.248302251 -0.0384870917 -0.034833163 0.0422861166 0.0239146054 -1.57634211 0.0988066941 -0.221029609 -0.0910776332 0.124759339 -0.0311034694 -0.00571481837 -0.224036068 0.0930459574 0.174155772 0.00619876944 -0.0738724172 -0.215718836 -0.0673315302 -0.12221466 0.0290472358 0.0546214581 0.0606312454 -0.0666753799 0.0272769704 -0.0233493317 -0.195552468 0.259268254 0.0459313542 -0.0471752137 0.128533646 -0.0110579887 0.13615118 -1.31113422 0.090825066 0.0113359159 -0.150128305 0.128238395 0.0935421735 0.0275131036 -0.108177692 -0.0137147782 0.150542259 0.081790328 -0.00221664109 -0.120822079 -0.0274202265 0.127795473 0.0130887106 -0.00609838217 -0.0396589339 -0.0487954952 -0.0667119399 0.0443571545 -0.0640633628 0.239685237 0.0259640776 -0.0338285156 -0.0181675553 -0.0364601649 0.0727540255 -1.27929115 0.0365668498 0.047507707 -0.163658977 0.0479769371 0.0606957674 0.106973208 -0.0149810482 0.0862765834 0.257117748 0.102238588 -0.0161509216 -0.130041793 -0.0357728899 0.0908327773 0.0673662126 -0.057535477 0.0630394965 -0.0451040156 -0.0304102525 0.05778924 0.0419794247 0.0835906565 -0.0449178182 0.0475737639 0.0415063426 0.040613763 0.051862102 0.0283259004 0.0678004324 0.0111219091 0.0686861351 0.0454948395 0.0264120325 -0.0297873523 0.120163701 -0.024706576 0.0898223966 0.0675470233 0.0359557904 0.0975903571 -0.0464772359 0.0465140231 0.00548873097 0.0524252728 0.0406265743 0.059205763 -0.0593081415 0.0122890994 0.0673810169 0.110976301 -0.0488902405 -0.0243354216 0.0217495635 0.000365273503 0.0462203957 0.00276432489 -0.0621311739 0.0730313808 0.0546872728 0.068630904 -0.0121334698 -0.10022109 -0.00556202978 0.0565182641 0.118391201 -0.0117227193 -0.0589330271 -0.0306932926 -0.0283552706 0.120114945 -0.0409883149 -0.108583808 0.0538592041 0.0953123569 0.0379716456 -0.0115498919 -0.0893570557 0.0465401113 -0.024217125 0.0714274868 0.0333244503 0.0343862325 -0.03808273 0.0312361903 0.0342501551 0.0300489012 -0.04581251 0.0165501237 0.108959764 0.0964755863 -0.0380079262 -0.0416654237 0.0416538343 0.104367517
-0.114229336 -0.109348506 0.281101197 0.866832435 -0.0129399719 0.0579513945 0.0105925184 -0.770545125 -0.955016017 -0.513444483 0.0812226012 0.0660966262 0.043734625 -0.0716773719 -0.217572331 -0.56735462 0.0512307659 0.524264276 -0.0350320637 -0.0242295414 0.420017838 0.148843661 -0.255666286 -0.0706355423 -0.0558975935 -0.0602235869 0.0170918554 0.0115068033 -0.0417668857 -0.180897772 0.190639809 0.405118138 -0.0760556832 -0.01381646 0.0362506099 -0.811987519 -0.776722968 -0.238740936 -0.18448697 -0.0118508078 0.0197213404 -0.0807479024 0.028201459 -0.304929316 -0.0862718001 0.152932659 -0.0657300353 0.0125665292 -0.025124047 -0.114138328 0.0220771953 -0.0438885093 -0.0114340484 0.0467762202 0.0455585271 -0.0126494765 -0.1145356 -0.143772557 0.169922024 -0.340641737 0.0541806258 -0.0778002962 0.0256817918 -0.72830081 -0.681258023 -0.0821516141 0.188672602 -0.0679455325 0.0199336819 -0.209715813 0.178417668 -0.106243409 -0.0683795139 0.109618858 0.0131063014 0.0423677899 -0.167730242 -0.160932347 0.262200296 0.0534316897 0.0331218913 0.0715484172 0.03701289 0.0617767572 -0.0765978694 -0.07645832 0.151490599 -0.0637809113 0.0757195428 -0.332671762 0.0370774753 -0.727444232 -0.609718859 -0.117293105 0.283495307 0.0424280949 -0.0237039607 -0.271550477 0.10706602 -0.0290064178 -0.076051265 0.147653267 -0.0245772079 0.119841658 -0.281000972 -0.0832087472 0.107273042 0.0616088808 0.00250807405 -0.0280443281 0.0558525771 -0.052937828 0.373626858 -0.352072418 0.173645616 -0.071813941 0.0725617483 0.0267347507 -0.148803338 -0.0939516649 0.0287028179 0.0592010133 0.0920596197 -0.144471481 -0.234881431 -0.0550509095 0.108558767 0.0568337031 -0.028265167 -0.203136414 0.0636339784 0.0920843184 0.0552255586 -0.0748346746 -0.167852089 -0.0128498115 0.105257213 0.0613669306 -0.0354444459 -0.0966007784 -0.0066453889 0.0424098969 0.0506424233 0.00660479628 -0.219408423 -0.0564386472 0.04684994 0.0141526014 -0.0343761593 0.0312169269 0.0261014923 0.0844733045 0.0204644743 0.0376650319 0.0516334362 -0.0322479941 0.0700700879 0.0350119248 -0.171735585 0.027919298 -0.0702053457 0.00387268537 -0.0320133232 -0.0386480317 -0.0105419699 0.0431462228 -0.0108983386 -0.0114973206 0.0399311781 0.114086203 -0.000272013247 0.0777260363 -0.0256873183 -0.0105224671 0.113803178 0.0592444241 0.0397144109 -0.0269687995 0.0721619278 0.0650597215 -0.0699692592 0.0266330484 0.0115221459 0.0887043849 0.235798106 0.0463899598 0.0241802521
0.0266847815 0.121696644 0.0404857285 0.566181719 0.0298971254 0.267218441 -0.025806997 1.04189944 -1.02166212 0.124109775 0.0537360124 0.00236387714 0.0103750499 -0.0769490302 -0.0672625303 -0.102616072 0.345240414 -0.104637265 -0.0714853257 -0.0230500866 -0.207951576 -0.104065351 0.108836353 0.0431762412 -0.0520599335 0.0577463061 -0.0636731833 -0.0363851301 -0.0632831529 0.0574606583 -0.2146146 0.309552401 0.0133828586 0.116306581 0.0517330989 0.955850601 -0.939266026 0.254550129 -0.10130237 -0.021579748 -0.038476482 -0.207465574 -0.0153989866 0.059753187 0.456104994 -0.324131846 -0.152366191 -0.0675215647 -0.0342752747 -0.0614213198 0.0413021222 0.00729215145 -0.0705144703 0.0343856588 0.0278679579 -0.0420465171 0.00132100121 -0.0406024121 -0.176297709 -0.00306290947 0.0500043817 0.0718440488 -0.00851292815 0.816250682 -0.787185848 0.184785694 -0.323416591 -0.00775350584 0.0142478989 -0.259221882 -0.0521679632 0.185800299 0.410666645 -0.252128154 0.0133437477 -0.126741931 -0.0328282677 -0.0175348334 0.089838177 0.065129444 -0.0393872261 -0.0312250368 -8.7171793e-06 0.0293753743 -0.0104779052 -0.016381966 -0.0278117098 0.103394061 0.0805092603 0.0272419341 -0.0396862477 0.845665514 -0.748003006 0.150305718 -0.108469442 0.037931934 0.036988683 -0.126505941 -0.00858130027 0.252535671 0.444110811 -0.209198579 0.0484029613 0.0206177924 -0.0345588587 -0.122605234 -0.0188705716 -0.0379612893 -0.0550597906 0.0518608168 -0.0462363847 0.0223763138 0.0768758282 0.183965072 0.166116357 -0.0193398558 -0.0673757195 -0.0233546272 0.0991696045 -0.0913157836 -0.043957226 0.0267957002 0.0989935696 0.133350089 -0.0627558604 -0.0581263117 -0.0184384342 0.17656137 0.0610118695 -0.110898718 0.043330662 0.0347382724 0.09838631 -0.0515590794 -0.0446713939 0.0373904407 -0.0659919903 0.0979999304 0.0347069018 -0.032770656 0.00634606183 0.0325260945 0.0764485002 -0.0471306629 -0.191254228 0.0430857763 0.0221413281 0.070132643 0.0525410697 0.042867925 -0.0159955546 0.0243229512 0.11153952 -0.0150395753 0.0737699941 -0.0285856239 0.0454130247 0.0400614664 0.0373497866 0.0141667845 0.0550500453 -0.0346941017 0.0234492235 0.0795295462 0.0546840392 -0.00600842386 -0.0420115739 0.0659460947 0.0461098477 -0.0538277924 -0.0194992088 0.0535907112 0.0870117918 0.0692563653 -0.114033245 -0.027614437 -0.0599526018 -0.0377209112 0.0275518019 -0.0494279191 -0.0368301459 -0.0352149196 -0.00572521891 0.0591137148 -0.0514754876 0.0601433516 -0.0372478515
0.00620380091 0.0415552706 -0.0604134314 -0.00962206908 -0.0628644601 0.0570692159 -0.0401188694 0.0432287417 0.00920016132 -0.0250363853 0.0216995403 -0.0650083274 -0.0206228234 -0.016394278 0.0635662675 -0.0592400171 0.0342356451 0.0649517328 -0.0158457793 -0.0388752408 -0.0480116904 -0.0148512609 0.0593034476 -0.0463674776 0.069696039 -0.057661742 0.0602392405 0.00426365435 -0.0270371996 -0.0529942997 -0.0296577699 -0.0547590815 -0.0709924549 -0.0310118496 0.0470951125 -0.0715963915 0.0622595102 0.0253661405 0.0329049006 -0.01495896 -0.0288228989 0.0259754471 0.0470382906 0.0226730071 0.0415699892 0.0674669221 0.0134483874 -0.0363969319 0.0389047563 -0.0397381373 0.0618355125 0.011803709 0.0336725861 0.0112347081 0.0621401221 0.0391500667 0.0437452346 -0.0281753372 0.0195831638 0.0456104726 0.0446573086 -0.0304249171 0.0486895218 -0.073231861 0.0607739091 -0.0231801271 -0.0610443503 0.0546522476 0.00499598403 -0.035868641 0.0319803283 0.0479897745 0.01494567 -0.0573216602 -0.0327480473 -0.0402282327 0.0260589123 -0.0686633959 -0.0392717049 -0.0704970285 -0.000720873475 0.0662876219 0.0234837905 0.00754642487 0.0273981746 -0.0401497409 -0.00965493731 0.050419461 -0.0679031909 -0.0779875517 -0.0307264328 -0.072172679 -0.010838992 0.0546182469 -0.0114826625 0.0124243833 0.0159095377 -0.0575355478 -0.0432407595 0.00435832702 0.0700720474 -0.0592583939 0.0481040627 -0.044737909 -0.0633040965 0.0137916654 0.0522106588 0.0113622472 0.0446245521 0.00547288358 -0.0101903379 0.0175294951 0.0112311309 -0.0193302408 0.0136474092 0.00448837131 -0.0726079196 0.0470329896 -0.0682625994 0.0198608432 -0.0570890047 -0.0208043642 0.0268815216 0.0266132131 0.0522988178 -0.0270316601 0.0158043951 0.0260173809 -0.0676630065 -0.0476919785 0.0379518196 0.00621208176 -0.0187084284 -0.0191305578 0.0243706964 0.0513525307 0.047598727 0.0346110091 0.020508647 -0.0515847243 0.0421004966 -0.0385784619 0.0351546183 -0.051172927 0.0294951014 -0.00208375603 0.046286352 0.00133062375 0.0360562131 -0.0681726038 0.0220552459 -0.0785620734 -0.0735411942 -0.072592698 -0.0527541563 -0.030488126 0.0122219604 0.00299993483 -0.0215441734 0.0326189473 -0.0676847026 0.0595464855 -0.045755364 -0.0305640288 0.00251173973 -0.0280103832 0.0204638988 -0.0139255393 0.035563238 -0.0109125152 -0.0281071551 0.00322930119 0.021292448 0.0394305214 0.000154428184 0.0452454463 -0.0453767367 -0.0257333554 -0.0727887154 -0.0553462394 -0.0626856387 -0.0566164106 0.0175726786 -0.0426725522 -0.0711843222 -0.0681942627 -0.067045033
0.0106347706 -0.193091393 -0.144210383 0.095009312 0.151773602 -0.210620329 0.0571032949 1.06311166 -0.768938541 0.0256923549 -0.101494782 -0.0597389489 0.148259059 -0.342848897 -0.404586107 0.221264824 -0.0637468249 -0.611740232 -0.282845378 -0.13810508 0.794861615 0.515919507 -0.998547912 -0.0133717097 -0.00795368105 -0.0238240473 0.0701628327 -0.0409469455 -0.0579257905 -0.225958601 -0.103905775 0.315942734 0.0534247085 -0.272824049 0.0645872355 0.936143696 -0.689868391 -0.0143455407 -0.0536694974 -0.123199992 0.218921021 0.0784836188 -0.220322505 -0.100157432 0.0142653501 0.0278549585 0.0377529077 0.0562612824 -0.000838942768 0.253334165 -0.00510667032 0.0183283314 -0.0307462253 0.0144921467 -0.0260109417 -0.00148390234 0.0202503223 -0.229528755 -0.231946364 -0.0067832428 0.0579948165 -0.338002354 -0.0645772666 0.885321081 -0.641234756 -0.0559858941 0.21928741 -0.0302772336 0.122094817 -0.125856936 0.00254236604 0.142123133 -0.236614719 -0.410919249 0.016019797 0.0821093768 -0.0906556994 0.24869214 0.0518292449 -0.0043104142 0.0213679969 -0.0060704276 0.0372598991 -0.05134397 0.011196862 -0.165527523 0.167614043 -0.663712442 0.120675355 -0.217411324 -0.0172960777 0.964134872 -0.558713019 0.0787609741 0.404233247 -0.115848042 0.202654928 0.262816399 -0.1135775 -0.12308193 -0.18243885 0.400198549 0.266092926 0.00487440452 -0.421069533 0.36409086 0.638672769 -0.02999622 -0.0652524382 0.00569861382 0.0574341565 0.0654332191 -0.313481539 0.0146476468 -0.509525418 0.0379232541 -0.046639394 -0.0354611874 -0.199551567 -0.121972725 -0.0390623361 0.0543397106 -0.0619783662 -0.0611553788 -0.00561340665 0.0550883561 -0.0630123019 -0.06634105 -0.0823712647 0.0307899211 0.0302463546 0.0709183514 -0.0598196276 -0.064568758 0.0607209466 -0.0649554357 0.0599974394 0.000925941858 -0.0458811261 -0.100968562 -0.0018844083 -0.0142979529 -0.138907388 -0.0162763577 -0.165844008 0.0300336331 0.0426666886 -0.0884205624 -0.0534138978 0.00938822236 -0.0646343306 0.0212367065 0.0183831025 0.0656080246 -0.0266760718 0.0164364278 0.0525092296 0.0381493345 0.0939805657 0.229105398 -0.0502381995 0.0240765009 0.0554847047 0.00267269951 0.129162326 0.00811335444 0.0352257267 -0.0588572174 -4.80318777e-05 -0.0635689497 0.0376456305 -0.016986141 0.0154688973 0.0643833727 -0.0268251039 -0.047255028 -0.0315297134 0.00613423716 0.0734696761 0.00982864946 0.0158694685 -0.0316282772 -0.0309544522 0.0675394759 -0.0480276346 -0.0665456057 -0.0278392397
-0.113193929 -0.000153694273 -0.214692309 -0.0273050964 0.043083556 0.288759738 0.0463393778 1.06382763 1.38080561 0.418481946 -0.0342828855 0.124416806 -0.0800100043 -0.00136146275 0.260066777 0.14551869 -0.141088456 -0.193772838 -0.0561246499 0.0796156451 -0.260826796 -0.404582769 -0.0673635155 0.0582097471 -0.041529391 0.0429442078 -0.0366650224 0.0600626767 -0.162920207 0.0804008543 -0.10289707 -0.0889981836 0.0861160606 0.283452481 0.0762138367 1.01871812 1.18466997 0.244790107 -0.0563500673 0.0076535088 -0.043303974 0.00920283236 0.0206700787 0.0898651779 -0.0243535507 -0.0519339666 -0.00789741892 -0.105691522 0.0276295412 -0.0758347437 0.00444831001 0.0534050763 0.0374382064 -0.0426121764 0.0298139304 0.0444810838 -0.193636179 0.156109631 -0.371338457 -0.122175246 0.054520417 0.0399465673 -0.0112943761 0.947494507 1.02346253 0.101386599 -0.303804576 0.0887277052 -0.0202017482 -0.0901850611 -0.224235073 -0.0820249021 0.104519024 0.178224578 -0.0780956373 -0.0887024999 0.0171914641 0.0842090175 -0.0342769101 -0.0482592583 -0.00158118457 -0.0633158907 -0.0395059064 0.0314015523 -0.202413723 0.193725064 -0.0682631433 0.203843921 0.0368879512 0.212225422 0.0336079895 0.988381684 0.942869365 0.117669605 -0.260224521 0.0410800241 -0.0967247039 -0.0347197913 -0.244573563 -0.138450041 0.15385212 0.350772083 0.0149397645 -0.259155691 0.0746831 0.126344964 0.130313948 -0.0362534635 0.016312249 -0.0615261234 0.0237837136 -0.0565726459 0.0320511162 0.0226866342 0.101733088 -0.013743639 -0.0458735004 0.0634074137 0.10123571 0.0395285338 0.0661951154 0.0915595591 0.0554560274 0.0851698741 0.0287725888 -0.0681052953 0.0419508964 0.0721217096 -0.0268380679 0.014533055 -0.0212943256 0.0889389664 0.0148101393 -0.0395553038 -0.0322926566 0.0667466223 -0.0245503038 -0.0140239326 0.0464206077 -0.148927569 0.0245954916 -0.0286927 -0.00228996994 0.020354148 -0.028843442 -0.0668117628 0.0346664861 0.087808162 0.0333581716 -0.119353458 0.015145421 0.0440164953 0.0783340111 0.0425173081 -0.0333240479 -0.0443415344 0.0485274643 0.0199331008 0.077424556 0.02503803 0.0467082635 0.0272761658 -0.0185580291 0.0713048056 -0.0788816363 -0.00613045692 -0.0138067026 0.0791803449 0.0537493862 -0.0524509586 0.0249717087 0.0745280385 -0.0254212338 -0.0310204662 -0.0867769048 -0.024824325 -0.0166537724 0.0694404691 0.002638757 -0.101705514 -0.053837318 0.0293525159 0.0332207717 -0.0759309158 -0.00410663383 -0.050273452 -0.0552125759
0.0280437656 0.0440268442 0.322559655 0.182990521 0.0774460658 0.142536789 0.0255430676 -1.95135093 -1.13308811 -0.224676922 0.220587924 0.105153695 0.0605288446 -0.0683161989 -0.196204469 -0.295983553 -0.0548064858 0.270056367 0.191012353 -0.00701439474 0.153269276 -0.0343109816 0.12180493 -0.00258708745 -0.0296004899 -0.032890968 0.0418078527 -0.0666147619 0.0551656894 0.138614625 0.391662091 0.217376322 0.0488052033 0.0812853202 0.0341071263 -1.77028263 -0.978803158 -0.391978413 -0.00680478755 0.0125474147 0.0291384924 -0.0329513401 -0.117534921 -0.176782638 -0.114224806 0.100508034 0.0538509451 -0.0627470464 0.0117460387 -0.0148432245 0.0171765927 0.0443280041 -0.0521239936 -0.0121478066 0.0377376825 0.0593641698 0.0648832694 0.0922431126 0.517068028 0.0659847185 0.0512218289 0.189123631 0.0496098697 -1.83642852 -0.906870008 -0.260210156 0.274722546 0.124051556 0.0942329019 -0.0187139604 0.0594770163 -0.166986927 -0.0847249627 0.140613213 0.00866690557 0.0178018156 -0.0767258704 -0.137748867 0.189287692 0.06048204 0.0149400979 0.0240809917 0.027783893 0.0693761557 0.0104966825 0.0555376746 0.313443035 -0.0311010461 0.0680458248 -0.062884666 0.012052088 -1.75390208 -0.828305542 -0.305392474 0.217436105 0.137904435 0.0959079638 -0.125926629 -0.0772667825 -0.289600432 0.0123131424 0.0514199175 0.0650346875 0.0896466747 -0.127966881 -0.0872001126 0.086132668 0.0263435766 -0.0408325195 -0.0664459243 -0.0174527019 0.00877600163 0.0247377995 0.12223386 0.0101818647 -0.0456152558 0.0279108174 0.0937332809 0.0788001418 0.0997370034 -0.066531606 0.038581796 0.11909689 -0.0243566148 0.0530050285 -0.00535964221 -0.00751030771 -0.0176688768 0.0778270885 0.025622746 0.0643458962 0.0338165089 0.0172643419 0.0681069642 0.106381677 -0.00530149788 5.00719034e-06 -0.0266565382 0.0526787043 -0.045380082 0.0257772878 -0.0416678786 0.130004749 -0.0796892345 -0.105257459 -0.0103622228 0.00118215487 0.0238820799 -0.0306419581 0.0258515533 -0.0489454642 -0.0507544987 -0.0242367629 0.0583977923 0.0440952666 0.0663628578 0.028375091 0.011214681 -0.000456850074 -0.0604301654 0.0666536689 0.0668716803 0.0125273662 0.0318426564 0.0934857279 -0.0338343196 -0.0251787864 -0.00363452127 -0.0539503656 0.134240404 0.00127724558 0.00933853071 0.0484113544 -0.02289466 0.0896381363 -0.0708454773 0.0759431347 0.0539621264 0.0333607309 0.05223573 -0.0703534856 0.07968954 0.0878123268 0.0731041357 0.0675669611 -0.0679965168 0.0374906845
0.0773344785 0.0223337356 0.0194533151 -0.0619377755 0.0862546414 0.126322836 0.0190674197 -0.981747568 1.60569954 0.0877942368 0.0765634626 0.0273018628 0.111474931 0.102849394 0.306663811 0.18297562 0.11154224 0.122444443 0.134828597 0.126382053 -0.229513139 -0.197124884 0.288835794 -0.0197713412 -0.0136905313 -0.0056880191 0.0582366437 0.0337286443 0.0654912964 0.0503596179 0.307100952 -0.200875029 0.0285218284 0.0714322105 0.0292423908 -0.976643264 1.51539719 -0.0228304453 -0.0275765155 -0.0137704909 0.0622639544 0.0358697139 0.132126361 0.210310623 0.0233306307 -0.00340725319 0.0133684324 -0.0263052545 0.0271617714 -0.0263742264 0.160868481 0.0476480648 -0.04895138 0.0664313734 0.00435482711 -0.0607886873 0.0792447701 0.0201566946 0.286010742 0.0117466506 0.0118917497 0.0143305846 0.1356273 -1.03275979 1.32327604 -0.0862917155 -0.0201898981 0.0141252875 0.166485637 -0.029373344 0.153660759 0.118518323 0.187077671 0.102043368 0.0798305795 -0.00722224871 -0.0318921432 -0.0864767432 0.101017311 -0.0713759735 0.0305644199 0.0528440922 0.0160490721 -0.0630236939 0.0357597321 0.120007008 0.273610562 0.178020209 0.00897936616 -0.0325793028 0.0703402683 -0.976091385 1.17538953 -0.0183575768 -0.227819011 -0.0487809107 0.196842268 -0.0422464237 0.111498497 -0.0288355984 0.202085748 0.0183371697 -0.0701055452 -0.0364909768 0.169950128 -0.0126130925 0.0894704089 -0.0170569308 0.0442073569 0.00467185676 0.0089410916 0.0146453083 0.0206538718 0.0053852913 0.0507456958 -0.0233789347 0.0791985318 0.0524402559 0.0614766553 0.088282451 0.00615014881 0.104807563 0.0589223653 -0.0255169477 0.0268537924 0.0708232522 0.105888836 0.0508533381 0.0259514488 -0.0619236566 0.0562860966 0.113763265 0.0739432946 0.0223297048 0.0680659115 -0.0453258157 0.106509261 -0.0143519817 0.112413906 -0.0729086325 -0.0374311544 0.0666884556 0.0221473202 0.0623637475 -0.0648247674 -0.0231171697 0.0613859929 0.0501341484 -0.00941690803 0.00439355196 0.0160679221 0.0969657823 0.0979431868 0.0585517995 -0.0214269161 -0.0476052314 0.0312462449 -0.0546100028 -0.0161762051 0.00405785488 -0.0441060141 0.0545084029 0.0730421916 0.0864452794 -0.0264799204 -0.0146863163 0.0367558077 0.0972742736 -0.00844782218 0.00788304396 0.0375353545 0.0239307266 0.0267840121 0.0586207546 -0.0973814353 0.0383755788 0.0927348211 -0.0364740491 0.0956188887 0.00116069429 0.042787753 0.0895441696 0.0410082489 0.0389950015 0.0119488314 -0.000377044082 -0.00717175426
-0.0969399586 -0.0380655639 0.0678755715 -0.176367983 0.062728934 -0.024615692 0.0380494483 -1.50567782 -0.501179159 -0.126167044 -0.358563751 -0.0579062887 0.00477426918 0.0228039119 -0.135794953 0.326099247 -0.0507196523 -0.12894547 0.0397643335 -0.0493977144 -0.0426107645 0.33553803 0.0963443667 -0.00175115466 -0.0209891163 -0.0618771054 0.0451336205 0.0271110684 -0.0442272797 -0.0275266767 -0.0619248152 0.197996065 0.0431951731 -0.15228194 -0.0507568233 -1.4379493 -0.476795673 -0.0649424717 -0.330411762 -0.0240300857 0.109655492 0.0131527251 -0.335686833 0.259149462 -0.0791377053 -0.0147570968 -0.0368387513 -0.119311415 0.102516994 0.0968760997 -0.135131449 -0.0625750571 0.0214040428 -0.0204839073 0.0524060726 0.0483417585 -0.136063144 -0.0839767307 0.0147153558 0.337286294 0.0381297506 0.030797584 0.0217851233 -1.4746362 -0.511958957 0.0579258427 -0.101080969 -0.0681556612 0.130942568 0.0576002933 -0.183749884 0.251220524 -0.106672905 -0.000620463688 0.0886835083 -0.122492343 -0.0122335702 0.285125643 0.35691902 -0.0579574779 -0.0651389137 -0.060870178 -0.0133700334 -0.0708207116 -0.0473961793 -0.171692312 -0.140022531 0.246645913 0.0811335891 -0.0547540598 0.0202538986 -1.45358396 -0.354002327 0.0043086228 -0.111107633 -0.0677973777 0.126073048 0.119735964 -0.292429656 0.346698374 0.00784018077 0.0244583134 -0.00372321066 -0.206826329 -0.0206337068 0.282013834 0.356060386 -0.0692880005 -0.0436869338 0.0348003432 0.0252436921 -0.0530142076 0.21177876 0.195138544 -0.327789068 -0.0646438897 0.029114021 0.380661577 0.0517944321 0.0128143411 -0.0639301613 -0.0558207072 0.171353728 -0.0582488962 -0.0971631035 -0.0445663668 -0.0550506115 0.0668362156 0.113641538 -0.213909686 -0.00672961026 -0.0178967826 0.0545524098 0.0268691499 0.0454579033 -0.0648789108 0.033196263 0.185805678 0.00735068088 -0.0872579962 -0.0633975118 -0.0324918479 -0.0150128761 0.0639119819 0.205929428 -0.0257327594 -0.000776326051 -0.00199195719 -0.02845788 0.0777698979 -0.0410421304 -0.0329455659 0.132941917 -0.0415155478 0.00674311956 0.0621340126 0.0789100602 -0.0933624208 0.0294986609 0.0263554472 0.00985375047 0.0170114525 -0.0585396215 0.075218305 -0.00769881811 -0.0693309456 0.0292780939 -0.0887898207 0.045421917 0.050475575 0.00095846504 -0.00478857104 -0.056586124 0.0265301932 0.0521657132 0.0262890533 0.0349290371 -0.0422073789 0.0755328685 -0.0689050704 0.0513796434 0.0130456435 0.13925004 -0.00171342434 -0.104057707 -0.0358236395 0.0380669571
-0.240880102 0.0943879709 0.0111903353 -0.315520078 0.054069832 0.0551412813 0.0668707788 0.170145154 -1.79940426 0.0259994287 -0.542257905 -0.102228232 0.0484699532 -0.237763986 -0.0908499882 0.0944985747 -0.179341778 -0.498129934 -0.292360723 -0.0574573018 0.543904305 0.0451420397 -0.771181226 0.0610392392 0.0413626879 0.0168923214 0.0204009861 0.0622919351 -0.221568376 -0.0320410877 -0.00753361965 -0.231795639 -0.0863243267 -0.0442968421 0.0465002023 0.163521543 -1.60732853 0.0470836088 -0.420758247 -0.139582813 0.0231999531 -0.0357676148 0.103768386 -0.123768859 -0.136025533 0.0295699816 0.0346671082 0.0313531607 -0.0190323163 -0.0106726633 -0.0218720585 -0.0407723077 -0.0461808369 -0.0326654837 -0.0636678189 -0.0658587888 -0.150954813 -0.0709589273 -0.152794197 -0.0654611737 0.0210305173 0.0994291529 -0.0622591935 0.175007343 -1.46156275 0.13426125 -0.382848114 -0.0432361104 0.0445232503 -0.0554633625 0.139271259 -0.11103972 -0.0177920442 0.228211656 0.0309775267 0.148605525 -0.149769187 -0.0824552551 0.0374033786 -0.0402030945 0.0655612797 0.0655036867 0.0375154763 0.0641568601 -0.213237569 -0.00557522243 -0.107840493 -0.156039074 0.0104138628 -0.0785310045 0.0373743214 0.174865901 -1.40212357 -0.0396589004 -0.308798015 -0.0615478866 0.0420899354 -0.0519760847 0.04116356 -0.0567556731 -0.0758042037 0.187396422 0.00121729751 0.17019394 -0.292484045 0.0134727778 0.0561267994 -0.0157698952 0.04957854 -0.0126818605 0.0573275089 0.0453125685 0.0358931981 -0.0333079547 0.0696854144 0.0403743759 -0.0398135148 -0.0389293507 -0.0949715003 0.112592034 -0.0509743169 0.0576114245 0.0433439203 0.0122097796 0.0425611027 0.0036162585 -0.0617834367 0.0618584938 -0.0249615945 0.104529113 0.0176462978 -0.0354283229 -0.0312961824 -0.0551547781 0.0359595567 0.0118764639 -0.000990262721 0.0281263459 -0.0336807854 0.100940049 0.0132171139 0.0682150871 -0.0504659042 -0.00486208405 0.000786075543 0.0539618433 0.0341031849 -0.0654210672 0.0396110266 0.106598735 0.0630576462 0.0157005694 -0.0517544299 -0.0210448392 0.0630635768 0.0284247994 0.0575113632 0.00502785062 -0.0847584754 0.032011576 -0.0730193183 0.0764253512 0.0886435509 -0.0404477976 0.0772806928 -0.0415653512 -0.0404581241 0.067804195 -0.01319075 0.0903095379 0.0221555978 -0.000678969896 0.060264647 -0.13242276 0.0117968926 -0.0289977826 0.0144911744 0.0959181041 -0.103289023 0.0214231238 -0.037141934 0.0112576233 0.0457996503 -0.107061356 0.0653035119 -0.0106920451 -0.0487590767
0.0295378305 -0.153382376 -0.164645523 -0.112246804 0.0739977807 0.283517867 0.0857947096 0.958552301 1.78266823 0.236747578 0.0804375038 -0.0111251567 0.0397061072 0.153209016 0.345672667 -0.0424709655 -0.0648228824 0.285231531 0.18442674 0.0854056627 -0.453343391 -0.19588533 0.332838953 -0.00527743995 -0.0723856241 0.0386064872 0.034836024 0.0595061481 0.128856927 -0.0052426965 0.00166707556 -0.0663004294 0.00746799028 0.237174064 0.0126550626 1.04941344 1.58532572 0.150093198 0.124662548 0.0905827433 0.0481775105 -0.0212741699 0.171341449 0.00491456036 -0.0930012539 -0.0481008999 -0.0632117242 -0.0357541591 0.151586562 -0.00190377247 0.030242281 -0.0375475921 0.0246100649 0.0365819335 0.0394942239 -0.0628250837 0.104360834 -0.0564802885 -0.165525675 0.0269693397 0.0925070718 0.0357763954 0.111768834 0.953932941 1.35030365 0.171984315 -0.0530593693 0.0499313883 0.0718977153 -0.059600044 -0.0372984558 0.0661168694 0.112686977 -0.052456148 -0.0364988409 -0.170988902 0.0577251799 -0.0392717905 -0.00325265992 0.0391680002 -0.0166257471 0.0214011148 0.0159224868 0.0420852453 0.137209848 -0.000167266931 -0.128139824 0.140874475 0.0271661151 0.146596521 0.0828998759 0.922400296 1.35188365 0.117353693 0.0756636187 0.0105165811 -0.0240994208 -0.0692917034 -0.0438234657 0.0403799415 0.0493841991 0.0236534476 -0.0579794459 -0.127371073 0.210331827 0.012497481 0.0942921937 0.00686743855 -0.0574628264 -0.0113049932 -0.065337263 -0.00677409768 0.0664247721 -0.0322911218 0.174867496 -0.0486500189 0.0265834499 0.038924288 0.0909366608 -0.0569745973 0.0462239906 0.0632485077 0.0741692558 -0.0117062917 -0.0608233213 0.0316677541 0.0617747419 0.169400021 0.038528949 -0.0810071826 0.048412852 0.0290606227 0.0516438708 -0.033942841 -0.0723084509 0.0288837776 0.126154259 0.0436186641 -0.0140569592 -0.110871978 0.0534320325 0.071337454 0.142451182 0.0446271002 -0.158166975 0.0552386343 0.0391005166 0.108311914 0.00933237374 -0.0933592469 0.0486297682 0.0778156742 -0.0378794447 0.101008616 0.0536664166 -0.0693831518 0.101942085 0.0201878585 -0.0342880674 -0.0733294785 -0.0700393543 0.0224189479 0.0925591066 0.00929559767 -0.0399120003 0.0115313753 0.121773668 0.0178570896 0.0147097288 -0.0579324551 0.0191690698 0.0788607076 0.12805979 0.016324969 -0.111849889 0.038925156 0.117064245 0.0509137362 0.0143016083 -0.0226047747 0.00354839861 0.0745377466 0.0590357743 0.0432805941 -0.0703336522 0.0443708748 0.0776674822
-0.0605050735 0.000460907089 -0.0390211008 -0.263591886 0.0422285087 0.166428804 -0.0392798036 1.69396281 -0.708820105 0.0974867269 -0.181889281 -0.0686496794 0.149199411 -0.335475683 -0.259883106 0.460651785 -0.138043061 -0.541603267 -0.36940971 0.0298549179 0.606933117 0.12848486 -0.838803947 -0.011259079 0.0526274294 -0.0523563921 0.068727836 0.0259095505 -0.0797326565 -0.0176416188 -0.00815385673 0.0720174015 -0.0111206369 0.192950174 -0.0349243581 1.5529952 -0.702040792 0.136248007 -0.0312158149 -0.0246834923 0.0792187676 0.00272902381 -0.199860945 0.0709957331 -0.128165618 0.115182109 0.0617638305 0.151848406 -0.122148037 0.0263633095 -0.0989068449 -0.0531589687 -0.00425250828 0.0333083421 0.0275874734 -0.0507674888 -0.0745586902 -0.0210201051 -0.0947518349 0.00159414462 0.116113149 0.0502228215 0.0135566406 1.59325111 -0.691489339 0.23100765 0.17802386 -0.0967868567 0.083371453 0.0484721027 -0.120885901 0.0323078744 -0.217728257 0.161844 0.0945600271 0.0673636049 -0.072462447 -0.00971466582 -0.0591576509 -0.00747936219 -0.0293587036 -0.00276654214 0.0533077717 0.0165782124 0.0438142903 -0.0370594971 -0.00934841391 -0.180269226 0.0182410814 0.125776783 -0.0335073099 1.53005338 -0.655020177 0.2873438 0.442538917 -0.0535288788 0.0187396705 0.0817114189 -0.0933303013 0.0721146092 -0.173500061 0.131019965 0.14942196 0.0879505649 -0.201054797 0.0143451793 -0.00237859017 0.0234041736 -0.0572465733 0.07274656 0.0340865776 0.0595885515 -0.192087069 -0.166693643 -0.139257014 0.0583518595 -0.0361676142 -0.0116281472 -0.0949388668 0.0475943163 -0.00116655976 -0.0443385355 0.0145052979 -0.139473647 0.068920821 0.0653602183 -0.0152557585 -0.041932907 -0.0985971615 0.13137719 -0.0260703005 0.0077867806 0.0277810208 -0.097776413 0.0327693857 0.0360793024 -0.000488830497 0.0490609966 -0.00593823893 0.0920361429 -0.00521375984 0.0614124462 -0.0198836513 -0.0203065313 0.0806242004 0.0155838504 0.0760838687 0.0392199196 0.0777049214 0.0155144315 0.0220047459 0.0311492998 -0.0660886988 -0.00759753725 -0.0273477696 0.0220073014 0.0787551999 0.0450584665 0.0142119601 0.0295211412 -0.0480136871 0.0427550897 -0.0461855419 -0.00281072198 0.00966117065 0.0542352647 -0.00712984148 -0.0758298412 0.0575270727 -0.0739368275 0.0123980343 0.000912469462 -0.0644878447 -0.023461068 0.0619838908 0.0692290664 0.0911225751 0.0443907529 0.00564456452 0.0296296198 -0.00635772198 0.048198957 -0.0751263723 -0.0481374711 -0.052538164 0.0686151087 0.0488767885
-0.0328653194 -0.109181963 0.102015682 -0.122359805 -0.00780945597 -0.0390241817 0.0401498787 1.42169058 0.344940662 0.0291040093 0.171970114 -0.139882132 0.0818507671 0.170478612 -0.335022271 -0.314549148 0.0525157899 0.365999877 0.106971718 0.121637277 -0.132201597 0.0577521399 -0.084755443 -0.0103324875 -0.00705192238 -0.0293878093 -0.0396836624 -0.0128159001 -0.110856026 -0.151560917 0.107141122 -0.128227353 0.0902532414 0.00103715458 0.126146466 1.47248197 0.303491086 0.19932434 0.25152418 -0.0831106231 0.00951529574 0.0911211222 -0.243622229 -0.234044448 -0.106216818 0.0867657661 -0.0482699759 0.126332313 0.102437846 -0.0041992669 -0.0892427117 0.038919881 0.0662816763 -0.0726331174 -0.0501105562 0.0354743674 -0.0370516106 -0.147500411 0.0775121078 -0.188416272 0.0760048851 0.0248842742 0.0164357312 1.36919415 0.288127422 0.199617907 0.281078458 -0.115478016 0.042318143 -0.0489530414 -0.254267067 -0.121492952 -0.104927264 0.0166212711 0.00226575346 0.0156752244 0.0333929472 -0.0150265591 -0.0850815028 -0.0591591522 -0.00832364708 0.0581280887 0.0683426261 0.0487519577 -0.0111707123 -0.174265951 0.0451377556 -0.269207686 -0.00989445765 0.0466845408 0.0149034234 1.32861245 0.227145866 0.349878937 0.521830618 -0.0563035235 -0.00587772112 -0.0985065624 -0.186292246 -0.135128587 -0.241477132 -0.108148731 -0.0100456523 0.00664368179 -0.0850012898 0.0315262564 -0.0258339047 0.0523254275 -0.0385650918 0.0508008376 0.0394183099 0.0504884273 -0.0796002895 -0.24018763 -0.31980142 0.0193647072 0.0163706522 0.0195571221 -0.12828435 -0.188780144 0.0723911822 -0.00411189673 0.0799834579 -0.00758761214 -0.0146088852 -0.0261750147 0.119917512 0.169229537 -0.027237365 -0.0642826632 0.0278642997 0.131663218 0.0478068478 -0.0947022885 -0.117004015 -0.0578779168 0.00998934917 0.0778525248 -0.0846460834 -0.0489279404 0.0437869728 0.0848757625 0.0894941092 -0.0889934301 0.0758436918 0.0325114056 0.1288708 0.0413610227 0.0190137494 -0.0639613196 -0.0146433562 0.0904669911 0.0726164356 0.00580114592 -0.0741584301 -0.0183341578 0.0545492209 0.043536555 -0.0260736495 0.029481234 0.00642557442 0.00679850299 0.0605075881 -0.0341634266 0.0201226212 0.0679877102 0.00337531604 0.0446961001 -0.0119916005 -0.0518009886 -0.0199744143 0.0982088 0.00706447335 0.0334835313 0.143542424 0.050557442 0.114014372 -0.00127506163 -0.0305313803 0.098183006 -0.0422789343 0.133933559 0.0590630509 -0.104057834 0.0185218733 0.0401005596 0.101583742
0.0542403348 -0.0366821252 -0.0550361983 0.0275245663 -0.00965982117 0.029912889 0.0461016484 -0.0242591258 -0.0592326969 -0.0480467342 -0.0676485747 -0.0426899567 0.0515508801 -0.0480223 -0.0268837195 -0.0361762196 -0.0657539591 -0.0572774559 0.0168739334 0.0521347076 -0.0222033709 0.0320422351 -0.0694332644 -0.0101697892 -0.0581257977 -0.0416167825 0.0410740897 -0.00545109808 0.00120825251 0.00414360547 -0.0390418656 0.0650502741 -0.0815937668 -0.0561384708 -0.00139176578 0.0402426496 0.0130872596 0.017393643 -0.0340583436 -0.0812211856 0.0141893942 0.0128340935 -0.0222996362 0.0449802056 0.0319937728 0.00331395841 0.0348322242 -0.0263290852 0.0211222395 0.0567210764 0.0275551155 0.00530087948 0.0163691863 -0.00807740539 -0.0644907951 -0.0394674726 0.0708699673 0.00334380846 0.0832792297 -0.0276988354 0.0521022938 0.0222801734 0.0426489003 0.0573511235 -0.00798077881 -0.00824667886 0.0335218571 0.00413488643 -0.0486356467 -0.037001729 -0.0254610088 -0.0470981933 -0.0645290539 -0.013968355 -0.0133318081 0.0379004255 -0.0498223677 -0.0373562723 -0.010822136 0.0448705554 -0.0381581634 -0.0448321253 0.0470428094 -0.0201951414 -0.0641499683 -0.00482920371 0.0234561339 0.0281010754 -0.0670361593 -0.0488465987 -0.0135846157 -0.0117002064 -0.0184364524 0.00674026366 0.0176290143 -0.0740484893 -0.0838100165 0.0173369516 0.0139341829 0.0666797087 -0.050093241 -0.00351640279 -0.00215274096 0.0133022666 -0.0420978367 0.00887208432 0.0265918896 -0.0713265836 0.00632505119 -0.0722209886 -0.0519035272 -0.014230404 0.0475591794 0.0701043904 0.0573014319 0.0203585178 -0.0502788536 -0.0433191806 -0.0464919508 0.0497778729 -0.0134975798 -0.0364175141 0.0438078679 -0.0355782844 -0.0255621467 0.017095089 0.026668895 -0.0774974301 0.0332458541 -0.0160397794 -0.00274480134 0.00544455135 -0.0650444627 0.0150568942 -0.0615159571 0.0127002224 -0.067981787 -0.0742271543 0.0368781537 -0.0638535395 0.0516932607 -0.00873575453 0.0624818504 0.000469993451 0.0287775248 0.006554842 0.0569859594 -0.0443207026 0.0135070626 -0.0519197583 0.0343479589 0.0595561862 -0.0488517322 -0.055851724 0.0221014693 -0.0053716749 0.0020794305 -0.0205650236 0.0408802368 -0.0135662295 -0.00036995858 -0.0381981842 0.0163796023 0.0283387545 0.0587252229 0.0442936793 0.00192984403 -0.0177273788 0.00181325898 -0.0372423418 0.0573007911 -0.0604455248 0.05840078 -0.0235609468 -0.0402219482 0.0013474226 -0.0298950076 -0.0628605857 -0.00880767871 0.0379973575 0.00175144523 0.0601528026 0.00937065948 -0.0379835665 -0.0535732433 -0.0352704115 -0.057271719
0.019527711 -0.0198159851 -0.0523020886 0.0475884154 -0.0648081601 -0.0302099623 0.0373681113 0.028331317 0.04270982 0.0124158263 -0.0645490885 0.0191130713 -0.0649087578 -0.0728271157 0.0711304396 0.00579004735 -0.0465764701 0.0717736632 -0.030545976 -0.0583998114 0.033876285 0.0610156357 -0.0345758684 0.0499808788 -0.0329470746 -0.0156004354 0.0433866531 0.0286818817 0.0558920503 -0.0240457952 0.0415641963 0.0450183824 -0.0300524533 -0.0677480027 0.00610094517 0.0263863206 -0.0616016686 -0.061997354 0.0582428426 0.00263796747 -0.0493820608 0.0728621632 0.0631146282 -0.0283993743 0.00396734476 -0.0399239771 0.0222607926 0.0403689519 0.0520142019 0.0667826235 0.0110186189 -0.0538485721 -0.070009619 0.0145573243 0.0334365591 -0.0435184836 0.00490494072 -0.063710466 0.0244892165 0.0241963714 -0.0714345872 -0.0194223672 -0.0617232323 -0.0507499129 -0.0443143882 0.0485592932 -0.0334907733 -0.00440120697 0.0684400499 -0.0652081817 0.0366356671 -0.0071008727 0.00191798806 0.0517319217 -0.0688680336 0.0285042077 0.036646992 -0.0127386227 0.00970482826 0.0515367761 -0.0491748601 0.0613456219 -0.0504631698 0.0381246358 0.0590957999 0.023481153 -0.0626138449 0.0725289434 0.016395025 -0.0213685445 0.0462697446 0.0499639064 0.023629345 -0.0576710328 0.0131703168 -0.0342272818 -0.0413297191 0.0676202327 -0.0407586209 -0.0518863127 -0.0232387409 0.0721642822 -0.0244863294 -0.0570381731 -0.0396405123 -0.0423866361 0.0283867046 0.0318414941 0.0407349095 0.00242649019 -0.0596894547 -0.0493606031 0.0358993858 -0.0673211738 0.0138711035 -0.0489270538 -0.00841154158 -0.0237766616 0.0416275635 0.00936346501 -0.0538984388 -0.0479379781 -0.00586194545 0.0312566161 -0.0187271945 -0.0304855742 -0.0622388944 0.020049043 0.0504505187 0.000239796937 0.00334366411 -0.0523621254 -0.042565763 -0.0617079251 -0.0040909946 -0.0581775084 -0.0371273085 0.0179662555 -0.0483952016 0.0395008177 0.0568275154 0.0282060131 0.0392166451 -0.046738755 0.0316392407 0.0104008093 -0.0117007568 -0.00822159648 -0.0401510224 0.0071913451 -0.0681375116 -0.0466386341 0.021315679 0.0157083347 -0.00545723736 -0.0704814792 -0.0497918501 -0.0640797839 0.0685235858 -0.0539286584 0.0568655878 0.0183455944 0.00804423541 0.0213035718 -0.0522163436 -0.0288387872 0.0385717303 -0.0207310542 -0.0595416129 0.0341330841 -0.0312705263 -0.0463164896 0.0313772559 0.0425365865 0.0417295545 0.0566599071 0.0289404541 -0.0487806238 0.0330729336 -0.0332479216 0.0037021637 0.0470245555 -0.0427861437 -0.0581287779 -0.0663069785 0.0118691772 0.0283435136
0.0178208128 -0.150000453 0.132859871 0.388524711 0.0515963137 -0.0709978268 -0.0429207757 -0.604021072 -1.17374814 -0.46569404 -0.38607198 0.013390298 0.197110325 -0.21119535 -0.166199952 0.356193304 0.0219629109 -0.304160237 -0.143008977 -0.0626252219 0.776845455 0.295821369 -0.915016055 -0.02936 -0.0362540297 0.0673195273 -0.0509778112 0.0693330169 -0.0543578975 -0.293950886 0.0326295123 0.473244905 0.109552234 -0.134388193 0.0218777247 -0.577757537 -1.05692065 -0.356274009 -0.506371975 -0.0071828193 0.172877789 -0.0689239502 0.0195025448 0.259158641 -0.150129795 -0.19122988 -0.026054604 0.135103211 -0.019845875 0.0117552094 -0.00849548914 -0.003825441 0.00247190148 -0.0188529491 -0.0490185991 -0.00756012648 -0.0133245802 -0.268699944 -0.295824409 0.401117653 0.10847073 -0.128748104 -0.0417959541 -0.504005551 -0.884671628 -0.292650014 -0.178285852 -0.0240062531 0.151045859 0.0507810563 0.268859386 0.17491129 -0.237234876 -0.0620130263 0.125996888 0.187738642 0.0310128778 -0.0314642377 -0.0499100387 -0.0501997471 0.0660588294 -0.062221095 0.056027025 -0.0673069581 -0.0382302217 -0.283803582 -0.435089886 0.438971251 0.0648222566 -0.227742255 -0.0532524288 -0.484295219 -0.857189834 -0.41347453 -0.140237093 0.0272781774 0.0878963098 -0.118642151 0.179258138 0.0333979912 -0.56944263 0.0343225449 0.229649439 0.532399774 -0.154584274 -0.142742574 -0.172854111 0.0550816059 -0.000909455121 0.0345860273 -0.0716621801 0.0232817456 0.0497666001 -0.404825121 -0.108505294 0.070724234 -0.0574310794 0.000442080549 -0.185479164 -0.120812133 -0.00898139924 -0.031912677 -0.056849286 -0.269997388 -0.223042682 -0.024812039 0.0597523674 0.00128952623 -0.107230663 -0.200475946 0.00555299222 -0.018460013 -0.0976754576 -0.0253360905 -0.150886044 0.0212436467 0.0388904959 -0.112566248 -0.0562427379 -0.193224356 0.0494365022 0.0896659493 -0.0541357659 -0.0273732226 0.0319866464 -0.0457406938 -0.054250177 -0.0141041251 0.03096647 -0.022748135 0.0495968759 -0.0135050258 -0.0234111995 0.0101063251 0.0316095129 0.0457611829 0.0128421122 -0.0774714276 0.0712771639 0.023939196 -0.0130012259 0.0879734159 -0.0126391752 0.115325578 0.0208281856 -0.0564388856 -0.0144265918 -0.0201474503 0.216690823 0.0215141531 -0.0480654277 0.0161039419 -0.0387164466 -0.134793714 0.0773774087 0.027347438 0.00293475064 -0.0241389666 0.00436525932 -0.00103275327 0.0475474745 0.0936185494 -0.089332886 0.115394004 -0.125054315 -0.030728884 0.0188598558
-0.110599235 0.222241655 -0.0860967934 0.429697186 0.0805873945 0.304650605 -0.00110447034 1.54704487 -1.8107233 0.297201335 0.0731224865 -0.02650485 0.0139082652 0.21624133 0.269368738 -0.0672537237 -0.13160795 -0.0319732428 0.241489157 0.116477661 -0.672179699 -0.14008683 0.492501199 0.00844486803 -0.0694075078 0.0263530463 0.0629573166 -0.0549307317 -0.00107260584 0.202323213 -0.289180517 0.0873116627 0.0963079631 0.306727886 0.0737037659 1.41187644 -1.56854665 0.379906923 -0.199894771 -0.0618699193 -0.0397008918 -0.0829877332 0.0712673068 0.0362355113 0.15981935 -0.15981108 0.0273224562 0.0103442455 -0.264276266 0.0194819272 0.126082972 0.0558478236 0.034736 -0.0451246053 -0.0177307539 0.0399289802 0.0282604322 0.130722314 -0.0748059675 0.0845363587 0.0289429929 0.229658052 0.0436264053 1.44546163 -1.44885087 0.22425884 -0.427559435 -0.0581016056 0.040476542 -0.055444397 -0.0249609631 0.0788160712 0.192214876 -0.0563248023 0.104134448 -0.22938396 -0.182007313 0.0973169953 -0.11607448 -0.0600492731 -0.0597788244 0.000284597278 -0.00647004694 -0.027461011 -0.079956606 0.00417120196 0.0292191654 0.142022669 0.0888217092 0.162198111 0.00646070158 1.27741313 -1.46495724 0.372372299 -0.199614659 0.0105277877 0.0275215637 -0.0182602908 0.0322206058 0.191078708 0.0681428835 -0.0295874365 0.00217729853 -0.170736194 -0.127256528 0.175972104 -0.0247887727 -0.0696535781 -0.0182966292 0.0203309357 0.0169790983 -0.0387299396 0.104362868 0.089420639 -0.0988606662 -0.0420340076 -0.000476218294 0.0321605988 0.00220492342 -0.0546214879 0.0712404549 0.0312348753 0.0126806078 0.0624602102 -0.116759904 0.011799708 0.101490982 0.010883634 -0.0220125169 -0.0994377136 -0.0269233957 0.0835288316 0.00923470967 0.0240731146 0.00991218723 -0.0655632615 -0.0167409554 0.106630735 -0.0101200379 0.0106310416 0.053883031 0.0231057759 0.0264303908 0.0127368094 0.00377827161 0.0591740012 0.0505568422 0.106462285 0.0344256759 -0.085450761 -0.0332761221 0.0519756041 0.0713085234 0.0596671402 -0.00300346781 0.0225110278 0.0704442337 -0.0462325625 -0.0010275169 -0.000771575491 -0.0448044129 0.0916666165 0.00193396572 0.0893695205 0.000654126343 -0.0367387012 0.10191372 -0.0718272105 0.0658069178 0.0528607853 0.0412573218 0.0458965451 0.0984744504 0.0235654525 0.0891281739 0.0397168323 0.0275817662 0.0244455729 0.0339462459 0.0877584592 0.0238846019 -0.00938185863 0.00842760783 -0.0350702442 -0.0918356553 0.042094633 0.00643500825
-0.0229960177 -0.0994197652 -0.219121009 -0.216754287 0.0896749049 0.0301364064 0.110972278 1.11348903 1.93619812 0.100372516 0.272131026 0.0631943345 -0.0101604573 0.0812492892 0.178619727 0.177823409 0.046580594 -0.121176392 -0.127723709 0.0653848648 0.178925604 -0.0127228256 -0.248975083 0.0217233375 0.00558301806 -0.029959999 0.0654213727 -0.0474715531 -0.0650139004 -0.0845398381 -0.0953813344 -0.229759783 0.0885875747 0.106563635 0.0786138251 1.08840895 1.73453689 0.0986489579 0.159390807 0.0494465753 -0.109118439 0.0215627979 0.0391339958 0.223030359 -0.00246893545 -0.0193760637 -0.0435112081 -0.0344245881 0.184826404 0.0455824658 0.0186837707 -0.0419224873 0.0202319324 0.00567365438 -0.0454794392 -0.0294734947 -0.010234775 -0.0020046751 -0.383310109 0.0255494174 0.0492508821 -0.0510550365 0.0404461734 1.05700004 1.53203332 0.0092431074 0.216477528 0.164008826 -0.0764279738 0.004209131 -0.030215092 0.0538643599 0.0191687513 0.0109875826 -0.0234307889 -0.061623957 0.227026477 0.0137559967 -0.0806608424 0.0357484594 -0.0643227547 -0.0201513879 0.000290594995 0.0630461127 -0.0638399869 -0.0828840137 -0.231227189 0.0191407744 0.0622474253 0.197910354 0.0190647133 1.0235585 1.45285845 0.0663286969 0.0930508599 0.0845829621 -0.0759809837 0.0417458266 -0.0340393484 -0.153803512 0.11839582 0.0445814691 0.0533952452 -0.073903732 0.140492857 0.0819075778 0.0590621755 0.0644411147 0.0322507098 0.0395804346 -0.005686827 -0.0592737794 0.0834420994 0.0520866998 0.138023376 0.0603273511 0.0726598874 0.0153434789 0.0837836787 0.137346804 -0.0012723878 0.0300910957 0.0404615216 0.0837161541 0.028163068 -0.0204655118 0.0583235137 -0.0142572895 -0.012858565 -0.0154893911 0.0691725314 0.00945733208 0.104989134 0.0476864055 0.0812672302 -0.0254687332 0.00590809621 0.0744672567 0.102585539 0.0820033476 0.0707134157 0.0319091491 0.0524214096 0.11077106 0.0473745279 0.00270464271 0.0898670033 0.101057447 -0.0322109759 -0.0689732954 0.0552951992 0.0482868217 0.0486087538 0.0746141449 0.0318398103 -0.022813756 0.0999554023 0.0732808411 0.0627119988 0.0669315979 0.0174282938 0.120984398 0.118846603 -0.0265360028 -0.0744025633 -0.0353169478 0.0473172106 0.0766968429 -0.0412927233 0.0483599082 0.057784766 -0.00794285443 0.108534373 0.0630676746 -0.0496684015 -0.0311467648 0.0768071488 -0.0304630697 -0.0411758088 -0.00830987841 0.00231116265 0.0937507525 -0.0193862356 -0.0204360746 -0.0645449534 0.017993696 0.0205080472
0.145068035 -0.143826455 -0.102109708 -0.144337028 0.0230979305 0.320100754 0.0969740599 1.2003094 1.63954842 0.193957433 0.105652593 0.0427818522 -0.00428463379 0.0673386455 0.20486936 0.000328700524 -0.0239935387 0.177443922 0.144204363 0.0384639837 -0.462288469 -0.0608562827 0.200361043 -0.0640958622 -0.054716751 0.00480731577 0.0720492601 -0.00570837408 0.145003423 -0.0272814538 -0.259441197 -0.269114703 0.00638578879 0.345965147 0.0872086436 1.17244244 1.366063 0.214235976 0.182335109 0.0913023204 0.117363662 -0.0372158624 0.107195668 0.107764997 0.0933315754 -0.0310344417 -0.00648319954 0.116653405 4.25314101e-05 0.0269666985 0.0869125277 0.0480820313 0.020857431 0.0146584287 0.0502580553 -0.0475724638 0.0771620572 -0.0220546257 -0.329596251 -0.0706420392 0.0414044559 0.00808668323 0.100875735 1.065678 1.31883955 0.0486939438 0.102262229 -0.0468562469 0.0815959126 -0.0362416022 0.075278379 0.0435913168 0.106951393 0.02006796 0.11253719 -0.0380898193 -0.0622596815 0.0568200946 -0.00763168791 -0.0114600509 -0.0168671943 0.0136649087 -0.0248432308 0.0242644176 0.204302132 -5.49445576e-05 -0.178451672 0.122156635 0.062513195 0.151488483 0.015100508 1.09501278 1.15785265 0.118958339 0.0246840399 0.05366119 0.0542995594 -0.0040728692 0.106372684 -0.0612226613 -0.0328552462 -0.0412708931 0.0293826237 -0.141339898 0.0866222158 0.152233139 0.248808905 -0.0237901099 -0.0575183816 -0.044416409 -0.0642910153 0.0726031065 0.0477776751 0.0918612257 -0.245253667 0.0581254512 0.0869380385 0.0309708901 0.0950122178 -0.217987001 -0.0213454328 0.0212642383 0.104785912 0.0559798926 -0.170144752 -0.0633009225 0.0954663455 0.0591696501 0.0712150335 -0.0724227577 -0.0164293423 0.127590448 0.00243988866 0.0181293804 -0.137237728 0.0200020596 0.0547619313 0.0471824817 -0.00758555485 0.00917730667 0.0658553839 0.09498474 0.0423102714 0.058080703 -0.0592170544 -0.0238696486 0.00815125927 0.0490324423 -0.031162655 -0.038523443 0.0268914029 0.132823676 0.0341594927 0.0106132571 0.0721424818 -0.0523884185 0.0179183837 0.0839580148 -0.00668212818 -0.0282222312 0.0535957962 0.103165507 0.040827319 0.0706105232 0.0690530911 0.0573309362 0.0317231566 0.111049727 0.0283514373 0.0773640946 -0.0259289369 0.0966647714 0.080526568 0.0479153059 -0.0157448538 0.0340902954 0.0215999652 0.0360054411 0.0489382744 -0.0443523079 -0.00820171088 0.0352751985 -0.0641035438 0.0388789102 -0.03427222 -0.0516445227 0.0845217109
-0.165491179 -0.0278084073 -0.122539513 -0.457733661 0.0829080939 0.0799239501 -0.00163606554 1.68556309 -0.552401721 -0.0488171913 -0.666846871 -0.0607525408 0.073180683 -0.279418498 -0.202626511 0.598797381 -0.00105304411 -0.448677152 -0.251650244 0.0216842331 0.581536651 0.0438153706 -0.985243976 -0.0509703532 0.00559974462 0.0130200461 -0.0635539293 0.00210235268 -0.247976601 -0.0323338769 -0.100338817 0.0493532866 0.0676468462 0.0721637011 0.0700082928 1.62038541 -0.45610255 0.257826596 -0.417707235 -0.0360739045 0.12308158 -0.03256936 -0.0950717852 0.0918718651 0.0308223125 0.140554413 -0.0176677834 0.0839862674 -0.118069813 0.0225083604 0.00940860063 0.0197314918 0.0596648306 0.00605406612 -0.0393649191 -0.0132490434 -0.231000707 -0.00760041084 -0.286001682 0.375631541 0.0246947557 0.0870306268 0.101839155 1.66092789 -0.472331226 0.220423236 -0.273576975 0.0642033219 0.125508726 0.059413977 -0.047181122 0.08285743 0.0223425329 0.241392225 0.0388716012 0.18652615 -0.069813326 -0.113878883 -0.120689034 -0.0182882249 0.0404494032 -0.0327794105 -0.0545981079 -0.0728029013 -0.213372737 -0.0287166666 -0.0578325242 0.349627137 0.123507015 0.133693561 0.0949513465 1.48538935 -0.368037105 0.0705326274 -0.529331207 -0.0606285445 0.0899769366 0.0346093774 0.0335056782 0.0589681417 -0.134592533 0.280228347 0.0798493475 0.196037456 -0.146776408 -0.0085575413 -0.0862942636 0.0535907 -0.0675400123 0.0651604831 -0.0228262059 0.0230273753 0.108924769 -0.206737384 0.174757913 0.0194061771 -0.00496285222 -0.154670835 0.032203652 0.0838896632 0.0182654634 -0.0308521669 -0.199023902 0.0166373961 -0.00394287612 -0.0533006117 -0.0120229181 -0.0319423378 -0.0693295524 0.148524106 0.0263121724 -0.025415523 -0.155748382 -0.0489646159 -0.00731551694 -0.0553567857 0.0903476775 -0.0400718972 -0.0107521145 -0.00103395607 0.072648406 0.00949335005 0.0693959892 -0.0256071128 0.162086785 0.0567660183 0.115018845 -0.00186819572 -0.0318779387 -0.0712527409 0.058917135 0.0402443372 -0.075277701 -0.0230989419 -0.0995341688 -0.010548979 -0.0116556957 0.105622403 -0.0273254607 -0.0202878676 0.0322887599 0.0292136054 0.0826145485 -0.0316571854 0.061029423 -0.0015501529 0.112858951 -0.00617931597 0.0238861348 0.0227477625 0.0130821392 -0.0241657514 0.0406933725 0.00421018247 -0.0398541614 0.0178004727 0.0744578764 0.0572772138 0.00283088023 0.00384019548 0.0300903991 0.064765729 0.0030956103 -0.100778386 -0.0610496104 0.0570380837 -0.012715552
0.0785228387 -0.0466654934 0.0685787648 -0.159173965 -0.0195050053 0.104423627 0.0952969939 -0.619427085 1.9251101 0.0906545222 0.0578337424 0.0446894765 0.108229913 -0.11528644 0.151294425 0.243692592 0.0541249849 0.00221458217 0.0928146392 0.0985999703 -0.0141887441 0.0134041738 0.236769557 -0.0470518321 -0.0457485132 -0.0244501606 -0.0426510721 -0.0413781703 0.0247207284 0.0957277119 0.139832109 -0.278857589 0.0317892581 0.101084918 0.00909289159 -0.655010343 1.7259376 0.0684540644 0.3023476 0.00974898878 0.13648814 -0.0662060753 -0.031214159 0.296033889 -0.0191324819 -0.0714674592 -0.0354969762 0.147733495 0.104033977 -0.021341389 -0.179174691 0.00450952351 -0.0138614625 -0.062261194 0.0277974755 -0.0133257918 0.019383315 0.144070461 0.121363811 0.272730619 0.0492495038 -0.0861470997 0.0621822737 -0.587436259 1.53597271 0.129359826 0.0980845541 0.0279367212 0.142490074 -0.0778147429 -0.0783287436 0.077670373 -0.0445161574 -0.102555498 -0.18666935 0.0815644413 0.286726534 -0.0742743835 -0.0569630675 0.0657584667 -0.00247612596 -0.00543732941 -0.0227986686 0.0419405326 0.10331659 0.120131329 0.187443271 0.458886713 0.0953295156 -0.0663382784 0.0787015855 -0.605389774 1.4807415 0.166470066 0.0167663097 0.126439333 0.216888934 -0.106978938 -0.0895901173 -0.00957243145 0.0203535017 -0.178159595 -0.131055966 -0.0347979739 0.279637992 0.0187977031 -0.00578867551 -0.0622130856 -0.0285330899 0.0612973124 -0.0679021105 -0.0291588195 -0.243906945 0.0727645159 -0.309950739 -0.0451216064 0.123747617 -0.0384838767 0.112100564 -0.0816399157 -0.0242176689 0.0975233167 -0.0717702806 0.0201265905 0.00436286954 -0.0135542154 0.0543933213 0.103768304 0.0592641048 -0.126960263 -0.0684531033 -0.0051253885 0.0405891761 -0.00830275193 0.0514887311 -0.0327868573 0.121601924 -0.0387710445 0.0246263109 -0.0773927122 -0.0230651349 0.135874555 0.0364241526 -0.0392876044 -0.00831475016 0.051629737 0.0649849623 0.0547051467 0.0476084463 -0.0289507043 -0.054563798 0.0982405245 0.0834273025 -0.0152325416 0.0388427339 -0.0428516194 0.0405846238 0.0998203978 -0.00622557616 0.0215388462 0.0304787457 0.0341553986 0.00398062076 0.0157224778 0.033678811 0.0169523805 0.0142466594 -0.00122314261 0.0877626464 -0.00243793428 0.0424471498 0.0933496207 0.0708430707 0.0850186422 -0.0470075309 0.0199352205 0.0789176226 0.140948772 -0.0364910178 -0.0866362602 0.022886388 0.11632961 0.0849258676 0.0413651951 -0.118407138 0.0326079056 0.0645235926
-0.295269161 -0.0636413544 0.035721574 0.0517738201 -0.0571262725 0.0944690406 0.0399715379 1.88277352 -0.826935828 0.121316105 -0.5883286 -0.0148792742 -0.0236032549 -0.369164884 0.0952984542 0.370101184 -0.206182837 -0.689828038 -0.471285254 0.0975994095 0.398869723 -0.195401102 -0.719816506 -0.0591499731 0.0418679193 0.0245236233 -0.0389823094 0.00582125783 -0.308807343 -0.111292124 0.0748075545 0.418260634 -0.0677075833 0.18100442 -0.0516971797 1.83870602 -0.731047153 0.4026905 -0.607905626 -0.0637957826 0.014737742 -0.0719805136 -0.0453492031 -0.0991392806 -0.0775726661 0.126916483 -0.0281439982 -0.019129049 -0.101680361 0.0468828119 -0.0253370423 0.0301627815 -0.0165103897 0.00488905609 -0.0599615239 0.00733791292 -0.29488799 -0.14655602 -0.108731195 0.177441448 -0.0547278672 0.227012247 0.0301705655 1.79172945 -0.564818263 0.383311629 -0.60685873 -0.00715301046 -0.0111805601 0.143921465 -0.148595572 -0.0670130774 0.0150091238 0.344233125 0.0318882987 -0.136534929 -0.102262117 -0.0212434698 -0.0550839938 0.0312523842 -0.0389950722 -0.0360505618 0.0435554311 -0.0509207323 -0.273974985 -0.0466993451 0.0535953976 -0.0346285626 -0.0658085644 0.189201206 0.0234219022 1.64188266 -0.58528173 0.353556424 -0.600293517 -0.0857424811 -0.03041072 0.174213231 -0.156190991 -0.0632913932 -0.0205052644 0.324467629 0.0105351452 -0.165147617 -0.031386923 0.0605028644 -0.0788482949 0.0226178616 -0.0113171265 0.00811534375 0.0270588174 -0.0697624981 0.0841605812 -0.00846391916 0.392890006 -0.0382428356 -0.0309607722 -0.0936189666 0.0427849293 0.125543967 0.0454322547 -0.0221542791 0.0328188501 0.0140398769 0.127846763 -0.00804241747 -0.0142579181 -0.0189002305 -0.0249775294 0.109708898 -0.0458671227 0.0799251348 -0.0381787829 0.0303175896 -0.0658428222 -0.0395627804 0.019279737 0.0033960531 -0.0686983019 0.0443929397 0.0561061949 0.0701275989 0.0464400575 0.0398227312 -0.0111104259 0.0465720147 0.0615962893 0.104637161 0.0137647409 -0.112378322 0.0177536011 0.00229244307 0.0763620287 -0.069404088 -0.029268682 -0.0216051899 0.0466193408 0.143587738 -0.120723531 -0.0350704528 -0.0586629063 0.0776449218 0.0289752465 0.00481675286 0.00595743442 -0.0698549524 -0.0270780921 0.0396897681 0.0168739669 -0.0690909326 -0.0383919738 0.064193286 -0.015116821 -0.0746813938 0.0509912409 -0.0384560116 -0.0292719901 0.0792043358 -0.0733919069 0.0152360611 -0.0637985095 0.0243217517 -0.0172585975 -0.0175995547 0.0634682178 0.0502124205 0.0703966692
-0.310525626 0.128496513 -0.0359689556 0.0247133058 0.0956732556 0.295301467 -0.00818005577 -1.24963522 -0.299482375 0.159651518 0.3303487 0.0277323611 0.0575900525 -0.142446995 -0.425094247 -0.593926013 -0.247157112 0.0840857252 0.20731625 0.370161027 -0.350695014 0.198796585 0.112257585 0.054214552 0.0332550779 -0.00629923493 0.0424308255 -0.0240362212 -0.242657781 0.167511135 -0.163492143 -0.0845980868 0.114225827 0.12630105 0.0131643135 -1.17715108 -0.392773449 0.138804421 0.69546324 0.0634113625 0.108278446 -0.0354939587 -0.3914451 -0.58272171 -0.0762867481 0.000355717464 0.0629559085 0.135447726 -0.137694746 0.0530882701 -0.0963354483 0.0341762826 0.0132527202 -0.0287333652 0.0109077767 0.0633668005 -0.23606123 0.0945669115 -0.0193258803 0.543353021 0.0229241811 0.0349017568 0.0887233913 -1.15252125 -0.328204036 0.216544047 0.506261051 0.0843556672 0.107491776 0.019562535 -0.331896424 -0.534903646 -0.179770112 -0.0687416941 0.211065665 0.15180105 -0.420531839 0.164115474 0.361903012 0.0455650315 -0.0359222069 -0.0170334801 -0.0486108512 0.0190703496 -0.256024927 0.150806621 -0.0602504648 0.547693849 0.0606942736 0.0418144502 0.0411115512 -1.16049838 -0.382113874 0.201316744 0.703677714 0.0472062603 0.0593419559 -0.0156022254 -0.223853514 -0.321977258 -0.164883167 -0.0553621054 0.219804674 0.0168039147 -0.183988929 0.309824884 0.367865294 0.0629414469 -0.0722424537 0.0268120468 -0.0434787869 0.0502583161 -0.850390255 -0.0270865541 -0.573302746 -0.0442980081 0.126584545 -0.269562244 -0.106831513 -0.0595519505 0.066767022 0.0787056834 -0.00570271816 -0.0346538126 -0.049428124 0.0502602309 0.0966737792 -0.155827805 0.0115169911 -0.101483904 -0.0439608023 -0.00966537371 -0.270469248 -0.075213559 0.0237868484 0.0304135233 0.044335857 -0.158647507 0.0265413299 -0.143288091 0.0412264317 0.088763684 -0.0876847282 0.0259548854 0.0697068945 -0.0348852761 0.0239205603 -0.173758596 -0.0745611489 -0.117701329 0.0482683554 0.0974805132 0.0809469298 -0.0397041552 -0.0522100739 -0.0714009851 0.0814389139 0.0419188365 0.00569431996 -0.0736463517 0.0293782502 0.0464743376 -0.136092648 -0.00583232846 -0.0933312029 -0.0443253741 0.135402694 -0.00969477929 0.0451374948 -0.0417583324 0.0512013882 0.0148418564 0.142967016 -0.0410597362 -0.0184787568 -0.0385481827 0.0678731352 -0.0425180607 -0.00867324136 -0.0614675842 -0.0612060092 0.0193036813 -0.183061242 -0.0356655382 -0.138135359 0.0487800241 0.0853529051
-0.0564095415 -0.183807209 -0.116463311 -0.288185477 0.116711587 0.18002753 -0.0109665804 1.52560771 1.11235344 0.0392558761 0.295388877 -0.0184037145 -0.0388637558 -0.234798402 -0.13030833 0.488872856 -0.102768235 -0.58216387 -0.261196196 -0.133608475 0.855538607 0.141020879 -0.913398325 -0.0597756952 0.067975536 -0.0639448836 0.0488269031 0.00827492774 -0.0325668454 -0.108480453 -0.104306981 -0.0578854755 0.12649262 0.247914881 -0.00798754301 1.46367669 0.952220142 0.017230425 0.266228169 0.0426567495 0.0190202817 0.0741225258 -0.0305025801 0.0976404548 -0.142654091 0.0882834345 0.101924188 0.0173465051 -0.0998091996 0.041518189 0.143646285 -0.027975969 -0.00723897666 0.0307480395 0.0726809651 -0.0320972018 -0.0682883486 -0.106904961 -0.275475413 0.181416899 0.153421611 0.075390242 0.0566177443 1.52261972 0.866377354 0.04089595 0.335399032 0.0426088087 0.00426316727 0.133650005 0.052154243 -0.0745826736 -0.231176287 0.0840317681 0.0584579892 0.0932968408 0.082776241 -0.000973673945 -0.045193851 0.0352874324 -0.0444557592 -0.045984745 0.0463532582 -0.0183021203 -0.0600463301 -0.118176132 -0.248889595 0.304107428 0.0848209187 0.181556627 0.065012008 1.45260918 0.846585691 0.0378271639 0.383518994 0.120938867 0.0743393376 0.0913958773 0.0711379498 -0.264457852 -0.303266704 0.160020918 0.0543435402 0.170534179 0.0329611301 -0.080369994 0.000827747979 0.0421080589 0.00268855691 0.00376351178 -0.0357620604 -0.0266706087 0.183145016 0.0749229863 0.121486567 0.00141556561 0.0609291978 0.0607215874 0.107062735 0.0576851517 -0.0584039353 0.0834275186 0.088943474 -0.0105828 -0.00229061441 0.0174961761 0.0402896479 0.0844990835 0.0418458506 -0.0627906471 -0.0545640588 0.0773992389 0.100895718 -0.023701597 0.034904588 -0.0124616958 0.0985552818 0.0719511732 0.0390241407 0.0576660559 0.0378487036 -0.0204724278 0.0798412934 -0.0408239774 0.0684966668 0.000880166888 0.0790054798 0.100255564 -0.0191277545 0.0334515534 0.0327933952 0.0390286744 0.109009288 -0.0393960625 0.0519949719 -0.00660455227 0.0539701059 0.0718476698 0.0386773646 -0.0360989012 0.0484463274 -0.0184160303 0.0136712976 0.0342043415 -0.090481177 0.0717129707 0.0925478786 0.148500979 0.0221929625 -0.081018135 0.00714080781 0.000108569111 0.0736745223 -0.029931454 -0.0411390737 -0.0542065799 0.00647514686 0.0733448043 -0.042927362 0.0216598827 -0.0641175508 0.0251084827 0.00127316359 0.0429435335 -0.0256619025 0.0417410061 0.0246650577
0.0337097794 -0.157766744 0.233599409 0.121650472 -0.0385703854 0.103014916 0.016502481 0.33244893 0.933190763 -0.1395538 0.423107088 0.0479564369 0.0306798015 0.0329212509 -0.111584179 -0.391768187 0.158878714 0.302709579 -0.00209256541 0.116114855 0.19824405 -0.135216638 -0.311990887 0.0112550929 0.0503605381 0.0323002338 0.0645807534 0.0204254836 0.111683108 -0.214296892 0.39010942 0.504109979 -0.0445861742 0.127316371 0.00320449169 0.348825604 0.75659132 -0.12085925 0.266004026 0.0394489802 -0.026347613 0.175232708 0.0760027617 -0.332517296 -0.095200412 0.287009686 -0.0516182035 0.0873533562 0.148287758 -0.280433297 0.0664949343 0.0346501172 0.0458123833 -0.0636925921 -0.0181181319 -0.00667625666 0.0215994399 -0.147385597 0.112199701 0.477496117 0.0777912512 0.112295963 0.0180197526 0.387363106 0.716347218 -0.103697442 0.725214899 -0.0865482911 -0.055320736 0.0121305538 -0.0235589109 -0.112648889 0.0835522637 0.164101288 0.145640522 0.0202348549 -0.0952417403 -0.185258016 0.15308702 -0.0138290785 -0.0705181137 -0.0445882902 -0.0194009654 -0.0682740882 0.021388324 -0.129964143 0.0889306143 0.188399836 0.0269872975 0.168955311 0.0184482317 0.425667822 0.641844511 -0.00882911589 0.559970558 -0.074428618 -0.0536731184 -0.125332162 -0.13741979 -0.285276145 0.00272631552 0.0268243868 0.0304875784 -0.0721719861 -0.0598976836 -0.177041903 0.0497572869 0.0365214571 0.0106758177 -0.0228499696 -0.0546403006 0.0727865547 0.381713778 -0.290398031 0.439833134 -0.0164208524 0.021194214 -0.121171474 -0.145158231 0.00871400256 -0.0557240695 -0.00191087311 -0.100447051 -0.101231359 0.0679844469 -0.0476234965 0.119683288 -0.240898192 -0.0478010252 0.219989091 -0.0648616478 0.051598534 -0.0379534662 0.0236101318 -0.0852404535 -0.0396088175 0.0519638732 0.0427601375 -0.0483681075 -0.196806669 -0.0497382097 0.106613375 0.0296507664 -0.0132152932 -0.0115104895 0.039043963 -0.00348746334 -0.0823047981 -0.0251348671 -0.0658093542 -0.0529941171 0.11837963 -0.104803681 -0.010339288 -0.0879562497 -0.0343766138 0.0476011783 -0.0265163127 -0.0196907632 -0.0562921055 -0.0682298169 0.0677055195 -0.0833962038 -0.00599743519 -0.0603500456 6.82845712e-05 0.0456528664 -0.0947590247 -0.050290741 -0.145498469 0.0522996783 0.120695241 -0.191196963 0.0804414004 -0.197984532 0.0590395778 0.0902800485 -0.118500791 0.0250262171 -0.231548607 0.0344004557 0.0382848457 -0.164536104 0.0167603567 -0.209986329 -0.0344749652 0.120495319
0.0468136892 0.165636584 0.410323471 0.0898413807 0.202287272 0.0913408622 0.0146904541 0.511779964 -0.800040603 -0.431523174 0.487546563 0.210016593 -0.313921541 -0.126701087 -0.324291706 0.16375047 0.241191328 -0.111075386 -0.259293675 -0.216276705 0.303273588 0.294032842 -0.713236213 -0.016712863 0.0374917462 0.0540570021 0.00848582387 0.0146747977 0.0616803579 0.108303837 0.22306852 -0.331798792 0.198416725 0.197726682 0.000989952125 0.656002402 -0.68426913 -0.148975909 0.661940455 0.156700984 -0.300423831 -0.0994559154 -0.0834990963 0.208321303 0.0947657526 -0.00719884923 -0.0663452446 0.021849066 -0.0510637313 0.150477737 -0.198131353 0.0192996413 0.0418111905 -0.0712335855 0.0717574954 -0.0526392274 0.0518543497 0.113671392 0.120879807 0.309591621 0.180834368 0.291252315 0.00560145592 0.62524718 -0.663593769 -0.168189511 0.581315935 0.195172206 -0.375028074 -0.0576911718 0.00368166436 0.273882926 -0.0955424234 -0.127497524 0.0444150753 0.07310386 -0.0458972864 0.0337069929 0.0708436295 -0.00475235283 -0.0348399021 1.04233623e-05 0.0135496855 -0.00590187311 -0.0217884481 0.113823853 0.146743387 0.235502541 0.156014279 0.288764268 -0.0155639015 0.594868302 -0.712016582 0.039637018 0.627090633 0.114257529 -0.396398693 0.0419743955 0.107180156 0.149445832 -0.123590857 -0.0382828489 0.0918809772 0.121961884 -0.0858489722 0.0816178247 0.116340645 -0.0607486591 0.0411139056 0.0543306619 0.0377433077 -0.0368526019 -0.353353471 0.00832542591 -0.418091506 0.0055860728 0.0311475229 0.0121570025 0.0323815867 -0.0976207182 -0.00246667862 0.0189115349 0.0880518705 0.0624964014 -0.0721517876 -0.00853673369 0.0462252647 0.0969496295 0.0522385724 -0.144769683 0.0691414773 -0.00238198903 0.0334160961 -0.00622611446 -0.171449512 0.0254398957 0.0667699277 -0.0586845279 0.0121870013 -0.265819728 0.0644316673 -0.013842511 -0.0107239429 0.122615784 -0.381857336 -0.0485683195 -0.0202588644 0.0968013033 0.126373187 -0.010777032 0.00482454896 0.0434336327 0.0115196994 0.145577043 -0.439095885 0.0721566379 0.0307690352 -0.0618705153 0.156293228 0.130816609 -0.0014988482 -0.0451009572 0.00118791463 0.137105167 0.046785403 -0.0612044483 -0.0325400382 -0.00393364904 0.224240288 -0.406614244 -0.0414395668 -0.0181458034 -0.0634490177 0.12123172 -0.208337873 -0.0613589212 0.0698460639 -0.0363173857 0.0615307912 -0.161608785 0.0434981063 0.0773130208 -0.0351523124 0.123953089 0.0274132881 0.0210144967 0.0494217835
0.120395638 -0.19260633 0.0137662878 -0.0644233525 0.0719331875 0.100450732 0.103394389 -0.15291965 2.26171446 -0.0373517014 -0.00567377452 0.0488420948 0.122054704 0.160966083 0.245342299 0.220585376 -0.0596340932 0.165820807 0.229205623 0.037661083 -0.240330562 -0.1892443 0.295561612 0.00489956141 0.0305074602 -0.0111671984 0.0335390568 -0.0328189284 0.0288303625 -0.106282391 0.159058124 -0.193738937 -0.0268479139 0.0841105506 0.0564449877 -0.123855144 1.97065985 -0.0554112606 0.0247932356 0.0302660763 0.146514088 0.0563914999 0.0838547051 0.194148064 -0.0291152801 -0.125634596 0.0470575839 0.04204854 0.254063278 -0.0328865834 0.0624044724 -0.0625525564 -0.0160271898 0.0103178322 -0.0567741022 -0.0161675513 0.117037527 -0.104509115 0.0135458754 -0.188895479 -0.0168438498 -0.0464176536 0.032165572 -0.0546677075 1.65936029 -0.0926993936 0.0168719552 0.0293700248 0.143433169 -0.0743998736 0.0591159984 0.202787086 0.0901383534 0.00059643772 -0.0762863457 -0.0661162287 0.246485889 -0.0607216321 0.083826609 -0.00207446516 0.0192467645 -0.0512195453 -0.0125779063 -0.0292970799 0.141367495 -0.0891780183 0.174057364 -0.0235951282 0.0750977248 0.00516192801 0.0288297758 -0.164878026 1.53215444 -0.049752336 0.0529996604 -0.0219808221 0.147518679 -0.088798061 0.0572809353 0.0614399984 0.0825526938 -0.0135839209 -0.112977944 -0.0854310468 0.190865621 0.00229135249 0.0938246027 0.0354894847 -0.02537008 -0.040717613 -0.0188379847 0.0317663252 0.0262837149 0.113271601 -0.0834003612 0.0482704267 0.0125772962 0.124716707 0.0726195574 -0.0737745836 -0.0282759704 0.0833643377 0.106610782 0.140844628 -0.0509416685 0.0272928253 -0.00396321295 0.0375352278 0.0579723157 -0.0982424766 -0.0431652814 0.123276979 0.0158842113 0.07309632 -0.0264052711 -0.0704576373 0.0759596229 0.0448857248 0.175223976 -0.0182510689 -0.0625801906 0.0411265641 0.064945288 0.0991416425 0.0438891277 0.022121124 0.101851165 0.0475741737 0.0629783273 0.00733403675 0.0144294649 0.00283612637 0.06293156 0.1302073 -0.0447761975 -0.0365259685 0.0666382015 -0.0891524851 0.0572780855 -0.0194681454 -0.0561916456 0.0512108654 0.0566969775 0.068015404 0.00944038294 -0.0610351749 0.0571994558 0.0748736933 0.0363036022 -0.0381140783 -0.0106440112 0.0569727421 0.0122465733 0.115687571 0.0738490969 0.0467354953 0.0285169519 -0.0860936642 0.170752972 0.0117317829 0.0023323521 0.0498508289 0.00671605673 0.0637088418 0.0222852603 0.0546740592 0.132591158
0.0589047447 0.0773057267 -0.0523741506 -0.00600835355 -0.0249874797 -0.0368344299 0.0914179012 0.106685206 -0.0338375382 -0.0677835643 0.0928210542 -0.0412557907 0.0468453281 0.0596309602 0.0967852399 0.0581042618 0.119795762 0.0274205767 0.0156616084 0.0529908761 0.0118932519 0.10738977 0.0352726653 0.0716461688 0.0204145424 0.0752546936 -0.0223803297 0.0732191578 0.0101937559 0.0264858045 0.106231742 0.0279306676 0.0699791461 0.0315482244 0.0264270529 -0.0284717772 0.0806009695 0.0362939574 0.0427081846 0.0602376908 0.0283683334 0.0943358615 0.0706988201 0.075295493 0.0247809496 -0.0293359011 0.100980841 -0.0270371605 -0.0311195347 -0.00278325612 0.0376211517 0.0654164106 0.0462518372 0.0530073047 0.0877301171 0.0285160504 -0.00750704156 -0.0744631514 0.107553475 0.023396492 0.0140955625 0.0629263148 0.0106135793 -0.0257019177 0.0306806657 0.0414487533 0.0940549448 -0.078367874 0.0480483323 -0.060064707 0.0983012468 -0.0411976017 0.0851602852 0.00585007854 0.0957527906 -0.00667201728 0.0181019884 -0.00488128839 0.0310109165 0.0891512036 -0.0633045807 0.0440192558 0.067259565 0.0624401197 -0.020281475 0.0505774096 -0.0200954061 -0.0743864998 -0.0217979643 0.0232338086 0.10934712 -0.0309583396 0.0985521376 -0.0022744094 0.0328629687 -0.0251269117 -0.0411426015 -0.0238309242 0.0347235724 0.136810184 0.0786162838 0.0629204139 0.0500700362 -0.00404934539 -0.0207943581 0.0465775542 -0.0358117148 -0.0253128018 0.00632852223 -0.0161911249 -0.0329868682 0.0108215297 0.0725723505 0.115394361 -0.0483910665 -0.0625469536 -0.00320301647 0.11387565 0.0714608282 0.0273997262 0.0258910283 0.127298728 0.0862856954 0.0458591469 0.0160065535 0.034986008 0.00425672671 0.118623026
128 128
-0.0100030527 -0.306405455 -0.219321281 -0.190008909 0.747779548 -0.0222859792 -0.222507983 0.0151873901 -0.246699661 0.107994385 -0.0459205322 -0.0631485954 -0.242699042 -0.118610516 -0.00971976761 0.232073158 -0.234881684 0.0858158544 0.0121349348 -0.0520015582 0.050323192 0.0708042607 0.2924923 -0.0421698019 0.0862967446 0.19642505 -0.162421957 0.250569612 -0.0647533834 -0.224597603 -0.185956866 0.146582708 -0.329250455 0.00305610779 -0.154907867 -0.159185097 0.814798057 -0.25021857 -0.259060591 -0.368750185 0.0756430849 0.346530855 -0.258955568 -0.209816977 -0.03093707 -0.637640953 -0.156055406 -0.215575337 -0.201672435 0.0599598624 -0.420072317 0.0874345079 0.559016407 -0.156986117 -0.1520181 -0.422112018 0.125572428 0.0787085369 -0.378784239 0.456548959 0.25696981 0.292681634 0.0140343346 0.0915326178 0.335722536 -0.171038255 0.134069234 0.0710886121 -0.091614902 0.00256157853 0.179763705 0.175394699 0.269463807 -0.270847291 -0.286004335 0.0570421666 -0.124829121 -0.0982789099 -0.0494605228 -0.0694405884 -0.00175500824 -0.245057136 -0.426558316 0.104088061 -0.0841703564 -0.0859764814 -0.23039864 0.00923532527 0.0154476799 0.00990481488 0.0131943496 -0.0892528519 0.028081594 0.0532309264 0.0964378566 0.0914449692 -0.046004612 -0.019147085 0.239304781 0.0724713951 -0.0776688978 -0.0794764608 -0.393677175 0.0521289818 -0.00676845899 -0.474284381 0.00294221193 -0.113834113 0.0813681781 -0.115590259 -0.303135067 0.0230016373 -0.0615437031 -0.101190425 -0.0418692678 0.0788279995 -0.895635426 0.289262623 -0.149677768 0.020324422 -0.139885649 0.12483865 -0.0663855895 -0.0879051313 -0.348367661 -0.311372846 0.0557100549 -0.141222432
0.169093013 -0.113785528 0.384899706 -0.102898329 -0.327904731 0.0793776587 -0.0738370493 -0.0269801654 0.0466587357 -0.0149554433 0.0146285202 0.069037348 0.165903181 0.589363694 0.0169625171 -0.38734296 -0.0236605313 -0.12854366 0.167243376 0.192460433 0.194140837 -0.0809749961 -0.0379785262 -0.0199236851 0.0433615483 -0.0776873305 0.078394115 -0.0400514603 0.0907865241 0.173653454 0.0996201709 -0.0872788876 0.0277232621 -0.0860134438 0.266894817 0.0365068056 -0.511402488 0.0108018359 -0.0754464194 0.00311488356 0.0225806553 -0.127704248 0.171101078 -0.178070232 -0.0773623958 0.34164989 0.193673953 0.320338458 0.116695151 0.0360133201 0.156944856 0.279230237 -0.413767099 -0.176967278 -0.0705905557 0.114906333 0.0177014675 -0.0592623912 0.114682883 0.462644637 -0.0209817123 -0.0447912291 0.0995636731 -0.0806493312 0.078261584 -0.107934915 -0.0128677934 -0.0264580883 0.0333712101 0.00252452213 -0.161217391 -0.0120949382 -0.218344435 -0.0424381718 0.125448585 0.326344132 0.130375713 0.013765512 -0.0218593292 0.12113703 0.0617776886 -0.0700448006 -0.11359486 -0.0214158669 -0.147627398 -0.0265381765 0.0792965293 -0.0123032061 0.177624688 -0.0166325755 0.106865197 0.114816554 0.0606592894 0.0182042941 0.122895367 -0.255891353 -0.00304210512 -0.0927072093 0.0504496954 0.0846421719 -0.0895696431 0.122542962 0.0444822833 0.140609249 -0.0114513328 -0.0346062295 0.111881152 0.0460228249 0.150228992 0.059563566 -0.0273654889 -0.025407631 -0.0732579678 -0.0855481848 -0.00578392809 -0.0475792401 -0.491782278 -0.164139211 0.0597744174 -0.0837112218 -0.135917768 0.071570687 0.0304484405 0.0707731321 -0.0773553699 -0.276694059 -0.0132547999 0.138974786
-0.215350941 0.0815703496 0.412267715 -0.347066283 0.0974639356 0.0372843035 0.0633951724 0.221835092 -0.0340197533 -0.313829154 0.183279857 0.0667279959 0.128413737 -0.139222473 0.110071093 0.146466434 -0.00755536603 0.540379643 0.116421297 0.235967904 -0.474937171 -0.263987362 -0.323064655 0.326264054 0.0277338047 -0.16925177 0.0829474777 -0.236884058 0.226753309 0.764412761 0.684560061 -0.0986462235 0.568264663 0.321914226 0.128904417 0.371422231 -0.64920181 0.0469105318 0.106014162 -0.0687752292 0.308710039 -0.268694282 -0.176610336 0.148981854 -0.0811436027 -0.139787346 0.358535558 -0.156198353 0.32233876 -0.0456982516 0.132389382 0.201343521 0.0682668611 -0.375798345 0.391577214 -0.0823083594 0.27673611 -0.078568615 0.0847251564 0.357432246 -0.316385627 -0.176937878 0.108449794 -0.439602971 -0.29320392 -0.278584182 -0.519876838 0.0721624717 0.214233786 -0.0909885466 0.0414807685 -0.288504004 0.18926324 0.479991406 -0.0689336956 0.267977327 0.365731001 -0.16955699 0.358819216 0.121546388 -0.0506496914 0.539383054 0.17956309 -0.0110905822 0.0528591573 0.146741703 0.124942839 -0.0538710319 0.0440802909 -0.0100298459 0.0233097766 -0.271625251 0.0434212871 0.368236989 -0.00172870141 0.0190042835 0.0627553314 -0.0679890737 -0.141893387 -0.0268832203 -0.367924124 -0.00156088907 0.0443156809 -0.186952621 0.064642638 -0.29651621 -0.0515039563 0.208361983 0.320458412 0.25945586 -0.0811848864 0.00299489917 -0.342571348 0.025391588 -0.0140590258 0.0209136903 -0.198261112 -0.572108507 0.0467516184 -0.015480848 -0.204574674 0.481876284 -0.255664229 0.222755462 -0.11210826 -0.0390230194 0.0121855643 0.342971534
-0.055763714 0.053678859 -0.0376684964 0.0268939324 -0.0412520394 0.0697946176 0.0262392536 0.0128749274 0.00415195012 -0.0460562035 -0.0250303783 0.04155799 -0.0273487121 0.0660736263 0.0226834156 0.040288128 0.0207005646 -0.0915855393 0.0387404487 0.0598305948 -0.04805604 -0.0118557643 -0.0168140288 -0.0614227019 -0.0225397479 -0.0884198025 0.024981603 0.0122258831 -0.0595277064 0.038571585 -0.075575009 -0.0191262309 0.0830541849 0.0365722142 -0.0363552496 0.0143162133 -0.0506301634 0.0239622183 0.0386039726 0.0199994072 0.0216259975 -0.0832078308 0.0203705169 -0.0739576593 0.0791511312 -0.057234887 -0.0396078303 0.0527825095 -0.0492307283 0.0131142586 -0.0769767016 -0.0986895487 0.00378938252 -0.0561483204 0.0491801761 -0.0720210895 0.0397087522 0.0266789421 0.0327668637 0.0332807712 -0.0828141645 -0.0109257661 -0.0918715075 0.0123682078 0.0166483019 -0.00945353974 0.036895778 0.0840030685 -0.0765716583 -0.0198279601 -0.0973630324 -0.0242946129 0.00536812562 -0.0337873995 -0.102248497 -0.0912770852 -0.0284748431 0.0451022275 0.0155020747 -0.109776437 0.0252471343 0.00981009565 -0.10662806 0.00701500522 0.0360745341 -0.0790928975 -0.106142543 -0.0450529046 -0.00165951252 0.0241761878 -0.0393907242 0.0105143813 -0.0721036568 -0.0380535424 -0.0959216505 0.062955603 -0.0344588533 -0.00103908032 0.054706119 -0.0535392985 0.00319750654 -0.067126669 -0.0113397175 -0.0210154522 -0.0474033393 -0.0901492462 -0.106325194 -0.099936977 0.0225791167 -0.00607070234 0.0318637975 -0.0390824713 -0.0578857437 0.0295031704 -0.0680170804 -0.0475927778 0.0553677455 -0.0781771317 -0.0287263747 -0.0173164252 0.0132775167 -0.0266714133 -0.0174293686 -0.0675042197 -0.00993006863 0.00574417599 0.0017045117 -0.0870943442
-0.131795451 0.0465698875 -0.0829414055 0.000964446284 -0.275713265 -0.00381627656 0.133303449 -0.0719854757 0.431568682 0.0374965295 -0.00196306151 -0.0130986879 0.0210945439 -0.0498155132 0.112899967 0.194366634 0.0706191361 0.00999550894 0.098306343 0.0207774322 0.0623994172 0.0432849117 0.0823077336 0.0479559749 0.0434843525 0.00791471265 0.0460777692 0.0890667737 -0.0061321347 0.171777979 0.0345582701 0.0169761498 -0.222948194 -0.163575336 -0.496820629 -0.139369115 0.142176881 -0.0492787994 -0.0236814432 0.102687128 0.172603428 -0.0555754155 -0.0736916214 0.0478772856 0.0381709337 0.156066462 0.131590456 -0.0870280564 -0.0996985883 0.0558642894 0.10763602 -0.119740658 -0.0752724409 0.100094281 0.182460114 0.107824966 0.104726128 -0.0649156794 -0.00283485511 0.0247541163 -0.167912707 -0.0333940387 0.040248014 -0.0392041281 -0.471159965 0.217929989 0.0762005746 0.0756661966 -0.0916506946 -0.0425849818 -0.124438412 0.298134536 -0.236670434 -0.0115050133 0.0836453736 -0.0165291037 -0.0414532609 -0.140315682 -0.0765934736 0.369909614 0.0370831564 -0.228849992 0.206505522 -0.0472573638 -0.0275191087 0.180540711 -0.0527942255 -0.0610713847 0.149678573 0.0812421739 -0.0578638799 0.0415362455 0.185447335 0.180318013 -0.0346546471 0.0964858979 -0.0740715712 -0.0422133841 -0.181014165 -0.126968697 0.0893383622 0.0717752054 0.323310852 0.110645019 -0.0240039993 -0.253896087 -0.0663913339 0.104555026 0.0137840016 -0.415307999 -0.0537716039 0.0581520796 -0.098680824 0.113392092 -0.0427557155 0.0249680281 0.0836278945 -0.024386337 0.022433741 -0.00270638708 -0.0620712563 -0.212275773 0.0852768794 -0.135769472 -0.0841421485 0.07151445 0.0309534967 0.053837128
-0.0527358949 0.00480044167 -0.0446826518 0.0511342548 0.0176357161 0.0396485999 0.00117341545 0.0717318878 0.0764299706 -0.0139125763 -0.0918186009 0.0870163366 -0.0449845828 -0.0512330495 0.0385239571 0.0031764647 -0.0603764281 0.00213359995 0.0469454415 -0.0387365445 -0.0644854903 0.0236612577 -0.0522270277 -0.0785516053 0.0479671322 0.029718766 -0.0560412407 -0.0163162351 -0.0677704364 0.0170816071 -0.0612937286 -0.0860907435 -0.0443960018 0.0126875974 0.0338049456 -0.0790283009 -0.0382406898 0.0108266054 -0.0268869493 0.0370401517 -0.0588704944 -0.0297935996 -0.031432189 -0.0508899465 0.0261193514 -0.0758176595 0.0813018829 0.0288987309 -0.00194613659 0.0650798902 -0.00671330607 -0.0918738544 -0.0400989205 0.0424622335 -0.0198643208 -0.026097903 -0.0647904575 0.0234620199 -0.0475361347 -0.0670303553 -0.0452406555 -0.0915280953 0.0189846009 -0.0183093995 0.0507669672 -0.044658538 0.0464794897 -0.0276674554 -0.0848865733 0.0625715852 -0.0418758355 -0.0723988563 0.0141037609 0.0258614942 0.0362738036 -0.0254082754 0.0389085785 0.00588746043 0.0400828086 0.0781534016 -0.01071807 -0.0235490054 0.0461933687 -0.0544491373 -0.0422739349 0.0665390939 0.0498714633 0.0832817182 -0.0647191182 0.047363542 -0.0295019578 0.0741167814 0.00444756681 -0.0229107291 0.0575966537 -0.0558913387 0.058243461 0.0363878533 -0.0894526318 0.0348350778 -0.0143703315 -0.0301415455 -0.0450644419 -0.0920985863 -0.0223100558 0.00178222707 -0.0347270966 -0.0443998314 -0.0195000451 0.00492114201 -0.0331698321 -0.0409393013 -0.076013945 0.0540966243 -0.0942042917 0.000566519797 -0.000104020095 -0.0864256546 -0.0374137573 0.0447330587 -0.0535539016 0.0731062144 -0.0403718129 -0.0244304817 -0.0295067057 0.0403854102 -0.0820781738 -0.0288936477
-0.00249124691 0.0237748064 -0.0942345634 -0.0638450012 -0.0590907373 0.0801866576 0.0657711178 0.0656900331 -0.0426454172 0.0279006865 -0.0135850515 0.070397839 -0.0994511843 -0.0324336849 0.0615986288 -0.0108017642 0.0182731748 -0.0836950168 -0.025143424 -0.0842256397 0.0150565915 0.0039709378 -0.0801887587 -0.0290591624 -0.0344164148 -0.075567238 0.0725708902 0.0120949671 -0.0530747138 0.0551935956 -0.037437249 0.0367759913 -0.0085459277 -0.0620581619 0.0282040052 -0.0922793224 -0.00977142714 0.0744226351 0.0594637729 -0.00323073869 -0.0185414366 -0.0336994231 0.034728013 -0.00684898673 0.0617524609 -0.0568494909 -0.0724446028 -0.0409657024 0.0586722381 0.0618402809 0.0406705216 -0.0724084377 0.0675690547 0.042422764 -0.0996041372 0.0280426629 0.0641953424 -0.0132082403 0.0160692185 -0.0214977898 0.0524893664 0.0660763904 -0.00721920934 0.0613074973 0.0133150462 -0.0334266089 0.0288599357 0.0827222839 0.00898962561 0.0232992657 0.0542958789 -0.0364424102 0.0421475023 0.0183667541 -0.00730213942 0.0561025366 -0.0634200275 -0.0370081216 0.0787916258 -0.0232450664 -0.0267079212 -0.0707528889 -0.0950713679 0.0253347624 -0.0246575344 -0.0456290692 0.00516379671 0.0573912151 0.0361468606 -0.0525510572 0.00687025301 -0.0725890249 0.0546406694 -0.0458207577 0.0536269248 -0.0674750656 0.0624303296 -0.0606092848 -0.0562093966 0.0408840217 -0.0931121781 -0.0111607732 -0.0261272117 0.0376600288 -0.0378250293 -0.0590061806 0.0278879683 -0.00410390832 -0.0540876053 -0.0248750243 -0.0735507607 -0.0197148528 -0.0568235628 -0.0454792604 0.0658066347 0.000512093306 0.00712481979 -0.0855741724 -0.0266705547 -0.0474577136 -0.0902388319 0.0444389693 -0.0497056618 0.0653946698 -0.0590608865 -0.0052502593 0.0249235425 -0.00568003347
0.00632433221 -0.029597573 0.0359196216 -0.013200202 0.0287723467 -0.0295139216 -0.0474631041 0.00451099966 -0.0010394901 -0.0923995972 0.0444901139 -0.07603921 0.0586964637 -0.0710697621 -0.0754297897 0.038069427 0.0380645767 0.0440919027 -0.0561217815 -0.023611363 -0.00979083497 0.0229815431 -0.0198723134 -0.1031776 -0.0396972522 0.0442056395 -0.0154334418 -0.0155826444 0.0262657106 -0.0169690587 0.0407283902 -0.0533902757 0.0108237118 0.0144966841 0.0639380515 -0.0202652644 -0.0518208556 -0.0338181928 -0.0104332557 -0.0220078006 -0.0218493734 -0.0413104333 0.0296003167 -0.0947961733 0.0266192891 -0.0732912868 0.0669188723 -0.0146597372 -0.00734166941 -0.0634534061 -0.036280416 0.041346848 0.0324956588 -0.0698103532 0.0603578053 -0.0196546204 0.0559852645 0.00632746518 -0.0387289822 -0.00343948929 0.0353232287 -0.101387575 -0.0601582192 0.0456516147 -0.00857678894 -0.044960212 -0.0232028775 0.047385402 -0.00786071271 -0.077102676 -0.102898344 0.0838680714 -0.0411222018 -0.0765398443 -0.0239512436 0.0199643914 0.0510615259 -0.071018666 0.0448970385 -0.0522802249 0.0185209885 -0.0236244705 -0.0811655372 -0.0333194807 -0.0958787203 -0.0933294222 -0.0370821878 -0.0321620293 -0.0684956163 0.0238944329 -0.0198789332 0.0563123599 0.0547092743 -0.0246940386 -0.0324151441 -0.0175547469 -0.00325468183 0.0226410255 -0.0243242551 0.060704276 -0.000975717674 0.0158444177 -0.0886818916 -0.0999264345 0.00474863499 0.048229903 -0.0394277461 0.00990643911 -0.0978681073 -0.000659553858 -0.0356723666 -0.0402467661 -0.0527083911 -0.0107284077 0.0471259877 0.0784714296 -0.0731992424 0.00589337805 -0.0933173224 0.0207012631 0.0488774516 0.00703098997 0.0364658944 -0.0835928693 0.0151128676 -0.0559409037 -0.000403941056 -0.00642599631
0.140337348 -0.183977112 0.239561945 0.169101968 -0.283506781 -0.0587072261 -0.0760357082 0.0159229897 0.111714005 -0.0592424162 0.0489770286 -0.0622521266 0.1182926 0.716005087 -0.0959356874 -0.146403909 -0.0270954184 -0.0948772952 0.120464049 0.0784835443 0.12973468 0.0369562358 0.0781803131 0.00415307842 -0.228488535 0.123042479 -0.0355022103 0.0383241363 0.0868133605 0.10039708 0.0606698729 -0.0406399257 -0.396732628 -0.330136389 0.229760334 0.131465077 -0.0462158583 0.0343533047 -0.0310436729 0.174800664 -0.0444615632 -0.211727411 0.0470262021 -0.0876535624 -0.0469361059 0.258339435 0.0986265838 0.074777782 -0.0130038401 -0.0732633173 0.186063901 0.107148886 -0.194922417 -0.0185300522 -0.277695715 -0.0266974811 -0.0850992575 -0.0624287166 0.0148169948 -0.0652191713 0.100499645 -0.0102938376 -0.0520556606 0.0567151979 -0.114149407 0.00563670788 0.0628080666 0.0246575326 -0.04983183 0.0569742061 -0.285612732 0.0570164397 -0.172220901 -0.0326500237 -0.0586016178 0.0657196492 -0.0564961024 0.0118157221 -0.0399197638 -0.0230280831 0.0166362915 0.0559198782 0.0533165596 -0.0350097865 -0.0136146331 -0.0568853393 -0.0512648448 0.0171467997 -0.0266327132 0.027153166 0.0179331042 0.0203704424 0.111134887 -0.0890823081 -0.129669905 -0.0779502764 0.0709140897 -0.0344694257 -0.0138206361 -0.0446703397 0.0619710572 0.026580913 -0.0182380341 -0.0224872027 -0.0908502489 0.125467733 -0.13231121 0.0778295919 0.0389199555 0.0580462441 0.207352743 -0.220199704 0.00720130885 -0.144469187 0.0635891706 -0.0408111289 -0.163793698 -0.108526818 -0.148532867 -0.240565181 -0.0694305599 -0.174089983 0.154414043 -0.0299306065 -0.066502437 -0.199376449 0.00139211863 0.105172589
-0.0771195665 0.00391749386 0.0202022474 -0.0884341896 0.0463699847 -0.0212767944 0.0475507528 -0.0310850907 -0.0535285398 0.0431708023 0.0142628662 0.0645686612 0.00315460563 0.0350547023 -0.0479188673 0.0738062635 0.0373892263 -0.098123841 -0.0492749475 -0.0653860122 -0.053041704 -0.00991809554 0.0738659799 -0.0395094119 -0.0462121665 0.007387063 0.0126499655 -0.0202105045 -0.0368956141 -0.0225759689 0.00515045365 -0.0706392601 0.0757164285 -0.0175331384 0.0639809594 -0.0356235206 -0.00151808897 0.00316556054 -0.0931145325 0.00751313288 -0.00989009812 0.00449774321 0.00814468414 0.0460264012 -0.0340743177 -0.0386511125 0.045941297 0.0239295289 0.0159879643 -0.0572289154 -0.0532391556 -0.0757217556 0.0388685241 -0.0495414771 0.0547606796 -0.0776671618 -0.0879402235 -0.04542014 0.0532723777 0.0359349847 -0.0713088289 0.00876033306 -0.0826491117 -0.0758593455 -0.0477481 0.042106308 0.00125271431 -0.0258320495 0.0146044921 0.0108720576 0.0395115241 0.0417046323 -0.0140573643 -0.00579558872 -0.036312554 0.0660094991 0.0509100556 -0.093445234 -0.0348363891 -0.0133553566 0.0370278135 -0.0334658809 0.0708207712 -0.0138510335 0.0681843609 -0.0704119727 0.0484841689 0.019211432 0.0531176329 0.0232331324 -0.0931887776 0.0158038307 -0.0541527756 -0.039567668 -0.0824927241 0.0266879741 -0.029278608 -0.0123858452 -0.0649379417 0.0628943667 0.0571609251 -0.0446260758 -0.00872461498 -0.0816663206 -0.0208805706 0.0652306303 0.0483251251 0.0189383999 -0.0644445717 0.034359768 -0.0366615318 -0.0175067615 0.00678703189 -0.0906115398 -0.0102352379 -0.041153267 -0.0379258357 0.0105704721 -0.033869192 0.0163229145 0.0186676532 -0.0925968513 -0.00625190139 0.0744798854 -0.0655448735 0.0347478315 -0.0895745233 0.0215239078
0.0220132452 0.210432321 0.0886025131 0.0395703427 0.32908234 0.0430760458 0.171883076 -0.0655145943 0.218458652 0.0456237793 -0.282396376 -0.0265876129 0.0399782173 0.0082073668 0.258623838 0.175229251 0.201549903 0.0907948762 -0.233254448 -0.0951931626 0.377698421 0.217296273 -0.0620915778 -0.10790015 0.301857859 0.0689219832 0.0829099864 0.00491707493 -0.178831652 -0.288459331 -0.471331656 0.06605497 0.155787826 0.486399829 -0.0670605674 0.0507392287 0.570035458 0.0488748215 0.197601199 -0.0783886313 0.281367213 0.361153662 0.335017174 0.236932829 -0.0482637398 0.0520875379 -0.22790195 0.152886823 -0.274878711 -0.058913637 0.149672836 -0.13163811 0.436102837 0.213262811 -0.108368568 0.159059778 -0.156871662 -0.00254345965 0.202928811 0.196347699 0.0751842558 0.19179678 -0.213596135 0.173355505 0.364234865 0.342255682 0.22199823 0.0179066807 0.073138237 0.0292355157 0.293453246 0.214641571 0.554011464 -0.292157948 0.0841749683 -0.31878221 -0.287983656 0.0428440198 -0.298871279 -0.170622677 0.0745870173 -0.197029516 0.0586895682 -0.255705208 0.038460739 -0.343556792 0.449509531 -0.0805194303 -0.151789933 -0.0129251024 -0.144521803 0.0979455635 -0.212393865 -0.220223501 0.159374148 0.218929768 0.0573184788 0.0727747753 0.179333419 -0.208839342 0.220302597 -0.0329659171 -0.0770803168 0.0420107506 0.048365742 0.268028945 0.238186508 -0.169584438 -0.106500633 -0.283896685 0.113205299 0.26374346 0.383149147 0.355228007 0.056025628 0.0239266306 -0.135185495 0.108626716 0.332481652 0.24804081 0.297637701 -0.0348312892 0.348908365 0.105444826 0.310014665 0.211005136 0.27267015 -0.0470847785
-0.011888288 -0.0158407874 -0.463719696 0.318147421 -0.00802964531 0.0343636647 -0.0422509946 0.453485548 0.192193344 0.33399722 0.360981047 -0.0259572435 -0.0985145718 0.132686377 0.00244912738 0.442649394 -0.148490757 -0.0720216259 0.312854588 -0.0925155953 0.0091195181 0.310516179 0.51156354 0.0716989934 0.0115685361 0.255170017 -0.190469474 0.420280725 0.0449190401 -0.0462998264 0.0584077649 0.256513208 -0.48899886 0.0143324649 -0.201556399 0.151925743 0.646594942 0.23802565 0.00127734197 0.371546686 -0.20333904 0.121815272 0.131186649 -0.0430627875 0.0299828239 0.100556858 -0.010130005 -0.00803518016 0.0835473463 -0.0867312104 0.226686388 0.145115256 0.133503407 0.119193017 0.272291988 0.0251572262 0.623052657 0.0241854284 -0.135400951 0.283029646 0.220902383 0.316177726 0.420446396 0.234689504 0.0933560804 -0.0647334009 0.296942145 0.044904124 -0.128913671 0.0538272187 -0.132649243 0.413455993 -0.0205060095 0.00981167611 0.166402265 0.251280636 0.0934616253 0.279203922 0.101366594 0.189079612 -0.0343441814 -0.0648758113 0.0681940168 0.326795787 -0.0552936196 0.374363333 -0.0363384262 -0.0134056089 0.106668666 -0.051190123 0.470252395 0.0364771523 0.353469819 0.249040216 0.203454167 0.0431402773 0.0536416396 0.0818099529 0.0446105339 0.483623207 0.154464945 0.324884832 0.125018001 0.174148157 -0.0306358859 -0.219127268 0.0298533365 0.215064019 -0.0217115153 -0.130791783 0.221010447 0.0965326726 0.148754761 0.0127404761 0.0542365611 -0.0405212976 0.232913151 0.357813537 -0.00908380188 0.0122769391 0.101149842 -0.23753868 -0.0158616025 0.0608430766 -0.0425374433 -0.070606418 -0.0581671186 -0.0648899451
0.225956321 -0.0278810281 -0.189606041 -0.159095496 -0.49892655 -0.0207180716 -0.134768248 0.0684919134 0.211117491 0.10064517 7.96097993e-06 0.0416171923 0.188586086 0.200224832 -0.0106356284 -0.0129879937 0.104927108 0.0158590674 0.161668882 0.223670557 0.0123921661 -0.11043819 -0.0689678565 0.176827997 0.0613774434 -0.0591490939 0.280167133 0.0129022682 0.0583008751 0.279434025 0.165015772 -0.0486266576 0.0439574942 -0.0605035983 -0.0100992173 -0.0437464193 -0.191397801 -0.14558436 0.0843998119 -0.0396621451 0.21557416 -0.170780629 0.0769511685 0.0922544301 -0.0167086907 0.278974086 0.23501122 -0.0116324173 0.164463893 -0.0431179889 0.0647112951 0.342055947 -0.343543172 -0.00391363259 0.133008242 -0.0648278743 0.0577583127 0.0292688925 0.124045096 0.585751593 -0.149835944 -0.357872307 0.00868918374 -0.0741021708 -0.236852139 0.0331348218 -0.0297169089 -0.0782501549 0.17164658 0.0166161545 0.0271277577 -0.0762327835 -0.22165668 0.141523018 0.131741688 0.259831399 0.175947189 -0.180735424 0.0941767395 0.179460943 -0.0301648881 0.113816686 0.216211841 0.0845525712 0.0519962721 0.110459395 -0.0852302685 -0.013794926 0.0764782205 0.0435930528 0.010128974 0.00138495152 0.153009892 0.116530783 0.0638275146 -0.118288755 -0.000309838069 0.053689789 -0.0236714426 -0.0610133559 -0.161882222 0.0434566997 0.0409230739 0.142097712 -0.0536130443 -0.106655322 -0.090531081 0.109034747 0.243245304 0.148128211 -0.0921476334 0.0250202734 -0.100785874 -0.0747616515 -0.0870977417 -0.0534649529 -0.0650316477 -0.0691756085 0.0293312669 0.0949455276 -0.211403519 0.234405264 -0.177758276 -0.120947786 0.00747913914 -0.0516320914 -0.16425848 0.179461822
0.143302158 -0.175665557 0.170665458 0.132875741 0.210911945 0.0661041215 -0.141511127 0.0336165354 -0.0338472836 0.226236686 0.125223741 0.0878980085 -0.0242835507 0.279974848 -0.178282991 0.0116207795 -0.0841674283 -0.0145346569 0.14510943 -0.180153906 0.115090795 0.219208434 0.466914266 -0.121399231 -0.0166552421 0.0443252325 -0.023038676 0.167695776 0.0920560136 -0.382335186 -0.126006991 0.0194794331 -0.544944644 -0.221177801 0.140965596 0.0953685045 0.31589061 0.0521145053 0.0153484158 -0.0690540001 -0.453790456 0.179621249 0.19964835 -0.194444507 -0.0331458934 -0.0105793159 -0.0438026339 0.186334372 0.167319372 -0.0185006429 0.0429909527 0.2586703 -0.171625525 0.020089861 -0.383940846 -0.0711635575 0.12406642 -0.061270494 -0.00934221596 -0.476905435 0.150289848 0.00548505504 0.106942952 0.177386388 0.0436082184 -0.0385841168 0.177776277 -0.0190414246 -0.0230719484 -0.0521792397 0.0295226816 0.236013219 0.0162660237 -0.2795901 0.0445063934 0.16163826 0.0562755875 0.264281273 0.203293279 -0.206715807 0.0643526092 0.191026121 -0.174246043 0.35199815 -0.0391175151 0.113142431 0.000133227266 0.0118531687 0.0260693748 0.00593252154 0.241167367 0.153048784 0.245799541 0.0213837586 0.103403814 -0.0573825128 0.0418294705 -0.0815630332 0.190156609 0.380384177 0.0330301449 0.0776705444 -0.0645729974 0.0725174025 0.0162946545 0.237497672 -0.116734006 0.0417267755 -0.137322187 0.263652444 0.182626024 -0.23404713 0.131157413 -0.0440737084 -0.0677872598 -0.0395282544 0.0968376994 0.209133253 -0.0507374704 -0.0597295985 0.051328443 -0.134689689 0.101502299 -0.0500783399 -0.00952302106 -0.446973324 -0.167975157 -0.0995590836
0.225414097 -0.179806486 -0.0148693668 0.258144557 0.106401399 0.0434156768 -0.180724397 0.305559546 0.185069382 0.129369631 0.35445264 0.0147598796 -0.116435133 0.0952189341 -0.223091498 0.138442501 -0.207981125 -0.0705264583 0.294548839 -0.142695069 0.0448213816 0.190802157 0.379753768 -0.000230819976 -0.0860535949 0.126863182 0.348967493 0.229022056 0.0834286138 -0.143461406 0.229202777 0.211274475 -0.318468899 -0.219590738 0.111844108 0.152120054 0.363792568 -0.112050489 -0.0732357502 0.145204678 -0.488478184 0.0699034184 0.154944733 -0.196500242 0.0989051014 0.0876920968 -0.0138244396 0.00158697041 0.0877314061 0.096963115 0.0527110063 0.216265917 0.309002608 0.153943226 -0.212178066 0.0114185037 0.229222313 0.0305116791 -0.152660638 0.237693146 0.0376954339 0.14524816 0.250563294 0.118899696 0.0835502893 0.0328279734 0.0812430605 -0.00465958612 0.0523589849 -0.0490892939 -0.129910499 -0.0392219126 -0.191908181 0.0286914874 -0.0680420771 0.230105355 0.162495643 0.178670987 0.308508843 -0.0866687447 -0.0236311425 0.347497821 0.128289595 0.549490333 0.129309699 0.350894183 -0.264800757 -0.010422227 0.0930560008 -0.0103038708 0.287615627 0.0931788534 0.323462814 0.213566184 0.0112105943 -0.0355011933 0.058018405 -0.0646862835 -0.0273178928 0.397220552 0.0298737288 0.134996563 0.00476640556 0.0735273883 0.0525943115 0.0391091071 -0.130167589 0.259978324 -0.140114307 0.197179645 0.326503813 -0.210438386 0.0187889989 -0.0892272443 -0.0712532029 0.083025597 0.399494529 0.165384367 -0.125574052 -0.0807888657 0.0638405457 -0.172754392 0.0156844333 -0.0824567229 0.00594028365 -0.0478337854 -0.0250691865 -0.0874733403
-0.0975582972 0.0164973792 0.0293172076 0.0267306864 0.0525549129 0.0680519268 0.0449155904 0.0319291912 -0.0523491725 0.0482800528 -0.0663173199 0.0233547837 0.0078655621 0.0583816096 0.0752798095 0.0530795008 -0.0340413377 -0.0716438591 -0.0813670009 0.0690265298 -0.0893581882 -0.0874726102 -0.00237131864 -0.0103175407 -0.0273324233 -0.0719600543 0.0705895498 0.0407059081 0.0204564966 -0.0236322507 -0.067394264 -0.0359524712 0.0769756064 0.00675297156 0.0647432357 0.0310012475 0.0809554383 0.0518499427 0.0350342132 -0.00920525752 0.00175235583 -0.0913197026 0.0658765063 -0.0868993104 -0.0680967569 0.00569972117 0.0110766171 0.0461776406 0.0788838491 -0.086746484 -0.0802547485 -0.0890725404 0.0569922328 -0.0600041226 -0.0444953106 -0.0402695835 -0.00467861444 0.0257448927 -0.0565140285 0.0159849003 0.0578955598 -0.0322168097 -0.00123951584 0.0200845096 -0.0390323251 -0.0412264317 -0.0957879126 0.00331295282 -0.0816754326 -0.00935899466 -0.0994250402 -0.0589848198 0.0755586848 -0.0791401044 0.043094378 -0.076537855 -0.0896533355 -0.0683143362 -0.0715117753 -0.0425904132 -0.011675328 -0.0547989942 -0.0869670808 -0.00782443583 -0.0291545875 -0.0810591653 -0.0136888903 0.0555254444 -0.0805250704 0.0346322581 -0.0995116904 0.0122577474 -0.0529045127 -0.0108597279 -0.0827225 0.0503598601 0.0127441958 0.00155237317 -0.00851441734 -0.0863366276 0.0602500625 0.0695284456 0.0293051247 -0.0824207664 0.0335463062 -0.0521841571 0.0244364124 -0.0893882737 -0.0587931015 -0.0516610257 -0.0838051587 0.00673643826 0.00854851492 0.0154248439 0.0153787956 -0.00317072868 0.0536663011 0.0597324371 0.0537631363 0.0577241965 -0.0715897903 0.02574067 0.0140282698 0.0249331612 -0.0547534451 -0.0804722235 -0.0609089695 -0.0808756277
-0.0481292754 -0.158365548 0.0774490908 -0.0883216858 0.142803147 0.0307541136 -0.0729860216 0.207063541 0.119221382 0.137180462 0.271292001 0.0808654353 -0.0183004159 -0.0240563042 -0.250022918 -0.0862377137 -0.239790335 0.0865493044 0.401540458 0.0387532972 -0.145004034 -0.12736997 0.0316870771 0.159316927 -0.128083676 -0.535101891 0.258527011 0.0565604568 0.28941831 0.242035538 0.199084416 -0.013606661 -0.279522061 -0.0267929416 0.202700809 0.196944132 0.117536798 -0.164008498 -0.0830688924 -0.0994862989 0.032034073 -0.239386871 -0.0295312684 -0.176755711 0.0693159327 -0.0392341092 0.167901829 -0.44796297 0.234278232 0.0581987612 0.0970443934 0.225713238 0.379958481 -0.360980034 0.21793218 -0.0743245855 0.407886595 0.0781935975 -0.0846957788 -0.000868467614 -0.382949978 -0.413810551 0.374629468 -0.0604598299 0.303393304 -0.395035267 -0.102706477 -0.0538486801 0.0113219786 0.00436441135 0.0596470945 -0.46235913 0.100383945 0.160490155 -0.103760697 0.489872307 0.332595497 0.0419885442 0.338922352 0.202507854 -0.068298839 0.288655281 -0.257220149 0.184027597 -0.0607976206 0.277068734 -0.388674855 -0.0636991113 0.216900766 0.00541629922 0.299000114 -0.123175949 0.329055101 0.349316388 0.0932560563 -0.0359712094 0.0272304434 0.0287126228 0.391019076 0.128736481 -0.274398416 0.0851254091 0.0231907126 -0.0461146645 0.00511128455 0.0130715966 -0.225169048 0.410352379 0.221341446 0.263857901 0.155191913 -0.2478268 -0.297213823 -0.142193079 -0.0826929137 -0.0475768037 0.526369154 -0.0814588666 -0.175942674 -0.214687631 -0.351998836 0.126580581 -0.250508159 0.215205863 -0.201142475 -0.0819464624 0.0330447853 0.0278027561
-0.236788616 0.00249230745 -0.120357186 -0.24967289 -0.0708611384 -0.0236062091 -0.0696693733 -0.143136084 0.290275991 -0.0465401188 0.20243673 0.0641305894 -0.0151233841 -0.0777723789 0.0451439619 0.0461124368 0.0210592896 0.120728217 0.110975698 -0.00545036606 -0.326249689 -0.163304016 -0.121669717 0.153059781 -0.274859577 0.233772025 0.177563503 -0.228418261 -0.0396189392 0.352010548 0.435266584 -0.205183461 -0.123640493 -0.367114663 0.117008947 0.0289471168 -0.114652433 0.12740998 -0.0245033875 0.187858567 -0.180107862 -0.27166912 -0.138563409 -0.0830165073 0.0420754775 -0.0109842708 0.124404944 -0.256241798 0.147397354 0.0515993796 0.075786598 0.492735863 -0.0561484173 0.0202674326 0.424503893 -0.108768411 0.0829917043 0.055388391 0.00888886862 -0.220604479 -0.0462681726 -0.143312037 0.0898557007 -0.142112926 -0.133682176 0.0326544568 -0.312936902 0.0679362491 0.215363458 0.0219978262 0.0425532535 -0.143454432 0.136534333 0.179342136 -0.204867467 0.182959467 0.101851292 0.12219993 0.131647468 -0.00734993536 0.0263955891 0.504493356 0.0925290212 0.00921082031 0.144193649 0.111170299 0.211729541 0.0659607127 -0.031624876 -0.0234149303 0.0697580948 0.0212516841 0.222531706 0.0425470509 -0.0329965651 0.0569582656 0.0658412799 0.0586265773 -0.12985146 0.0257861521 0.0255701672 -0.157297552 -0.151437804 -0.0690775961 -0.0656440407 0.331597298 -0.250703096 0.130072534 0.0861529857 0.40386197 0.00873816106 -0.131670073 -0.027344916 -0.131213441 -0.0630875155 -0.0281050578 0.584795356 -0.259916335 -0.0954838321 -0.0104865218 -0.0634603053 0.233998612 -0.248154804 0.264184415 -0.0217413418 -0.0526439399 0.00216263323 0.0969565883
0.0729344562 0.132926106 0.537570953 0.0366146117 -0.758359909 -0.0548863858 -0.0271643456 0.0919215605 -0.197469607 0.245610863 -0.0292884856 -0.0320301801 -0.0265446343 -0.121256419 0.169565588 0.00385733298 0.121729538 -0.00171675067 -0.182739288 -0.18327722 0.140355036 0.27922985 0.00622844091 -0.313891739 0.0580567345 0.250422597 -0.104551151 0.0424037501 -0.0708624795 -0.324198723 -0.0915525556 0.25212419 0.0398687981 0.0567482449 0.0124144014 -0.017268151 0.0542585254 0.516377389 -0.0204329342 0.251180053 -0.106524125 0.298135906 0.346490622 -0.0433335565 0.0155014712 0.269628108 -0.0534753762 0.272706449 -0.191682711 -0.040118359 0.174514577 0.0876941308 -0.764923394 0.17751886 0.286800355 -0.0274505429 -0.371866196 -0.0709193349 -0.0335911736 -0.168166295 0.156528726 0.00647676643 -0.227571592 0.0618416741 -0.296776861 -0.00427418528 0.175274134 -0.00673978636 -0.131672546 -0.0404979177 0.100158975 0.152685389 -0.128783777 -0.351941258 -0.148524731 0.00420277752 -0.134892926 0.133495048 -0.0290910508 -0.261133641 0.042234689 0.101112597 0.477619439 0.152250975 0.208348647 -0.1623445 0.112495601 0.0464748666 -0.166706964 0.0266768113 -0.0689641535 0.133271545 -0.206744358 -0.439500034 0.189712688 0.105727538 -0.0476192832 -0.0277803112 -0.238587767 0.108076602 0.16044654 0.0717646107 0.0358163044 0.0201477166 0.0384418741 0.470506579 0.230101258 -0.277454495 -0.176464692 0.00499035185 0.0920128375 0.182434931 0.27068308 0.101626918 0.0150740873 -0.0547945462 0.284296721 0.265356213 0.0483970679 0.138227597 0.244603246 0.0238496158 0.0799575597 0.382086337 0.109199807 -0.0725457147 -0.237412453 -0.0414637551
0.0546464995 -0.0675961971 -0.11490842 0.157407522 0.181371078 -0.0533084311 0.0117457015 -0.0571448281 0.4265652 0.0732042193 -0.0631102026 0.0796496421 0.015684098 -0.434499174 -0.0246534795 0.0529262833 0.0227154586 -0.0811274722 -0.069548279 0.0303804446 0.0979582071 0.0266189445 0.0552766509 0.0410997719 0.107906364 0.00904927589 0.265713036 -0.0396614 -0.154170871 0.00622143783 -0.0199968461 0.0334266834 -0.149122864 -0.248177797 -0.367587954 -0.0204645079 0.418239355 0.0645447224 0.154954255 0.0975845605 0.325381726 0.0596599579 0.0331666619 0.140977576 0.0350091718 0.0479370616 -0.00598470727 -0.250690103 -0.0379126593 -0.00782164279 0.0261296351 -0.117280222 0.202175632 0.130131885 0.0732564405 0.0782195255 -0.00726015586 -0.08689861 0.122043058 -0.102826439 -0.0688237622 -0.0298642684 -0.12113528 -0.0245070402 0.170949996 0.184504256 0.0931056365 -0.0210552365 -0.0551851206 -0.0112021677 -0.194127426 0.398641706 0.184866637 0.0148690315 0.128451049 -0.162057266 -0.190545395 -0.21740739 -0.101632424 0.0977339074 -0.0578091592 -0.0962125137 0.10607969 -0.0140744913 -0.016465554 -0.0491033532 0.121862061 -0.0807341784 0.106035434 0.0385479033 -0.165622145 0.00542150391 -0.0830125734 0.0842544809 0.00351526542 0.0634886622 0.0199961383 -0.0281862244 -0.0245728027 -0.0949844345 -0.04035585 0.0838686824 0.140620843 0.0286297146 0.0796392262 -0.222996175 0.117916964 -0.193022743 0.023546949 -0.211307436 0.0937317237 0.113903224 0.0448091552 0.0882042125 0.057125248 0.00619652122 0.0676288679 0.0502197221 0.208027244 0.12421795 0.209966868 -0.079856351 0.310235798 0.120851964 0.0834944472 0.139465541 0.125280216 0.110009849
-0.0505781248 0.0627484992 -0.0809408948 0.0152729293 0.0146960672 0.0537050441 -0.0283410177 -0.0600556023 0.0799935535 0.0343743972 -0.0832094252 -0.0790054053 0.0590871684 0.025369823 0.0518729687 -0.0903903767 0.00357609941 -0.116427399 -0.0530231632 -0.0424243845 -0.0572990999 -0.0919024646 -0.0973398983 -0.0432811342 -0.0907382071 -0.0477721989 -0.0484794229 -0.0558770224 -0.0219626296 -0.102485761 0.0461770222 -0.118528232 0.00407261821 -0.0881984383 -0.0457481779 -0.028870808 0.0579577945 -0.0842726529 -0.0889151096 -0.036014352 -0.115123026 0.00661851978 -0.0324794129 -0.00589154055 -0.0240406506 0.0178917237 -0.00173560902 0.0479717143 0.00270385318 0.0753657073 0.0204866752 -0.0486137569 0.061341919 -0.0138622094 0.0191109683 -0.102546431 0.00878925715 0.00291024894 -0.0835313275 -0.0410477631 -0.0296031889 -0.0449668728 -0.0392832309 -0.0986785367 0.047467947 -0.0504465364 -0.031698145 0.0302981287 0.0119811213 -0.0923353732 -0.0420640707 -0.109460607 -0.089973405 0.0229089633 0.0295713246 -0.0999288261 -0.0726965219 0.00796893891 0.0465900227 0.0377926901 0.0547071621 -0.113439701 -0.0572712086 0.0325020291 -0.117195934 -0.0739217624 -0.076399751 -0.0690942928 -0.0154940803 -0.0339751542 -0.117924467 -0.0761753097 0.0372074433 0.0354427993 0.0182939339 0.0318140388 -0.0586435571 -0.0384372398 -0.0406419821 -0.00100415247 -0.00876969192 -0.0137651432 -0.0833500028 -0.0406772159 0.0330998972 -0.0916869789 -0.00353031885 0.0416399501 -0.0929839239 -0.0401537195 -0.0542154461 -0.0245720353 0.0547495 0.0128167477 0.0788626596 -0.0231999457 -0.0023773564 -0.0126814079 -0.0815891698 -0.0864580125 0.015539417 -0.0944052786 -0.0667782947 -0.0405315869 -0.120897636 0.0247170907 -0.0304444563 -0.0844230801
0.00353714149 0.200474724 -0.309859067 0.232451349 -0.556451619 0.0341314748 0.0848314539 -0.0312360227 0.508585513 0.0737452209 -0.229225218 -0.0221721902 0.149429813 -0.201045781 -0.104505174 -0.0488804281 0.175523445 -0.124610893 -0.045398064 0.140867904 0.086339727 -0.0787841827 -0.492140532 0.183614612 0.156179979 -0.265105814 0.667349458 -0.211851195 -0.0842528492 0.167328373 0.123554848 0.154905841 0.448023826 -0.124027602 -0.00778633123 0.132866874 -0.326996297 -0.304599702 0.261692613 -0.0596593469 0.37842828 -0.221627623 -0.0265051331 0.212236628 0.0417669117 0.119893484 0.163225219 -0.00266743614 0.193514511 0.0734170675 0.14151831 -0.283177853 -0.608480752 0.193387434 -0.38092345 0.2467601 0.0405960307 0.0620104298 0.271599114 -0.478801578 -0.260439456 -0.0421141423 -0.199818015 0.10839887 -0.0397117808 -0.0711912587 -0.308961123 0.0167292878 0.0843995363 0.0569267944 -0.19315736 -0.1281856 0.403648019 0.319375664 0.024497889 -0.255863279 -0.0596052743 -0.115863889 0.0828244686 0.0700817555 0.0105954781 0.0919493958 -0.191500172 0.0254394263 0.187170386 -0.226136297 -0.0855993405 0.0283655673 -0.121342629 -0.0407286771 -0.235187814 -0.09971039 -0.417959988 0.195811778 -0.146382287 -0.154922336 -0.0832610428 -0.0806444958 0.0904913396 -0.511513472 0.059289854 0.174698621 0.207813442 -0.249497816 0.0547391213 -0.0525340885 0.0474297144 0.0522717834 0.0902556926 0.0381323434 0.0245521832 0.106218703 0.122260064 0.0998306572 -0.0372282825 0.0844042078 0.346621484 -0.39186421 0.30591321 -0.00308373384 0.133069664 0.0286206342 0.133638725 -0.540299535 0.23380968 0.18041414 -0.135444701 0.233311683
0.0465622805 -0.0772602558 0.00544075482 -0.0566920787 0.0642824024 0.0620777383 -0.0525551029 0.0181113854 -0.000670684502 0.00518988306 -0.0790981427 0.0244382098 -0.109142065 0.0273170378 -0.0368853621 0.0112754675 0.0216748845 -0.013813246 -0.0834629834 -0.106073089 -0.0150342714 -0.119453311 0.0361795053 -0.0623223335 -0.114827 0.033061713 -0.00415103929 0.0571168251 -0.0115457727 -0.000922298408 0.0229180865 0.00394303678 -0.078863591 -0.0847020224 0.00483735744 0.0507960804 0.0412552617 -0.0369156189 -0.0798950642 0.0459306873 0.0260260627 0.0188796353 -0.0940758437 -0.126922011 0.0501563735 0.0762089044 0.0563521571 0.0328186043 -0.0720753372 -0.0120556615 0.0631459802 -0.0113637531 -0.052013319 -0.00332692382 -0.0825243592 -0.0197871979 -0.0798004791 -0.0158115774 -0.0101351878 -0.0711537004 -0.00982995145 -0.0913824067 0.0126005989 -0.0663626641 0.0787859559 0.00964211393 -0.0803897977 0.089596957 -0.00240749284 0.0708298162 -0.00355594489 -0.0902997255 -0.0794296339 0.0362995155 -0.09879601 -0.0568443425 -0.0295029301 -0.10825894 -0.0199996885 -0.026805602 0.0148929283 -0.0284985825 -0.0807782039 0.0460489057 -0.0605447143 -0.100709043 0.0521675721 -0.0790732503 -0.0899631754 -0.077408962 0.0267264768 0.00911607407 0.044540707 0.00415672408 -0.0737070069 0.00239947368 -0.00324670621 0.0570766591 -0.044709824 0.0529828891 -0.0413233042 -0.0830580071 -0.0242120866 0.0296503063 0.00368366065 0.0566644929 0.00924665015 0.048174765 0.00635652663 -0.101068318 -0.0343069807 -0.0685883164 0.027271783 0.0323978066 0.0166010931 -0.0421929583 0.00667247642 -0.0805963799 -0.140228003 -0.0840646625 0.0278663207 -0.00109928544 -0.00389141031 0.0563543923 -0.0843268186 0.0388572142 -0.0795610473 -0.0212805048
-0.0923845917 0.249113426 0.289579391 -0.18804574 -0.344145 -0.0713985637 0.00565939257 0.155160904 0.103562124 -0.398598939 -0.0740473568 0.046388492 0.0501842313 0.0116984323 0.0530735217 0.224190637 -0.0626814663 0.149871498 -0.1382761 -0.0326164924 0.021572195 0.103899732 -0.276033103 0.10984388 0.0537439212 0.144643635 -0.0239257105 -0.0663698539 0.0555888228 0.280527353 0.1292454 0.105621435 0.254726619 0.115027718 -0.39931789 0.208720267 -0.536208391 0.210449085 -0.146757171 0.152798325 0.204959303 -0.0640490353 -0.0387059599 0.0747366846 0.0667122304 -0.0298898928 -0.126875967 0.126796499 -0.0580677837 -0.00705950474 0.0473785624 -0.138244048 -0.171044096 0.0624474399 0.524785578 -0.11759308 -0.117209353 0.0356652141 -0.0997187272 -0.064790979 0.123356886 0.14903897 0.110467628 0.0170160495 -0.000620379811 -0.087786302 0.0226792172 -0.00235735741 0.103823058 -0.0263325926 -0.0564106107 -0.0964909494 0.00646694703 0.298369914 -0.239736453 0.0507429726 0.0903856456 -0.112532072 0.0124650225 0.222505301 0.0639806166 0.307280988 0.40221256 -0.0972228795 0.118498638 -0.0780350417 -0.0630157366 0.0807970092 -0.152274162 0.0943753123 -0.0140370773 -0.0205021817 -0.144405842 -0.0997314006 -0.00866041705 0.355366319 -0.0531021208 -0.0411850475 -0.28553462 0.00817033742 0.0234448444 -0.00235812063 0.124602564 0.0833800435 -0.0118290326 0.117978558 -0.0566150248 -0.00332865724 0.00951399095 -0.271703899 -0.16166918 0.129467145 0.0301896259 0.0460374095 0.00117251975 0.0439952239 -0.132038057 -0.0595063418 -0.229499087 0.0550594814 0.0226600226 0.212240979 -0.108981542 0.250529617 -0.147187039 0.168489009 0.263179272 0.0111816414
0.028027229 -0.0364159755 0.0474258177 0.00402707281 0.051263921 -0.0537506752 0.0351840481 0.0224294178 -0.0719125941 -0.0772231743 0.060918659 0.0297008399 -0.0712359622 0.0421453752 -0.0716009513 -0.00399628468 -0.0928077325 -0.0627087057 -0.00545851793 -0.0253212396 0.0189513862 -0.00362641248 -0.0112036653 0.00819463283 0.0039221514 -0.104848929 0.0400473773 -0.0811048448 -0.0415742397 -0.0212017111 -0.0716212466 -0.0929945931 0.0693336055 -0.0357384905 0.0113006113 -0.0372951813 -0.0829835236 -0.0667932704 0.036653854 -0.0131509369 -0.0537452847 0.0238649361 0.0288130157 -0.0133238239 0.00164410484 -0.0477001406 -0.0572157688 -0.0859304741 -0.0842183456 0.0557457283 0.00754055707 0.0544050746 -0.0306355059 -0.0131615736 -0.0124621186 -0.0768419877 0.0584749691 0.00483675301 0.0674469993 -0.0371854417 0.0306787714 0.058605615 0.0607361495 0.059476357 0.0240107886 -0.0183679629 -0.026537586 -0.0594791695 0.0339349844 -0.0340276547 0.0499043576 -0.0760764182 -0.0948157683 0.000148864143 -0.0707601085 0.0615184605 0.0436535291 -0.0451700464 -0.00246131769 0.0537985824 -0.078780733 0.0531536713 0.0239506792 0.0443947688 -0.0303447004 -0.103754647 -0.0767276958 0.0713901967 -0.00430563046 0.0391439162 0.0234666318 -0.0569987483 -0.0867721587 -0.062542595 -0.0866354182 0.00150275731 0.0240796246 -0.0931231827 0.0208483599 -0.064969562 -0.0572317541 0.0304391067 0.0334486105 0.0673813894 0.0538001396 -0.0674346015 -0.0138886524 -0.0815684646 -0.0812180713 0.0332424268 -0.025637906 0.0101119531 -0.0733369142 -0.0622400008 -0.0152655048 -0.0180264562 0.0312569104 -0.105763666 0.056234844 -0.00919328723 0.0679185688 0.05654395 -0.0894632488 -0.0898779333 -0.0876488909 -0.0727775395 0.033119794 0.0507726893
0.0999404937 0.00814148691 0.520154595 -0.225321338 0.919445455 0.0621521547 -0.103482962 -0.00279471767 -0.455054194 0.0354891531 -0.162562758 -0.0717518777 0.0881250799 -0.025695907 0.0943038315 0.0107674263 0.0439755917 0.208318174 -0.0869095623 -0.0486322194 0.220092639 0.269077003 0.275978476 -0.158118233 0.134967431 -0.0162068158 0.167083248 0.0772608668 -0.0460041687 -0.405252427 -0.316752374 0.138577104 -0.0533269458 0.31350714 0.263845056 0.0344128832 1.13447118 -0.0387068801 -0.0530539677 -0.0539112575 0.356046975 0.293200374 -0.139226079 -0.0348983072 0.0160237625 -0.316505849 0.117779672 0.0706026182 -0.407516569 -0.0885708034 -0.0081042191 0.101175122 0.506179094 -0.0349968188 -0.48388195 -0.242080256 -0.15607813 0.0603478774 -0.112845547 0.336106777 0.00670084823 0.173330784 -0.225548252 0.057294108 0.512985468 -0.157573447 0.0676755831 0.0522024445 -0.13799873 0.0011277165 0.264452279 0.445904016 0.19991681 -0.354726076 -0.0977765545 -0.0969130099 -0.220330834 -0.0964712724 -0.0649759546 -0.136180714 0.0142929787 0.182049721 0.416372627 -0.122223511 0.00190598227 -0.116915226 0.0857936963 -0.0904489458 -0.0270603374 0.0257610008 -0.178709239 -0.0174055826 -0.141880527 -0.405911624 0.0667205974 0.203161567 -0.0693576708 0.0135292029 0.252284914 0.0268557388 0.0915614963 -0.00933379959 -0.31336078 0.0147598563 -0.00140942284 0.459320724 -0.0599417463 -0.21145077 -0.0501044393 0.103259005 -0.218319312 -0.0806415901 0.134021163 0.00932706799 -0.0959676355 -0.0791910738 -0.0589182824 0.220120519 0.0303409714 0.0135145523 -0.176506281 0.0239862744 0.0859985277 0.0224610027 -0.148102969 -0.108302414 0.253924996 -0.00768065499
-0.383133948 0.0470368266 -0.534605145 0.0132413395 0.019559307 0.0424555466 0.195797116 0.0319528133 0.352017194 -0.0759309679 0.185249418 -0.0300045349 -0.0590310507 0.0260450784 0.00993913319 0.550430179 -0.0125974435 0.137639478 -0.139876828 0.00271148048 -0.19599022 -0.118815303 0.0202001389 0.229805902 0.00715043023 0.274550974 -0.122476831 -0.0964262635 -0.1979862 0.396523118 -0.037662752 -0.146318614 -0.141769752 -0.00543864816 -0.302216083 -0.129169255 -0.242255509 0.407964081 -0.0483178571 0.217786983 0.0888344944 0.0357025452 -0.12219432 0.0206367485 -0.00938443374 0.133012399 0.107800536 -0.195143119 -0.139018819 -0.00752358837 0.00752275251 -0.193354845 0.0734305382 0.138805881 0.260024607 0.0430383272 -0.130788341 -0.0204550233 -0.172785237 -0.999524713 0.00314748287 0.215561494 0.0301480703 -0.153481767 -0.188891008 0.212108955 0.0516666919 -0.0233052634 0.139634579 -0.0501909666 0.0252332091 0.388516337 0.122451968 0.20190838 -0.00673833862 -0.272635996 -0.0946421176 -0.102639839 -0.0808460787 0.29747048 0.0692811608 -0.194408104 0.170761973 0.0139223812 0.0321839117 0.178284392 0.0544780344 0.05600328 0.1206429 -0.0307046231 0.0351310261 -0.0728522316 0.0390517749 0.135459229 -0.0278909523 0.273810714 -0.0658324435 0.0329379216 -0.141311944 -0.0788592249 -0.0951613933 -0.0459750518 0.201008782 -0.0341362841 0.00291793561 -0.245927155 -0.0911420509 -0.226888135 0.132561609 -0.254013389 -0.155128777 -0.0306466557 -0.0680345446 -0.172968194 0.0509150326 0.0351570994 0.715605319 0.120918803 -0.0660350174 0.0475898832 0.041710265 0.0646830425 0.013282463 -0.0131361661 -0.00556476461 0.247955084 0.200922027 0.0275317747
0.14692162 -0.291573673 0.0391320549 0.0965193734 -0.463294297 0.0026399598 -0.219664007 0.459107161 0.313213915 0.131607786 0.50358206 -0.0289231036 -0.28435421 0.1967756 -0.340590864 0.145272136 -0.379928887 -0.147451192 0.492688477 -0.18548964 0.113032408 0.0753989443 0.298325062 -0.0429883264 -0.161214009 0.0837177038 0.17723392 0.217013538 0.423267126 -0.144742191 0.251727849 0.0121193714 -0.67536974 -0.408905268 0.0766126439 0.222845092 0.150421515 0.0305079781 -0.341264576 0.433246374 -0.562714338 0.00365625438 0.0635843053 -0.164027154 0.0827688873 0.200202718 -0.0688624159 0.0860979483 -0.0379887484 0.00701547321 0.0940015465 0.418282598 0.334269911 0.0328772143 0.371417344 -0.177290827 0.396690011 0.0490837917 -0.291483253 0.711270273 0.123855568 0.114047453 0.531774104 0.237757698 -0.196954861 -0.0647534877 0.27838099 0.0401418917 -0.244087949 0.00885291118 -0.10677319 -0.268498451 -0.279257834 -0.0242720786 -0.0507169589 0.585475087 0.32802701 0.264965653 0.448993504 0.240283147 0.0392189324 0.27101326 0.112139463 0.413625211 0.187920436 0.42092815 -0.221886888 -0.0649026334 0.261243165 0.0597781725 0.524508536 0.0205531549 0.552687347 0.221113533 0.159800693 0.098302871 -0.025440434 -0.0658266097 0.303700805 0.478645116 -0.0584752597 0.149220467 0.0375797376 0.0931085497 0.00108226109 -0.0329837278 -0.219923139 0.286321133 -0.0601957068 0.120942876 0.187948003 -0.155066222 0.0858416632 -0.0780633166 0.0655947104 0.039384149 0.428992182 0.219339609 -0.31096068 -0.179040655 0.024410408 -0.212411091 0.0319138989 0.082305707 -0.255286515 0.00599054666 0.00842697732 -0.202166259
0.119648881 0.335735559 -0.153934374 -0.0940143168 0.59030354 -0.0680483952 0.149323702 -0.174062237 -0.163822174 0.0322605707 -0.200494722 0.0522791371 0.215371549 -0.079648748 0.369368196 0.0729086101 0.347771972 0.144980818 -0.154341191 -0.0525144413 0.268730044 0.0104425065 -0.0204058178 -0.0434445068 0.0233289432 -0.107555903 0.225582436 -0.0156033486 0.0241999868 -0.188485816 -0.256119967 -0.0635995641 0.425838321 0.206824943 -0.0320661291 -0.0405985601 0.200186968 -0.220799521 0.233296528 -0.0297515467 0.299072474 0.374315113 0.074892208 0.301528275 0.0178872216 -0.203459531 -0.0659262985 0.176619902 -0.115151048 -0.0257965606 -0.195806831 0.134213135 0.199958146 0.141272098 -0.258518904 0.0212390199 -0.166738942 0.0506758653 0.246384755 0.00452634878 0.133660018 0.158563018 -0.0283811148 0.0139179323 0.288084745 0.165231481 0.129486457 -0.0915652364 0.0994705483 0.0464257598 0.36169678 -0.288054496 0.133405805 -0.141790271 0.0833330154 -0.11553169 0.0414210372 -0.0305994023 -0.074252829 -0.141997218 -0.00895624328 0.0991275981 -0.0938871801 0.0238191672 0.0930825546 -0.106316596 -0.0332543105 0.00542170275 -0.0353375673 0.0380808301 0.00582796428 0.345503956 -0.028701311 -0.080761686 0.0433046967 0.124314882 0.0563743263 -0.0143830832 0.101454824 0.105615653 0.107070304 -0.11338871 0.0280086454 0.146215573 0.0408100151 -0.0293968115 0.16785723 -0.0940828845 0.0380630642 0.109104492 -0.178842783 0.236474171 0.00130344054 0.190023601 -0.0125294914 0.0368310586 -0.0624442101 0.153431922 0.289325714 0.442769676 0.0353511721 -0.0207351521 -0.0300148465 -0.158171043 0.185372785 0.00576054584 0.343279421 0.145995036
0.133109719 -0.0545886047 0.0912334323 0.292378426 -0.0642486587 -0.000891484553 -0.124764837 0.274304509 0.448178709 0.076273337 0.310265213 -0.0729515776 -0.12222138 0.691515505 -0.261322081 0.331473708 -0.193800285 -0.190362155 0.286536515 -0.161174938 0.016602084 0.28184244 0.216932356 -0.100004919 -0.0957243294 0.0629046783 0.179427251 0.174132451 0.0483519062 -0.00423163548 0.195501983 0.186302409 -0.485923469 -0.231809422 0.194753528 0.30375126 0.302155524 0.0787269175 -0.190029696 0.293094009 -0.246068373 -0.150765449 0.108702257 -0.0483435094 0.0807715058 0.161435172 -0.0244921818 -0.040752653 -0.0576974116 -0.0141916052 0.270050555 0.0668732673 0.250748634 0.0839417949 -0.0143224075 -0.158676252 0.237574473 0.00555429887 -0.0384934023 -0.080805108 0.0877425522 0.235071868 0.211622626 0.193164289 0.0123660499 0.0560864024 0.0974100605 0.0484804586 -0.11319799 -0.0741459653 -0.161315814 0.242846504 -0.20064202 0.0504982509 -0.0869974047 0.249784634 0.185537487 0.240599155 0.182808682 0.116549604 -0.0219479501 0.296078771 -0.041419249 0.279265195 0.139777765 0.157474861 -0.265979946 -0.00277928263 0.107603379 0.0835380927 0.144147456 0.0355847739 0.163076729 0.167225882 -0.131706998 0.057468649 -0.0683508515 -0.00593023002 0.0692931861 0.166294411 0.0817273259 0.234147936 0.106495656 -0.00277577946 -0.0173923746 0.335003525 -0.186797589 0.203899443 -0.112903208 0.176928684 0.280384243 -0.1762072 0.016707588 0.0866141841 0.0790539607 0.0816673264 0.542850494 0.104114361 -0.0843210667 -0.127064928 0.145075411 -0.176117852 0.101518609 0.0137063758 0.033323817 0.0275954492 0.0281216856 -0.159473449
0.0682738051 -0.110967413 -0.277874708 0.392819464 0.280202508 -0.0497474894 -0.128947675 0.356020749 0.192087084 0.40376699 0.271445185 -0.0422299057 -0.314286232 0.293241054 0.0126826093 0.577386916 -0.212896764 -0.375934511 0.0851039961 -0.268592447 0.0985840708 0.563053846 0.591945112 -0.300542235 -0.0731137171 0.330329031 -0.00284828153 0.425184131 -0.00303524127 -0.4541471 -0.209104836 0.412839413 -0.759769738 0.0496777482 -0.174487174 0.0261702538 0.764366567 0.332312196 -0.12025176 0.545548439 -0.502072871 0.224013031 0.286851168 -0.224959642 0.0510190949 -0.0198586527 -0.25547576 -0.0379265174 -0.17453891 -0.0258628223 0.241299182 0.104992472 0.259401172 0.245372057 -0.225281283 -0.0124322427 0.225501165 -0.0927456543 -0.192509562 -0.342681944 0.463195711 0.496510208 0.130179167 0.405729741 0.0100097666 0.0179482531 0.415991187 0.0684171021 -0.206137121 0.00909181964 0.0464359596 0.139225215 -0.135838658 -0.395088345 0.00798997562 0.118904218 0.104225144 0.37128973 0.174137309 -0.0372379385 0.00508238142 0.333065987 -0.00774725899 0.40905565 0.232779756 0.30567199 -0.144902483 0.0384977274 0.0511044152 0.0783260539 0.260212004 0.241725802 0.299642771 0.0826254413 0.277750611 0.169417635 -0.0604722276 0.0930846259 0.372057736 0.432462841 0.29943803 0.271362215 0.0766057149 0.202886611 -0.0835235417 0.350331962 0.036718756 -0.172594115 -0.272453368 -0.00473905914 0.248673618 -0.0683180541 0.281208932 0.048847042 -0.0208393224 -0.0521199517 0.514928579 0.674721241 -0.112101026 -0.115882076 0.214980647 -0.364127934 0.371796191 -0.0566680059 -0.0392067321 -0.0932230651 0.358004034 -0.274729908
-0.0656500608 0.273594081 0.074865669 -0.231243238 0.200484991 0.0591638163 0.0849506184 -0.181718245 0.00644871639 -0.0562254637 -0.165039375 0.0757242516 0.278597414 -0.0381547995 0.436201274 -0.0700149536 0.357077092 0.257777482 -0.104519561 0.233496994 -0.0459464043 -0.207435742 -0.207501635 0.25015834 0.272107273 -0.0476435982 0.395706445 -0.142485738 -0.0802380219 0.334425569 0.200484544 0.03615731 0.726004303 0.503514826 -0.0098416023 -0.207977936 0.441415787 0.114725746 0.274464339 -0.0702038929 0.616288006 0.0990017578 0.0266373102 0.278717428 0.0388046056 -0.0762344822 0.159876674 -0.0347846784 0.144241601 -0.0107882572 -0.0233947355 -0.0313651189 -0.0314471908 -0.0875272974 0.271690726 0.127030045 -0.0156897362 0.0812441781 0.200963631 0.0212284885 -0.167759672 -0.212908164 -0.118600644 -0.143482447 0.108767815 0.150012702 -0.0843534991 0.0446681269 0.229584962 0.010547488 0.216572702 0.533604264 0.325993985 0.305590034 0.163129106 0.0344814621 0.0168098006 -0.163826987 -0.00459017605 0.130124778 0.075878568 -0.00121059781 0.269981265 -0.290145367 -0.0165637415 -0.155918777 0.229937002 -0.0068241721 0.0151745686 0.0653856918 -0.194727123 -0.0471119247 -0.160097763 -0.0129616428 0.136186823 0.0742323101 0.0172621347 0.00631607091 -0.0661837757 -0.274996758 -0.0128660109 -0.0263083093 -0.0318608284 0.0278476533 -0.013476043 -0.175654829 0.270634919 -0.0161236748 0.199699357 -0.078590773 -0.112170048 0.421015471 -0.0841032565 0.0748866722 -0.0384650715 -0.0499213412 -0.480586976 -0.177572101 0.251701742 0.31046468 -0.0627232268 0.410021067 0.0784204602 0.153775409 0.133986592 0.236523822 0.168820307 0.32043016
0.0690979287 0.0264191683 -0.0945147276 -0.0246171802 0.0442789197 -0.0862200037 -0.0984705761 0.0237063933 0.046883218 -0.0678279847 -0.0484343618 -0.0611916184 -0.0765827745 -0.0107008759 0.0413466841 -0.00710581802 0.0366316177 -0.0739715472 -0.048577819 -0.068658784 -0.0790850967 0.0686871707 -0.00886668358 -0.0243557915 -0.042618487 0.0662350431 -0.0543230399 -0.0414685719 0.0523810759 0.0439567938 -0.0279188175 -0.033216957 0.0359065086 0.0638219193 0.0196757279 -0.0858880281 0.0766234919 0.0300426353 -0.0494605303 0.0595011711 0.0369019583 -0.012550205 0.0297702886 -0.056701228 -0.0501249805 -0.0609469488 -0.0743818656 -0.0370212682 -0.0334052667 -0.0381030478 -0.0906524137 0.0393438712 0.0528866276 -0.0939199403 -0.0579834133 -0.0406478271 0.00581801869 0.0453011021 0.0412168056 0.0506366231 0.0117679657 0.0520741604 -0.0752211288 -0.02096943 0.0348259546 0.0082698632 -0.0782948211 -0.0402041934 -0.0358627327 0.0293227732 -0.0335540287 -0.0701283216 -0.0410851613 -0.053624969 -0.0376122557 0.0227131378 0.0200100057 0.0346618444 -0.0787202641 -0.0734325573 0.0611088052 -0.0722239092 -0.0814091414 -0.0410004631 0.0332913995 0.0587442219 -0.0102618672 -0.00989512354 0.0257005896 -0.0523382127 -0.0348887257 0.0710589066 -0.0988604873 -0.0322362818 -0.0635230467 -0.00987061765 -0.0113037275 0.0117510334 0.00235635974 0.0373845994 0.0585820638 -0.0190519355 0.0549670532 -0.0582425743 -0.0837643966 0.0159997214 -0.0262339711 -0.0183679387 -0.0276857726 -0.0165132433 -0.0275806729 -0.0392218642 0.072953254 0.00928355381 -0.0574703589 0.0603742674 -0.0126410443 -0.0852130875 -0.00307681249 -0.0892443433 0.044534184 -0.0552878343 -0.0397533625 0.0192522276 -0.0206623767 -0.0768992975 -0.00797109678 0.0155265704
0.260905653 0.0849125162 0.582205176 0.0259839911 -0.342456162 -0.0685559213 0.0262780711 0.00297675934 -0.0444969311 0.032797128 -0.113359578 0.00686129089 0.0191153623 0.171921998 0.0170067232 -0.0997762904 0.0670487732 -0.0230287835 -0.280077279 -0.13705653 0.327390432 0.334127158 0.050089065 -0.217682004 0.109267399 0.0846381783 0.158496261 0.0755022466 0.00403097086 -0.34296608 -0.236937866 0.231116563 0.116223842 -0.0424735583 -0.061230775 0.0844575837 0.338652283 0.121170506 0.061243888 0.159194514 0.0446492024 0.172870189 0.136676818 0.0788493082 -0.0747424811 0.0490564667 -0.114669688 0.244626254 -0.405967653 -0.0146197369 0.201089412 -0.0960337892 -0.602599144 0.0933335498 0.0180567876 -0.00769870169 -0.306405902 0.0722098947 0.159067392 -0.0893898383 0.110500962 0.0755794942 -0.235807315 0.250560373 -0.30573085 0.0460427739 0.229948193 0.00226625171 0.0243370049 0.0693964064 -0.245026916 0.533537328 0.00844103005 -0.18453142 -0.0403410271 -0.377782166 -0.19269827 -0.00235059485 -0.119595043 0.0714525133 0.0779979825 0.0279811602 0.501004696 -0.0884009674 0.0531448498 -0.231812119 -0.242612913 0.0716667548 -0.225906074 -0.0745542943 -0.234428987 0.162215158 -0.194509998 -0.322484314 -0.0274526216 0.150829777 0.0112383766 0.0655150637 -0.412685513 -0.0903187022 0.156559154 0.13006717 -0.0344415121 0.141467288 0.0482360534 0.298170358 0.197909325 -0.375079483 -0.145116091 -0.164530933 0.119872123 0.082866855 0.259764016 0.2479745 0.0179780778 -0.0326206796 -0.381808519 0.111249968 0.0284620356 0.00194195309 0.177192867 -0.123176567 0.30407989 0.132335171 0.078944847 -0.0666432083 -0.0894949436 -0.0702892616
-0.0736347139 0.222337127 -0.662259221 0.0194786321 0.575098991 0.0237211734 0.343708485 -0.404652357 0.172627494 0.242617056 -0.264193565 0.0611761063 0.222571284 -0.169123724 0.308696061 0.13546285 0.339962453 0.222659007 -0.60330528 0.113873526 0.102178521 -0.153903797 -0.00983839296 0.0442861244 0.149710879 0.327553511 -0.0221532881 -0.108305104 -0.409958392 0.0260132439 -0.367509782 -0.0991257206 0.0934771299 0.248314485 -0.343832135 -0.0549758524 0.352950752 -0.421496272 0.372371554 -0.339136928 0.165059775 0.436877668 0.133658752 0.265695393 -0.0708624572 -0.404955685 -0.185912445 -0.0091283815 -0.07801608 -0.0794839337 -0.209527493 -0.178215235 -0.496563852 0.208301976 -0.433179408 0.1558 -0.697576821 0.0624948479 0.343831867 -0.317494541 -0.0209794585 -0.0411964394 -0.589796603 0.0158163551 0.360802472 0.539023459 0.0474547222 -0.0295427367 0.162990451 -0.068368271 0.373348266 0.701603949 0.319386661 -0.137476519 0.203512132 -0.513189316 -0.299693823 0.0350623801 -0.405483574 -0.450384378 -0.00459481031 -0.284900904 -0.546205163 -0.113141447 0.212947577 -0.225769013 0.24653177 0.0166111495 -0.271143556 -0.0135233179 -0.309011608 0.118615605 -0.331278175 -0.317462891 -0.0578474067 0.0145485066 -0.0792867914 0.0502777621 -0.280197769 -0.221809164 0.268017173 -0.200528294 -0.196598858 0.0746484324 0.0377094522 0.025950579 0.172515914 -0.390515804 -0.024693843 -0.0969048068 0.012956012 0.410093814 0.0422694497 0.226122722 -0.0132798674 -0.00936859101 -0.557971597 0.120295182 0.413671732 0.43905279 0.349837989 0.198019415 0.265650421 -0.258035392 0.316462994 0.0113489805 -0.19897376 0.228782088
-0.0188848898 0.0656597838 -0.182454005 -0.105894856 0.100410648 -0.0912536681 -0.0225422885 0.196586639 0.05590377 0.123576142 0.0390524268 0.0595684685 -0.0897414386 -0.23709017 0.108801991 0.073406674 0.00624426827 0.0299636479 -0.0560970716 -0.0997027755 0.0262666307 -0.00151605881 0.127528846 -0.0776111931 0.158802539 0.0917932242 -0.216467142 0.0174151082 -0.0604214929 -0.231998771 -0.16907984 -0.0216315985 -0.0637581199 -0.118500799 -0.179576799 0.0956483856 0.182397589 0.0246205144 -0.0782763362 -0.0729216114 -0.232488632 0.204799742 0.174867839 0.0392405018 0.00129569788 0.0717395619 0.00408259267 0.275729835 0.105710886 0.0139386356 -0.0245699864 0.108911999 -0.0840848461 -0.0340145305 0.188794479 0.0316053107 0.160901397 0.0570193902 -0.0925704166 0.135626256 0.124254756 -0.0105073247 0.0493161082 -2.19390931e-05 0.0308555588 0.00369911897 0.0750763044 0.0115982359 0.0917851329 -0.0263555218 0.0217724573 -0.089097634 -0.252464086 -0.151298791 0.0660922527 0.102340266 0.0326229297 0.0886687487 -0.0991210341 -0.150254652 -0.0445063449 -0.0592703894 -0.280208439 0.189734474 -0.0131133832 -0.0759417191 -0.160499856 -0.0759548172 -0.0345065892 -0.0104789007 -0.0225858893 0.10864649 0.062029209 -0.0887559801 0.119548462 -0.11873433 0.0548082516 0.0675208271 0.0328915715 0.212348163 -0.00073997071 -0.0304003209 -0.119291507 0.0255527012 0.0464008711 0.000888731331 0.00526413601 -0.130759954 0.0133580072 0.0153684886 -0.0896927863 0.0501145981 -0.0275259949 -0.0478949882 -0.0230932813 -0.0097046569 0.00579035748 0.147857875 -0.0927295908 0.1838153 0.0460964032 0.0234114155 -0.127896473 0.177251533 0.064478606 0.0659975559 -0.202209607 0.0288712047
0.150412008 0.0115649048 0.788798213 -0.236884505 -0.215282604 -0.00596115831 0.0884324014 0.127555713 -0.552151799 -0.385524839 0.192977846 -0.072645627 0.0621739514 0.529628932 0.128764823 -0.252162129 -0.134325489 0.261520237 0.170153439 -0.0805398002 -0.0743508935 0.0427639522 0.177510649 0.0398856886 -0.102061071 0.0560105145 -0.168330297 -0.0309199728 0.310353428 0.00119592145 0.254442811 -0.160832718 -0.167700708 0.453710705 0.55754292 0.083129555 -0.238482296 0.00702567818 -0.101824 -0.0475556962 -0.116362758 -0.0589267835 0.0458512641 -0.053574115 0.0387638435 -0.0599949025 0.115592986 0.141311035 0.248807147 -0.0690908432 0.151618063 0.140154794 -0.274946034 -0.250386566 0.315622121 -0.0370651893 0.0085857911 -0.0576378889 -0.0723811164 -0.106096305 -0.0217249785 -0.00762627507 0.115826786 -0.148814023 -0.135264575 -0.184497193 -0.168397918 0.0408061594 -0.00313320383 -0.0027715452 0.163646325 0.253315806 0.0703156516 0.117668055 0.0210083872 0.354913235 0.194111273 0.159589529 0.277131617 0.167386696 0.0335925519 0.0984024629 0.369129211 0.17806904 -0.118444942 0.1564814 0.182285815 0.0222469494 0.1676009 -0.0392377377 0.00752099883 -0.0642824546 0.177211359 0.118802547 0.01218188 -0.0886531398 -0.0616376474 -0.0441815108 -0.156709597 0.113110155 -0.119336918 0.0212866291 -0.048769448 0.0198224168 -0.00332710776 0.160704687 -0.16891633 0.151996166 -0.034926679 0.215488404 0.055243466 -0.192832261 -0.0291949585 -0.0072308071 -0.0467339829 0.0124558806 -0.222672045 -0.109320469 -0.0896431059 -0.10913913 -0.0747996196 -0.0316829719 -0.234642819 0.25686869 -0.067674458 -0.211133435 0.0849703252 -0.0786101744
0.0526825637 -0.0531958789 -0.0792703778 0.211263224 -0.144844159 0.00485488353 -0.000401065714 -0.0114567652 0.580567837 0.131795794 0.0692827702 0.0169077646 0.0879499018 -0.0220263619 0.109012462 -0.141562328 0.0505766906 -0.135246575 0.149290383 0.007700596 0.0960900187 -0.110199004 0.00738267088 -0.000934202108 -0.0773567036 -0.0620526262 0.266739309 -0.0559086725 -0.165126547 0.0477206446 0.12896724 0.00706303818 -0.367074788 -0.26196757 -0.304081738 -0.0170874968 -0.152666092 0.0495959967 0.148543745 0.237087101 -0.0285763703 -0.106855713 0.0224281494 0.00545243174 -0.00982381869 0.431800425 0.158827305 -0.105949335 -0.107204281 -0.012876384 0.151600704 0.0280556139 -0.0485636629 0.0967698991 0.00542326132 0.0633440763 0.158776879 0.0171771888 0.110909946 -0.0613425449 0.0111310668 -0.00826183893 -0.0359860733 0.0744090006 -0.144364238 0.121706262 0.00882086065 0.000372283044 0.00322659197 -0.0675975829 -0.173398614 -0.183398589 -0.197132587 -0.128597423 0.112228967 -0.090802595 -0.0552626215 0.00440398278 -0.168495029 0.111446373 0.0533545315 -0.0126872649 -0.141125053 0.092931889 0.00952939596 0.0752637312 0.0256613754 0.0602979548 0.0786069557 0.0395756997 0.011690991 0.047020521 0.0301203262 0.0727334768 0.0223990306 -0.168102801 0.0448411629 0.0551022291 0.0524018481 -0.0579998419 0.0496782064 0.0211850926 0.229026124 0.0576533973 0.0823847875 -0.226273715 -0.0355673209 -0.0538134985 -0.105080485 -0.0396062061 0.148232207 0.0384134352 -0.0502258651 0.0435886607 -0.0478129275 0.0191677958 0.175235063 -0.0491603501 0.0790449083 -0.104879215 0.129375458 -0.278082937 0.107800134 -0.0389379524 0.132218584 -0.00916556455 0.0169700552 0.0110666053
0.0363729186 -0.0405451916 -0.0320747904 0.0347836614 -0.0361746252 -0.0017997995 -0.0559121594 -0.0330637246 -0.0284378603 -0.0274405181 -0.00704423664 0.0458319895 -0.0642556548 -0.0445003659 -0.019020414 -0.0412111357 -0.0192795973 0.0452146307 0.0608955771 -0.0307484474 0.0396516174 -0.032300625 0.033649683 -0.035686627 -0.00548028387 -0.073936142 -0.0190117992 -0.0424709618 0.0484015346 -0.0227461252 -0.0765940025 0.0248051696 -0.0682475045 0.0659302846 0.00407155696 0.019713033 -0.0445972756 -0.0864943564 0.0501485243 -0.0463905334 0.0648897365 -0.0662510023 -0.020948099 0.0132431518 0.0797801092 -0.0328010134 0.0309684351 0.0608029366 -0.0899214 0.0784843788 0.00461596576 -0.0512184687 0.00232296437 0.0205444191 0.0329221375 -0.0754839852 0.0290520899 0.0418083295 -0.0612184741 0.0164946169 0.0700256377 -0.00630076369 -0.0420535207 -0.0359757692 -0.0911807194 0.0402474292 -0.0249114521 -0.0733660758 -0.0373311155 -0.0681039765 0.0291815437 0.0856848806 -0.0929922163 0.0042460179 -0.0508533381 -0.0509109795 0.00171551702 -0.0619185716 0.0720001012 0.0146809937 -0.000696823001 -0.0128250085 0.0715013891 0.0188264959 -0.0811604559 -0.0152068986 -0.0426662602 -0.0260554105 -0.0572362877 0.04714486 -0.0210498404 0.0784087256 -0.0412704274 -0.0793028176 0.028289346 -0.0675170422 0.0608250424 0.0631659999 -0.0328123197 -0.0264467206 0.0248803459 -0.02310629 -0.0736008063 -0.0714595094 0.0599736199 -0.0249616243 -0.0392526872 -0.021439841 0.0263973437 -0.0129991528 -0.0546096601 -0.00757877855 0.0576520786 -0.088464126 0.0222329739 -0.0224699527 -0.0724384338 -0.00930412859 0.01940348 -0.0139147099 -0.0293073617 -0.0541468859 0.0429747812 -0.0442554466 -0.0878381431 -0.0074321134 0.0623635426 -0.0740060061
0.0734537542 0.0422613248 0.451007038 -0.0366658121 -0.138350412 -0.0496881455 0.0082057137 0.0670829192 0.026691677 -0.318407387 0.040279787 -0.0128943436 0.02708482 -0.217618674 -0.078953281 -0.113987356 -0.116885021 0.107017107 0.104044989 -0.0056338287 -0.0943291411 0.0867995992 0.125921607 0.000429072737 -0.0011515239 0.0628677085 -0.189181611 -0.0448536277 0.233524397 0.158050999 0.154875576 -0.269126415 0.0179985445 -0.0490993112 0.294034988 0.120743461 -0.225821525 0.00212662877 -0.0666716322 -0.0384084843 -0.05409123 -0.0378672816 0.00113345007 0.0505407192 0.0154959541 0.0748900473 0.0929941386 0.134612635 0.0178974811 0.0368172377 0.222225711 0.06455753 -0.190920278 -0.131094649 0.157412186 -0.0733965933 -0.0532367229 0.00795824081 -0.0104227765 0.0133354887 0.0706812516 0.0211092141 0.0360825621 -0.0414878242 -0.393724114 -0.0386771671 0.0504566245 0.00425456138 -0.0199676789 0.0683269426 -0.25120756 -0.118618421 -0.0696095228 0.146716177 -0.01035506 0.204817384 0.0870353803 0.0276106596 0.0133091472 0.14451468 -0.0598891824 -0.275506318 0.192116544 -0.0908172876 -0.21956636 -0.0350721851 -0.0316575319 -0.0619868264 -0.0711952075 -0.0822874233 0.0441377833 -0.0669066235 0.0386675224 -0.100927331 -0.223507106 0.0749472603 -0.0539362393 0.0109769022 -0.0428355671 -0.0592829138 -0.0483717769 0.00699189259 0.109852299 -0.0293231849 0.027340088 0.18841143 0.0604275949 -0.0718917921 -0.052924417 0.128433958 0.0729351416 -0.166401729 0.117264822 0.103700802 0.027353216 0.0225405172 0.223339856 -0.0802361891 -0.128626451 -0.161365315 -0.0684547573 -0.12173932 0.0537559576 0.308233529 -0.0731158257 -0.0563115105 -0.160487205 0.0285519175
-0.0488046445 0.136975124 -0.0162407774 0.193023115 -0.00314457342 -0.0754380673 0.0625632182 -0.0381643288 -0.317433923 0.207923859 -0.0333065018 0.0251567978 -0.152251855 0.203461722 0.0400115885 -0.122211561 -0.0252623651 -0.24230729 -0.0408594795 -0.107069097 0.0235931985 0.036975421 0.00238334155 -0.0873861387 -0.0517000854 0.0385277383 -0.196390361 -0.0340374671 -0.0731006265 -0.281674147 -0.289969921 -0.0450668819 0.251928657 -0.107976928 0.294401407 -0.0754347593 -0.452516347 0.0812060907 -0.0328973792 -0.00613938272 -0.300651819 -0.00654246239 0.216297641 0.0431470871 0.0911202431 0.301351339 -0.0883713812 -0.0539537705 0.114792474 0.024841737 0.102945007 0.0300061684 -0.149855316 0.0912509486 -0.415775746 0.0786508769 0.0324276239 -0.0490249172 0.141616017 -0.288500726 -0.00118472788 0.0513736755 -0.0950028375 0.196049273 0.402226865 0.150384188 0.0668923855 -0.0656668395 -0.0382771455 0.0100993915 -0.189559415 -0.366344392 -0.0108416313 -0.118440881 0.126579493 0.0340179503 -0.0685336217 0.242056936 -0.0772883147 -0.136817783 -0.0772253871 -0.00204948662 -0.243428156 -0.0259238034 0.1158062 0.0436651222 0.191938907 -0.00841072854 0.101221345 -0.0293699186 0.106603831 0.0834951028 -0.0520793907 -0.0465492755 0.167403951 -0.1946747 -0.0317429714 0.0577501357 -0.0157601889 -0.049769789 0.149296671 -0.0482084863 -0.0780182183 0.071905978 -0.0641204789 0.0516099334 0.0966751724 0.0610055104 -0.0580608286 0.0639744177 0.178977981 -0.0199278723 0.180569127 -0.100868583 -0.0741858706 0.037179105 -0.12181703 0.0187433586 0.0520452708 -0.0906439498 0.172033548 -0.095769316 0.07733652 0.00609957194 0.106938854 -0.0455030911 0.0410920382 -0.130963355
0.166902184 0.00236433325 -0.184337944 -0.101107478 -0.555407405 -0.0501976386 0.0359868705 -0.038889613 -0.0857160836 -0.118655778 -0.00674218731 0.00589850126 0.154650182 0.47374928 0.0180355608 -0.191514313 0.0195629839 0.105807632 0.206812322 0.159570381 0.0553986207 -0.0483020842 -0.034393657 -0.0179640017 0.0564714894 -0.0695188418 -0.165039793 0.167070657 0.219755232 0.0606397502 0.0387778543 0.0313915871 0.0170178413 -0.0469002537 0.0991632268 -0.0611031502 -0.113042958 -0.147888035 0.0317271538 0.0179777276 0.221427143 -0.0168625452 -0.013581804 -0.148875877 0.0412651189 0.166981995 0.196581647 0.0219766218 0.114139676 0.0107925907 0.114587799 0.219275877 -0.330806613 -0.000637144549 0.094333604 0.15254046 0.209083334 -0.0219112933 -0.033774171 0.791288376 0.00561702996 -0.0700261667 0.228415489 0.0295043141 0.0248573236 -0.0831245631 0.0425285921 -0.0897418708 0.0083174482 -0.0633043572 0.0447898358 -0.180557176 -0.283511281 0.0576612167 -0.0309542883 0.384657502 0.163274363 0.00481462618 0.0782596394 0.155225351 -0.0893762112 -0.233979419 -0.119165637 -0.0386735201 0.0484037437 0.0980664715 -0.0373737402 0.0420722812 0.218570828 0.0358707197 0.177312136 0.0627009347 0.137914792 0.0365429781 0.154832557 -0.11866083 0.0781599954 0.0943584442 0.0641189516 0.0291388892 -0.155439526 0.054980509 0.0573641695 0.157390147 0.0397748426 -0.0547967292 0.0926667601 0.184284136 0.0424558334 -3.22542328e-05 -0.0404854529 -0.0416661836 -0.181822658 -0.0560614355 0.03168891 0.0287925005 -0.392143786 0.0212359298 0.00201063161 -0.0266111884 -0.183938488 0.0948958695 -0.0675261766 0.0564762354 0.000385789492 -0.225068435 -0.0544900037 0.113167852
-0.0608771928 -0.036941722 -0.279980123 0.325813502 0.0896156728 -0.0523859225 -0.066297926 0.232556224 0.0531906337 0.27761218 0.0846305415 -0.0372546539 -0.00502759172 -0.230804563 -0.0674186423 0.351956874 0.00693492545 -0.0469476283 0.062765725 -0.0270778555 -0.078806445 0.133299977 0.245108902 0.0542972982 0.137508124 0.186987385 -0.248093084 0.259579897 -0.0286311321 0.0605983548 -0.229673937 0.239473045 -0.357900977 -0.0285125207 -0.448998302 0.150685281 -0.00107655767 0.12503843 0.105524898 0.0568842925 -0.211902231 0.0902745724 0.108785033 0.0312447138 -0.0428226851 0.191796035 0.0311265662 -0.210901111 -0.0924792215 -0.0724341124 0.0526319034 -0.236138955 0.269797295 0.0673340857 0.0373610742 0.118489332 0.246577576 0.0721267685 0.0536498688 -0.0983969495 0.289751261 0.345175624 0.144470975 0.250775397 0.227593109 0.00250805309 0.0783308372 0.0664403588 -0.0666976199 0.0555909649 -0.250082463 0.156730726 0.0316158272 0.0923938975 0.162640795 -0.185865045 -0.0578229427 0.103377596 -0.0782731846 0.285848767 0.0504983962 -0.317312121 -0.0470816866 0.358477533 0.0264854655 0.274298251 -0.0170415826 -0.0211735032 0.082613945 0.050553184 0.171527088 -0.0203271005 0.2022212 0.330727488 0.184586287 0.0886638835 -0.0345607661 -0.0597412698 -0.0621189326 0.126365259 0.0503259525 0.174764276 0.155988231 0.0532505773 0.0590863228 -0.239631191 0.076939784 -0.0406604037 0.0681251884 -0.311012805 0.277548671 0.0699843168 0.0596180856 0.0237634666 0.0527640544 0.0732103959 0.289535642 0.277860194 -0.0193758104 -0.0680546388 0.068179369 -0.188345149 0.243461505 -0.00831700489 -0.00114390987 0.133801728 0.163274601 -0.0831770152
0.0732883066 -0.0123400539 0.555370748 0.157306045 -0.205195203 -0.0106792524 -0.103758134 0.157181889 0.37117967 0.128911793 0.10966263 -0.0579604805 -0.237809256 0.631503522 -0.0350072198 0.174636111 -0.116834901 -0.111374944 -0.02702998 -0.275071204 0.0847688019 0.26955238 0.209989101 -0.365594715 0.0651209652 0.19247438 -0.0073358221 0.185347065 0.0266256128 -0.463985473 -0.262437999 0.0477290265 -0.401914746 -0.0120143788 0.0352586918 0.12378265 0.348334879 0.162688315 -0.0813733861 0.147956118 -0.38392216 0.0460592359 0.361765027 -0.0583908372 0.082562156 0.132738426 -0.361640096 0.254902869 -0.230218455 0.0373946577 0.133161455 0.0126012648 -0.140482545 0.160190031 -0.146924824 -0.113140203 -0.120773599 -0.0599703081 0.0188614205 -0.264582008 0.216249198 0.131378561 0.0236907918 0.320335865 -0.0501385145 0.213569149 0.16747199 -0.0756806135 -0.223537415 0.019467134 -0.150788113 0.595353544 -0.129443437 -0.446692079 0.0507524535 -0.114441305 -0.142850906 0.279925376 -0.158116013 -0.217088714 -0.0149464235 0.013406015 0.118587032 0.262233317 0.150553688 0.0267919004 -0.00741661014 -0.00861189235 -0.154801354 -0.079364948 -0.024071455 0.203492016 -0.0782570392 -0.202450156 0.0266682617 -0.00460294215 0.102295801 0.077993311 0.0977520049 0.219432518 0.275456369 0.155503899 -0.144475222 -0.0330806226 0.0647767112 0.312152416 0.0440872461 -0.177871257 -0.29927218 -0.167941526 0.250645995 -0.0783541575 0.212720856 0.130756587 0.0713007674 -0.00235364586 0.136604577 0.0928114504 0.00668667536 0.086851038 0.250375539 -0.221076727 0.247233585 0.177693799 0.175104678 -0.0897082239 0.11093004 -0.193709731
0.0378160626 0.393074244 0.1071437 -0.196764484 0.487031579 0.0540813431 0.203996792 -0.105094895 -0.146867424 -0.163410962 -0.294507593 0.0303891748 0.487207085 -0.0308435131 0.365640372 -0.0663760081 0.410922527 0.438773036 -0.325761795 0.363806576 0.0521644503 -0.284764647 -0.281190395 0.240244195 0.374479055 -0.165287048 0.254039764 -0.211760014 -0.15033707 0.378902823 0.199669316 -0.00400029914 0.995783865 0.753422439 0.357488364 -0.0934199393 0.556745529 -0.0491489097 0.324213386 -0.0845086128 0.811741233 0.267822742 0.0962441117 0.38105914 0.00592734432 -0.256650239 0.244228661 0.0330287777 0.266051352 -0.0127638141 -0.0429432541 0.0949485153 0.222592935 -0.12282037 0.167680576 0.116209522 -0.131539822 0.0637431666 0.308603853 0.0799871609 -0.240766659 -0.229557455 -0.215247139 -0.26625663 0.0961874798 0.0783580616 -0.124875396 0.0189883448 0.359959841 -0.0757500231 0.204958916 0.285629779 0.417673141 0.330272824 0.0138658052 -0.162188694 0.0613268837 -0.19651188 -0.0984478667 -0.135170817 0.0850514844 0.144129768 0.214974791 -0.231853873 0.083969444 -0.279115021 0.265717566 -0.0172609501 -0.0722711906 0.0423654765 -0.247522488 -0.0259442814 -0.312767148 0.047621429 0.113259062 -0.0134070255 0.0156859178 0.0410299823 -0.029385943 -0.205242112 0.132963836 -0.0773835853 -0.100605108 -0.0558136925 0.0771079063 -0.0425103195 0.287284046 -0.125164241 0.38176927 0.223663002 -0.197685987 0.338974476 -0.00425507873 0.110225342 -0.0424319804 -0.0364721417 -0.0776227266 -0.100151792 0.319051713 0.433643848 0.0501129106 0.63049227 -0.0770196319 0.287415326 0.223160848 0.387585729 0.00329733617 0.489090353
-0.0281421393 0.136246473 0.0666271746 -0.0825842842 -0.19180271 -0.0559191369 0.0524308681 0.0366516002 -0.0010201321 -0.150255829 0.070300974 0.0822241232 0.194397345 -0.672024786 0.150904298 -0.076560691 0.0829113349 0.133093357 0.145851031 0.20582357 -0.139502019 -0.176696002 -0.16787532 0.289811164 0.129949227 -0.109944634 0.200651363 -0.178629667 0.00849263463 0.491222203 0.433045387 0.0721864328 0.560472608 0.103165522 0.0270556882 0.154680163 -0.117889233 -0.0794300511 0.113461047 -0.0416955687 0.191877469 -0.149709284 -0.0783915669 0.160560876 0.0494805984 0.103514642 0.242285699 -0.19699271 0.409087151 -0.0216233078 0.0236913562 -0.132913619 0.108094238 -0.0995499343 0.239649028 0.214531913 0.121566489 -0.0558893234 0.0911376402 -0.0471368432 -0.281067014 -0.123938188 0.1282572 -0.113679484 -0.0624936149 -0.0346777886 -0.237814024 -0.00929684285 0.201024234 0.0549667589 -0.0279765595 -0.488781363 0.0243456606 0.402906477 0.0499740764 -0.0247782916 0.222118527 -0.0553979874 0.097877197 0.265501589 0.0459393375 0.110577442 0.756954253 -0.0117884343 0.149396285 0.207053795 0.234278202 -0.0235411115 0.148294449 0.0714402869 0.127473131 -0.141430959 0.0345704369 0.397975147 0.0621062815 0.0682497546 -0.0762637109 0.0279773287 -0.0953926966 -0.0601964407 -0.0261552371 0.134496018 0.132998183 -0.14793396 0.0320701487 -0.353926092 -0.0419705622 0.188663021 0.268867552 0.0693378448 -0.14893198 0.0795446038 -0.0993268266 0.133032903 -0.0757575482 0.062234588 0.553530872 -0.166526482 0.0865974352 -0.0382480994 0.0720766857 0.194314808 -0.0809646547 -0.0345007554 0.0982633904 0.23531872 -0.036001876 0.219783813
0.0016270054 0.0449677594 -0.0116919139 0.0708664507 0.0269029532 -0.0679466277 -0.0728123114 0.0218149871 -0.0723565221 -0.0147786168 -0.0144736627 0.0163098481 0.0605720654 0.0447151773 -0.0714030191 -0.080004625 -0.0907567516 0.0155072929 -0.0405992866 -0.0545334369 -0.0959232971 0.0597678944 0.0695796758 0.0884241164 0.0778389201 0.0387701094 -0.0784404427 -0.0284378063 0.00235051173 -0.0228011552 -0.0804566145 -0.0219825357 -0.0161255691 -0.00662080105 -0.0756629258 -0.073972322 -0.032946799 0.0293411352 0.00968021806 0.0367254317 -0.0799723491 -0.0614566728 -0.0405362993 -0.00904551707 0.0372660086 -0.0157991834 -0.0402878299 -0.0844474882 0.0534131825 -0.0150501328 -0.0179193076 -0.0641019419 0.0332092084 0.0658464581 0.0139203686 0.0103458734 0.00658552255 -0.0336908735 -0.0705919787 -0.0277556758 0.0399789959 0.0709778294 -0.0127538079 -0.0371759869 -0.0158585962 -0.0607735142 0.0736642554 -0.0236326456 0.0775354877 0.072391443 0.00172089844 -0.0172923282 -0.0216666982 0.00254361168 -0.0315499417 -0.0934459791 -0.018646542 -0.0256248936 -0.0194825213 -0.053363584 -0.0837416574 -0.063203916 0.0382341221 -0.0517556369 0.016264163 0.00848697592 0.0249674022 -0.0694604367 0.0631722286 0.0129455701 0.0162596125 0.0166518502 -0.0176637843 -0.0241659805 -0.05473423 0.0134376232 -0.0291879307 -0.0741103217 0.0552538559 0.0256045125 0.0138408868 0.0647829622 -0.0704063997 -0.0346109048 -0.0299645998 -0.0900469869 -0.0966498554 0.0086544212 -0.0637732893 0.021534821 -0.0631678626 -0.0771793649 0.0339627936 0.00895766262 0.0177665669 -0.076224573 0.00886583608 -0.0679371282 0.0546112694 -0.0449648798 -0.0181854777 -0.0478298441 -0.0641104728 -0.0128151486 -0.0564275421 -0.0664692149 0.0480875038 0.0316287801
0.175215974 -0.0149163371 -0.212290883 0.228357434 0.0512546189 0.0429315269 0.0880029723 0.114440136 0.598094046 0.355907023 -0.0504623502 -0.0192201771 -0.136335969 0.147513509 0.130332261 0.30598107 0.281420916 -0.0978771225 -0.19239752 -0.162225485 0.287836403 0.206929088 0.141120955 -0.210005358 0.1106176 0.00248462171 0.162959456 0.0307144225 -0.118035711 -0.241885334 -0.439847887 0.21014376 -0.205563828 -0.0105054826 -0.0621846616 0.164546609 0.274963737 0.170433611 0.225977197 0.333220154 0.133420736 0.372534156 0.413664639 0.135053024 0.0898066685 0.121182762 -0.217621922 0.101479366 -0.370810568 0.0194533356 0.211110935 0.0910263956 0.120661654 0.137610495 -0.162841007 -0.0825080201 -0.212298274 0.00506453728 0.0402065925 -0.162642777 0.121267878 0.164265856 -0.0735807866 0.200296193 0.104352392 -0.0214800127 0.165195972 -0.00552661903 -0.076888077 -0.066312246 0.107864298 0.112747028 0.259753346 -0.40472573 -0.0376724787 -0.216534451 -0.101608917 0.150303066 -0.16438967 -0.11946547 -0.0382530242 0.0337092727 -0.11866086 0.0557553396 0.0542605929 -0.00461495249 -0.0458327867 0.0414191931 -0.156094462 0.0971881151 -0.136346161 0.282839179 -0.120507695 -0.0685433671 0.195718378 0.220782697 -0.000222626521 0.0440742746 0.0152995167 0.0580284037 0.215167776 0.148583665 -0.0440568998 0.134878024 -0.0799578503 0.478420526 0.117940977 -0.170683682 0.00623918325 -0.0901062563 0.187140644 0.128815889 0.281232834 0.219046593 0.0589085892 0.0489675477 0.352633685 0.270976424 0.0558606572 0.400799245 0.226614296 -0.182700858 0.239687309 -0.0402612351 0.0707453862 0.0247435663 0.179942712 0.0398214646
0.159802392 0.0597275905 -0.544819057 -0.0537516624 0.348317653 0.0442245863 0.000117437012 -0.0778273866 -0.754391372 -0.0265641399 9.02608299e-05 0.0664511696 0.156698853 0.195984915 -0.144887432 -0.529024184 -0.00901007093 -0.0318773985 0.204992428 0.246719912 -0.135006413 0.00147850101 -0.0450508744 0.217559695 -0.0529713184 -0.251923651 -0.0472697467 -0.097142078 -0.04137123 0.237508938 0.182365716 -0.0439119972 0.363216847 -0.29826355 -0.0211398043 0.0749608427 0.410018802 0.211763516 -0.0608004443 0.0489524379 0.0462123044 0.0379698426 0.34799701 0.00542461546 0.0548120998 0.172811583 0.268503159 0.176466495 0.257713646 0.0333506092 0.0125714568 0.513516963 -0.185962558 0.000360653474 0.12950401 0.00515901251 0.0888875946 -0.0758792907 -0.0355385058 0.354626328 -0.497765154 -0.720846772 0.00559686031 -0.0240357798 0.305147499 0.0135543114 -0.0592269264 0.0581651255 0.209799394 0.0549303368 -0.408132046 -0.162037671 -0.369716138 0.221335366 0.0465158634 0.209187388 -0.143645182 -0.0374893583 0.0351511687 -0.0760282725 0.0592947677 0.374899834 0.0346975923 0.0764282718 0.111311674 0.19830589 -0.426979691 0.00605802983 -0.00533923693 0.0811667517 0.0063508451 0.246615559 0.108260632 0.229290247 0.472670287 -0.511744559 0.0383609459 0.0808232352 0.0527538285 0.0734546632 0.0977012068 0.0602849163 0.122766018 -0.136084333 -0.0459438264 0.527526379 -0.0511028841 0.250777483 0.29607448 0.0645153522 0.0268425997 -0.190679222 0.0180842765 -0.0902490914 0.056337662 0.0132803991 0.154519647 0.00538006192 0.0641613156 -0.209794059 0.183031932 0.0501929075 -0.0603474565 0.425823957 0.00310000638 0.126013771 -0.434676141 0.262247592
-0.139011815 0.543978751 -0.226044133 -0.0985573828 0.340341508 -0.0161585659 0.29388383 -0.464957684 -0.181014895 -0.129158929 -0.430973649 -0.0569423437 0.417863399 -0.389150769 0.471288532 -0.117580496 0.479165822 0.470762551 -0.348270923 0.410277992 -0.00275981077 -0.417408466 -0.206338748 0.269313931 0.289115816 0.187126249 0.109845869 -0.348502249 -0.299077719 0.487684608 0.296880901 -0.197275609 1.05235994 0.390676349 -0.00131091522 -0.151149735 -0.339081943 -0.318870485 0.369583935 -0.55141139 0.6470204 0.235978305 -0.113879852 0.508428395 0.0685493499 -0.1496782 0.190771967 0.0574062727 0.224220634 0.000852420926 -0.371964991 0.0483995266 -0.500654519 -0.0190081261 0.171428725 0.127718121 -0.149309695 -0.0330977291 0.43703419 -0.0428400747 -0.150953189 -0.0843350291 -0.121420242 -0.24953033 0.431562454 0.399632961 -0.06743256 -0.0407504998 0.374934673 -0.0731639639 0.454411745 0.285005808 0.487740308 0.420302927 0.232880786 -0.115026742 0.0267871749 -0.137583613 -0.155813366 -0.143279299 -0.0226536393 -0.0841526017 -0.144194901 -0.410438389 0.067301333 -0.276464432 0.393459976 0.0762724504 0.12657167 -0.0818888173 -0.221890867 -0.0497651994 -0.284882605 0.0994660482 -0.166466281 0.00570806907 0.100501299 -0.0253886804 -0.0685870126 -0.370370895 0.0456377007 -0.273923278 -0.23373729 0.0771918371 0.0821024552 -0.341510773 0.26131928 0.0721372291 0.425868362 0.0948079899 -0.37149635 0.492703348 -0.0869347602 0.117933691 0.0393387452 0.061252825 -0.322491497 -0.288103014 0.463622659 0.363081217 0.0262827538 0.712651968 -0.0208619256 0.00373004191 0.230571583 0.299127847 -0.217999533 0.366389006
-0.119703136 0.230295807 0.0878167152 -0.00484903622 -0.225891858 -0.0190721452 0.105349854 0.19182758 0.0374438576 -0.139729977 0.346054316 -0.0621736012 0.0461666062 -0.836946845 -0.171597779 0.142502397 -0.182472542 0.368756115 0.256514698 0.220930547 -0.470419794 -0.219795898 -0.15438059 0.325314224 0.0965717807 -0.286463171 -0.121635854 -0.0192599241 0.0573500097 0.608980656 0.670249999 0.029661892 0.319493234 0.0221361816 0.0503403842 0.090104349 -0.350306481 -0.00451917248 -0.0588422194 0.0205677096 -0.107144453 -0.202491775 -0.269739747 -0.0894440338 0.000427054008 0.336004168 0.209875688 -0.186852992 0.264922529 -0.0751282945 0.160294741 -0.0640905127 0.0730624422 -0.040174529 0.425972819 0.163182408 0.174463928 -0.0160534084 -0.0830218941 0.0910563767 -0.301597983 -0.0176465381 0.317670196 -0.295432657 -0.331113458 0.186293975 -0.119307511 -0.0784604698 0.310389459 0.0789190009 -0.289392382 0.186045274 -0.71374172 0.519174635 -0.0425098054 0.300233781 0.264515519 0.107950196 0.205650955 0.294372737 -0.0414719172 0.0178315062 0.591890931 0.0444583036 0.0775633156 0.381782353 -0.46372214 -0.0801544487 0.10668464 -0.0335307047 0.248659417 -0.102905609 0.217786312 0.229576394 -0.0185805187 -0.134983718 -0.096748136 -0.0436105058 -0.33917883 0.0880552158 -0.0927526131 0.196188658 0.227436289 0.0535976738 0.0254643131 -0.312287748 0.0410973504 0.303261638 0.193502381 0.248790339 0.0643494055 -0.027484268 -0.0471758805 0.0325563811 -0.091158025 -0.0420326628 0.713653088 -0.246105656 -0.0321538746 -0.148562565 0.0214952305 0.439612567 -0.135930032 0.110328846 -0.128665373 0.238582909 -0.108830094 0.117750116
0.419476151 -0.051638823 0.671520531 -0.215875685 -0.092701301 0.0413056724 -0.0246721189 -0.128457263 -0.476984888 -0.118432373 0.193890259 -0.0139190666 0.238580689 0.431235045 0.155589089 -0.556656301 0.0279074591 0.072109811 0.154729679 -0.0112849865 0.217211604 -0.175698251 0.00124178082 -0.00524646137 0.127518058 0.045617599 0.0717169344 -0.112842269 0.00733018434 0.0442099273 0.142659888 0.0662507489 0.295435488 0.525754154 0.259817839 0.101641417 -0.235244244 -0.30190587 0.0719107315 -0.436193019 -0.111246459 0.041032847 0.0824233592 -0.0288492292 -0.0767482221 0.311183572 0.102307126 0.474868357 0.22064437 0.0531102754 -0.0287453104 0.208097547 -0.330586284 -0.0894301906 -0.0240393877 0.0561173931 0.0148341274 0.00795911625 0.0819192454 0.444109559 -0.0645436123 -0.0989069417 0.0511151031 -0.163673624 0.223605677 -0.0373562612 0.0694236159 -0.0690596774 0.139470264 0.0815677196 0.140599951 -0.0606135763 0.0366873518 0.093539685 0.23034443 0.124736637 0.203200549 -0.0477615856 0.0787928551 -0.0287263971 0.0776757151 0.0936050564 0.172923476 0.0628018677 0.0755819976 0.118364699 0.321924865 -0.0670141652 0.0684762746 -0.042891223 -0.0338143855 0.0834267661 0.128596023 0.051675763 0.160177007 -0.100977294 0.0527774431 0.0261841305 -0.0558777936 -0.0212466866 0.063868247 0.114195615 -0.104406722 0.0760852471 0.0370022692 -0.21437341 0.273289442 -0.023657538 0.0798598528 0.277287751 -0.00898053963 0.0316479914 -0.0646644235 0.00887577794 -0.0822004527 -0.0496820733 -0.831594467 -0.239960581 0.128511652 -0.107031703 -0.0589019544 0.162388712 -0.110818528 0.140042454 0.107490703 -0.126745135 0.137467071 0.145887703
-0.0699221343 0.0237868205 -0.0879684538 -0.0496480763 -0.00085567066 0.0316820294 -0.0314764306 -0.088675186 0.0278486051 -0.0638205409 0.0275357384 -0.0722587705 -0.0693506822 -0.0103376936 -0.0884912759 0.0243824627 -0.0995220467 -0.068984583 0.038299609 -0.0655810162 0.0371508859 -0.0228508785 0.0541038588 -0.0134132616 -0.0696607903 -0.00440711761 0.0439571217 0.0814576373 -0.0611937717 -0.0810521021 -0.0581029467 0.0172544513 0.0457401909 -0.0669953302 -0.0158261731 -0.00157335587 -0.0185549706 -0.00604354916 -0.0026552123 -0.00247984263 0.0415596291 0.0186520163 -0.0122875115 -0.0954022184 -0.0326925777 0.0403649472 -0.00672543701 0.0146319456 -0.0371552072 0.0432009287 -0.0712028593 0.00239404105 0.0335539766 -0.0236454401 -0.0968519077 0.00951148197 -0.0451487564 0.0708818808 -0.0801351666 0.00302460138 -0.070760265 -0.0357955955 0.047977943 -0.0833535343 -0.0241583064 -0.0992441401 -0.0250869207 -0.0880567729 -0.0757077485 0.0436233766 -0.0895545259 -0.0636472255 -0.0296295993 0.067188561 -0.0739683732 -0.0254182015 -0.0716956705 0.0651737824 0.0102347005 0.0491938516 0.00382313132 -0.0785627887 -0.0371377356 -0.0521541946 0.0660675913 0.0653666556 0.0183936227 0.0792342871 -0.0625017062 -0.0615754798 0.0717548281 0.00440172711 0.0294435509 0.0241096299 0.0031811113 0.0314506888 0.0612921529 -0.0344616435 -0.0908407718 -0.0941568464 0.0246943217 0.000586742884 -0.0974458978 -0.0843100026 0.0763699561 0.0420262553 0.0346533209 0.0227789637 0.0754247159 -0.0360963233 0.00315101095 0.0184415504 0.0718814656 -0.0948177129 0.033661548 0.07401108 0.00336130196 0.0278350282 0.0388356894 0.00690557994 -0.0753371492 -0.0561351441 0.0639582872 -0.060774453 0.000956217293 0.0712503269 0.0480248295 0.0350250155
0.126840055 -0.124360114 0.204822749 0.219758421 0.608007431 -0.0476196595 0.00609585643 0.147759512 -0.593213439 0.018476896 0.0487270802 -0.0695016682 0.0601232238 0.137510791 -0.0413815789 0.11943461 -0.0607427359 0.0100225611 -0.0653962344 0.066792056 -0.0248445496 0.0183604248 0.229273379 0.121606655 0.160093963 0.0857518911 -0.36827302 0.290748745 -0.0550554916 -0.140943155 -0.133474752 0.0889806822 -0.00526134623 0.247486874 -0.107739538 0.100753754 0.610223651 0.113580607 -0.0145022618 -0.252318054 -0.0788057297 0.122070804 -0.0423054695 -0.0578143671 -0.0704760551 -0.0853265524 -0.155124068 0.0581295453 0.10209208 0.00322783296 -0.169935986 -0.115580782 0.0865390375 -0.0619092882 0.06685514 0.144119903 0.260920614 -0.0513666421 0.031706322 0.225836068 0.341835171 0.263168842 0.104578927 0.179343194 0.384759814 -0.136661693 0.13001281 -0.0832578167 -0.0202857181 0.0803915337 -0.163607076 0.16710034 -0.0925424471 -0.00704713864 0.0596188344 -0.00420255866 -0.0941633284 0.175428793 -0.117180824 0.0407671258 0.0534195229 -0.0202386975 0.219866753 0.0874421448 0.00404076837 -0.0667491779 0.0240517948 -0.00294882385 0.0918082446 0.0308631323 -0.0250344817 0.0115363374 -0.0790506676 0.180102527 0.0797681585 -0.23081398 -0.00410173368 0.0904258862 0.00503478246 0.132194623 -0.00430115126 -0.00703549711 -0.156886086 0.00777437584 0.0126169622 -0.26812607 0.118360125 -0.0472579859 -0.0117446501 -0.205982342 0.0455510728 0.0559054054 0.0539847985 0.0843729302 -0.0531256981 0.0693443939 -0.38273868 0.0796907544 0.113378711 -0.0439847037 0.0774722248 0.0219239183 0.13971743 -0.00285484456 0.0427925475 -0.163679704 0.0755534396 -0.121429041
-0.0759712681 -0.0969290957 0.000444476987 0.0373189524 -0.0306971725 0.0843523517 -0.0518906601 -0.0404457264 0.00601812452 0.014558956 -0.0705981329 0.0607712492 0.0208253935 0.00526446616 0.049767606 -0.0915920064 -0.0857447237 -0.0669129565 -0.0384723321 -0.0624340065 -0.0842374489 -0.0666671842 -0.0282223057 0.030656049 0.0298852548 0.0210610367 -0.0709168762 -0.0441954397 -0.0637404397 0.0577533916 0.0482272357 -0.0413750038 0.032912448 -0.096170418 0.00562844845 0.0470060855 -0.0777184367 0.00948932208 -0.0361174829 -0.0388550162 -0.0679800212 0.0248128772 -0.0103131514 0.0485430993 -0.0846832246 -0.084091194 -0.015465525 0.0175795089 0.0343789235 -0.0579350777 -0.0900873914 -0.0317476615 0.00960152596 -0.0102135465 -0.0238725189 0.021340033 0.0454683788 -0.0233592018 0.00286376011 0.034021534 0.0554719493 -0.0677604899 -0.0416034982 0.0529946424 0.0195149668 -0.0504483655 -0.0285058003 0.0253215898 0.0565146655 -0.0655578747 -0.0650168806 -0.0713854432 -0.0966792107 0.0180213377 0.0287312157 -0.0186214 -0.0569222048 -0.00882095285 -0.00974095054 0.0139801772 0.0877360329 -0.0992364809 -0.0925164446 0.0678054541 -0.00707639428 0.00123625982 0.0315180682 0.061515756 -0.044437211 0.0446433984 -0.0568858571 -0.0650520846 0.0127465297 0.0519193076 -0.029289864 -0.0654582158 0.0625965819 -0.0130551681 0.0445860326 0.00290800794 0.0389043279 -0.022432059 0.0542503148 0.0765570402 -0.0852550119 -0.093594633 -0.0857367292 -0.0942622051 0.0145855304 0.0608568452 0.0589651056 -0.0205033943 0.0404161438 -0.0406767689 -0.0844898522 -0.0576977171 0.0148041844 0.0720973611 0.0582211278 -0.0167253911 -0.0925596729 -0.0822615549 -0.0113366544 -0.038795501 0.0299048983 0.0689768419 -0.0550364219 -0.0281504113
0.210201219 0.0268273354 0.0393834673 -0.086451754 0.140119389 0.0360631235 -0.00974070095 -0.0914289504 0.0218738262 0.0633126348 -0.125339761 -0.041127678 0.14296329 -0.0850463584 0.108278193 -0.0474028513 0.198197857 0.0346661955 -0.099078089 -0.0682689399 0.191775143 0.101281174 0.0599204563 -0.122752436 0.100780912 -0.222115874 -0.119390167 -0.0074022105 -0.00808272045 -0.287196398 -0.0672614872 -0.00318950857 0.0686265305 0.0398554206 0.181950137 0.199190572 0.595111668 -0.0259879585 0.0626832843 -0.0129547184 0.129117221 0.156349093 0.287419885 0.0212378427 -0.0601122491 -0.109094322 0.0873610079 0.0199919436 -0.080666706 0.0598673262 0.0875609517 0.00376748084 -0.023544196 0.0169248655 -0.115672268 0.0310571603 0.00292271469 -0.0520509779 0.127343297 -0.255004793 -0.076614067 -0.0222259052 -0.0793655589 -0.00316145062 0.136479855 0.184883878 0.0448553637 -0.049100142 0.0483840108 0.0530181788 0.014614868 -0.280306667 0.0316625461 -0.217819706 0.0225124508 -0.217481047 -0.0496316664 0.113626696 -0.0845160186 -0.00123968744 0.0609392859 0.118418097 -0.279036075 0.0483966433 0.153829768 -0.0788904652 0.0633122101 0.0404710248 -0.00237197685 0.0910191685 0.0614709184 0.212355882 -0.0861515477 0.0318162479 0.209862873 0.0189328827 0.102131918 -0.0832970217 0.103924066 -0.0343462937 0.0617681555 0.0622839704 -0.1169862 0.0866052061 -0.0466674045 0.386308372 0.108010381 -0.0940080658 -0.0397044756 0.0993601531 0.00306242355 0.0251870491 0.0704923719 -0.00217119744 -0.0181013457 0.0532698259 -0.0133571252 0.178899348 0.120106883 0.114501424 0.11821983 -0.0928256139 -0.0118031856 0.061242938 0.201647654 0.0711188316 -0.0229851268 0.147830561
0.071444802 -0.017109666 -0.0933122262 0.0771171078 0.0584090687 0.0471695736 0.0698915198 -0.0731520578 -0.0712043867 -0.0457378142 -0.0629191026 0.0429544374 -0.0796547905 0.051837258 -0.077713415 -0.0414703079 -0.0206991956 -0.0883581936 0.0839319304 -0.0850278139 -0.048323825 -0.0416921377 -0.00849733409 -0.0156993829 0.0710260347 -0.016114641 0.00396116124 0.0818336383 -0.0459083617 -0.0685013309 0.0052325367 -0.00614928128 0.00397374481 0.0095046144 -0.0183556527 -0.0565353222 -0.0454071164 0.0631579906 -0.0129469112 0.0591119342 0.0623559281 -0.0332657993 -0.0951969102 -0.0460181125 0.0218895562 -0.0337552093 0.0584760457 -0.0841651559 -0.0950946212 -0.0689095929 0.0418047234 -0.0614513122 0.0132582821 0.0398561358 -0.0367514789 -0.0917929932 0.0339002274 -0.0107847601 -0.0442027152 -0.0714407191 -0.0913563147 0.0492821485 -0.0691610277 -0.0420396216 0.02767382 0.0549038574 -0.0987646431 -0.0656006187 0.0564495437 -0.027879715 0.0394087359 -0.0218631793 0.0738582984 -0.0667426437 0.0589343309 0.0189189091 -0.0868431553 -0.0470025688 0.00986582879 0.0565177761 -0.0541066267 -0.0332740694 0.0549676903 -0.0147399595 0.0502142087 0.0515614934 -0.0110010263 0.0096962899 -0.00516213104 0.0827961937 -0.0724431127 -0.0512022488 0.0104825441 -0.0751640275 -0.0582417473 -0.0651555434 -0.0106403455 0.0585711673 0.0172774047 0.0341511853 -0.0507777184 0.0325913429 0.0183551572 -0.0770073831 0.0804072842 0.0200987812 0.0539568439 0.028676888 0.0736743733 0.037416026 -0.0257745087 0.0406364948 -0.0542810261 -0.0597616918 -0.0384343714 0.000561110675 0.0867795646 0.0638807863 -0.0279997122 0.00500570657 0.0530538373 -0.0322076418 0.0293045714 -0.0230382625 -0.0113095623 0.0583803393 -0.0999182761 0.0799133107
0.335810512 -0.097179018 -0.417924017 0.138695285 0.331827402 -0.0713941678 -0.00688433647 -0.0548094511 -0.216551483 0.259694189 0.000266568764 -0.00765242847 0.223418474 -0.744241595 -0.241268814 -0.341054738 0.198172137 -0.0424556844 0.0118497172 0.277049959 0.236797854 -0.203186303 0.0121177565 0.122936502 0.0729109719 -0.202467278 0.455987155 0.0425191559 0.026866639 0.0423462242 0.0112904571 0.123364247 0.424406141 -0.0666877851 -0.0752268359 -0.0133359954 0.118581802 -0.133973822 0.206524476 -0.177460924 0.412783295 0.0879954994 0.0615518726 0.206749022 -0.077777952 0.0826413482 0.183148712 0.0749962777 0.118848421 -0.078391999 -0.136014864 0.279565871 0.0751003027 0.0047126594 -0.310300112 0.0733757839 -0.0532308035 0.0292629991 0.220871091 0.0990901142 -0.128917873 -0.198328942 -0.0928864032 -0.036831893 0.339191049 -0.00510903355 -0.127405271 0.0159071535 0.198483258 0.0789143145 -0.173188686 -0.497810125 0.32312566 0.121538132 0.111333676 -0.01731636 0.0720895305 -0.153521389 0.0251053143 -0.000510675658 -0.0422917902 -0.0204988495 -0.365047902 0.17503798 -0.076384753 -0.0763116106 -0.114237003 0.0494833328 0.128480077 0.0623462871 -0.101015739 0.0127030732 0.0610410683 0.192033812 0.0784717351 -0.284196973 0.0827436075 0.0591521114 0.30100739 -0.0163898338 0.0427413918 0.113137335 0.0641097873 0.0593168028 -0.0590056814 -0.336630344 0.046409227 -0.0213597436 0.206535503 0.308265328 -0.0815313756 0.0368057452 -0.189772949 0.0216961354 0.0758219883 0.00915620476 -0.0691199228 0.0551301427 0.194004282 0.0135684833 0.0183849819 0.244711295 -0.109389134 -0.196908742 0.251328021 -0.144712225 0.191290349 0.314567238
0.0116162235 -0.282049507 0.262928128 -0.0683508813 0.488282859 -0.00837338902 -0.0539080091 0.0514975451 -0.11780785 0.121226355 -0.013813654 0.0182700437 -0.102999963 0.120244287 -0.000287048868 0.079690598 0.0100934971 -0.0800471306 0.192711547 -0.180876493 0.205834121 0.121263005 0.323918968 -0.222791359 -0.0394963995 0.157838762 0.0339120813 0.305359215 0.104375549 -0.542328656 -0.373130172 0.125768244 -0.862965167 -0.0776145458 0.179953799 -0.0946865156 0.802280426 -0.208958313 -0.0369551778 0.0270080045 -0.191656381 0.303585023 0.019959975 -0.140923783 -0.0189584065 -0.34641245 -0.166220844 -0.0317613743 -0.0672164857 -0.0220752452 -0.0421490856 0.281583697 0.182243183 0.00981788523 -0.402810842 -0.0779893175 0.0879381597 -0.0244080387 -0.149290711 0.0289424174 0.199916467 0.0601707473 0.0726987273 0.213725314 0.64681977 0.0768831447 0.160175905 -0.0357623994 -0.191219643 0.050174702 0.146596923 0.104106508 0.0886771902 -0.41675961 -0.0974955112 0.0254470799 -0.0158044696 0.0592811257 0.142044082 -0.166098848 -0.014739844 0.0978695229 0.173027471 0.215602815 0.0410218909 0.178717375 0.0327239931 -0.038523946 0.0462241694 -0.0487000942 0.0777745545 0.212249056 0.236305892 0.0197328031 0.00538868876 0.0933576971 -0.0430201553 -0.0186213367 0.44490841 0.184516594 0.0566207655 -0.0470024943 -0.17875874 0.211589396 0.0429726429 0.485024661 0.0678219423 0.127704635 -0.152473807 0.0156058278 -0.130080312 -0.0266519189 0.0956138223 -0.0647032261 0.0741461068 0.0176404715 0.154501483 0.310812771 -0.0396578945 0.0459046587 -0.120534256 -0.10320162 0.0912603661 0.0160784014 -0.0784249008 -0.0817324072 0.298003793 -0.235117212
0.296941966 -0.135252103 0.557600081 0.150012836 -0.0674550161 -0.0565822236 0.0173205119 0.196007133 0.168661952 0.100363001 0.269960165 0.0151668359 -0.0840101987 0.505810618 -0.216162369 0.117461622 -0.203023419 -0.0728897452 0.32785964 -0.143572018 0.334467113 0.253936648 0.37229526 -0.140077233 0.0492434874 0.214124173 0.132652283 0.374379873 0.358112603 -0.306980729 -0.0543110035 -0.0227991473 -0.487840563 -0.198006004 0.34383297 0.0597882271 0.164904729 0.242855713 -0.185086459 0.157695264 -0.444753706 -0.0797874629 -0.102710091 -0.0726318881 -0.0200267192 0.146254182 0.0532013141 0.263281047 0.104609355 0.0330204628 0.174649239 0.185588941 0.0426716395 0.0537080392 -0.0710502937 0.0278999601 0.263475031 -0.0554705001 -0.0832204595 0.41272828 0.29881072 0.214757189 0.241849676 0.373811483 0.113637514 -0.133845165 0.154101878 0.0119197536 0.0103997253 0.0770590976 -0.00451807864 -0.0117578208 -0.236777157 -0.165177718 0.112051629 0.355663478 0.248844981 0.136218414 0.0682830438 0.252776027 -0.0286070388 0.159266293 0.373837441 0.356806368 0.0548251569 0.299464494 -0.179629862 0.0891695693 0.228482917 -0.0618662164 0.304562718 0.180915728 0.341077089 0.0387782231 -0.0144837033 0.0393263809 0.0451011881 -0.073565498 0.104042016 0.3153961 0.0703910589 0.150256708 0.0413538627 0.0953528062 0.056344755 -0.02199753 -0.0898341835 0.233510479 0.0122000612 0.0953775197 0.218346715 -0.250824779 -0.0275021438 0.0484914333 0.0601781458 0.0616980121 -0.0595736504 0.267454773 -0.0739356503 -0.216679931 -0.0820185319 -0.0882706642 0.0823070407 0.150634453 -0.085681431 0.0674135163 0.160153568 -0.138883054
-0.0308706351 0.19764924 0.945024788 -0.212684989 -0.478109241 -0.0227873549 -0.000825376599 0.0953176767 -0.280521452 -0.680333316 -0.0400790907 -0.0223766491 -0.0317305289 0.345597565 0.259754092 -0.0557529144 -0.0923217312 0.201485097 0.0341498069 -0.106199719 0.0627629161 0.199518651 -0.139293924 -0.128757477 0.0016063212 0.0697944164 -0.304538727 0.0204808321 0.20854944 -0.0378863178 -0.0870901942 0.0496309139 0.057744462 0.305698216 0.1245391 0.151092261 -1.08048534 0.456253648 -0.173734725 0.183957219 -0.0657820627 -0.0777786002 -0.107685424 -0.00937301386 -0.0619094074 0.283235848 -0.0812717676 0.176423445 -0.218784332 -0.0480828881 0.241276875 -0.0643637106 -0.343200117 -0.0808856115 0.407369792 -0.00442658784 -0.0232083835 -0.0609730706 -0.0207042713 -0.399593025 0.0410671644 0.266177028 0.0765184015 0.0299585219 -0.296579927 -0.0720878989 -0.0976397693 0.0181156024 -0.0924777314 0.0591472313 -0.251453668 0.939166248 0.181408674 3.45186563e-05 -0.192080006 0.0437980294 -0.00429301243 -0.135963619 -0.076598689 0.268805206 -0.0367422327 0.0910253301 0.485875547 -0.31311813 -0.140946865 -0.151236817 0.219749689 -0.0757176876 -0.220287472 -0.0816313773 -0.0495507643 0.0717042461 -0.0189091209 -0.212348908 0.0795796737 0.190024719 -0.0660122335 0.0336582847 -0.126945183 -0.035028711 0.0960117728 -0.0835823119 0.238290846 0.00748622883 -0.0133984676 0.246996894 -0.0922209769 -0.0657113045 -0.234646946 -0.252387375 0.0279805996 -0.140041023 0.212416291 0.28578189 -0.0116275083 -0.0336229317 0.0652025416 -0.0201162603 -0.123295188 -0.0323007852 -0.0698520318 -0.117808238 -0.00450818939 0.357317477 -0.130194083 -0.0730301812 0.381473988 -0.292441487
0.185703903 0.116075568 0.151078612 0.189483926 0.125422865 -0.0418696441 0.23226659 -0.113473937 0.43525666 0.21988678 -0.0936112404 -0.0534617901 0.238687202 0.305459082 0.0519074574 0.038305223 0.20737429 -0.0135010192 -0.153957069 0.0251744073 0.300926059 0.114352763 -0.0365996584 -0.0421825498 0.113322258 -0.0720377415 0.130422413 -0.0687548444 0.0474306382 -0.099929817 -0.0894105136 0.0476133935 0.160056934 -0.0278767347 0.145268053 0.0714793056 0.356159329 -0.0531641729 0.320483059 0.170647696 0.320206195 0.155277148 0.240446046 0.194459155 -0.032816451 0.0970691741 0.0385869257 0.0036024428 -0.182372808 -0.0824270844 0.313261986 -0.0591425225 0.188259616 0.173270196 -0.367706925 0.267507851 -0.142966211 -0.0139273768 0.325994432 -0.0841439664 0.0443060771 0.182365879 -0.163369596 0.168382853 0.185165882 0.324171275 0.0998139679 0.0824600384 0.157330602 -0.0591115206 0.0214471836 -0.241717219 0.271666348 -0.15386796 0.142223269 -0.220843077 0.0276641492 -0.0698812529 -0.0804986358 0.0437663905 -0.067991592 -0.0155957527 -0.0426047742 -0.132516965 -0.038303405 -0.129318237 0.254406691 0.0352710113 -0.0187796224 0.0072222501 -0.0742649734 0.172108933 -0.114717335 -0.124236904 -0.00701083802 0.140695572 0.000459581061 -0.0548924245 0.0935566351 -0.0467726626 0.172916442 0.139084756 0.16252245 0.0514684841 0.0416341871 0.167300373 0.23640275 -0.205837905 -0.0382974781 0.0220803395 0.203781351 0.0710014105 0.111613393 0.165903583 -0.0126011297 0.0826252773 -0.0235608555 0.165527478 0.391646534 0.113253139 0.160445765 -0.108774371 0.400313228 -0.181805104 0.331679344 0.00597141869 0.125105783 0.109631091
-0.144673422 0.464372903 0.259454399 -0.409795076 -0.235228047 0.0116343722 0.0790703893 0.033648923 -0.813657522 -0.400493473 0.204700887 -0.0383043103 0.131782532 -0.685703754 0.363939494 -0.493816942 -0.0426992737 0.390671998 0.137623742 0.216780588 -0.236698538 -0.0823880509 -0.0614443645 0.272523671 0.0181441344 -0.309987605 -0.281056434 -0.0892013162 0.3392618 0.490923762 0.344130605 -0.17100136 0.588265479 0.615916967 0.415522903 0.134631336 -0.316635221 0.11745853 -0.138293773 -0.222358003 0.0193199478 -0.0666162074 -0.29459399 0.111263461 -0.0267663039 -0.302796841 0.279538572 -0.0130870817 0.273552954 -0.00738301873 0.207739711 0.132865638 -0.202591583 -0.223714799 0.786134601 -0.0806223005 0.217693403 -0.0431839973 -0.0499301851 0.229498327 -0.238207132 -0.147839442 0.0880058482 -0.197689027 -0.306276053 -0.208893597 -0.214869946 0.0432415381 0.213837311 -0.0101033598 -0.147616938 0.0741022453 -0.359471798 0.435817748 0.0230335612 0.366459489 0.237849474 -0.133033186 0.208913475 0.151277676 0.0524927154 0.126756623 0.08423841 -0.0821218416 -0.167327851 0.0530718938 0.0310602691 -0.0222920999 0.0884566158 0.0752117708 0.0269741844 -0.0504890904 0.106533915 0.156417906 -0.225423202 -0.0126219168 -0.0642666221 -0.0712731108 -0.159511074 0.0514299683 -0.0447517186 -0.066703856 0.167935729 -0.0940600187 0.0522675142 0.203267708 -0.07438007 0.166425765 0.136557102 0.207378656 -0.118810706 -0.0687782839 0.06579227 0.276245177 0.0306868255 -0.072635226 0.104531176 -0.180704743 -0.0729984194 0.0752702504 -0.184285656 0.36061579 -0.357558131 0.571129441 -0.17220369 0.0802811906 -0.103437603 0.09863922
0.00567163574 0.018985955 -0.0397904776 0.0559829921 0.0294304416 0.0675617829 -0.0191160534 -0.00762718124 -0.0767247975 -0.0776388422 -0.039887514 0.0137763098 0.0922892615 0.00304269791 0.0755778998 -0.0734107569 -0.0128208958 0.018149728 -0.0437076539 0.0283802375 0.00749953277 -0.0209331643 -0.0193479359 0.0481185466 -0.0861966014 0.0424700193 0.0611727573 -0.00929687917 0.0491570495 -0.0349329188 -0.0843702182 0.0310550667 -0.0506681725 0.0637640879 0.0498099513 -0.01345516 -0.0237865746 -0.0512024201 -0.0125253741 0.00127925456 -0.0684151351 -0.0304172523 0.032513611 -0.00498910761 0.0850139484 -0.0415578745 0.000369585032 -0.0410572179 -0.0477677137 -0.0864945278 -0.0411409885 0.0494527742 0.0558290258 -0.0250507351 0.0406481735 0.019134257 -0.00301878853 -0.0150240138 -0.0511889979 -0.00161216501 -0.0261383653 0.0225293189 -0.0241885837 -0.0830376297 0.0682873204 0.078783907 0.0690760985 0.00771752745 0.034638226 -0.0732868463 0.0690258145 -0.0866079181 -0.0613898598 -0.0373207405 0.0245595016 0.0292837005 0.0132864704 0.0479974672 0.0566638112 -0.0371158347 -0.0854619294 0.0807877555 -0.085422352 0.013312351 -0.0722759664 -0.0679366738 -0.080010891 0.0747993514 -0.0832742155 0.0715793744 -0.0666888654 -0.0561514236 0.0847748145 -0.0101198424 -0.0382523313 -0.0214791913 -0.0708636791 0.019259885 -0.0107221985 0.0649189278 0.0629561543 -0.0402453765 0.06974563 -0.00168751995 -0.00476112962 -0.0866093785 -0.000224789197 0.00366530311 -0.0648423359 -0.0215284303 -0.0396340638 -0.0636707693 -0.0422715917 -0.00580874505 -0.0755319148 -0.0568642728 -0.0294928923 -0.0781416222 0.016037507 -0.0421678163 -0.000730189553 -0.0193106029 -0.0139788939 0.0627435073 -0.0255041793 0.0808131099 -0.0816844404 -0.0800940394
-0.116306759 0.220508844 -0.285360813 -0.17788069 -0.704089463 0.075448364 0.0897525176 -0.110781856 0.90923059 0.0213429164 -0.0967703387 -0.0345896743 0.104355954 -0.0603020452 0.136883199 0.193136528 0.256050527 0.250951946 -0.166771904 0.259482086 -0.188904986 -0.309124559 -0.142099753 0.235879228 0.0880295783 0.3823798 0.0114298416 -0.0655157194 -0.237558037 0.497549057 0.246147126 -0.16594179 0.492278099 -0.118548594 -0.189215004 -0.114068739 -0.0529348217 0.182340264 0.128433079 0.0270336848 0.454663128 0.0341969766 -0.041955553 0.23929435 0.0542586967 0.170730338 0.266445398 -0.0700613111 0.101576999 0.0707275942 -0.0450050347 0.184766978 -0.566190541 -0.0358278677 0.489705205 -0.104817741 -0.0748993605 0.0486334302 -0.0134271989 -0.300785154 -0.076752618 -0.248294219 -0.0991733074 -0.359057903 -0.528578281 0.2938025 -0.0846281201 -0.00338275731 0.231290221 -0.0163107198 0.0953534096 0.568781137 0.264738441 0.349900723 0.0199947245 0.0161220804 0.0836152136 -0.0539660677 -0.061772801 0.0319994725 -0.0016753329 -0.227229193 -0.0023278282 0.00928362831 0.0274230018 -0.113297127 0.260906667 -0.0621923432 -0.0957215428 0.0779005066 -0.141232952 -0.00575737096 -0.104238428 -0.0702602416 -0.0563325994 0.0525502302 -0.00804158207 -0.0175949708 -0.0716911331 -0.166645527 0.00444038585 -0.0774574801 0.0358142629 -0.0216748435 -0.0147977341 0.00181068364 0.0756365135 -0.105133548 0.23496598 0.176436156 -0.0723026097 0.285235077 -0.151402563 0.0264756512 0.0543406606 -0.0478431098 0.287210703 -0.0157392509 0.032174468 0.408357322 -0.031206958 0.363871336 -0.205906749 0.302044779 -0.00131242 -0.0829847157 -0.390478998 0.306625456
-0.185705721 0.120630622 0.388908327 -0.156453937 -0.154131487 -5.26234508e-05 0.00184604235 -0.120402016 -0.0735902712 -0.231331334 -0.215361774 -0.000970657042 0.0456905179 -0.577057004 0.208373591 0.0315016955 0.232926801 0.188686699 -0.179186046 -0.01898399 -0.00265604001 -0.131540388 -0.25696227 -0.0610668696 0.0647889823 0.0720232651 0.163621321 -0.178130716 -0.0523072891 0.135526121 -0.0904057175 0.0444784239 0.285655349 -0.0367540345 -0.208180517 0.14619419 -0.765176892 0.218552738 0.152522102 0.156684607 -0.0462718271 -0.118894041 -0.175054654 0.227660015 -0.0719135106 -0.174552336 -0.0392020717 -0.0151305972 0.0477205031 0.0674770996 -0.0829966813 -0.105463073 -0.187618017 0.195304364 0.321932107 0.14878495 -0.134019375 -0.0342578925 0.180281788 0.00627503404 -0.00467875134 0.0720697045 -0.136986107 -0.0150187416 0.186892495 0.223162398 -0.113245651 -0.0182141066 0.211570889 0.037677072 0.16108866 -0.376037121 0.0986365303 0.109675333 -0.0199912172 -0.0796745941 0.0399001837 -0.0416933186 -0.122507751 0.0754988194 -0.075444594 0.362007976 0.145672619 -0.268911213 0.114161976 -0.151785821 0.216351762 0.0651162937 -0.156079099 0.0668153241 -0.0305178501 -0.00302868499 -0.121905088 -0.0388635881 -0.00825254805 0.190683812 -0.0583774522 0.0537925474 0.0140959118 -0.224367753 0.139008775 -0.271320939 -0.0165932737 -0.0226988774 -0.0708055422 0.441344351 -0.0264157783 0.0663287267 -0.0868090242 0.0113687851 -0.153795451 0.139410987 0.193213269 0.239283636 -0.0601527132 0.0343931839 -0.0701394901 -0.18477267 0.122303657 0.164343938 0.115257859 0.236866817 -0.0977098793 0.178594753 0.071158275 0.143683553 0.173045367 -0.0442672819
-0.0676834881 0.0378706641 -0.0506902859 0.0414807871 0.0787345469 -0.0128602237 -0.0948484764 -0.0875066072 -0.0385093056 -0.103483617 0.0399571173 -0.0226309523 -0.0390935801 -0.0228854567 -0.0495991744 -0.0636181906 0.0393106192 -0.0164674427 0.0223197658 -0.0983813554 -0.0672903135 0.0529767461 -0.0518352129 -0.0418653265 0.0313795991 -0.101929016 -0.0730059594 -0.0419786535 -0.10591536 -0.0384136364 0.0136952726 -0.0467978641 0.0124449283 -0.0822246522 0.00784840342 0.0408214815 -0.0845320225 -0.0581594892 0.0314050876 0.0240964592 -0.0831178576 0.0457315482 0.0659262016 -0.0480019487 -0.00460848864 -0.0233247578 -0.0217263289 -0.034926977 0.00240225205 -0.0231615808 -0.0658350438 -0.0210830625 0.0023667519 -0.026977865 -0.0576590225 -0.13133277 0.040793255 -0.0306939483 -0.0505152866 0.0535949133 0.0350960493 0.0673197284 0.0310074314 -0.0567517206 -0.10257829 0.00299858092 -0.0345551334 0.0186301302 0.00533521408 -0.0744207054 -0.03894208 -0.0773877278 0.0105714453 -0.00401113834 0.029498402 -0.0827556029 -0.0429543518 -0.081070289 0.0447773077 0.056700889 -0.0384435095 0.0739884451 0.0523761138 -0.00542988256 -0.0521869399 0.0482625179 0.0676144212 0.0720912367 0.0374795198 0.0584714264 0.0589132942 -0.0821555778 -0.0286069661 0.0648316443 -0.046834033 0.00293679163 0.069647789 0.031691473 -0.0536945201 -0.0293406267 -0.0950512961 0.0299353581 -0.0939646512 -0.0590996109 0.076865986 -0.0882010311 0.0731579363 -0.00595527748 -0.0503171347 -0.0547866113 -0.0419404842 0.0778350532 -0.0654204637 -0.0894676223 -0.0684659928 0.066996403 0.0254140403 -0.0795279443 0.0018215318 0.0478760079 -0.0410079621 -0.0221970249 -0.0245155171 -0.063532643 -0.110015005 -0.0269070733 0.0405282602 -0.00678452058
0.129937083 -0.0466025695 -0.528431714 0.0879451036 0.173444405 0.039194826 -0.0290508587 0.14285709 -0.110715419 0.193394125 -0.0185268335 0.0905466899 -0.122700609 -0.0339432359 -0.0375973769 0.388710678 0.064825967 0.00833103433 -0.132033646 0.00199968554 0.148289368 0.146604568 0.128209427 -0.00472298404 0.100214645 -0.0263392515 -0.078525804 0.19202587 -0.0494381785 -0.219820797 -0.316088885 0.315483779 -0.00197842391 0.103137948 -0.126809463 0.0353979357 0.482995063 0.0958815143 -0.00151925487 0.113486886 0.231581986 0.370051622 0.159951791 0.0808279514 -0.0266438499 -0.102650441 -0.0666803122 0.013946604 -0.221715912 0.0463357344 0.0685242265 -0.120526351 0.391909957 0.112007082 -0.222341746 0.0347646438 0.0546275415 0.0241005719 0.022757411 0.127521649 0.150836065 0.144173905 -0.0750902668 0.169627443 0.132426322 0.0169582069 0.141016722 -0.0636491477 -0.169055432 -0.0105476445 0.026296882 -0.0451269299 0.169415668 -0.0889276639 -0.0294839852 -0.298002481 -0.167495459 0.095340848 0.0287292618 -0.115860887 -0.0602642559 -0.0062171882 0.0280687958 0.0491660498 0.0504533947 -0.0728830099 -0.221946195 0.00110783626 -0.0147770215 0.051053565 0.00508888252 -0.0333035588 -0.147671759 -0.00960789062 0.233880475 0.0707905367 0.000252025784 -0.00820941292 0.220746815 0.0560102463 0.0776775181 0.145434201 -0.123720028 0.0435769372 0.00249141292 0.0986135229 0.0227470994 -0.166215017 -0.0409765653 -0.222497985 0.0815905258 0.128846973 0.0195080563 0.0919472501 0.0725259781 -0.00199247897 0.111106172 0.282171249 -0.0674787015 0.151440516 0.174754366 0.0589712188 0.306131601 -0.306758463 0.0549544916 0.0550300255 -0.0849434063 -0.0541221611
0.190896437 -0.197773769 0.485311061 0.14719218 -0.337576509 0.0796930641 -0.125791013 0.210651755 0.163304463 -0.0761830807 0.21988219 0.0525686108 0.00918619521 0.349314064 -0.192274347 -0.117049992 -0.0815972164 -0.138927594 0.316876918 0.0514114797 0.026817577 -0.0919564143 0.0524258725 -0.0441458933 0.00393245183 -0.0278744027 0.00535925291 0.249474838 0.28623414 0.146326825 0.226742774 0.0258071702 -0.213653043 -0.38461259 0.10617432 0.0930287689 -0.52051568 -0.0624230504 -0.198420644 0.0709617659 -0.384967029 -0.111591712 0.154545471 -0.0713493302 0.0377179906 0.421444625 0.138421714 0.0576277338 0.214513749 0.0768571347 0.10112872 0.156136945 -0.188897967 -0.0358608663 0.125915378 0.00833867956 0.050042931 -0.0709560439 0.0184999686 0.330788285 0.0707695857 -0.029190613 0.304249585 0.0746329352 0.107056871 -0.0284037422 0.0914187357 -0.041345261 0.16015853 -0.0768989697 -0.153183386 -0.368176401 -0.307703197 0.166010946 -0.0455063581 0.335892886 0.241346896 0.0913548917 0.128405735 0.126166105 -0.0472957008 0.191803649 -0.0225932654 0.303203225 -0.0532739535 0.248058245 -0.0593212023 0.0781366453 0.192147866 0.0551892556 0.283206463 0.129246488 0.386557192 0.184236646 0.0361762382 -0.0827679038 0.0238139052 0.07773754 0.0197909418 0.207108051 -0.126110911 0.136899918 0.0496713966 0.144081593 0.00658106478 -0.153222665 -0.025441587 0.273878217 0.134145558 0.172501445 0.0551483072 -0.185451031 -0.0323568918 -0.195633084 0.0710580125 0.0297528952 0.0555538088 0.0418722518 -0.0184313133 -0.23546797 0.013751273 0.0142695662 -0.0946018696 -0.0396156684 0.0281193405 -0.223669305 0.0777770206 -0.0329937004
0.152384162 0.0975376591 -0.204929769 -0.112200968 -1.04023027 0.083311677 -0.104214326 -0.00748448772 0.246875346 -0.209832251 -0.112139575 0.0275817886 0.0824388191 -0.0614392012 -0.0292629916 0.00210373593 0.0873873532 0.0545475706 -0.180661827 -0.038655702 0.156475589 0.0176418144 -0.048494935 -0.19995147 0.0653063953 0.0730257556 0.364944935 -0.0758314729 0.0643702894 -0.0732627958 -0.0377009697 -0.0480037928 0.086529538 -0.28039211 -0.101716064 0.0350297727 0.332317859 0.142274007 0.0147005226 0.0787378773 0.131442949 -0.053999003 0.0332962126 0.028411597 0.0545976013 0.124639638 -0.0104390308 0.132654399 -0.100212365 0.0643945485 -0.131766871 0.168799639 -0.453849465 0.0187477339 0.334259689 -0.0420818068 -0.223168269 0.0527343042 0.0888380408 0.43473801 -0.0456938706 0.03200344 -0.104083374 -0.00430913968 -0.806215167 0.232271209 0.160169885 -0.00534942048 0.017442476 0.031879019 -0.237033948 0.410468996 -0.272463411 -0.0915907919 -0.0520893335 -0.0400594138 -0.0807393715 -0.0406009294 -0.125754073 0.0879724175 0.0506694578 -0.0179856494 0.125793397 -0.142025456 0.118940853 -0.15890713 -0.0370229892 0.0585559644 0.045756612 -0.0248354115 -0.148205563 -0.00132036605 -0.0457765236 -0.084595412 0.0303329434 0.151680261 -0.0388413481 0.0324758589 0.0693932995 -0.0998861566 0.025226146 -0.00333730597 0.0932436138 0.144567788 0.0254102163 -0.0341634527 -0.0802466348 -0.0926850364 -0.159715086 -0.0852757096 1.93580381e-05 0.125944585 -0.0512114204 0.0507503487 0.016098557 0.0524115041 -0.0415532552 0.103552662 -0.0400785916 0.0852851942 -0.0630268902 -0.0661488101 0.046569854 0.253492743 -0.0211690404 0.116648205 -0.343323499 0.0256727524
0.128790051 -0.471453786 0.305362493 -0.131032199 0.699611545 -0.0430949405 -0.228487715 0.20398742 -0.0237948373 0.0327006914 0.169116646 0.020140484 -0.227447763 0.144045293 -0.146412224 0.137563989 -0.347583473 0.0180445891 0.131748408 -0.0848197043 -0.00979015976 0.123951197 0.283438861 -0.125751749 0.0420740806 0.000658773293 -0.0400737897 0.286070108 0.103744812 -0.214514494 -0.0253385995 0.0476526134 -0.800960958 -0.185634136 0.39429903 -0.116721898 0.529783428 -0.350085646 -0.338071883 -0.151400909 0.0912622288 0.0562725887 -0.15380536 -0.299910665 -0.025422236 -0.354889303 0.1094447 -0.00945622101 -0.0741985738 0.0124619305 -0.0314893126 0.177441314 0.385886103 -0.139071077 -0.176176757 -0.265657306 0.193242043 -0.0284515992 -0.42579633 0.361554146 0.0907793045 0.244765028 0.129450515 0.137615904 0.268336177 -0.0455531441 0.134142637 0.0271980315 -0.109051906 0.0600524023 0.115591921 0.41240415 0.0904145092 -0.106932327 -0.134983912 0.245876193 0.0851406157 -0.00873325765 0.179672629 0.0355604663 -0.0229019448 -0.0235050134 -0.457993925 0.199632913 -0.0855975747 0.047490634 -0.140648723 -0.0340809412 0.246707395 -0.075331077 0.137031764 -0.072975181 0.157021284 0.0178845506 -0.0514170378 0.0547554716 0.0330645405 -0.0414822251 0.215958655 0.223178104 -0.0336300693 -0.00942221098 -0.231516421 0.108310722 -0.0335672349 -0.327718556 -0.123033442 0.00990623329 -0.0632616431 0.0712892041 -0.045063965 -0.0551901087 -0.271696508 -0.22200565 0.00573033094 -0.0262276456 -0.4473252 0.142612323 -0.298196375 -0.142270491 -0.106569938 0.0542312711 -0.054556068 -0.00759461662 -0.361269861 -0.243561462 -0.14949128 -0.262230664
-0.010403093 -0.0245815702 0.0438930169 0.0234205797 -0.0137831792 0.0292000026 -0.0559284464 -0.0903898925 0.0041057542 -0.0147688854 0.0434898026 0.0349290967 -0.0329578333 -0.0625588894 -0.0651963204 -0.0894963443 -0.0102788033 -0.108083181 -0.0377792008 0.033404205 0.0138332546 -0.0947845429 -0.00412405049 -0.0443248749 -0.0297837425 0.0276708677 -0.0423232839 -0.0910431668 -0.097535789 -0.0790924951 -0.0607062988 -0.0242961533 0.01477917 -0.0183847919 -0.10910628 -0.0963959843 0.0249147732 -0.0138025042 -0.0390282236 -0.00249684788 0.00692603039 -0.0695606321 0.0303970948 -0.0885315165 0.0604222864 -0.0171251558 -0.0272711758 -0.0637148842 0.0293436404 -0.0689126998 0.0243671257 -0.0668768287 -0.0284372382 -0.0486254729 0.00108115433 -0.0515922792 0.0246926099 0.0851612464 -0.025829019 -0.0072597675 0.0222244635 0.0468384735 -0.1159297 -0.0630924404 -0.0333680883 -0.0884642228 -0.0521497503 0.0831348673 -0.0554522872 -0.0676549152 -0.0473842844 -0.0206733253 -0.10007713 0.0103584118 0.0413770303 -0.059389472 -0.0277063809 0.016133517 -0.0276255906 -0.0954679474 -0.0854144096 -0.0860568807 0.0445779264 -0.102261662 0.0106429039 -0.0685794875 0.0512988642 0.0237817615 -0.0182938706 -0.0212335587 -0.088394247 -0.0741658509 -0.0546869524 0.046830859 -0.0916413292 0.0828016922 -0.0630914792 0.0706443414 -0.0620712489 0.0795138553 -0.0542948507 -0.105198137 -0.017089108 -0.0543259382 -0.0311839357 0.0216144808 -0.0531083606 0.00303662405 -0.115037397 -0.0390657075 -0.021599682 -0.0363469198 -0.0643100664 -0.034901306 0.00414229929 0.0321095437 -0.0586144552 -0.0326313451 0.000485391356 0.00576403597 -0.0661394447 -0.0169042461 0.00815767329 -0.074095495 -0.0233206842 -0.0474335067 -0.0792928711 -0.0510968789
0.247254476 -0.326305389 0.456077904 0.320763886 0.0341611691 0.0329008028 -0.155769587 0.450824559 0.155048013 0.386808097 0.284174472 0.0633229539 -0.247649625 0.457851708 -0.440471888 0.418805897 -0.203544378 -0.306735247 0.3649005 -0.246466801 0.352772534 0.509631336 0.38325271 -0.217972785 -0.135617658 0.194921568 0.45337078 0.465569288 0.234192014 -0.340905249 -0.177225739 0.357192308 -0.667243063 -0.431277484 -0.117374212 0.121520132 0.330018938 0.200654522 -0.20144631 0.428254306 -0.454580605 0.0237381235 0.0677857697 -0.236352518 -0.0189227723 0.17037718 -0.0816368237 0.0777033716 -0.0291493367 -0.0702687427 0.21261695 0.279999137 0.597022355 0.230170354 -0.233799353 -0.0599633977 0.358817726 0.0707115158 -0.287267059 0.175644204 0.391495526 0.429779738 0.366732389 0.435649782 -0.00914669782 -0.0729702488 0.448947966 0.0188933536 -0.127714857 0.0683543533 -0.121002533 0.108020991 -0.166035667 -0.170448095 -0.126027793 0.272233933 0.126266822 0.520584166 0.368226379 0.178979307 0.0348534659 0.391163111 0.133349299 0.505606472 0.270178139 0.365696996 -0.35708335 -0.0899870098 0.102121376 0.0741853118 0.444929957 0.168249667 0.323553354 0.118767723 0.0339535661 0.22612229 -0.0233611818 0.0120136272 0.145183161 0.552252412 0.15070875 0.302533984 0.10804145 0.221264377 0.0423170552 0.232859701 -0.155372277 0.184896976 -0.183037758 0.18869175 0.315483063 -0.234776288 0.168992385 0.0162625406 -0.0193701275 -0.0187883973 0.342292547 0.542898536 -0.335654795 -0.318483621 0.0967245474 -0.304550946 0.168949515 0.0486066081 -0.0783659145 -0.0816048086 0.560309231 -0.321107179
0.0468175933 -0.257163167 0.259989679 0.189483464 0.130733162 0.000154443842 -0.0250814948 0.148256585 0.0708283857 0.0655947253 0.161236137 -0.0886846259 -0.0398539342 0.0958928689 -0.03314602 -0.0127288857 0.0262540374 -0.0172528774 0.248673156 -0.0577395782 0.0766031742 0.102303259 0.223768473 0.0364040136 0.0655041039 0.15139541 -0.0184160285 0.138908491 0.0737353265 -0.065702565 -0.144989803 0.0293155536 -0.349992394 -0.0289407112 -0.0401941277 0.0139223589 0.0113267582 0.172901839 0.0244869571 -0.0286390334 -0.343700618 -0.0909629688 0.0857020095 0.0412232056 -0.00551781524 0.0298701171 0.00616529956 -0.00675237179 0.106618598 0.0187385064 -0.149468392 0.117291793 -0.163031965 0.0380579978 0.000267376658 0.0794676766 0.28257522 0.0533043817 0.0508553497 -0.185703099 0.262116611 0.291640252 0.145960912 0.160078168 0.200242147 0.0883311033 -0.016025966 -0.0450585745 0.0444964096 0.0249704476 -0.127431333 0.00539191207 -0.0630500019 -0.0151247652 0.124322943 0.067885749 0.0719452947 -0.00481527857 0.0147207472 -0.0729694739 -0.0278412905 0.0346265435 0.0651570782 0.283103794 -0.121118605 0.15499723 0.0472610891 -0.00174237287 -0.0330187753 0.0840431973 0.0961904824 -0.0117577761 0.167619199 0.0314735882 0.103969507 -0.0852516294 -0.0610292442 0.0253133904 -0.0146510908 0.178493291 0.0940345153 -0.0544236861 -0.188778281 -0.071646452 0.0707067028 -0.14454782 -0.110080309 0.0448017865 -0.0985669866 -0.0109891146 0.0840081051 -0.064673163 -0.00277793012 -0.0832348168 0.0865329877 0.0844102278 -0.20621255 0.0356452055 -0.00975665357 -0.0774566457 -0.0106787253 -0.126169264 -0.0699642152 0.337530553 0.0944871455 -0.138950884 0.263164461 -0.0679100975
0.00223693904 -0.0570817329 -0.0842516199 0.00152273476 -0.0785421208 -0.0666195899 -0.0676515773 0.0142170871 -0.00767498044 -0.0791484341 -0.0409397446 0.0165778585 -0.0872276053 0.0384905301 -0.0967578664 -0.0665781945 -0.00289250561 -0.0302679464 -0.0845273808 -0.106263757 -0.00885366835 0.0323596671 -0.0770725682 0.00940193143 -0.0721855611 -0.0435294323 0.0436231382 0.00887436233 0.0535232723 0.0739099309 0.0613733605 0.0485241152 0.0355732925 -0.051267501 0.0455063358 0.0507196747 -0.0187618807 -0.0459868312 0.0272175334 -0.0133096389 -0.079470709 -0.06206939 0.0362265222 0.0559199117 -0.000391696027 0.0599343181 -0.0980225727 -0.0674253181 0.0683453903 0.0174150392 0.0223451536 -0.0092487596 -0.0832035393 0.0787940547 -0.0497101694 0.0605165996 0.0539949536 -0.00279714167 0.0409345552 -0.0354475453 -0.055651594 -0.099320367 -0.0699951649 -0.0145553183 -0.0747818947 -0.0632438213 0.0255370531 -0.0895081684 0.00801835954 0.0388013981 -0.0639683902 -0.0866852701 0.0376183279 -0.0463741869 0.0419574119 -0.0156269297 -0.0527223237 -0.082762748 0.0244923327 0.0407677628 0.0570880249 0.0264923684 0.00652139587 0.0704574883 -0.0363096967 0.0432678275 0.0765999332 -0.00937447697 0.0174778625 -0.0117793558 0.0396705009 0.0629135296 0.0285045188 -0.058574114 0.0170799587 -0.105479211 -0.0114450511 0.0289980732 0.00428874698 -0.0923131481 -0.000648906745 -0.0558826476 -0.0922737941 0.0567335971 0.00978920422 -0.0978772938 -0.0298621152 -0.0854118168 -0.0706817731 -0.078653425 0.00953232963 -0.00716973282 -0.0608695298 0.00169903098 -0.0570043586 -0.0293227099 0.0351462439 -0.0481027253 -0.0156339053 -0.0846420527 -0.0673376471 -0.0164448265 0.0373139232 -0.0838778093 -0.0963816643 -0.0388715751 0.00416098395 0.0270174425
0.0306780785 -0.00921105593 -0.0795366764 0.013892591 -0.0114508122 0.0106872842 0.00804284215 -0.0824788809 -0.0767830089 0.0609937236 -0.0210490599 -0.02523195 0.00346889347 -0.0746928453 -0.00193683803 0.0464676842 0.0289221033 -0.0690416172 0.0276201814 0.0557364896 0.0582353994 -0.0339557566 -0.0287518948 -0.0572235361 0.0358567461 0.0615448579 -0.0570736378 0.0367682204 0.0253027454 0.00571619719 0.0693018511 -0.0119997263 -0.0211073384 -0.0603348464 0.0721014068 0.0460001752 0.0747702196 -0.0469188392 -0.0114997849 0.0187718719 -0.0850633681 -0.085379146 -0.0382426679 -0.0547810383 0.0834818408 0.0707974359 -0.0418180935 -0.0789382234 -0.0821480006 -0.00590126216 -0.0711741075 -0.0492700562 0.0307096168 -0.0343372896 -0.042212218 -0.0142119899 0.080491595 0.0471868142 0.0136614069 0.0588622466 -0.01774019 -0.0222606137 -0.0104036853 -0.00271888077 -0.0307767987 0.0591960475 0.0443119332 0.0872199014 -0.0846162364 -0.076473169 -0.0442304723 0.00172930956 0.0165132582 0.0507558212 -0.0786994696 -0.0547982343 0.0535174832 -0.0128174797 -0.0693156943 -0.0758061707 0.082997866 -0.0036342591 0.0552592054 -0.0769634023 -0.00492618978 0.0236527547 -0.069395788 0.019968681 -0.0706362873 -0.085712865 0.00217046589 0.0549965426 0.000346690416 -0.0224348828 0.0476171151 0.0569746271 -0.00435621291 0.0429145768 -0.0474750958 -0.0737011805 0.00782107562 -0.0482118428 0.0474024191 -0.017363362 -0.0140060484 -0.0572335757 -0.0128821284 0.0160886869 0.0505819246 -0.0473927073 -0.0197813585 -0.0535260849 -0.00875133276 -0.0235951766 0.0365343839 0.00443191081 0.0435816124 0.0491044149 -0.0863045827 0.0229359269 -0.0192578211 -0.00306989998 0.00155684352 0.0683783963 -0.016689457 -0.0852732807 0.0158887506 -0.0221421868
0.132217139 -0.183719769 0.121382117 0.344032496 0.325459689 -0.0851602629 -0.0678834915 0.589337885 0.200743526 0.304966986 0.37746349 -0.0109725781 -0.209977895 0.161331609 -0.289726794 0.444968551 -0.199855208 -0.317144066 0.267752945 -0.119610108 -0.0348233879 0.298918664 0.231910035 -0.0725390762 -0.16289708 0.222463384 -0.00352605199 0.267826974 0.128304854 -0.162648857 0.154176578 0.373094499 -0.572138369 -0.135388479 -0.216439828 0.305790752 0.00262151123 0.293680996 -0.148023367 0.381440371 -0.274529755 -0.123076409 -0.0879532546 -0.00862818304 0.0179513693 0.16247569 -0.0589096174 -0.0360042602 0.0232356843 -0.0454458483 0.165547356 0.207345352 0.684175253 0.251797587 0.235247508 -0.147784412 0.362950802 -0.0517319366 -0.131695151 -0.0582534187 0.274062634 0.42894119 0.317540497 0.220809191 0.348186821 0.0362929963 0.11560946 -0.00792798493 -0.171728849 0.0232713856 -0.284688801 0.0124858962 -0.235587686 0.0780484453 -0.140097767 0.192308247 0.196256101 0.304160833 0.386223823 0.232762843 -0.0605260618 0.358591706 0.188996941 0.50074029 0.222104102 0.40599978 -0.234609723 -0.0693586022 0.203268453 0.0181665365 0.366400778 -0.106550336 0.382959068 0.167812407 -0.0434511006 0.190158188 -0.0276713669 -0.057609845 -0.00501477346 0.443095922 0.215000868 0.416857123 0.334484011 0.00529554812 -0.0949333906 0.257885516 -0.270530313 0.194026276 -0.0811034888 0.14997983 0.22947824 -0.166353181 0.211804226 0.115880355 0.0364681222 -0.0688129291 0.393515378 0.20441483 -0.16702421 -0.230927631 0.18918705 -0.293148607 0.0520779639 0.0284342859 -0.109963894 0.0495171174 0.1934174 -0.223876059
0.0797911361 0.170531631 0.779355586 0.131168172 0.655549824 -0.0508951098 0.122080758 -0.027651269 -0.0792659819 -0.071283929 -0.0259643514 -0.0491649248 0.121469282 -0.444154769 0.0235799309 0.0545254759 0.18764326 0.0211527981 -0.248308733 -0.106857911 0.126269788 -0.057311032 0.0720125884 -0.15938127 0.161333814 0.108248696 0.160163313 0.0493936092 -0.276811808 -0.0957214385 -0.0863732174 0.0324862525 0.248134494 -0.0549292751 -0.0877804831 0.10104575 0.245190278 0.173673213 0.0880218446 -0.111000761 0.01863092 0.132433414 0.0631529763 0.196490377 -0.0329195857 0.173574463 -0.1367836 -0.0376581661 -0.0377134569 0.0536581017 -0.147135869 -0.107569866 0.243533596 0.0917066708 0.0165367536 0.141353488 -0.142766789 0.0163274612 0.199457347 -0.399841696 -0.0179196801 0.189445034 -0.318726271 0.0556562543 0.118666045 0.126626417 0.107933372 -0.0761030018 0.0842692703 -0.0193232931 -0.211427644 0.229705051 0.270762742 0.0371756293 0.144575775 -0.465846568 -0.217532426 -0.0142362136 -0.219889089 0.00620123092 0.0526373759 0.015456696 0.602570832 0.116040014 -0.0584277622 -0.161534056 0.113538787 -0.050501056 -0.107949145 0.0797134936 -0.139225021 -0.00318447337 -0.339902222 -0.0169728789 0.121325612 0.156756803 -0.0482892171 0.0503783971 -0.0603416413 -0.111238755 0.0359825492 -0.0907332525 -0.107529357 -0.0934962928 -0.0500421301 0.0128062386 0.0644932091 -0.306530625 -0.206334442 -0.0552506708 0.0501531921 0.0606731996 0.146599829 0.0438403189 0.0417107344 -0.0234906003 0.363911271 -0.0283142868 0.185502008 0.0367317721 0.213664949 -0.0344072431 0.264316231 0.318061531 0.224459499 0.0544305108 0.243975759 -0.126049951
0.161696151 0.00227988139 0.214503616 -0.116132081 0.288031965 0.0829396993 0.0315618031 -0.255052418 -0.0149744311 -0.000963787315 -0.441308439 -0.0365072601 0.0398483239 -0.17571874 0.00801329501 -0.169663116 0.0736798793 -0.138025939 -0.154624209 0.0887500197 0.172744974 0.156432316 -0.111081198 -0.113782555 0.0199767519 -0.190407872 0.166948482 -0.158141479 -0.183311358 -0.25359273 -0.132175565 0.091292277 0.171261668 -0.116211906 0.248167217 0.148736641 0.475276113 -0.125686541 0.158979654 0.034476649 0.210011974 0.0438757241 -0.0116225937 0.172086045 -0.0127121042 -0.451380819 -0.134742275 0.23997438 0.0430662408 0.0783698559 -0.105495214 0.068095997 0.312662244 0.112734243 -0.158376843 -0.0825616419 -0.156321973 -0.0524084754 -0.00818035752 -0.27546531 -0.0664052591 0.0111140357 -0.564687371 -0.0544514284 0.17525579 0.243580192 0.0125814918 0.0814945847 0.0680547655 0.0371869057 0.151796594 -0.158191636 0.32041046 -0.163905218 -0.13006039 -0.372939229 -0.235276878 -0.117900424 0.0528936088 -0.177572474 -0.0354862139 0.164429039 0.105547935 -0.230674341 0.022384597 -0.543903053 -0.00765762432 0.0188145116 -0.224036694 0.0286681522 -0.416944534 0.0679324046 -0.372095585 -0.119872689 0.062962532 0.153560922 0.0638887808 -0.0107799703 0.36135307 -0.278402656 -0.00591863832 -0.0626407787 -0.164017856 -0.0836332887 0.00125857757 0.365778506 0.0176898856 -0.103320472 0.0342409462 0.0238539018 -0.184260368 0.0367151089 0.230367735 0.185028419 -0.0277109966 -0.0441116616 -0.0447516851 0.0282091275 0.122401394 0.152814299 -0.0913439468 -0.0209477562 0.0753178075 0.044595249 0.130423531 0.140381962 0.285643607 0.0506214388
0.211753383 0.482399493 -0.0956363007 0.0289479941 -0.57022965 0.0139664188 0.298418075 -0.46434468 -0.23806949 0.148378775 -0.573737741 -0.0540141799 0.241212845 -0.236085579 0.442275643 0.187676921 0.387592077 0.262762487 -0.58124882 0.118577734 0.50588131 0.0813436732 -0.111225463 0.00117516425 0.347350746 0.260444045 0.112853438 -0.0539850034 -0.307157606 -0.199447423 -0.21327208 -0.0986943543 0.549113095 0.458343059 0.102324896 -0.00831657276 0.373769313 -0.177481264 0.359047055 -0.245514587 0.600734293 0.552847624 0.232551426 0.314257562 0.0679899827 -0.141165704 -0.0881789103 0.356114477 -0.0768940151 0.00330819539 -0.0792081356 -0.224029124 -0.784800947 0.277228802 -0.463750839 0.256661564 -0.467171669 0.0428038351 0.333918631 0.168348879 0.181377545 -0.109651215 -0.670157313 0.0934782848 -0.378271252 0.397631615 0.229461268 -0.0533220507 0.166642264 -0.0789733753 0.482240051 0.111401975 0.535254359 -0.173398405 0.286510468 -0.567200959 -0.30931741 0.050245706 -0.300630063 -0.191962764 0.0156939197 -0.329139501 0.220744744 -0.398571759 0.159269333 -0.479694277 0.50063169 0.0652577356 -0.270199835 0.00233805622 -0.310498357 0.337456822 -0.470927805 -0.361864388 -0.0342031196 0.510376036 -0.0400040299 0.0581844896 -0.103532225 -0.558553398 0.387875587 -0.0102162948 -0.0917421579 0.196593851 0.085011445 0.270014882 0.359230518 -0.331053972 0.0320820212 -0.115591623 -0.0166061334 0.475358814 0.371226311 0.436667442 0.0644882396 0.0373784527 -0.3923949 0.332972646 0.342317492 0.466999412 0.239094749 0.36336872 0.375728637 -0.223261029 0.364433557 0.124398112 -0.146081433 0.178355768
0.172444865 0.0367832817 0.13817431 0.298902392 -0.176215261 0.0388281532 -0.0912077725 0.29261297 0.0879324824 0.432083368 0.172110841 -0.0637092516 -0.192128614 0.548353791 0.0155950263 0.145234004 -0.0544662364 -0.217927396 0.109444238 -0.175829634 0.313828617 0.514398038 0.439465582 -0.195463985 -0.067347765 0.283722192 -0.188810974 0.428068995 0.0735032856 -0.449630648 -0.29787904 0.406340271 -0.45279339 0.0565424971 -0.0869059637 0.164612308 0.422298908 0.42037937 -0.130619332 0.265769362 -0.342281938 0.187306032 0.360274553 0.00232091616 -0.00523894653 0.033553414 -0.124836788 0.00593239814 -0.143982545 -0.031216003 0.206227049 0.0563722216 -0.139335841 0.284807116 -0.160260081 -0.030435089 0.0872022659 0.0536511093 -0.105011888 -0.548821449 0.597422898 0.573994756 0.15360266 0.44079718 -0.0887672603 0.0559831858 0.356146485 0.0535075739 -0.0530916005 0.0372531749 0.0883027241 0.132031381 -0.00452717952 -0.345645815 0.0309453849 0.207028106 0.0018909981 0.286100537 0.0984731913 0.0501265302 -0.000507133198 0.117947206 -0.213908255 0.243646741 0.103841484 0.0799133331 0.178091854 0.0363988094 -0.0228764173 -0.0584937409 0.123148985 0.154125839 0.108391106 -0.0667309314 0.250453383 0.190848812 -0.0668434948 0.046090316 0.188074321 0.496253312 0.348567724 0.0967391655 0.0940425023 0.224552795 -0.0049473471 0.301292419 0.0901877433 0.0218521208 -0.185115784 0.00100085558 0.355862081 -0.148910552 0.402782977 0.225937843 -0.058445137 0.0255706534 -0.000321171712 0.582546473 -0.0642893612 0.0014807136 0.184135616 -0.289780676 0.363386273 -0.0524685234 0.0476529971 -0.185640946 0.160024375 -0.136781663
0.171120226 0.125232011 -0.543124795 -0.220533893 -0.124324344 0.0439086147 -0.107501298 0.266141772 -0.14922604 -0.00877664797 0.000940095459 -0.0468015224 -0.08545205 -0.00500909658 -0.0651399195 -0.00240392657 -0.165985793 0.106084026 -0.0426992998 -0.129179493 0.0459396839 0.106053658 0.053039927 -0.00484403223 0.0538485236 0.0778351054 -0.222488329 0.0015931495 -0.0727155805 -0.105574459 -0.0207409691 0.149351761 0.271714568 0.140497327 0.00110072247 0.164658412 0.172141671 0.025394246 -0.110865012 -0.0698557496 0.0757180303 0.142342061 0.256801814 -0.18477498 -0.0468440503 -0.0700076595 0.0113457423 0.107890457 -0.0232832804 -0.0632127747 0.139504328 0.0913667753 0.0521518551 -0.163468286 0.14260155 -0.21238187 0.167684153 -0.0803505033 -0.165094405 0.53150779 0.111177735 0.0135202622 0.0800274611 0.0221014097 0.000573340571 -0.253431171 -0.00761486636 0.0875604376 0.0315950774 0.0834751353 0.120337509 -0.261434674 -0.134939909 -0.0885686353 -0.312467575 0.0258513913 0.00623433804 0.082198903 0.134389579 -0.118403859 0.0464130342 0.110668138 -0.0333431289 0.0663980246 0.0552879535 -0.064870216 -0.0091238413 -0.068983987 0.0352022089 0.0214232914 0.0611206293 -0.0757284239 -0.159041509 0.0565434694 0.129621193 0.00458161533 -0.0578407086 0.054741811 -0.0574220829 0.209672064 -0.0894289017 0.0575013086 -0.2086045 -0.0938024148 -0.04437235 -0.0370824561 0.00916414801 0.0926593319 0.0479966402 0.0667204335 -0.0393320471 0.065338321 -0.134507015 -0.0417089537 -0.00713813584 -0.0599615611 -0.195305437 0.026065249 -0.0818610191 0.00247310428 -0.0369039103 0.223823607 0.0148479398 -0.167351276 -0.122338086 -0.32908842 -0.277052075 -0.0119256265
-0.0772358179 -0.0964064598 -0.0592481121 0.0190339927 -0.0739907548 -0.0143068731 -0.00143542083 -0.0761129931 -0.0476002805 0.00847168732 -0.0154905543 -0.0495434403 -0.00537856668 -0.0805831328 -0.039305795 0.0102368481 0.0598122813 0.0314369798 -0.0772068352 0.0494975969 0.0380848423 -0.0486526601 0.0586686768 0.065014191 -0.016204359 -0.0380249955 0.00908844545 -0.0433534794 0.0176121071 -0.0550102741 -0.0703812391 -0.0942647085 0.020660609 -0.0709623992 -0.0453469604 0.0721052736 0.0569901019 0.0592178106 -0.0968668684 -0.0544384122 0.0635969639 0.00506828493 -0.0290589705 0.0258864854 -0.0764854848 -0.00935405772 -0.0683477446 -0.0934706777 0.00651542842 -0.0590355136 -0.0881297067 -0.00981592666 0.0364700258 -0.00235867221 -0.057821244 -0.0774874911 0.0402810089 0.00741915405 -0.0392006971 -0.0417990237 0.0437102169 -0.0554636568 -0.0417469032 0.0561458878 0.0662832707 0.0447693244 0.0433144383 -0.0340246744 0.0320027471 -0.048507411 -0.0400434509 -0.0735581964 -0.0950138792 0.0354176052 -0.0456538908 0.0179063957 -0.0792695284 0.0620795712 0.0591372252 -0.0122647043 0.0157173723 0.0430885293 0.00159209524 -0.0711876452 0.0162345152 0.0289053563 0.039452754 0.0117017906 0.0272686686 0.0262396596 -0.0406774506 -0.0470839702 -0.0523406714 -0.0739107653 -0.0587992482 0.0676333085 -0.0874634162 0.071424216 -0.0425401889 0.0535489395 0.0161921866 -0.0809129775 -0.0284773838 -0.0932754576 0.0183448717 -0.0457206741 0.0666542724 0.0307527222 0.0138883097 -0.0609687567 -0.0188558064 -0.073200129 0.0378517285 -0.056982398 0.0616820194 -0.0383796245 -0.0224787965 0.0499837101 -0.0567374229 0.0127589013 0.0394803435 -0.054440137 -0.0275723934 0.0251293033 0.0327832401 -0.0544472598 0.0427277833 -0.0629830956
-0.0319715627 0.0107215494 -0.0142567111 0.000432848668 -0.0187740922 -0.0171822608 0.00521941157 0.0130433589 0.0241983645 -0.0492695495 -0.0920118541 0.0718494877 -0.0659507662 0.0735865682 0.0418849364 0.0195523966 -0.0413370281 -0.0372112729 -0.0140754031 -0.0677450821 -0.068227753 0.0288891848 -0.0468456782 -0.0596101582 -0.0551447868 -0.060578268 -0.0544923469 0.0301084239 -0.0231733043 -0.0345827602 -0.0761683434 0.055913642 -0.0183950942 -0.0543239005 -0.0395144187 0.00263686432 -0.0708179697 -0.0349823087 -0.00275381422 0.0126098543 -0.0236318968 -0.022747729 0.0628811792 -0.0136900861 -0.0412194058 0.0593008883 -0.00229899562 -0.0703725889 0.00835819915 -0.0721844956 0.026562456 -0.0453412905 0.00338094798 -0.0459637716 0.0349505171 -0.0664793774 -0.0539746471 -0.00465402007 -0.0901476145 -0.101417169 -0.041386418 0.0180108398 -0.0974491164 0.0327717178 -0.0059902966 0.0790768638 -0.0282586589 -0.0674568638 0.044367563 -0.068831414 -0.057916481 -0.0208811685 -0.0785697773 -0.0193134025 0.0272055119 -0.0691272393 -0.00963547919 0.0242160149 0.0370128118 -0.0395243801 0.0837359056 0.0243319198 -0.0312754475 -0.0247122739 -0.0846285671 -0.00320112985 -0.0500626564 0.0246983767 0.0363807492 -0.0474809855 -0.0379584245 -0.066226393 -0.0523106754 0.0671390966 -0.0996969789 0.0482841097 -0.0534663834 0.0603702739 -0.0498175807 0.01873523 0.024715228 0.0216596983 0.0182632636 0.0397431478 0.00110834837 -0.027404692 -0.0261161663 0.0184474625 -0.0138766123 -0.0788740292 -0.0485718809 -0.0478348359 -0.100405343 -0.0204417538 -0.0302508585 -0.0564855337 0.0346573479 0.0617789961 0.00262213475 -0.0621022731 0.0464351811 0.00801114272 -0.0633220375 -0.0130549064 0.00639671972 0.0311250705 -0.0732529014 0.006657138
0.199884444 -0.085901618 -0.316290468 0.118567377 -0.591445982 -0.0618716888 0.0175548326 0.331632972 0.438481212 0.203295007 0.142790765 -0.036079023 -0.0750149339 0.681485415 -0.0640711114 0.232920155 -0.144698694 -0.0581987984 0.231150687 -0.0552048162 0.0688941628 0.328604519 0.0810838193 0.0143921785 -0.0235216618 0.340430975 -0.290441811 0.210112333 0.199370533 -0.0731178895 -0.0367601886 0.156346649 -0.312041909 -0.0914903507 0.0600753576 0.134407192 -0.115027979 0.111773744 -0.183302134 0.187031388 -0.491069019 0.0212059878 0.025830226 -0.164521128 -0.0506267771 0.210991755 -0.0844728649 0.15975976 0.0579938889 -0.0309934895 0.320780247 0.123714238 -0.0336554758 0.0234257672 0.0813715756 -0.0784276426 0.212989792 -0.0148719056 -0.161155969 0.568736613 0.22084488 0.323293865 0.258306921 0.278478146 -0.18347922 0.0626731664 0.0888221487 0.0563551039 0.00903145131 -0.0674929768 0.0251098238 -0.215217561 -0.366188228 -0.0326522216 0.00550769223 0.319668233 0.167684227 0.20518963 0.101172328 0.221961513 -0.0323260128 0.0343505777 -0.109118536 0.278081715 0.134958625 0.312384367 -0.148241282 0.0018491972 0.127829552 -0.0132084899 0.285573959 0.145530134 0.349361211 -0.0257236678 0.122623704 0.173900709 -0.0832228735 0.0672731996 -0.0120339291 0.456264079 0.0642209873 0.247163624 0.277367711 0.195776537 -0.0850127116 -0.0140155759 -0.00842715707 0.214758933 0.0302246213 -0.107788146 0.332907379 -0.1368047 0.022765426 0.0468756221 0.0501040407 0.0199302882 0.0657649785 0.318465918 -0.105329946 -0.0654142126 0.0817581266 -0.184789196 0.0925310403 -0.0425456651 -0.0473060794 -0.00107557536 -0.0580706745 -0.112292625
-0.0556067415 -0.217596069 0.338495314 -0.0365114585 0.0965535343 0.0282474533 -0.139994502 0.434198201 0.439831257 -0.12724641 0.432576537 0.0866248906 -0.174807519 -0.116880432 -0.150584832 0.0760345533 -0.266557246 0.129069135 0.46613276 0.0702616945 -0.165417612 0.0524107404 0.155004531 0.261502266 -0.0470374785 -0.142566249 -0.0121871969 0.081512928 0.391333431 0.244558319 0.336913824 0.0114010293 -0.342870295 -0.103662916 -0.0484691821 0.230130315 0.0655772462 0.101126112 -0.324912131 0.0911926106 -0.147763401 -0.218397096 -0.294953227 -0.149820372 -0.0409306288 0.0959043577 0.192388609 -0.0924152881 0.156525597 -0.0726651698 0.118493296 0.453974903 0.19399932 -0.0950876325 0.751949966 -0.193868011 0.472367525 0.0268966109 -0.211265013 0.275926739 0.224378124 0.109081261 0.522606671 0.140040949 0.0123555614 -0.319487095 0.11519789 -0.0914169773 0.0858733878 -0.00788855832 -0.0624561347 -0.13247405 -0.296972752 0.207484111 -0.246267915 0.720654488 0.350428343 0.0735855997 0.316767991 0.521691859 0.0688995048 0.42368409 0.200762033 0.180818602 0.111468308 0.429602444 -0.274740428 0.0469860546 0.179692775 -0.0503510088 0.44910574 -0.129799321 0.500792265 0.215940788 -0.0319238417 0.104217164 0.0544996597 -0.056289345 0.122380257 0.288918257 -0.181695074 0.102832742 0.188768804 0.0240055658 0.0317799076 0.147098258 -0.384159327 0.445671707 0.127369121 0.192873865 0.0202189274 -0.296703309 0.0110139959 -0.0211064219 0.00388835557 -0.0699296594 0.76787132 0.0282301456 -0.426209509 -0.173688978 -0.29218024 0.234800458 -0.290437102 0.428495646 -0.34744221 -0.0187208317 0.202002227 0.0504869744
0.107496053 -0.045710016 0.12293718 0.137766853 -0.240045637 0.0700063184 -0.125903174 0.137916371 0.0759535208 -0.115307786 0.145982221 -0.0812056363 -0.0194505509 0.0488956571 -0.0848651454 -0.0403548181 -0.193643093 -0.0171569493 0.279561967 0.133037671 -0.0627198368 -0.0148489391 0.0946898907 0.150072977 -0.0272101741 -0.0461636595 -0.166925728 0.119473681 0.298422128 0.211612955 0.358738095 0.123743154 -0.168782234 -0.428570151 -0.0477168486 0.0136072822 -0.515985012 0.0741999969 -0.115092576 0.185616836 -0.260553062 -0.00962004717 -0.0290183779 -0.188988999 0.0324103609 0.155426219 0.173830479 0.0645682812 0.17835702 0.0283633657 -0.0315760113 0.121765368 -0.0567200519 0.070102267 0.310900688 0.0108660338 0.253220916 -0.0356189869 -0.071507737 0.239616886 0.186290786 0.0252588373 0.260245174 0.134186462 0.0782795623 0.0379139073 0.102326982 -0.0222711731 0.165694639 -0.0408538245 -0.100571752 -0.412347168 -0.447055876 0.318636835 0.0673657581 0.319144875 0.196212113 0.0418891013 0.219726607 0.225541189 0.0520452 0.127022371 0.0346889161 0.218164295 0.129194871 0.360372365 -0.222429499 0.0506101772 0.27114895 -0.0786569938 0.287483871 0.0696701929 0.257532179 0.189719081 -0.0188856181 -0.0767800659 -0.0759190097 -0.070498921 0.0398981124 0.221761405 -0.0639196038 0.0328901373 0.0670514107 0.159244105 0.0600462444 -0.0757583752 0.00651364261 0.361516893 0.160095647 0.0250112955 -0.0283284355 -0.0700360835 0.0291511789 -0.045131959 0.0105149047 0.0623205379 0.239862278 -0.0167518724 -0.0327559672 -0.191384137 -0.0747979283 0.121163659 0.0760640278 0.000686863204 -0.124255493 0.0698372945 0.104265109 -0.110825814
-0.0853382275 0.0188995041 -0.0303067397 0.0277720038 -0.0436393991 -0.0571022667 -0.0580525957 0.012559006 0.0528536327 -0.100315683 -0.0338003673 0.0717387125 0.0243246853 -0.111418307 0.019184608 0.0652435794 -0.048706118 0.0327615887 -0.123507336 -0.0424434505 -0.0706754178 -0.104281582 -0.0345394872 -0.0342488177 -0.0676031932 -0.0807641372 -0.0463844612 0.0893665403 0.0299998242 -0.0152861578 -0.0976940766 0.0329159088 -0.000457387214 -0.103712484 0.00630062632 -0.0823078007 0.00932063349 -0.0151596237 -0.0615430735 0.0451178476 -0.0348059461 -0.120920323 0.0298600942 0.00453758473 0.061676126 -0.0532922298 -0.117513485 -0.0206716489 -0.0228677392 -0.0538990423 -0.0403469801 -0.00378214289 -0.0516229831 -0.0124225961 -0.085774675 -0.0467806943 -0.0821114928 -0.0290732123 0.00157925778 0.0393480547 -0.0145590818 0.0061983075 -0.000268170668 0.106963538 0.0247983504 -0.0263619293 -0.0107374489 0.0187244862 0.0524855815 -0.021634547 -0.0441738293 -0.0981822684 0.0338622667 -0.0257241838 -0.0680304915 0.0317973234 0.0308368597 0.110012993 0.0297101159 -0.0430281535 -0.00451270491 0.0280519966 -0.101761714 0.0142960083 -0.0423710532 0.0528781153 -0.0533495359 -0.0153567437 0.0644114614 0.00285326084 0.0250578485 0.0187997837 -0.0629134551 -0.015150018 -0.0977291465 -0.059676826 -0.0219534878 -0.0315762386 -0.118486352 -0.0278761126 -0.000981958932 0.0818065181 0.0801650137 -0.0913611799 0.00578001142 0.00389556633 -0.107556641 -0.0130637446 -0.104885682 -0.10163334 -0.00182982127 -0.0392951332 -0.00321309408 -0.0312875509 0.00320865214 -0.0815564767 -0.0764821321 -0.00798101258 0.00138326373 -0.00309505174 -0.0420610122 -0.00979257841 -0.0800559372 -0.0949750468 0.00367648876 0.0275073443 -0.0286813769 -0.0158840027
-0.00963562075 0.0960892364 -0.195687443 -0.150927588 -0.0803782865 -0.0287262574 -0.0705050528 0.0345077999 -1.00302804 -0.276060879 0.172020718 0.07667467 0.272452384 -1.20484149 -0.440778822 -0.27391091 -0.120174631 0.306937516 0.196511924 0.359711438 -0.0807869658 -0.104974113 -0.061412219 0.260384381 0.215179101 -0.32159695 -0.146240979 -0.053012535 0.132240385 0.532207549 0.549861312 -0.0897317752 0.492052048 0.36835745 0.0859995261 0.322945744 -0.30005306 -0.132052287 -0.0400832891 -0.2098483 0.0196623094 -0.0828474984 -0.259676129 0.118167177 -0.057139948 -0.236481279 0.259264559 -0.0460098088 0.432507157 -0.0316386148 -0.131711036 0.0796375349 -0.058710061 -0.318882167 0.263809502 -0.169391051 0.0795071796 0.00560759753 0.0193827134 0.215825245 -0.212997139 -0.0980976373 0.224113122 -0.155417919 -0.0371730104 -0.143484741 -0.0549968593 0.0803016275 0.304085881 -0.0717750266 -0.125954032 -0.149491936 -0.227054805 0.573334515 0.0271577109 0.206442639 0.190159738 -0.055335287 0.236343101 0.123280786 -0.0601787046 -0.0274796523 -0.492626786 0.0991211385 -0.131060794 0.120541349 -1.03532481 0.0450652242 0.229894146 -0.00138765678 0.137369648 -0.100586638 0.0432918519 0.243736595 -0.174271405 -0.182199419 0.0729092658 -0.0176113639 0.0901848227 0.0596520863 -0.0704257116 0.06285014 0.183789626 -0.0855032504 0.0401188023 -0.248294652 -0.0486184806 0.278214395 0.279513001 0.28661418 -0.0898057967 -0.16667895 -0.179425105 0.127641857 -0.0884360299 -0.0249321759 0.06892813 -0.169198662 -0.051362738 -0.219145209 -0.24498795 0.293209076 -0.348153055 0.264231592 -0.0758360624 -0.139220104 -0.172287598 0.247299805
-0.0388626382 -0.0229494851 -0.345881432 0.147598177 0.0530457646 -0.0637019277 -0.0341505222 0.0553208031 0.51860112 0.151092455 0.0408847295 0.0417830236 -0.18767032 0.0069775735 -0.050520055 0.255973369 0.0289221928 -0.236706421 0.046959158 -0.054560598 0.113654889 0.15764071 0.0267080441 -0.00749648316 -0.0561274476 0.0334820896 0.118789226 0.13782002 -0.00474550715 -0.218899965 -0.282895565 0.179849207 -0.645728409 -0.192133784 -0.0551559143 0.0258200075 0.313909322 0.16530858 0.0147723258 0.280311584 0.0878194124 0.0664644465 0.00829351693 0.0140779205 0.0693666413 0.095421657 -0.061162062 -0.200553551 -0.235041827 -0.0109260958 0.215366542 -0.0602456145 0.0332446024 0.116435178 -0.182042986 0.0738559514 0.137123451 0.0808189362 -0.0991140157 -0.260079056 0.158020496 0.0499268733 -0.0670461506 0.234469429 0.104903556 0.0980632827 0.185210973 0.0934845433 -0.101211838 -0.0218206421 -0.0632641166 0.164449662 -0.0385346748 -0.229670584 0.0717699379 -0.0167999323 -0.115459777 0.1373972 -0.0755956471 0.146291301 -0.0306184981 -0.0921895877 -0.291979432 0.00088246481 0.0761660039 0.0664180145 0.0905234739 0.0221026149 -0.0534293912 -0.0676443353 0.00110652833 -0.0562351979 0.0609110296 0.0491634719 0.0113186715 -0.0242999326 -0.0510824732 0.0717419162 0.0707130656 0.10509418 0.158421531 0.114357121 0.123043083 0.168685228 0.057986591 -0.00769808376 -0.094244495 -0.0230937172 -0.154906973 -0.0889819115 0.138292238 -0.0222349409 0.177434996 0.00101086032 0.0569568202 0.0486018732 0.418062449 0.0690857098 0.0176818036 0.110978328 0.104413263 -0.287816316 0.154369488 -0.148590133 0.100197203 0.218704104 0.0549987406 -0.164150059
0.189470991 0.19703047 0.072719641 0.228952274 0.261405855 -0.0550672673 0.215683803 -0.0681749955 0.233540684 0.170770198 -0.107633479 -0.0161254629 0.140638083 -0.419495106 0.260305554 0.0175757669 0.123158753 -0.0749532655 -0.165845722 0.0044589485 0.385150105 0.149685219 0.143173635 -0.110286973 0.116618589 -0.0719092414 0.214303792 0.0806468278 -0.125552297 -0.206137478 -0.288509548 0.165736303 0.0959483385 -0.092244409 0.00462776562 0.00112366036 0.387873381 -0.0364120565 0.214374259 0.153419152 0.133660167 0.215203151 0.17217581 0.20304215 -0.0560312867 0.281720161 0.00205185683 0.0162734836 -0.213519767 0.0565389879 0.150845528 0.0178705994 0.193313256 0.140874743 -0.193985403 0.216874838 -0.227218091 0.0346198827 0.0838652626 -0.205872953 0.0970683843 0.0295620076 -0.123905711 0.247729778 0.232552588 0.315662771 0.161232486 -0.0277007911 -0.0116541646 -0.0194326267 -0.0840399638 -0.212036848 0.222147942 -0.172585621 0.120209463 -0.198517874 -0.124906518 0.00990569964 -0.170471624 0.0869339183 -0.0585471392 -0.0721119642 0.0964430198 -0.0875953212 -0.0582841523 -0.134336337 0.161826164 0.00510332873 -0.0908611938 0.0525912121 -0.031293761 0.19775109 0.00374574214 -0.00453530345 0.244556218 0.133453891 -0.0140237911 0.0363584459 0.103885077 -0.0494696908 0.209401742 0.0398829579 0.080207251 0.144675612 0.0774779543 0.0255363006 0.0681321919 -0.239271283 -0.114551172 -0.067523852 0.0462587662 0.115684129 0.145954788 0.0984794423 -0.0572952591 0.0486239716 0.262244403 0.163673386 0.277901351 0.22838375 0.206155896 -0.177638859 0.20845221 -0.0643873289 0.278152615 0.105049931 0.162646905 -0.024658611
-0.070666723 -0.00932115689 0.0529358834 0.0675402954 -0.0250146277 0.0603186861 -0.0522798523 -0.0948371515 -0.0448154807 -0.0190267712 0.0585144982 -0.0310410876 0.0185759589 -0.0555134974 -0.0547598749 -0.00539338496 0.0464563072 -0.0440685786 0.0668032169 -0.000839247776 -0.0161222033 -0.0106222592 -0.0110807493 0.00924933143 -0.06820333 0.0177058466 0.0301643964 -0.0503316298 0.0159881301 0.0117082028 0.0489315689 0.0406149849 0.0553875379 0.0435437411 -0.0973096117 0.0192882027 0.0608040616 0.0469869375 -0.00482543651 -0.0415642932 -0.0550110452 0.0579948127 -0.0236022342 -0.0273071975 0.0376675986 -0.0459337384 0.0028999229 -0.0933695808 -0.0555839352 -0.0746586472 -0.0382619053 0.0396684669 0.0188909341 -0.0669820383 -0.066520676 -0.0722371042 -0.0277911741 0.0809604004 0.0344824046 0.0413746797 -0.0265700631 -0.0422156975 0.0175351202 -0.000103268285 0.0328137018 -0.085187681 0.0443638414 -0.090341717 0.0582119338 -0.0770749077 -0.0881586149 0.0600880347 -0.0296813995 -0.0636375695 0.0107920542 -0.0133668957 -0.0517649315 -0.0776342675 -0.0659658015 0.07288827 -0.0341887437 0.0102716526 -0.0739565641 -0.0480856635 0.0519227907 -0.0524037853 0.06666293 -0.00577873457 -0.0922474936 -0.0810883418 -0.100678697 -0.00951779354 -0.0422601216 0.0531461239 0.0167728923 0.0374069139 -0.0215770975 -0.071264118 0.0364728123 -0.0400996432 -0.00636830833 -0.0894921198 -0.019436324 -0.0436957106 0.00552902929 -0.00819906406 -0.00998144224 -0.0266557653 -0.0866206586 0.00925751682 -0.0967621803 -0.061168883 0.0222450923 0.0637947991 -0.078735292 -0.0129242539 -0.00980200525 -0.00421140995 -0.0114795463 -0.077921778 -0.0834932253 -0.043343585 -0.10063874 -0.039423231 -0.0440337062 -0.0154237952 0.059862636 -0.07948374
0.120095998 -0.180410475 0.0749550834 0.0274810623 -0.18610248 -0.0566617213 -0.167447239 0.312782586 0.302314132 0.0470938422 0.4883551 -0.0141193327 -0.268431157 0.447893113 -0.364265144 0.0940667763 -0.27002275 -0.188584462 0.411563724 -0.237210289 0.086057581 0.0312693007 0.30467838 -0.113763474 -0.204834223 0.14269872 0.336131752 0.270544618 0.271415055 -0.237159163 0.273644298 0.0263763927 -0.560015976 -0.36122188 -0.00105668989 0.217108279 -0.118816294 -0.045330599 -0.227441013 0.306963593 -0.650222242 -0.171964988 0.0669572055 -0.11693038 -0.0236108713 0.191533536 -0.0951187089 0.0407028571 -0.0582133569 -0.00312574813 0.18756406 0.494458795 0.0620722361 0.0788945183 0.425187677 -0.149753183 0.261190414 -0.0674016625 -0.129805803 0.213228941 0.125775263 0.168273121 0.47043395 0.170120776 -0.109589003 0.0136679364 0.21042943 0.0293245688 -0.103498884 -0.0323048644 -0.138298482 -0.135810077 -0.252147824 -0.10029424 -0.117278479 0.730407357 0.311777681 0.244435042 0.292210013 0.25484702 0.0682358071 0.187446013 -0.0450347289 0.405403912 0.0902660415 0.32330355 -0.181085259 -0.0614025593 0.306812316 0.0372179262 0.505794048 0.111565657 0.514193654 0.1360998 0.00388988294 0.1474462 -0.0416170545 0.0751308054 0.318116426 0.366238475 -0.0310894363 0.19827348 0.118602544 0.131569594 -0.0649152175 -0.00759269064 -0.205877304 0.421383232 -0.181342483 0.179227725 0.0944900438 -0.189434007 0.0366778374 -0.109109379 0.0183386002 0.0786425993 0.406158954 0.100540929 -0.183897749 -0.225948408 -0.0302520394 -0.247457072 0.0633689985 0.174122319 -0.0814687833 -0.109744407 -0.147336215 -0.29105556
0.115449928 0.268767506 0.193137735 -0.156866521 -0.535135686 -0.0591160208 -0.0120120989 -0.145754069 -0.271297425 0.045355469 -0.131304294 0.0242748819 0.298201799 0.0661701262 0.152705505 -0.078902185 0.1897901 0.425478905 -0.126670301 0.21451968 0.130782008 0.0143933864 -0.0861645937 0.235772774 0.172786981 0.081665881 -0.0901486203 0.0122658117 0.0660297126 0.252187759 0.0781693757 0.0694004521 0.490204096 0.302117676 -0.0212540105 0.0668793246 0.00813733879 0.157279179 0.146111563 -0.190797269 0.50571698 0.139351904 -0.0306329168 0.188333899 -0.0151043152 0.0739649534 0.206088558 0.193300426 -0.0313887149 -0.018244097 -0.0280629508 -0.0137537345 -0.325392574 -0.0403649844 0.38785255 0.132913217 0.0411075614 0.0281705093 0.158110783 0.565635026 0.026061818 -0.0565585755 -0.0512940399 -0.123612054 -0.132548466 0.0439484678 0.065134719 -0.0304723307 0.185636312 -0.0721074641 0.102882989 0.365256608 0.00661689136 0.251929164 0.0731462911 0.182173342 0.0607197881 -0.0863899812 -0.0370721146 0.224441648 -0.0659629852 -0.154864803 0.26251927 -0.174807802 -0.0172187723 -0.138198182 0.0924802199 0.0950537249 0.0150113869 0.00945367571 -0.169168293 -0.0584397912 -0.131657451 -0.10507603 0.111322112 -0.0240300912 0.0398496836 -0.0749772042 -0.102008469 -0.115937129 -0.0703484118 0.0982863829 0.153529942 0.0848236084 0.0841189399 -0.145044208 0.132580981 -0.136725783 0.20200181 -0.12543875 -0.0352160558 0.239270195 -0.0657963008 0.0143178431 0.0259895734 -0.0202314854 -0.493324488 0.0271190815 0.119686835 0.18235302 -0.0865703225 0.359024167 -0.0186927579 0.199815676 0.0723515153 -0.00766681507 -0.0137148257 0.301509917
0.0698153675 0.0294530652 0.0350176021 -0.0476608165 0.00422766898 0.04703141 -0.0104069319 0.03780175 -0.0696811005 -0.0431011505 -0.063413091 0.0783233121 -0.0280553736 -0.0510579683 -0.0383212939 0.0456505679 0.0309278537 -0.0463656001 -0.0746541396 -0.0584238432 -0.0379236266 -0.040003214 -0.0939867422 0.00196631253 -0.0253625177 -0.0086527979 0.01905757 -0.0471415818 -0.0443775058 0.0644721016 -0.0663800016 0.0571976639 -0.058128912 0.015763063 -0.0387640297 -0.0473278873 0.00558394892 0.0740163475 -0.0104176681 0.0494088307 -0.00143602293 0.0674951822 0.0279152747 -0.0640689656 0.00338080898 0.0525383539 -0.0172082726 -0.00568395993 0.0210389625 -0.0343007371 -0.0293553099 0.0655178651 -0.043249242 0.00992562622 -0.0716753229 0.0786569118 -0.0448353142 -0.0334308781 -0.085875079 -0.0137589648 -0.027728064 0.0155649427 0.0383142196 -0.0302012507 0.00754837692 -0.0572469756 -0.00332155661 -0.00422759028 -0.0485398769 -0.0930164829 0.0639291331 0.0604500398 -0.0586769655 -0.0679147094 -0.000544943148 -0.0152402073 -0.0631216168 -0.00756150298 -0.0296199508 0.0455154106 0.0300640911 0.0449058749 0.0280300062 -0.0285814945 0.0212831628 -0.0507162698 0.0542105846 -0.00774002634 0.0712392926 0.00834749918 0.0195194259 -0.0221318863 -0.0590616651 -0.0687663481 -0.0672484636 -0.059382461 0.0652629286 -0.0605559796 -0.074206084 -0.0193902776 0.0267897304 -0.0432893708 -0.0353639424 -0.095450677 -0.0525857061 0.00239897077 0.00177743437 -0.00864762254 -0.0389330797 -0.00333900447 -0.0757825077 0.0305730067 -0.0473753959 -0.0666760355 -0.0318303891 0.0486960188 -0.0428629369 -0.0843648016 0.0261132736 0.0110005559 -0.0838903859 0.0569947511 -0.0701402798 -0.0846926495 -0.0202593133 -0.0715229064 0.00845985953 -0.0468755253
0.137769118 -0.145452842 -0.114154465 0.132037804 0.54040432 0.0555796996 0.136712343 0.259505093 -0.480828524 0.326052219 0.221820354 -0.046593871 -0.105329096 0.360953897 -0.0687481686 0.212005526 -0.0405187942 -0.0571583398 0.00789234228 -0.199034214 0.172731042 0.214297831 0.313513458 -0.0629764721 0.0241529215 0.166985244 -0.332842499 0.332972765 0.0658583865 -0.314062327 -0.358158022 0.216743246 -0.273963153 0.263200581 0.142071098 0.125332788 0.393778086 0.177381396 -0.0633587614 -0.120864019 -0.24530527 0.357089639 0.207433552 -0.103828438 0.0421798937 -0.112817518 -0.31159696 0.186037362 -0.0854671523 0.00638119597 0.0481120721 -0.0948283672 0.353682876 0.0997312367 -0.440705568 0.0652790889 0.0643445179 0.0110333217 0.108800747 0.198013932 0.496151179 0.388810217 0.0401228145 0.351478457 0.375221163 0.0156779233 0.351072222 -0.0710703954 -0.108345002 0.0611885451 0.0538640693 -0.240824491 0.0346534066 -0.342912346 0.075247474 0.113437466 -0.0281204507 0.333328575 -0.114264518 -0.10133332 -0.00159954303 -0.095430702 0.110791281 0.211518422 0.164112911 0.130695015 0.101844765 0.0868355036 0.092524305 0.0591529347 0.257274419 0.161549523 0.180023894 -0.0307549182 0.200833783 -0.0870519504 0.0711525902 -0.0772417709 0.0627002344 0.300633043 0.165113017 -0.0125873508 -0.0162910335 0.0872874036 -0.0209231563 0.0639276952 0.0892190188 0.04297987 -0.0408659205 -0.161333308 0.181050107 -0.00824781787 0.167272106 0.0247476995 -0.0333575346 0.0482467785 -0.240863889 0.499250799 0.103222959 0.0288408212 0.082440488 -0.13270627 0.231884822 -0.43744266 0.0263165794 -0.0308963638 -0.0728615001 -0.112334184
-0.00304301619 -0.0356447622 -0.0634959564 -0.0439180955 0.0708184466 -0.0747495443 -0.00223480631 -0.138259843 -0.0864242762 -0.0100523625 0.0434931144 0.0659231767 -0.0695157051 -0.0352149233 -0.107437849 -0.0320893601 0.0260412395 -0.0219502766 0.0491806678 0.0494563431 -0.0716766641 -0.102122545 0.0731725767 -0.0157232117 -0.063558735 -0.0538654514 0.0298233517 -0.0509007461 -0.0597791262 0.0727753416 -0.00687001413 -0.1282859 -0.0300818738 -0.0492702313 0.061935354 -0.11251501 -0.0216287673 -0.127807468 -0.0257489402 -0.0480950773 -0.0684733689 -0.00762075651 -0.124792583 -0.106496111 0.0576607361 -0.116435364 0.0145416791 -0.116942436 0.0302889254 0.0110705867 0.0135871656 -0.0913484395 0.0553439967 0.0183938369 -0.0058613657 0.0538247265 -0.0865439102 0.0214527994 -0.076492466 -0.0342210904 -0.0486060642 0.0232991613 -0.0484277867 -0.0222093575 0.0868509188 0.0318545029 -0.023667546 0.0218350738 -0.0984659269 -0.0164078623 -0.037232127 0.0111990031 0.0824832022 0.00755239185 0.0119781457 0.0428881869 -0.0292252339 -0.0818307996 0.0138467168 -0.0849679261 0.0206524506 -0.0443121679 0.0420267545 -0.0504612513 -0.0075575118 -0.0880117342 -0.0346142873 -0.0681997314 -0.058959309 -0.0364283435 -0.0219387487 -0.027699694 0.0751425251 -0.0328075103 -0.0685246736 0.0514556691 0.0664159134 0.00392656028 -0.0524880923 0.0399875604 -0.0698405355 -0.146186545 -0.0898614079 -0.0406792276 0.0767068341 0.00588791166 -0.0513705947 0.0413926803 -0.0170403961 -0.12415415 -0.0274944454 -0.0860483795 0.00961606298 0.018610768 -0.042989172 0.0270849094 -0.0502667725 -0.0566333607 -0.0209562611 -0.0352206342 -0.00982729159 0.0397616029 -0.139738351 0.0285801925 -0.0696224347 -0.038979549 -0.0433593281 -0.0355577208
-0.0111228917 -0.0301847141 -0.00828597788 -0.0875485912 0.0708950236 0.00393557549 -0.0541930273 0.0634470284 -0.0579320751 0.0648569986 -0.0245301481 0.0835683048 -0.0269858874 -0.0151691623 -0.0644855201 0.0502080172 -0.0274951756 0.045575466 -0.0631967038 -0.060711734 -0.0017287212 0.00568474224 -0.0404500067 0.0551148243 0.0388776958 -0.0875066072 -0.048319187 -0.0891294852 0.0377458595 0.0362912863 0.050375212 -0.084929578 0.0570390895 -0.07283324 0.0673611686 0.0671406463 -0.0706669614 -0.0163092893 -0.0298421755 0.0330310054 -0.0406082608 -0.0813656822 -0.00989374053 0.0149388779 -0.0620337352 0.0389585346 -0.0183742605 -0.0644592643 0.0544061735 -0.0859532952 0.0465555675 -0.0361443236 0.0934500247 -0.0637236983 -0.0424260125 0.0707766414 0.0721163601 -0.036008656 0.0503885783 -0.088805303 -0.0269194655 0.0536800399 0.0318023004 0.0612388328 -0.0466061831 -0.00497100782 -0.0441759489 -0.0434841812 0.0173889119 0.0554175861 0.0264712218 0.00496999267 0.0132270874 -0.0960534066 -0.0732515827 0.0624675825 -0.0227554422 -0.0789169595 -0.0601651594 -0.0647093058 -0.0217573717 -0.0643994138 0.0473342426 -0.100905828 0.0237913169 -0.0308235381 -0.076471813 0.0437286012 0.00749264937 -0.0881525129 -0.00293610897 -0.101284795 0.0384654924 0.0186735727 -0.02693782 0.0670531318 0.0474459976 0.00402168278 -0.0313610062 0.0559990257 -0.100856669 -0.0804934725 -0.0596099794 -0.0552587137 0.0560176 -0.098483339 -0.0861958191 -0.08221367 0.0213416144 -0.00452421885 -0.0646704808 -0.0136828627 -0.0525809936 -0.0784419924 -0.0568889044 -0.0401471369 -0.0574931614 0.0527975522 -0.0605524927 -0.0436728001 -0.0629829168 0.0221116077 -0.0777452216 -0.0279950108 0.0306804013 -0.0241831709 -0.0326143503 -0.0587766282
-0.0475926511 0.0592534207 -0.0330901816 0.0320777483 -0.0710392892 0.0738639608 0.0688105971 0.0323306918 0.00284736836 0.0179642309 -0.0249398835 0.0844051465 -0.0840361118 0.0390433669 -0.0929566398 0.00280540553 -0.0692682192 -0.0149619756 -0.0609440133 -0.0752960369 -0.0679839179 -0.0829229876 -0.0859461725 -0.0810538009 0.013126445 0.00718728593 0.0403232686 0.0130936904 -0.103126213 -0.0932054296 -0.0292035136 -0.0914282426 -0.0292983726 -0.0850875527 -0.0674199313 -0.0176441893 -0.0682482645 0.0566116385 0.0664862618 0.0251185242 -0.0240331385 -0.0737128556 0.00508364104 -0.0523579717 -0.045850642 0.00840036385 -0.0650426447 0.072764948 0.0757556856 0.0818550959 -0.042489171 0.0771994814 0.0592596568 0.0559745654 0.00404651044 0.0322846472 -0.0700334683 -0.0520071648 0.0400333479 -0.00418078853 -0.0680560991 -0.0657940656 0.0392736085 -0.0921379402 0.0545009263 0.0491352342 0.052798707 -0.0154059604 -0.00794651266 -0.0124848634 -0.0152735254 0.0475487784 -0.022876095 0.0483178608 0.0371532701 0.0129711777 -0.0832352862 -0.0328152813 -0.00633991044 0.0323190093 0.0349216536 -0.0635666549 0.0426201224 -0.0988148972 -0.00665972615 0.0149089638 -0.0402626544 -0.0015013963 -0.031794183 -0.0526081398 -0.0876285359 -0.0794292241 0.0246986393 -0.046068579 -0.0852471963 0.0652748644 0.0257720351 0.0148430243 -0.035145063 0.0553140119 0.0739197731 0.0473689213 0.0364060476 -0.0780838355 -0.0792174339 -0.0497519821 -0.0384666398 -0.026256999 0.0518289022 -0.0784240067 -0.0446775444 -0.0984725282 -0.094522953 0.0502350591 -0.0569475554 -0.0686550736 -0.0170953795 -0.0978538021 -0.0408731401 -0.01042658 0.0730079785 -0.0810898915 -0.0242347755 0.00217878073 -0.0732941329 0.0549140163 -0.0921942368 0.0724115297
0.0232636686 -0.082073167 0.0269933846 -0.0863718614 0.0525389947 -0.0439031087 0.0271037314 -0.0780973658 0.0575094 -0.0879796445 0.0251775999 0.00272114575 -0.0513591692 0.0195551962 0.0521938838 0.0577233024 -0.0309260823 -0.0486396514 0.0568482913 -0.0805475563 -0.0490552746 -0.0490264967 0.0337277129 -0.0096611632 -0.0270294528 -0.00952095911 0.077872932 -0.0829875693 -0.0427503474 0.000619173225 -0.0167327654 -0.0731764138 0.0420900211 0.0456818677 -0.0353353173 0.0642862394 -0.0858899206 -0.010665549 -0.0205908306 -0.0358775444 0.0351052135 -0.0900170729 -0.0568993054 0.016376175 -0.0590413697 0.0380065776 -0.0921895579 0.0357068777 0.0266629551 0.0500413552 -0.0612671226 -0.0910267159 0.0623451695 -0.0846172422 -0.0339079835 -0.0331533775 -0.0823556483 0.0612122938 -0.0885970667 0.0330772921 -0.0227751043 0.0400697775 -0.0936301202 -0.063815698 -0.0615633838 -0.0398111455 -0.0486159511 0.0762555227 0.0477624945 0.0374338552 0.00830542576 -0.00252010673 0.0129884072 -0.0568891093 0.0677027702 0.0399210081 0.0642757863 0.0117115369 0.0541665144 0.0354465209 -0.0120745674 -0.0936237872 -0.0305143408 -0.0466451943 -0.032021869 0.0747800469 0.0406482667 -0.0569144934 -0.0161878485 0.0249103718 0.0249910131 -0.0247173999 -0.0923606381 -0.0925854594 0.00230385759 -0.0666322708 -0.074265033 -0.0849781111 0.0192773826 -0.0575110689 -0.0109866252 -0.0758635849 0.0580786839 -0.0870955288 0.0359414443 0.00471944688 0.00780836632 -0.0956676006 0.0828334838 0.0858215764 -0.0103335222 0.0700099617 -0.00761473225 -0.0343471952 -0.028531298 0.00854532421 0.080130659 -0.0572349094 0.0352330804 0.0554619096 0.0107954508 -0.015233241 0.057989046 -0.0891651586 -0.0119315116 -0.0616356544 0.041693721 -0.0763725638
-0.0716883093 -0.0553461052 -0.0687861964 -0.051977884 0.225822225 -0.0109774685 -0.0394003429 0.0410640091 -0.127395183 -0.0981178507 0.027679503 0.0313332714 -0.00170675677 -0.252545893 0.108522445 -0.213016242 0.11534705 -0.0126864947 0.132667631 0.141036853 0.172262982 0.0826012045 0.0475337245 -0.116459087 0.0341321267 -0.0737267137 -0.17211464 0.14764221 0.0999098644 -0.222563386 -0.0932265222 -0.0375033915 -0.260848075 0.372709185 0.0537741147 -0.0957887769 0.0660210624 -0.387958556 -0.0276312269 -0.270620495 0.0937088057 0.0639001802 -0.529035151 0.0402008891 -0.0366880149 -0.794811428 -0.0418115593 0.0228753872 0.224206135 -0.0625353158 -0.569521546 0.155245662 0.146346822 -0.0568212159 -0.192322969 0.0129357511 0.119169258 0.0817701891 -0.0342607349 0.384115189 -0.019439064 -0.0200933237 0.159217134 0.0208775532 0.305892646 0.0870435387 0.00546604628 -0.0236243457 0.00501389476 0.00663000764 0.205960661 -0.118020408 0.289882451 -0.135971591 0.0747280493 0.160858512 0.0617170446 -0.15907912 0.182905897 0.104479291 0.0818520635 -0.0366568826 -0.0165491179 0.0546700247 -0.26431632 0.0619381741 0.148603678 0.0735845938 0.0909994096 0.0372377522 -0.0498008877 0.210173056 0.180333674 0.115503833 -0.0700778738 0.173498034 -0.0583131351 0.0316219479 0.145518646 0.0254370812 0.161508262 -0.0588730797 -0.0267319102 -0.039258901 0.0377770141 -0.0693778694 -0.085158363 0.225024819 0.0562312603 0.139739722 -0.345463306 0.0208585449 0.0320297927 0.118010804 -0.0339684747 -0.0772290379 -0.740004718 0.172724694 0.0238871425 0.177068681 -0.298409492 0.222635061 -0.458132893 -0.136045203 -0.056903407 -0.189524397 0.178540722 0.098087199
0.127011985 -0.206484586 -0.122431137 0.316001385 0.0562305562 -0.0329553708 0.150566146 0.41219151 0.177207366 0.132392436 0.43484953 -0.00494789984 -0.221188083 0.575312614 -0.0127255255 0.466699243 -0.141633689 -0.202967435 0.328671187 -0.0816286802 0.217468366 0.375383794 0.331748158 -0.141764164 0.0909026712 0.451444298 0.0871313885 0.469483376 0.192202002 -0.270106226 -0.135077 -0.096870631 -0.575173259 -0.0273578726 0.11724598 0.271923542 0.352208942 0.312788218 -0.154326856 0.151259512 -0.374905705 0.170616269 0.0961216018 -0.0890244842 -0.0746421963 0.0630922467 -0.145526841 0.286607146 -0.125403702 0.0354710184 0.197894275 0.205294952 0.648410618 0.157560378 -0.126616389 0.129976198 0.296757847 0.0208665356 -0.111014843 0.424903691 0.723822176 0.685299456 0.298951924 0.537713349 0.551692486 0.0241513774 0.380034596 0.044483237 -0.217816949 0.0192014929 -0.040399164 0.0510634333 0.0885995999 -0.210402936 0.193431899 0.197036505 0.132704601 0.497373492 0.123000719 0.22046642 -0.00726879667 0.0222459044 0.0322355516 0.284611791 0.111330397 0.293140262 0.138473436 0.0177167524 0.161549777 -0.00671058754 0.41906935 0.102443792 0.343615025 0.125783682 -0.0902330279 0.287237674 -0.0557897575 0.0294032283 0.310618639 0.449104249 0.240681276 0.162906721 0.119214654 0.071133852 0.040884044 0.0932061672 -0.000923774205 0.0994806215 -0.0944150984 -0.17146267 0.28417924 -0.0187695697 0.281644136 0.236311629 -0.00451151468 0.0312660709 0.223881394 0.534014583 -0.152255818 0.019105399 0.113148615 -0.321147919 0.30501616 -0.0054297098 0.0359846875 -0.0419687033 0.488107622 -0.300408632
0.161461532 0.0568097793 0.0280138589 0.0674538836 -0.0252807643 0.0699771121 0.212451339 0.140568361 -0.200386524 -0.0246383082 0.0661701262 -0.0725791827 0.124604806 0.205927327 0.0245235953 0.0882683992 -0.0682046711 0.182016239 -0.106275797 -0.180373818 0.0172600802 0.305924147 0.0443680137 -0.0839114487 0.0810465291 0.0580432303 -0.403868258 0.0946168751 -0.0239334758 -0.259318322 -0.206566349 0.174105853 -0.0810952038 0.40138045 0.251972467 0.0440218486 0.489881992 0.231109768 0.0820586532 -0.00174909621 0.0617392473 0.230903372 0.463697016 -0.00209647696 -0.0289493185 0.147613093 -0.0197213572 0.251918554 -0.179284155 -0.0178451985 0.277258784 -0.195911139 -0.137846261 -0.008117727 -0.0504883192 0.00764454575 -0.103990011 -0.0885017812 0.075969696 -0.472236335 0.0145040825 0.0817150027 -0.165576279 0.0702557936 0.0335086547 -0.266570598 0.245900646 -0.0795563906 0.0231313016 -0.0020391515 -0.126442984 0.356808901 -0.250581086 -0.176197737 -0.173735231 -0.138531744 -0.0517726503 0.000720961718 0.00196533091 -0.0535518937 -0.0588098578 -0.0027480335 -0.122532934 -0.105283104 0.0378867835 0.00492493203 -0.150232285 -0.0890907049 0.0134086022 -0.0340920351 -0.0957491323 0.111184396 -0.203266367 -0.227774367 0.129989386 -0.13373147 -0.00366222113 -0.0622547977 -0.112118632 0.0457914546 -0.0304802563 0.0547103658 -0.0517384484 -0.0281527862 0.0581552312 0.336571366 0.345671654 -0.172492594 -0.0355323553 0.00440626591 0.21457009 0.0429112762 0.205616012 -0.00523784664 0.0215889998 0.0438930169 -0.445582718 0.259384394 0.14954564 -0.0246405024 0.26230973 -0.102341846 0.473654896 0.291992694 0.0390942395 -0.109341301 0.0485737957 -0.144632623
0.248347446 0.0221189633 0.483917356 0.214927718 -0.202343851 -0.0662764981 0.0582719222 0.166742608 0.0396930724 0.146644205 0.0513388515 -0.070817098 -0.105447479 0.0601819232 0.0702141374 0.134228155 0.0165916625 -0.0423822142 -0.07233724 -0.277029455 0.0987005904 0.195633009 0.121401168 -0.315363318 0.101735733 0.0697701797 -0.0804063827 -0.0326698013 -0.162152171 -0.491464317 -0.214934573 0.150562271 -0.289245218 -0.0248261224 0.0118115908 0.0168637633 0.558364332 0.15066506 -0.00718485843 0.124040708 -0.141121253 0.284735143 0.338729143 0.0360919908 -0.0611756183 0.0929055288 -0.163562357 0.162804544 -0.15036346 0.0080794245 0.206902444 0.0887642354 -0.146471471 0.179375723 -0.123948455 -0.0565793142 -0.0561696254 -0.0535524078 -0.0403636545 -0.561644197 0.187824398 0.115502641 -0.0731932223 0.084927775 -0.396447867 0.15567784 0.0980468094 0.0578073524 -0.10792429 0.0728226602 -0.300946981 0.32942158 -0.296260595 -0.270089269 -0.0793995783 -0.025897529 -0.113966554 0.0857804418 -0.00485940324 -0.137737572 0.0814970955 0.00557654165 -0.00171106029 0.281847209 0.00159789505 0.0038138337 -0.0428476408 0.0607844107 -0.1224472 0.0276436675 -0.0725330934 0.115336046 -0.0264483131 -0.298534423 0.14203088 0.0393197909 0.102242522 -0.0407668203 -0.065875411 0.111656703 0.130322933 0.172821462 -0.0348601304 0.0597188585 -0.0572533086 0.357983977 0.00601875456 -0.336986214 -0.317480326 0.0528849587 0.228769645 0.0348850451 0.262748063 0.0586467385 0.03413653 -0.0379442051 0.38079527 0.265984654 0.0973761529 0.0651621595 0.257207334 -0.337893158 0.277576894 0.0920346528 0.173230559 0.03616409 -0.0683196262 -0.191657528
0.133806929 0.0960906222 -0.0666073486 0.0662246943 0.0369336605 0.0425564833 0.129621848 -0.0697846711 -0.271239609 -0.206621096 -0.144197375 0.0449953116 0.21024704 -0.441580296 0.0199420471 -0.164949566 0.122794136 0.096651949 -0.14278768 0.0648581162 0.196498334 0.0841436908 -0.0569023564 -0.0278256517 0.0364458449 -0.260050029 -0.299836844 -0.0561741404 0.123989008 -0.0467770658 -0.0233441181 -0.00387488143 0.349244952 -0.104867831 0.0663153231 0.103754088 0.164731726 -0.15854837 0.0500165597 -0.00699255848 0.1261978 0.0653483719 -0.173033223 0.14553526 0.0771346986 -0.131817371 -0.0559900813 -0.126291394 0.084526971 -0.0229587387 -0.0803175047 -0.151683316 -0.188016355 0.094138287 -0.143761009 0.219890907 -0.0491480716 0.0773554593 0.152622461 -0.000432567787 0.0569100119 0.146443784 -0.0396174826 0.165117308 0.1110292 0.203517392 -0.00658118492 -0.0110085756 0.0464671403 -0.00492597325 -0.0441720597 -0.354840666 -0.149319947 0.00848966744 0.0772762969 -0.143681064 -0.00449911226 -0.0399641357 -0.161795244 0.0433467068 0.0783223584 -0.0563323423 -0.0739593357 -0.20577985 0.124540031 -0.112446375 -0.0586183257 0.0425106138 -0.0574350841 0.0203919187 0.0239881203 0.103124507 -0.158233404 -0.0360589996 0.0699025318 0.0735190883 -0.0938370973 0.0795328319 0.0284346007 -0.0483977795 -0.0499656685 -0.0876137167 0.0572341867 -0.1222606 -0.0494683459 -0.108222537 0.123666957 -0.0170944482 -0.0438028686 -0.00185738271 -0.187350571 0.120288856 0.0670872182 0.114448577 -0.0401511975 0.0665815994 -0.168712199 0.0315481238 0.111083254 -0.0570684932 0.0464948788 0.0593758188 0.0633696392 -0.09310323 0.148091391 0.14640756 0.11914961 0.0597232468
0.134481788 -0.0676719695 -0.0910938233 0.0737417117 -0.100760445 0.0613608621 -0.142308414 0.125411123 0.312909126 0.0259628296 0.0357668363 -0.039606113 -0.0740422681 0.402999163 -0.226837769 0.161376074 -0.0905545354 -0.238187194 0.0872130767 -0.125632539 0.152130619 0.165563136 0.122206688 -0.118462943 -0.1161047 0.126897797 0.0480471924 0.0488060899 -0.0110976975 -0.293224633 -0.199590191 0.0511700436 -0.373852819 -0.352775574 0.234162971 0.130069658 -0.0998827964 -0.0581233725 -0.123698898 0.131743476 -0.123126544 0.0453338362 0.190772876 -0.0742984042 0.0520910062 -0.115937933 -0.0820291117 -0.00442614546 0.0565255098 -0.0598628633 0.0716545656 0.140781671 0.0225052666 0.038132634 -0.384127051 -0.0837009326 0.113473035 0.00446651177 -0.0280946158 0.0499577485 0.0973983929 -0.0281727798 0.00039068429 0.172633871 0.0754970685 -0.13435021 0.0448918715 0.0125913974 -0.141595766 -0.0607022494 -0.115772843 -0.357999772 0.343198389 -0.16295433 -0.0440311506 -0.0657588094 0.0679948553 0.0292609166 0.0851202086 -0.0690410957 -0.0797065049 0.133377656 0.00800617691 0.122140028 -0.0136705488 0.0188644864 -0.0799112469 0.0112846103 0.00912140682 0.00374478358 0.0484651625 0.0946984366 -0.00501865242 0.0741996095 0.0325301625 0.0501046963 0.101513252 -0.0152536714 0.0991269574 0.126434326 0.142140895 0.0644444078 0.0646602064 -0.0186124407 0.0153283617 0.0999876708 -0.0679668784 0.123796284 -0.0582692139 0.176036075 0.0581073835 -0.0910829455 0.110667095 -0.0183815155 0.093385309 0.0506889448 0.275337249 0.1654502 -0.186051607 0.000714552822 -0.00296004047 -0.128653035 0.0750624314 -0.276743591 0.106243894 -0.29717958 -0.0789784268 -0.18339847
0.0215769038 -0.433937371 0.416684598 0.0122233136 0.19511579 0.044125855 -0.296534061 0.307269424 -0.0989105105 0.0485491008 0.343663514 0.0641587526 -0.141838357 -0.177230224 -0.651036978 -0.0236897655 -0.369788408 -0.0900274888 0.395210057 0.0900823101 -0.256083041 -0.014411916 0.160665646 0.108035095 -0.0275912471 -0.389831245 -0.297216058 0.0725164115 0.248602971 0.0784226358 0.287875921 -0.0687702596 -0.455248863 0.212713271 0.280527085 0.237156406 0.155978367 -0.280502051 -0.360166937 -0.172876954 -0.3642869 -0.227510244 -0.161896601 -0.229586035 0.065363422 -0.0144504495 0.0532561392 -0.119135775 0.151087582 0.0118919574 -0.00154280849 0.181127742 0.342797488 -0.168922648 0.200403199 -0.204757974 0.329304278 -0.077401951 -0.307797551 -0.192620933 -0.170072421 0.0921890736 0.32584703 0.0288394764 0.391658634 -0.409263253 0.11624366 0.0175761115 -0.0615033358 0.0773577914 -0.377784073 -0.320537001 -0.20771426 0.11655391 -0.114817724 0.400339484 0.328236282 0.140619829 0.355619073 0.180870578 -0.0430532545 0.128273591 -0.0878372043 0.310047269 0.0898564756 0.389644533 -0.819149077 0.0862036794 0.316436976 0.0674088672 0.406459332 -0.051705353 0.39897269 0.261162698 0.000935615622 -0.19735615 -0.0247591808 0.000443869707 0.362805039 0.21985805 -0.336230367 0.129906431 0.230534405 0.0193466302 0.0164489076 -0.115819268 -0.393202662 0.398579776 0.0640792176 0.30984965 -0.0020602087 -0.557907522 -0.0975271463 -0.270318359 0.02240007 -0.0664756224 0.672282398 0.0656040534 -0.326387376 -0.464953214 -0.245636135 0.105885088 -0.264696062 0.524194539 -0.322660506 -0.133784384 0.154434621 -0.0262752436
0.24534671 -0.248761296 0.392407745 0.234686539 0.251738369 0.0264590923 -0.0468827747 0.310419559 -0.298667401 0.187128842 0.248829469 0.0734344944 -0.148831785 0.643375814 -0.23413609 0.201959297 -0.169782519 -0.218283653 0.211202666 -0.171141118 0.148620829 0.440965861 0.353563458 -0.163615525 -0.0298696179 0.0110462075 0.148961678 0.476570159 0.164126262 -0.545894146 -0.213275224 0.308675677 -0.641817272 -0.15641132 -0.150399804 0.00241990341 0.697432458 0.271828383 -0.246098846 0.364508659 -0.215355858 0.054308515 0.100419454 -0.221982285 -0.0437148698 -0.189233676 -0.123830281 -0.0378572606 -0.082147941 0.0530375019 0.129339725 0.0733648166 0.282785475 0.269053102 -0.469166934 0.0257416461 0.317095071 0.0466685817 -0.107394382 -0.00216570776 0.27727294 0.364833206 0.331625074 0.389362961 0.150805265 -0.0233371668 0.233017609 0.0428621396 -0.276436716 -0.00665084971 -0.120922387 0.319018453 -0.0598901808 -0.232566908 -0.0421655551 0.0087607298 -0.0109191844 0.1394995 0.0990061983 0.174938917 -0.0172639191 0.223507822 0.277567953 0.242730647 0.127070174 0.229954466 -0.221558645 0.0122905448 0.0606095158 -0.0334458202 0.174904943 0.0941644832 0.248966679 0.0461129546 0.116986595 0.165236726 0.0284145139 0.0870033726 0.279348433 0.245450854 0.0797249451 0.230034143 0.0799744576 0.192035064 -0.0835152864 0.32604143 -0.0853360891 0.0615558438 -0.180436328 -0.0955851674 0.255703509 -0.257712603 0.192047715 0.103244528 -0.0311357006 -0.037123017 0.179352656 0.386292249 -0.22199966 -0.286120266 0.205957383 -0.448253781 0.284947574 -0.0714244694 -0.035043966 -0.0624542572 0.433197498 -0.271339208
0.0289332867 -0.0265632439 0.178139389 0.246206552 0.0805706903 0.0508335233 -0.105167575 0.50531292 0.208208442 0.488882631 0.271944582 0.0611374341 -0.310590655 0.598487496 0.0614622906 0.300849289 -0.0569580048 -0.2570512 0.107799485 -0.20315288 0.227636099 0.52169466 0.25287801 -0.195917606 -0.0537445582 0.34948203 0.197973147 0.33367759 -0.0633983389 -0.420065343 -0.115663938 0.199073315 -0.387772501 -0.0543521196 -0.00673861057 0.249690637 0.72516942 0.568246961 -0.0686444193 0.368490845 -0.254575014 0.236782998 0.449891359 -0.0670844689 -0.0655996501 0.448760331 -0.141490832 0.101946995 -0.0506228209 0.0698345006 0.172582194 0.137513757 0.166317776 0.256867558 -0.254077107 -0.0644930974 0.217280224 -0.0832664222 -0.0178471692 -0.230019018 0.62912178 0.403977066 0.0183150154 0.400256246 0.322458148 -0.131827503 0.150238007 0.0208480097 -0.175367117 -0.0733854175 0.12369699 0.207195118 -0.0338692889 -0.264418304 -0.105340429 0.0179143678 0.121770002 0.416991383 0.140174091 0.0280203093 0.0475497767 0.223991975 -0.00082169997 0.480038375 0.119192779 0.16209197 0.274940044 -0.0476422012 0.0377523229 0.0519700982 0.212764725 -0.00321231247 0.0757406726 0.0829018503 0.339255154 0.385658771 0.0559514463 0.0205537248 0.272311717 0.513027608 0.270027369 0.358273655 0.0619912967 0.169249788 -0.0650807396 0.238719955 -0.0452993661 -0.0530870296 -0.264225692 -0.0088741174 0.399240285 0.0168025736 0.282186359 0.191285625 0.0454722047 0.0613325909 0.51749295 0.444764376 -0.0884274244 0.0995133519 0.272479534 -0.330689967 0.174222067 -0.0313770063 0.0484981798 0.0503719077 0.209379286 -0.0571520887
0.276737422 0.0717621744 -0.246856883 0.059085805 0.107898705 0.00743895397 -0.0164720509 0.0490032323 -0.0355116129 0.196939141 -0.0864269435 -0.0407763384 0.107521944 0.275226563 0.0411604494 -0.0173867587 0.00577769522 0.0373573788 -0.0997558162 -0.00661802525 0.285380423 0.377047181 0.05406297 -0.0300267041 -0.0241475999 -0.119944155 -0.0606267601 0.0970262066 0.000220136702 -0.229789242 -0.263515353 0.230441153 -0.149007887 0.082413286 0.296901613 0.0350342244 0.728506565 -0.141647637 0.0334991813 0.0671505257 0.224805906 0.170235991 0.234648675 -0.0526500605 0.0795404315 -0.10685458 -0.0218510628 0.21284914 -0.0807333291 0.0811673999 0.185443819 -0.0519782305 0.0512788296 -0.0291178357 -0.41727832 0.0706430897 -0.0990295634 -0.0505019091 0.0443132371 -0.15662238 -0.16518569 0.0357123241 -0.132500693 0.106496423 0.137004957 -0.203306392 0.162750304 4.75123525e-05 -0.0781980455 0.0363400951 0.0539854653 0.194648728 -0.0645727962 -0.265377849 -0.00616763486 -0.0491971895 -0.0558012314 0.122045808 0.0321464427 -0.108902402 -0.0390727334 -0.0686638579 -0.104805849 0.0198895279 0.060158439 -0.0780328885 -0.169988915 0.0624700226 0.0473656319 0.0676263794 0.0282472074 0.152762771 -0.0806926638 -0.114522777 0.127350181 -0.121589459 0.0551789738 0.0779723898 0.0395516939 0.163918898 0.065025419 0.134931564 -0.0252542924 0.141429469 0.0285537075 0.431687862 0.135241389 -0.0631149337 -0.0966491625 0.019957792 0.194643095 0.0908202454 0.214832902 0.0160984695 -0.017686449 0.00991056859 -0.443260998 0.321968943 0.00750461174 0.0795343369 0.0662697852 -0.125938699 0.251389205 -0.259276599 0.00694844546 -0.0223912261 0.0659365281 0.0295765921
0.139868021 0.204119563 -0.0311851352 0.0736626163 0.183799997 -0.0723694116 0.230640933 -0.177346975 -0.451641589 0.325271726 -0.439396977 0.0305997282 0.129295185 0.18580392 0.296188116 0.0614335686 0.124759927 0.0671216398 -0.456295699 -0.0975394472 0.393932104 0.242086396 0.443121672 -0.279995501 0.310280263 0.129487097 -0.310537726 0.323722005 -0.225288436 -0.558132589 -0.905725062 0.21620281 0.167156264 0.346940458 0.0419006385 -0.364186108 0.679678679 0.17441389 0.266284347 -0.0829668939 0.169482529 0.518837512 0.419051975 0.0513227545 -0.0843568668 -0.0357108265 -0.237433508 0.38962394 -0.335989445 0.0452837534 -0.0311715547 -0.407026052 -0.172464356 0.166272789 -0.576691031 0.256017089 -0.452980876 -0.033583045 0.185499981 -0.17911008 0.284009457 0.315308899 -0.518890202 0.190533385 -0.0909582824 0.277112067 0.361425608 -0.00439599901 0.055168841 0.0571848378 0.271003634 0.481554925 0.0713896602 -0.6288414 0.203502432 -0.890522361 -0.448631942 0.145816162 -0.503642082 -0.533493042 -0.0842068493 -0.31522736 -0.0863105506 -0.145592675 0.0617508627 -0.209146515 0.270868659 -0.0608174801 -0.140374571 0.0306211449 -0.0617684387 0.384267956 -0.30298081 -0.410443008 0.501468599 0.0131515469 -0.0799925998 -0.0740816966 -0.225606307 0.0337266102 0.319157392 -0.0452332571 -0.186475098 0.235726774 -0.0043715341 0.108048752 0.483430892 -0.609492958 -0.122330807 -0.411950201 -0.0288639013 0.285033047 0.324639469 0.101852529 -0.0517167598 -0.0348545574 -0.636496305 0.462964028 0.328519434 0.305672765 0.35515213 -0.051865954 0.448352933 -0.130189061 0.327749193 0.110599399 -0.405669928 0.0607845634
0.0228524636 -0.0685439184 -0.0542198829 -0.0377543606 -0.0251253247 -0.0203519464 -0.0329337828 0.0340857916 0.0873365328 -0.0149490833 0.047444202 -0.0724130273 0.0340252705 0.039503701 0.083268784 0.00718670199 -0.0125959599 -0.0398494862 0.05213264 0.0412578359 0.03716968 -0.0526638329 -0.0989330262 -0.0135253472 -0.0481621288 -0.00692187995 -0.0639364496 -0.0115333665 -0.0995977521 -0.0688256472 0.0142564075 0.0214149132 0.017582057 0.0495043769 -0.0808548704 -0.0573927201 -0.0653798729 -0.0755944699 -0.0403555632 -0.104984172 -0.0961773992 -0.00407717004 0.0334868878 -0.102332026 -0.0398166552 -0.0444285683 -0.00689108577 -0.0903227478 0.0395108871 -0.0638941973 -0.0531591065 0.0377083719 -0.0142113911 0.0456410386 -0.0540813543 0.0279185306 0.0144789768 0.0648854896 -0.0699652433 -0.00554601895 0.044171147 0.0140047828 -0.0955208465 -0.0737633333 0.0484998114 -0.0734826848 -0.0342686959 0.0190317258 0.03833621 0.0835171714 0.0630710796 -0.0205701515 -0.11668063 0.0489869118 0.0404947512 -0.0673983619 -0.0273730513 -0.0368982702 -0.0785442144 -0.00471753115 -0.00618906319 -0.0622996427 -0.0660056323 -0.0332752429 -0.071096696 -0.0234391131 -0.0573665164 -0.0486794524 -0.00944293384 0.0547696427 0.00911911577 -0.0683687702 -0.0463159308 0.0376841091 -0.10008198 0.071723707 -0.0768562704 0.0668873563 -0.023422651 0.0459667072 0.0335371941 -0.00540798111 -0.0229511242 -0.0800188109 0.0632525608 -0.0241677966 -0.103146255 -0.0291685984 0.00735075027 -0.0470098667 0.0475469939 -0.101421542 0.0201113001 -0.0708106011 -0.0724620521 0.00385762006 -0.0233414546 -0.0413125679 -0.0482356511 -0.0666260496 -0.053513445 -0.100093886 -0.0106787486 -0.00396429468 -0.114849173 -0.0948381871 -0.0684465766 -0.0560342297
0.199152738 -0.154307991 0.358607918 0.0245997142 -0.279905051 0.0122668734 -0.154180586 0.143091649 -0.0744378269 -0.128359199 0.0903748423 -0.0284102932 0.0693677366 0.321079969 -0.0315701738 -0.0505461246 -0.0352593996 -0.120736822 0.18682982 -0.0751438513 -0.0248639565 0.0718580559 0.0878856182 0.0416915826 -0.113689646 0.118020967 0.0430114679 -0.040727783 0.0140076382 -0.0358705856 -0.0522262342 -0.0559810363 -0.263808191 -0.07774169 0.343280673 0.102582917 -0.171046317 0.0359517001 -0.0555501953 0.0271849036 -0.409144521 -0.130680576 0.169755936 -0.0496953689 0.0243603233 0.0516049564 -0.0571281388 0.0176580064 0.189110547 0.00746369036 0.0748692155 0.179376036 -0.235244557 -0.0692814067 -0.149874344 -0.081825994 -0.00501403632 0.0163967218 0.0304905083 0.0430324115 0.00292911241 0.0293081962 0.0801502913 0.042355787 0.215966314 -0.0223768391 0.0243736822 -0.000875212892 0.128921658 -0.0411140956 -0.0768725574 -0.315869242 0.049303852 0.0534511209 -0.0145219332 -0.0311715044 -0.112732552 -0.000398561213 0.00136348954 -0.0752438605 -0.0277780052 0.173980057 0.177166462 0.113820173 0.0237344336 -0.00496260822 0.0850459039 0.0495342202 -0.0707150176 -0.0377293639 0.103730731 -0.0954268947 -0.0751257688 0.0358203016 0.0256483573 -0.105057135 -0.0402812771 -0.00841239933 -0.105566397 0.143273458 -0.0500518568 -0.125801906 -0.186592534 -0.188038796 -0.0919883996 0.196846113 -0.0675652921 0.163299128 0.00471086754 0.205425099 0.0533233695 -0.125601709 0.0941602662 0.019590104 -0.078776069 0.0409308001 -0.0235268828 -0.0306875817 -0.0319790207 -0.0814361274 0.0871529058 0.100773469 -0.0567607395 0.0649779439 0.0273622349 -0.373909533 0.0564667843 -0.113622099
-0.0291648172 0.0479124486 0.00384123996 0.0657273903 -0.0011355629 -0.0769754425 -0.0201237593 -0.0111190183 -0.0166840702 -0.0295259729 -0.0658559874 0.0427232012 -0.0565988161 -0.0291739628 -0.0427912511 -0.0741214752 0.0660284311 -0.0955323502 0.003261643 0.0690787211 0.0220086146 0.0486818179 -0.0468141288 -0.00255118939 0.0112035703 -0.095858939 0.0276790112 -0.061473418 -0.00635294663 0.0309410915 0.0423790552 -0.0307209585 0.0158782639 0.0221502557 0.0227552149 -0.0366896987 0.0208442304 -0.061312709 -0.0580673814 -0.000286995142 -0.0239856672 0.0615419708 -0.0730051845 -0.0827942267 0.0356009938 0.0439242721 -0.0786162391 -0.0926864147 0.000810287078 -0.00166127831 -0.0278753527 -0.095497407 -0.0242018458 -0.102742903 -0.0584388599 -0.049587246 -0.0357450359 0.048678942 0.0352984071 0.00747854868 0.0686402395 -0.0873677433 0.0735741928 -0.072243467 -0.0279820096 -0.00432903692 0.0252062008 0.0497679189 -0.00174897804 0.0142233912 -0.0925437212 -0.0811697468 0.0065761283 0.00885754544 -0.018520087 -0.0174290761 0.0629141033 -0.0644912794 0.0510454439 -0.0952114984 0.056762509 -0.0671451911 -0.00757009117 0.0243874509 0.0293222442 -0.0440983251 -0.0818970054 0.0818444788 -0.0615859367 -0.052553691 0.0673497394 -0.0852148235 0.0186923034 -0.0676316172 -0.0925805569 -0.0326404348 -0.00929286145 0.0199232176 0.0336774178 0.0455476828 -0.0660310015 0.00843041856 0.0494421721 0.0549548157 -0.0281093232 -0.0639224425 -0.0889294222 0.0156603027 0.0245418157 -0.0339784548 -0.0350250416 0.00493042544 0.0474898107 -0.111848459 0.0189530998 -0.0737011731 -0.109437466 -0.0668070391 0.0489285775 0.0562437065 0.0506097302 0.028731104 -0.0711996332 0.034965761 0.046965085 -0.085649386 -0.0172095429 -0.088726446
0.105182759 0.0532042533 -0.276190639 0.135074124 -0.112298079 -0.0199919268 0.0968495235 0.0817703605 -0.141320944 0.155514389 -0.157940358 -0.0247657876 0.125383019 -0.350638032 -0.0456518754 0.0655138642 0.14145036 0.0671667159 -0.116848961 0.0377905406 0.0721036717 0.303926915 -0.0941166878 0.0802755952 0.297199667 -0.00810695253 -0.268482268 0.0681089088 -0.236702025 0.0295071471 -0.220593482 0.228128314 0.201098457 -0.133951858 -0.194030747 0.15347141 -0.11554794 0.0922840536 0.0346252918 -0.0608985759 0.192252964 0.0857964009 0.256183922 0.148159251 0.0234071855 -0.0309487451 -0.00568760885 0.133582741 0.0443387851 0.0583636723 0.0733330995 -0.362102896 -0.149407566 0.138064966 -0.0727155581 0.189996138 0.0461751446 -0.0524498112 0.0459200628 -0.131632969 0.0193623826 0.11878451 -0.107519083 0.158095449 0.124256566 -0.0631601438 0.00766390283 0.0762129501 0.0828362852 0.0259818472 -0.143807828 -0.154426306 0.151404262 0.0691862404 -0.000324577239 -0.289346009 -0.22637099 0.0519422665 -0.166108981 0.0756961927 0.0554673076 -0.191321716 -0.158201352 -0.0846780613 0.0367281549 0.00687708426 -0.00483101141 0.00682903407 0.0541397221 -0.015498817 -0.0668046623 0.0779483616 -0.206671685 0.125887439 0.203928083 -0.105595551 -0.0372247286 -0.0511579737 -0.0959455669 0.0167657342 0.0374019593 0.112607777 -0.0330219753 -0.0187775828 0.0613389574 -0.159943178 0.130766645 -0.184557393 0.142559186 -0.0933242068 0.192009181 0.00243582181 0.216409639 0.0176158193 0.0497065783 0.0383987501 -0.434933394 0.0604499951 0.180262864 0.0357366912 0.303993374 0.0612197518 0.221288353 -0.243014067 0.220282137 0.0212240629 -0.0181005765 0.191753134
0.118132599 0.241994247 0.349885464 0.0478345007 0.308477342 -0.0751742199 0.165791079 -0.0556988753 0.0302044097 0.117093563 -0.148088053 -0.0358573012 0.208352178 -0.0771981776 0.219877288 -0.034646485 0.320739329 0.140442416 -0.129768997 0.042296648 0.238954931 0.0239358544 -0.0163557138 0.0107325632 0.22929883 -0.107793324 0.3600339 0.0179357883 -0.0488149822 -0.0525326543 -0.245330811 0.0480784699 0.222696096 0.138037354 0.0496835373 -0.0221148487 0.154580817 -0.0455776341 0.232615933 0.152140111 0.460865647 0.190201104 0.0658692345 0.344743907 -0.0476935878 0.164996371 -0.0513649099 0.0291987769 -0.0942319259 -0.0433201492 0.0869079307 0.101459883 0.101095051 0.156262219 -0.177555427 0.0997436196 -0.260003924 0.0486809611 0.161004037 -0.0847460702 -0.0770883113 -0.0192720983 -0.111463726 0.0300895739 0.199551493 0.15242587 0.126957729 0.0464488044 0.101602226 0.0409293324 0.0608667918 -0.152836189 0.443646222 0.0386494733 0.113246195 -0.214281365 0.0295964442 -0.23927021 -0.203405589 0.125435203 -0.0412037931 0.0883147493 0.130034134 -0.152236149 -0.113272019 -0.163918376 0.248046234 -0.0541544184 0.00489694206 -0.0298681147 -0.0592264198 0.0452919751 -0.195546433 -0.20605059 0.0772054717 0.0781770721 0.0815865472 -0.0441479236 0.0757401809 -0.168097615 0.212523311 0.0373590887 0.0260763243 0.191662356 0.0479774214 0.00960453413 0.12291798 -0.122417912 0.105259769 -0.095798254 -0.0815780237 0.342705578 0.12544477 0.20413062 -0.00239096768 0.0384625271 -0.153798416 0.162294492 0.273066521 0.230228633 0.09517584 0.124477774 0.142200992 0.127469212 0.15007782 0.0364720039 0.371438831 0.144564807
0.00613866746 0.263128459 -0.313419342 -0.0497982055 0.24190937 0.0449074246 0.13053073 -0.0737681091 -0.0397821479 -0.133059129 -0.10848017 -0.0928728506 0.18161732 -0.0595469214 0.282987922 -0.00531560834 0.20452185 0.247616246 -0.12324772 0.01113177 0.118240342 0.120249338 -0.213874921 -0.0282496121 0.174203873 -0.0228014197 -0.064868331 -0.031339258 0.0267848056 -0.0333264582 -0.226545438 -0.0431971885 0.309116304 0.0463640429 0.00162231596 0.035572879 -0.161380783 0.0750488564 0.141822979 -0.00748428935 0.384050757 0.119324811 0.00620869966 0.175890714 -0.020847043 0.151706353 0.0442356728 0.114388488 -0.0528385639 0.0666814074 0.0584282763 -0.0354255065 0.269809067 -0.0567079261 -0.193509817 0.216088444 -0.103971563 -0.0345773436 0.219802976 0.220559821 0.129333541 0.0821668729 -0.0102004874 0.0383018367 0.225950941 0.0808672011 0.0502353385 -0.0633571148 0.198666126 0.0488417707 0.108449243 -0.453100443 0.196923971 0.0645221025 0.164191753 -0.193530679 0.0959457681 -0.00354367448 -0.0494862311 0.176751107 0.0210803188 -0.0936542824 -0.07883095 -0.204241291 0.0643513277 -0.138677746 0.0924947038 -0.046522174 -0.00520385802 -0.0243278574 -0.0282194242 0.172987312 -0.228978723 -0.117296398 0.227970466 0.133056074 0.0723236203 -0.0834619254 -0.0193500239 -0.117883295 0.0478707626 0.105757222 0.199758336 0.0481865294 -0.0307378918 -0.0638037175 0.21048671 -0.0546476617 0.0640061796 -0.0972071961 -0.142422602 0.23781465 0.112357497 0.193000719 -0.0104521886 0.0237503946 -0.117042944 0.193179384 0.121905468 0.264888942 0.0456420928 0.180127904 -0.0199052133 -0.190897584 0.222549811 -0.0503377244 0.116558939 0.167713895
-0.11290811 -0.0699609295 -0.178013712 -0.187164515 0.454024732 -0.0360938795 -0.247271165 0.0252557788 0.0278467443 0.064011313 -0.0741608813 -0.0757816434 -0.0799046755 -0.0902651101 0.098276563 -0.0421564355 0.0478965901 -0.00540704653 0.0440931432 -0.145231247 0.0545637049 0.0501044616 0.304631501 -0.128761172 -0.0328005925 0.0638418123 0.0307288934 0.0497437306 -0.0401816182 -0.251534075 -0.279408514 0.00280518224 -0.179304734 -0.0871422291 0.0198684335 -0.195313215 -0.0528503172 0.0244244896 -0.0562541001 0.0438293628 -0.288878113 0.122591481 0.0277957171 -0.0181621779 0.0761508867 -0.27887544 -0.118846931 -0.0403934196 0.177899569 0.0813681707 -0.325201511 0.152043134 0.368025333 -0.103069603 -0.116338581 -0.199101463 0.0865008384 -0.0464378223 -0.150021732 0.231367767 0.132562295 0.0901604891 0.0719263852 0.113439828 0.570640981 -0.00418527517 -0.0640728697 0.0731647536 -0.0882459432 -0.0352897532 0.297099352 -0.606831372 0.189144775 -0.175868735 -0.018977074 0.144199759 -0.00403450523 0.0940752849 0.0994608477 -0.232132226 -0.0433245897 0.282330602 0.0416938104 0.19067283 0.0191198196 0.0371349677 0.167952463 0.00256346166 0.148960471 -0.0636356771 0.100125626 0.0135459797 0.113572523 0.0913684741 0.0933710858 0.0298117716 0.0190004874 0.0632239431 0.300105274 0.279146016 0.129040286 -0.212348446 -0.219585299 0.0715391412 -0.0316799134 0.17719537 -0.0130916703 -0.00437806873 0.0314629152 0.221284136 -0.123591579 -0.020113647 0.0403407887 -0.178486392 0.055316139 -0.0017952472 0.168292016 0.0578445792 -0.00741793588 0.0832100883 -0.0485351868 0.231801167 -0.166536286 0.113729715 0.0461443067 -0.389379203 0.202421769 -0.138724029
0.155673653 -0.0568402745 -0.0626698658 0.219680384 0.507196724 0.0219440944 0.0578864291 -0.00244194851 -0.393289179 0.355036676 0.0509362221 0.0555706359 -0.145007744 0.149778053 -0.00257384568 0.00518630818 -0.0339323431 -0.0946806073 -0.0251511671 -0.1832629 0.152509823 0.299012691 0.401822299 -0.109186575 0.112538666 0.0240948368 -0.118833445 0.325992644 0.0138564566 -0.505778611 -0.319472104 0.309014559 -0.292513877 -0.190904453 0.0752491653 -0.0320580266 0.785720587 0.343393892 0.0491699539 0.155541226 -0.161151677 0.423947901 0.395848483 0.00831538066 0.0610914491 0.104481176 -0.194387615 0.101530552 -0.0796902031 -0.0426783226 -0.0281031467 -0.00970912911 0.115555398 0.181842551 -0.52987498 0.25145945 0.0571949109 0.0561729074 0.0633186921 -0.477541924 0.353117347 0.316431373 -0.0441175625 0.448720366 0.59397167 0.146270946 0.130385876 -0.0304718409 -0.153993055 0.0736222044 -0.0190877002 -0.0106697632 0.047560405 -0.315397203 0.160251006 -0.0437572561 -0.103443153 0.379791111 -0.138821527 -0.232929438 -0.00334793516 0.0925808698 -0.165429354 0.144554406 0.204432636 0.0689770728 -0.0450456925 -0.0798920915 0.0897879452 -0.0496808328 0.171432659 0.242989227 0.0837680474 -0.0332317874 0.362921506 -0.0867108405 0.0951595381 -0.000274676277 0.380228072 0.352596134 0.245980412 0.0508832633 -0.161396772 0.257296175 -0.0543272272 0.259135723 0.1727276 -0.0682748109 -0.122059502 0.0371685997 0.128183097 -0.0685193613 0.222988665 0.0222634468 0.027781453 0.0277085379 0.126218244 0.425865769 0.149136946 0.0450368375 0.284980804 -0.0845688656 0.332816482 -0.201236725 0.209057033 -0.0195383746 0.232050896 -0.149996549
0.208103865 0.233771726 0.509840429 -0.194047108 0.0886319578 0.0524259433 -0.0425230265 0.0278717484 -0.495482713 0.0119469119 -0.225400388 0.0599156693 0.257577896 -0.0294890795 0.271501601 -0.0630105138 0.271784723 0.337188452 -0.251604855 0.123283818 0.167346224 0.0833312422 -0.155597478 0.099457182 0.303727478 0.0173276737 -0.0675248206 -0.142523706 -0.144699752 0.0818746388 0.0764598697 0.222938523 0.738510728 0.219919473 0.00584083656 -0.00909573026 0.676038802 0.363290489 0.188743815 0.0487051718 0.467123866 0.303694934 0.102485232 0.270291358 -0.0671250671 0.288098693 0.193676248 0.499893367 -0.0472070277 -0.00790522993 0.00117976242 0.122241102 -0.33445552 -0.00484393397 0.487987459 -0.0814031437 -0.318592757 -0.0323233753 0.184887111 -0.159449413 0.0861907005 0.0972267315 -0.270471334 -0.11955785 -0.0877660066 0.325746357 -0.0391561799 0.0618085489 0.104281507 -0.0716154203 0.132066324 0.278085142 -0.136201262 0.1828942 -0.152713776 -0.0503377169 -0.104549997 -0.0132237654 -0.0864628628 -0.187380627 0.0633069724 0.237281591 0.266331494 -0.0308156181 0.234599411 -0.332765132 0.129815251 -0.00375130121 -0.109186865 -0.0182575956 -0.252526522 0.0923176482 -0.344453365 -0.186155424 0.290636241 0.0676188022 0.0947617516 -0.059469413 -0.0380187482 -0.0485940278 -0.00504451245 0.183783934 -0.138790771 0.219841287 -0.0703762248 0.199389637 0.449632049 -0.319891512 0.0650596246 0.150942087 -0.231646717 0.368362397 -0.00308933249 0.0527386814 0.00393185765 0.0838803723 -0.235958979 -0.0286035556 0.161617562 0.38097617 0.0186508354 0.417412192 -0.159480304 0.400341272 0.147057354 0.103041224 0.0646790639 0.175328225
0.257721543 -0.180741802 0.331275225 0.266211897 -0.181876108 -0.0452058464 0.0569106042 0.14267619 -0.754282176 -0.0693958551 0.225576475 -0.0836493745 0.120718554 -0.395251542 -0.316405952 -0.0657885671 -0.177198425 0.0137611348 0.224848241 0.109291069 -0.0385903753 0.00714499131 0.0595552996 0.00413158908 0.229853094 0.0592891201 -0.483251542 0.195449799 0.0903259888 0.174998194 0.169452697 0.114223391 -0.105439685 0.0430316366 -0.0730894431 0.00724407658 -0.134594008 -0.0110931108 0.06882599 -0.124022409 -0.359269321 -0.108051397 -0.210302487 -3.99607525e-05 0.0431606136 -0.143049642 -0.112082735 -0.0068307207 0.174020782 0.0328983776 -0.248922497 -0.0714123398 -0.229199275 -0.0169244502 0.238592044 0.0693326741 0.27669695 -0.0722682774 0.142509803 -0.108623594 0.0523673147 0.0705024898 0.0809411183 0.212675869 -0.0299756173 -0.140273184 0.185879126 0.0646043196 -0.0354760848 -0.0493355729 -0.358924359 0.344419211 -0.225232035 0.172642037 0.140158013 -0.0242727958 -0.0421518907 0.066368483 0.0748328343 0.097252883 -0.0498403758 -0.0737872794 0.0554889701 0.144724429 0.0506278612 0.213632494 -0.126632944 -0.0225175954 0.183895916 0.0332620852 0.11664217 -0.0349360593 0.0116685713 0.242863595 -0.0128696738 -0.174473003 -0.0258831531 -0.0426849239 -0.0668600723 0.0749587119 0.0829562321 0.184170678 -0.0633910745 0.0216597021 0.0451986901 -0.499046236 0.111903094 0.194228142 0.110337526 -0.0213928372 0.120589703 -0.0758839697 0.0736241266 0.000867046416 0.013159385 0.0598477498 -0.524275422 -0.127548635 0.124391556 -0.215340525 0.108869478 0.0354277119 0.067957975 0.151962861 0.0605751052 0.127828285 -0.0960419923 -0.0327782445
0.0696865991 0.00773388706 -0.0304738972 0.0502077714 -0.161193579 -0.0796193257 -0.166379198 0.270161748 0.0349954739 0.0588655248 0.133078694 0.049537044 -0.102046043 0.00366269285 -0.0412346125 0.153126553 -0.0877882838 0.0225008614 0.163612604 -0.129296675 -0.0221054684 0.235931888 0.144815192 -0.0315564238 0.000691034016 0.139243603 0.0515830219 0.11701452 0.00595453661 0.000827930809 0.234412163 0.136574805 -0.259820849 -0.102033362 0.0781911016 0.116597958 0.477233052 -0.0471365079 -0.155269399 0.109870218 -0.280835658 0.0385772288 0.0815968513 -0.166581467 -0.0626994222 -0.0427349284 0.0987122208 0.066335462 0.110114627 -0.0038227851 0.0537074171 0.196408078 0.121073686 0.0388210155 0.16298008 -0.054198835 0.201305866 -0.0759602487 -0.0580874197 0.373774052 0.0643481538 -0.0592724681 0.189370334 0.109741703 -0.118070975 -0.124965742 0.0382950865 0.0476748645 -0.0996019021 -0.0225474574 -0.0616209023 0.127488852 -0.137333319 0.125305086 -0.0968912169 0.208262622 0.179043606 0.13152726 0.214513257 0.0289184302 0.07600566 0.17701003 0.142830223 0.319468379 0.0183180477 0.127778962 -0.0897431076 5.20793874e-05 0.0199187249 0.0928536579 0.161599413 0.0293863416 0.0817000121 0.212770358 0.00498126168 0.0883634984 0.104125373 0.0833216235 -0.273443937 0.199096859 0.130541027 0.22599797 0.0390610956 -0.0589574464 -0.0605222657 0.0905273035 -0.122108869 0.132166833 0.0213009585 0.0437333211 0.214452162 -0.0236694738 0.142232627 0.0566015393 0.0629384667 0.0255806819 0.139594093 0.0295120012 -0.213029429 -0.00769454706 0.119373493 0.0630908608 0.0363752656 0.0871569067 -0.109600738 -0.0827362537 -0.172494605 -0.0316937715
0.216119304 -0.0866760314 0.706067979 -0.078001529 -0.09552145 -0.0919300616 -0.0105946176 -0.120148294 -0.391298681 -0.146324337 0.10513971 -0.0894632712 0.115539201 0.262275726 0.0229634661 -0.279207587 0.120276347 0.0839991793 -0.00364136766 0.0455458649 0.118568465 0.0343317725 0.24501127 -0.127624691 0.147202432 0.060643699 -0.123707928 0.0488223694 0.166877016 -0.1639359 -0.165061876 -0.0507309772 -0.10718222 0.0714254603 0.366082162 -0.0959997103 -0.659545541 -0.132875204 0.0590693913 -0.28371793 -0.0206391998 0.174970135 0.0285896435 -0.0447154865 -0.0738318935 0.0338595286 -0.0879045054 0.263796091 -0.031785652 0.0108208312 -0.037025813 0.218083963 -0.83140552 -0.0922333226 -0.267619818 0.0484968126 -0.195896178 -0.0297790878 0.00761341816 0.0621023364 -0.0947602615 -0.14347896 -0.0776098743 0.00352181867 0.248434395 0.0874412358 0.0112483241 0.0716551021 0.080637984 0.0774028078 -0.0399348587 0.0518787242 0.232979149 -0.100548781 0.124323115 0.298541039 0.0784644037 -0.106098168 0.0619398504 0.0658236966 0.0574225858 -0.0235368572 0.490943164 -0.0244987495 -0.251767457 0.0515193976 -0.0291778985 0.0995399132 -0.0220063366 -0.0742587149 0.026334269 0.143459275 0.0305539407 -0.136713728 -0.146298736 0.196034834 -0.0148266898 0.0791679919 -0.206670448 0.0659781024 0.111960456 -0.0756367967 -0.165053993 0.148210615 -0.0134314224 0.184201747 0.148140445 -0.0715216398 -0.144335061 0.0869612619 -0.0228117853 -0.0635135323 0.129033685 0.0258846413 -0.0351540484 0.0279128253 -0.550268769 0.0864492953 0.00869875029 0.156281963 -0.0859867632 -0.0123624522 -0.0223347563 0.169476882 -0.0406242386 -0.133855328 0.256947041 -0.0617752336
-0.00123466132 0.194308728 0.0406583324 -0.0703653991 0.353546202 0.00103877834 0.19647783 0.0196322743 -0.349890947 0.0442907736 0.0384368002 0.000759218936 0.176309928 0.0184726939 0.228550151 0.0963298678 0.0274551511 0.350534439 -0.0904774219 -0.213208362 0.0848013684 0.105517477 0.0976971611 -0.0721690878 0.296510905 -0.0252240449 -0.243408814 0.166155308 -0.0188510939 -0.215202317 -0.150031969 0.133000538 0.128651693 0.496446878 0.0900702551 -0.0935632214 0.727656186 0.123962834 0.012567699 -0.21993947 0.141139105 0.382612765 0.380546331 0.0329157673 0.0122505091 0.00369917299 -0.0134412479 0.300959915 -0.225464165 -0.0168982223 0.111685999 -0.152469203 0.165948763 -0.0919987634 -0.073503539 0.0303604752 -0.140051976 -0.0939296484 -0.0145509178 0.0819830596 0.130899325 0.079354994 -0.118384577 0.0553155132 0.117682882 -0.0177147612 0.209148645 -0.0689482838 0.0594648719 0.0628789142 0.135719046 0.0684399381 0.0725371912 -0.234469846 0.0135725802 -0.0841890648 0.00889989361 0.0661697462 -0.0703980923 -0.130144984 -0.01771155 -0.118928723 0.091690585 -0.135714069 0.0598837249 -0.10172569 0.137050271 -0.042491924 -0.132950604 -0.0927720666 -0.0153217772 0.114441775 -0.142041117 -0.345083326 0.188954443 0.164707348 -0.0299729407 0.0699819252 -0.00589481369 0.116096571 -0.00647190725 -0.0364166014 -0.149243489 0.168376043 -0.0700409561 -0.142940849 0.430196851 -0.414966851 -0.00320487469 -0.118801087 0.0224797148 0.234620258 0.0314302891 -0.081707187 0.0687358454 0.079880856 -0.411287606 0.215365976 0.191695526 0.220550284 0.183245122 -0.0406816006 0.322905749 0.172517911 0.0627822205 -0.0402681939 0.0467314832 -0.0829497576
-0.00697063981 0.0248435419 0.000838293752 -0.0642342418 0.0543968454 0.00925338268 -0.0818323344 -0.00101691938 -0.0948566347 0.0190577768 -0.00476337038 -0.019318141 0.0555147491 0.0248350203 0.00141935039 0.0716055557 0.000392302376 0.052508723 -0.0683517307 -0.0825433284 -0.095536083 0.0152274808 -0.0127982283 -0.0970993713 0.0121350866 0.0195306707 -0.00266111363 -0.0629900396 -0.0970764309 -0.0942249149 -0.0485609546 -0.0364086665 -0.10679695 0.00989171956 -0.0208781622 -0.0817961097 -0.0356058255 -0.0241634659 0.0544780567 0.0407919623 -0.0143802417 0.0535751469 0.0332315005 0.0477135219 -0.026328614 0.0274221785 -0.0433504209 -0.056370426 -0.0496751331 -0.0298981369 -0.0437919572 0.0365142561 -0.0850989372 -0.0493134186 -0.0087608099 -0.0239735972 -0.0475939885 0.0683414862 -0.0669365078 0.0804961249 -0.0729423165 -0.115116276 -0.0636493117 -0.0666338652 -0.0284308512 -0.112947039 -0.0127189169 0.0340703055 -0.0439096503 -0.0157277845 0.0797102675 -0.0490097776 0.0201564953 -0.0658562183 -0.0934062079 -0.00367472623 -0.102600783 -0.108419262 0.0197491217 0.0216938034 0.0186598524 0.041994147 -0.0333773904 0.0533993132 0.0321899094 0.0587471612 -0.0584550165 0.0213636793 -0.0617527291 -0.0337875299 -0.0176311731 -0.126491159 -0.0203638058 0.0146416286 0.0243456569 -0.0850524753 -0.0743964761 0.0635670274 0.0468167476 0.0585750155 -0.0924372375 -0.0981228575 -0.0901307464 0.00508778077 -0.0579980277 -0.0863809511 -0.0498376563 -0.0496742278 -0.0382159539 -0.0969412923 -0.0765639991 0.0102720382 0.021495251 -0.0479303487 0.0487083867 0.0136436373 0.0312169157 -0.0579283983 -0.0135693047 -0.0177304652 -0.0393567681 -0.00258002779 0.0290919673 -0.0271143131 -0.0306841154 0.0226460174 -0.0868614241 -0.0409357809
0.133258626 -0.153916568 0.421823502 0.128401518 -0.224504694 0.054672569 -0.182580575 0.286353022 0.37645033 -0.0809892267 0.442035407 -0.0493042804 -0.118428983 -0.263608158 -0.425392181 -0.0365007073 -0.360807925 -0.071090132 0.488284409 0.0692523941 -0.0343680531 -0.0449816734 0.0792925805 0.0279045608 -0.0162093174 -0.293723732 -0.425270557 0.280045241 0.388655245 0.194767118 0.378819197 -0.110922202 -0.114495985 -0.39759928 0.099582836 0.143397242 -0.289991379 -0.115023561 -0.280564964 0.0285540707 -0.478355706 -0.175367981 -0.00536566367 -0.221786618 0.00595098734 0.162812009 0.0498438999 0.0855568349 0.285024226 0.0289686397 0.208204016 0.248326659 -0.0862127915 0.0377878249 0.55021596 -0.19028157 0.234369114 -0.0513870902 -0.255791783 0.306786209 0.0365234055 -0.0101461895 0.420151621 0.148021907 0.0804378316 0.153943732 0.172796443 0.08152695 0.112591706 -0.0517090112 -0.521003127 0.0880787894 -0.800133467 0.299786776 -0.100459315 0.39333117 0.220313922 0.327732652 0.300020665 0.363336861 0.0308833346 0.109790221 -0.00718151731 0.261899292 0.0644377246 0.347126484 -0.483670861 -0.0591914766 0.370383084 -0.0455148518 0.547139883 -0.0138079869 0.518415451 0.117900059 -0.181559652 -0.194335461 0.00121141225 -0.0535252281 0.00473404629 0.287363589 -0.0851577893 0.158265471 0.265263259 -0.0144814542 0.0376102105 -0.0378260761 -0.152092308 0.407191902 0.192597851 0.211681977 0.286934853 -0.328778476 -0.0378214791 -0.0973922685 -0.0915944874 0.0823822692 0.510649502 -0.0582568981 -0.195799828 -0.439719558 0.00852416363 0.14514412 0.00157080765 0.381414622 -0.111372478 0.111758642 -0.0247413684 -0.0973416492
0.115415528 -0.0508563407 -0.53242296 0.214014977 -0.0895388499 -0.0786886066 0.0783240944 0.241305232 0.571594775 0.370867401 -0.0159096811 -0.0770040154 -0.323120892 0.693909049 0.067458652 0.161439866 -0.00337339332 -0.312286675 0.0601707399 -0.355058312 0.432531923 0.253407538 0.263100654 -0.328010082 0.0317511149 0.159107044 0.334336221 0.286684215 -0.0166351516 -0.462233424 -0.665665925 0.188583702 -0.445216894 -0.196328238 -0.0339339674 0.161678717 0.133967295 -0.0840316489 -0.00411012396 0.269685775 -0.366517007 0.108476169 0.300345778 -0.00205572159 -0.0281637125 0.0960567594 -0.373471439 0.181588918 -0.174779668 0.0139513463 0.377300054 0.0698401481 0.157223016 0.3502267 -0.319523036 0.0568050034 0.0880684629 0.0014180399 -0.136561111 -0.111418776 0.314811051 0.166307956 0.164808884 0.355852485 0.161209658 0.141381428 0.172630146 -0.0785087124 -0.279161781 0.0717386529 0.137476131 0.0728923604 -0.151173666 -0.504738331 0.169132933 -0.182316422 -0.0523937941 0.346300662 0.0481804647 -0.013709683 0.0213304032 0.0574552156 -0.27062729 0.378297508 0.241087139 0.249429807 0.109751873 0.0491803512 -0.0805276558 -0.0465478264 0.216339231 0.20490858 0.221387774 0.0290076584 0.143981993 0.147041306 0.0790982917 -0.0734867454 0.199074596 0.354308009 0.26060918 0.249940634 0.279051661 0.130996585 -0.0271781795 0.364584655 0.0304233395 0.0863460302 -0.195765615 -0.205695137 0.388117641 0.0879290178 0.279966205 0.359899879 0.0533522591 -0.0404917002 0.460931033 0.293329448 -0.00550440652 0.150436357 0.24652794 -0.389546156 0.273175269 -0.310863376 0.107292853 0.164027154 0.11044012 -0.0580145828
-0.252618611 0.100447834 0.173600301 -0.234112352 -0.113685161 -0.0438214131 0.2912696 -0.0364595652 -0.380712926 -0.375751942 0.236805156 0.0560994335 0.0943200588 -0.0821067616 -0.0686538965 -0.276132196 0.040983744 0.260936856 0.318288803 0.233022168 -0.376397699 -0.252836496 -0.103309236 0.342545837 -0.0322793461 -0.138723195 0.0973344594 0.0144800367 0.265977204 0.637244284 0.632341743 -0.356514633 0.151634201 0.281421244 0.375951588 0.314246148 -0.422088593 -0.155160114 0.0323135294 -0.115311153 -0.0834138915 -0.509082139 -0.780390382 0.0784009993 -0.014028335 -0.180382565 0.245927796 -0.367950767 0.371197194 0.0557492264 0.085239023 0.136053026 -0.172105163 -0.385477453 0.414521009 0.000715852366 0.301264256 -0.010968484 -0.0336257368 0.104761779 -0.175193742 -0.196913198 0.175992742 -0.204999417 -0.180093601 -0.146628127 -0.201536894 0.027258575 0.15534243 0.00156577362 -0.0707266778 -0.0258698259 -0.0507974736 0.504526973 0.228610173 0.511254966 0.411279738 -0.0316199437 0.248293817 0.404415756 -0.0321537144 0.123479627 -0.224366471 -0.0340033993 -0.10414087 0.16341193 -0.00286294846 -0.0340894498 0.210205197 0.0808330849 0.155505657 -0.188669562 0.292534709 0.117606714 -0.253636181 -0.0316089019 -0.0110994391 0.0794042572 -0.0104482127 0.0145071764 -0.283365726 -0.041642528 0.417513013 -0.0531197675 0.00601206208 -0.31381917 -0.234909832 0.434062541 0.277087599 0.188905388 -0.167766064 -0.296438307 -0.304494888 0.0911855698 -0.0730833411 -0.0848366916 0.155425802 -0.254896551 -0.0942445546 -0.256708384 -0.542628109 0.245302916 -0.52904582 0.307483137 -0.120222166 0.179402277 -0.0286381263 0.207020104
-0.0434763916 0.0907205865 0.136530623 -0.0831799135 0.110045232 0.0452171899 -0.00668508094 -0.102527358 0.0809949785 -0.00335662207 -0.0383868776 0.198484764 0.103671387 0.0700456202 0.0802802294 -0.042353224 0.141741753 -0.0397001766 -0.0156276766 0.146510288 0.0440047421 0.0780902505 0.0416932143 0.0734070465 -0.0532854944 0.00343037467 0.140157118 0.0961896181 0.0307241455 -0.0391227826 -0.0560873747 0.118271485 0.0343361832 0.0451225862 0.093043156 -0.0111276293 0.0309583247 0.00602384517 -0.00292062154 0.0322122276 0.0108023528 0.0867235586 0.190791085 0.0102261947 0.228830457 0.0658321455 0.0758545473 0.02766148 0.10282252 0.0773405731 0.0864566118 -0.0162538607 0.0211683158 -0.00364511041 -0.00382508454 0.0406185389 -0.035492193 0.165547073 -0.0814548656 0.0689981654 0.0566610284 0.140665621 0.0185455885 -0.000597001635 0.134198934 0.0745540708 0.0724927485 -0.0278255045 -0.0122019518 0.00808951259 -0.108807772 -0.00686524576 0.0767072141 -0.022897901 -0.0253081433 -0.068120867 0.0410256349 0.0251410473 -0.128467187 0.146238685 0.0768974572 0.112985484 0.0666990802 -0.0937539265 0.0636225343 0.128304169 0.0767861232 -0.0837221369 0.0241908599 -0.0226614866 0.150259092 0.0205415376 -0.01232142 0.128247797 0.0704372525 0.133331642 -0.110751092 0.0613409318 -0.0509027801 -0.00102261174 -0.0341664366 0.033294335 0.0837176889 0.0466192812 0.0405497923 -0.11614351 0.0304534733 0.0846148357 0.0741776451 0.054696098 0.0726024657 -0.108705096 -0.00306698005 -0.0498630069 0.05502069 0.125255793 0.073234506 -0.012585395 -0.0283989981 0.0304678548 0.00126556063 0.0782550797 0.0514659509 0.0335676372 -0.0424422249 0.108799808 -0.0580267794 0.112031803
21 128
0.14205502 -0.368451297 0.200026646 -0.021681143 0.388026386 -0.0743348747 0.0855026916 -0.0415904075 -0.197683051 0.0252013076 -0.0153686041 0.224872723 -0.00167242973 -0.163405418 -0.102570847 0.0646540299 0.00790845882 -1.33484614 -0.123128228 0.180249304 0.0527023412 -0.143750161 -0.0254410841 0.514348745 -0.091566585 -0.398806483 1.39376879 -0.0290956516 0.0622940361 -0.126056045 0.0944096968 0.00749580842 0.0357313901 -0.0508517064 0.264607966 0.073185958 -0.759113908 0.136019379 -0.0257509891 -0.0422763079 -0.148517981 0.266564578 0.252352506 -0.161670506 -0.209172383 0.0631948858 0.0026040338 0.0826286599 -0.803814411 -0.0233692657 -0.0713551342 -0.336529613 0.0285333768 -0.0145284384 -0.0541556701 -0.0806858167 0.0175569803 -0.0632166862 -0.201789394 -0.111450657 0.537020028 0.114094704 -0.209966198 -0.0779778361 0.566019416 0.0887902528 0.0245929621 0.077841714 -0.166486114 0.141748428 -0.0944315046 -0.0406722762 0.0173808001 -0.0554052778 -0.00362571259 0.0247845352 0.125262961 0.0562272631 -0.325822145 -0.138054863 0.0612103939 -0.0189170316 -0.0189152472 -0.00193427445 -0.0342674218 0.209371954 -0.0495068058 0.0136760687 0.154485404 0.110321216 0.127577052 0.0604457296 -0.0149184112 0.109673686 0.075214006 -0.0977066457 -0.0813172609 0.0530478805 -0.0326373242 -0.00926519837 -0.899975359 -0.0207912065 -0.0631208941 0.0467808209 0.0273731593 -0.156903937 0.0638034344 -0.0032001962 0.0183626208 -0.0974928066 -0.196616173 -0.0708433762 -0.202304766 0.0657381341 0.076726988 0.103864558 0.117950782 -0.288267165 -0.126535997 -0.0980721414 0.0632054582 -0.0974815562 -0.30066222 -0.00224711979 -0.0207931381 0.120757289 0.150166884 -0.773893058
0.000156541675 0.431307584 0.119853899 -0.00337441918 -0.352000266 0.0144586107 -0.0365492627 -0.0683225468 0.143373281 -0.0807650313 -0.327144057 -0.0832522064 0.236861944 0.26041463 0.153010949 -0.0897825286 0.198682308 -0.141195863 0.358548611 -0.315386802 -0.059502583 0.381267756 0.0242698546 -0.280907452 0.00373426639 -0.0203798637 -0.667097867 0.0637517273 0.0615647957 -0.146797657 -0.270859987 0.0689380839 -0.089828372 0.23541677 -0.615522504 0.235042721 0.215678021 0.0687226579 0.0283949655 -0.028709095 0.242387339 0.253104746 -0.217610002 0.179958522 0.17858462 -0.150910094 0.0312176608 -0.191938996 0.356708437 -0.351664305 -0.464255303 0.449757427 0.0241397023 0.203425959 -0.0552692562 -0.207961366 -0.0701096132 0.757409632 -0.054896187 0.244191587 -0.344050646 -0.0789472535 -0.266314059 0.0698334128 -0.127699405 -0.174852327 -0.0470362045 -0.489514053 0.202710152 0.096156016 0.32193473 0.0469680578 0.0283116214 0.159781918 0.063470684 0.0772529021 -0.218557894 -0.159439817 0.336642236 0.195761308 0.145591691 0.364370525 0.0849279314 0.0160850044 0.0579846278 -0.154393926 -0.123935796 -0.0280929469 0.176723659 -0.26170072 -0.290517867 -0.0301227458 0.178564548 0.306382686 -0.0791264474 0.26263833 0.0309059601 -0.0276851244 -0.0727253556 0.0785395578 0.843249261 -0.0936529636 -0.0952349529 0.280266941 -0.106011711 0.162879869 -0.00149704376 -0.13736473 0.104134612 -0.18107821 0.163964629 0.0796005949 0.191163391 0.0166556463 -0.209658101 -0.00143144559 0.000243661168 0.336949736 -0.0418642722 0.291363716 -0.0219516009 -0.0353927948 0.379961491 -0.122860193 0.0193529464 -0.2006578 -0.08735957 -0.168268383
0.107842423 0.359644353 -0.408265829 0.0474581718 0.520207524 0.0443760157 0.0286119245 0.0405961014 0.028627187 -0.0283460636 -0.110442676 0.601908445 0.318828046 -0.363344043 0.0361186266 0.00524411723 0.118583836 -0.525867164 -0.08534953 0.416878343 0.0290877856 0.107277811 0.0505854189 -0.371705949 0.0543250516 -0.371250123 0.176635832 -0.277255893 0.063440375 -0.190822691 -0.203544125 0.137942895 -0.0154250655 -0.140361577 -0.28727591 -0.0638332665 -0.273749262 0.592051864 0.0574389584 -0.202898398 0.106731594 0.333981872 0.58762145 -0.284645408 -0.0746712238 0.358503342 0.0380938612 -0.0554632992 0.176582038 -0.319768161 0.0203093141 0.258921504 0.0404451825 0.404752254 0.0122636845 0.0904997289 -0.000971705536 0.577453375 -0.343721628 0.141390368 0.621537864 0.327825457 -0.475682944 0.0231083017 0.0231909659 -0.338454366 0.0601330251 -0.0690894499 0.242876664 0.0323161706 -0.398143291 0.0326703042 -0.31707105 0.477095187 0.0279450919 -0.0790682212 0.0367036685 0.20127061 -0.581189096 -0.429593682 -0.180531263 -0.163017243 -0.0708168745 0.0197785199 0.112442844 -0.157766506 0.25148049 -0.112542599 -0.0768599585 0.158516079 0.367549062 -0.0639214814 -0.421828687 0.172405124 -0.0470624082 -0.0514549278 0.0580443218 0.0208586883 -0.0747881085 -0.0626694784 0.457850754 0.241565689 -0.0824247077 -0.197158203 0.0262100361 -0.345588684 -0.129619822 -0.29495281 -0.0260337796 0.00491663255 -0.467668921 0.0236629099 -0.00405976363 0.0344212055 0.183901221 0.26734221 0.176809072 -0.0950947255 0.0298671834 -0.119337484 0.586482882 -0.0655660853 0.0789329782 0.00213973573 -0.0291553959 0.007947932 -0.368906021 -0.408100992
-0.101019733 -0.105525568 -0.134611979 -0.0965051278 -0.107474402 0.0551358424 -0.0608875938 0.0418957956 -0.0727734938 -0.0722692236 -0.0795722902 -0.0391431227 0.00955136307 -0.102771156 -0.0680711195 0.0171184205 0.0276538562 -0.0445370823 0.0374492817 -0.00291702035 0.0378377847 -0.0934286714 0.0700784326 -0.0129848914 0.0414571315 -0.0792439356 -0.0373445489 -0.0496452861 -0.0206669979 -0.0550306663 -0.0659136996 -0.0758446455 0.0356748737 0.0352296382 -0.0398027487 -0.115416542 -0.0465817451 -0.113510489 0.0495347902 -0.0420081466 -0.0607384816 -0.0393125154 -0.0063173105 0.026870884 -0.0222752821 -0.0184889287 0.0495130755 0.0183081366 -0.0103363879 -0.303940088 -0.0161894187 -0.0951088741 -0.0140902661 0.000421199802 0.036875017 -0.125265822 0.0176578332 -0.0218647867 -0.0158388913 0.00519053452 -0.116211131 -0.106889792 -0.232515648 -0.0552206971 -0.139280498 -0.0370440334 -0.00571266329 -0.104317576 -0.047658775 -0.126910299 -0.0433979705 -0.0089916857 -0.0289441254 -0.0138332127 0.0693039 -0.0278359801 -0.101204075 0.0439575575 -0.0220794957 -0.123657353 -0.0141372299 -0.138839394 0.0672304109 -0.0526735 -0.119517811 0.007329938 -0.0479411073 -0.00620234897 -0.0722076222 -0.113303624 -0.128170252 0.0105896788 -0.138039589 -0.0579997264 -0.0344492868 -0.0647861585 0.0161053836 -0.0344894007 -0.0348714665 -0.0403792784 -0.0420019515 0.00507677859 -0.0767615139 0.0474057868 -0.059026964 -0.112474017 0.0194989797 -0.074218519 -0.0138108153 -0.126596257 -0.0322904065 0.0491074361 -0.00568889081 -0.0706057325 -0.0794028491 -0.0903959721 -0.0947701484 -0.0231983531 -0.119729146 -0.0622568019 -0.131904006 -0.0731611401 0.034491349 0.0282096416 -0.000160665164 -0.105954289 0.0309390482 0.00953027792
0.0761776343 0.0327508077 0.0317302942 0.0200202093 0.0391640179 -0.0540922731 -0.0145833818 -0.012931007 0.0877234116 -0.064636372 0.0465861 -0.0423348509 0.0357811227 0.110073403 0.0623014644 0.0363968834 0.0567565374 0.00670376699 -0.0224540997 -0.0249735601 -0.0467756279 -0.00919071771 -0.0591046549 0.077822715 -0.0472982004 -0.0156300571 0.054506883 0.0487642698 0.0727065429 0.100247569 -0.0151182842 0.0768605843 -0.0182473827 0.115140483 0.000131608293 0.127267405 0.0327639319 0.0324166529 0.00924863201 0.0729054511 0.0604348928 0.0166049339 0.010852864 -0.0351338387 -0.00266898843 0.0420164727 0.00646630581 0.0962383971 0.0464585833 0.281322509 0.0854911581 0.141519755 -0.0561226085 0.0977535993 -0.0173953306 -0.0176654179 0.0101961745 0.0681525469 0.0455603451 0.0202053208 -0.0312086865 0.0921690091 0.211831942 -0.0343097523 0.128978357 0.103718452 -0.0574270003 0.0568362288 0.0912679136 0.075314194 0.044375591 0.0254915059 -0.0355692729 0.0131451879 0.000617818732 -0.0867501423 -0.0283599291 0.100112215 0.0181329865 0.00354127144 0.114202827 0.104316093 0.00616274402 0.00267219916 0.098520577 0.0952649042 0.103136942 0.0635078624 0.138630062 0.00933015347 -0.0186868981 -0.0668843836 -0.00818293542 0.119704366 -0.0325607918 0.0282874163 0.00115813012 -0.0138599947 -0.0151113579 0.0347596295 0.0599698238 0.0276789032 -0.0105940122 -0.000285983871 0.0237992387 0.120190077 0.0301491786 0.140507877 0.0958548188 0.108937524 0.0786098391 -0.0451431125 0.113855481 -0.0576232858 -0.0247812457 0.0295291021 0.066117771 -0.0350017324 0.038065616 0.120406002 0.0797326788 0.0314587876 0.121677279 0.0771677792 0.0365783088 0.048219014 0.0499119274 -0.0468388572
0.301660627 -0.202883393 -0.445534647 -0.0778321549 -0.0268181954 -0.0263902713 0.0649691746 0.000231939557 -0.222183064 -0.00613221014 0.121077225 0.00197010813 -0.223573372 -0.0659597218 -0.387807488 0.00650646864 -0.428654373 -0.679558396 0.109481476 0.049517002 -0.0370557755 -0.146736249 -0.017039232 0.0852009282 -0.037597876 0.132173076 0.0416081026 -1.48759604 0.115508936 -0.199657738 0.0998966843 0.107169978 0.0434245877 0.165822357 0.228917778 -0.0103359306 -0.167545959 -0.0488194264 0.0821396261 -0.351304114 0.0926149711 -0.230679378 0.104260683 0.146991581 0.117606997 -0.34506318 0.015884921 0.0911692157 -0.183134615 -0.0460105576 -0.410816193 -0.064234972 0.0291215144 0.158891886 0.00166149368 0.0213618092 -0.0155473584 -0.159113735 -0.0882679671 -0.125696748 0.242548972 0.115797147 -0.400816202 -0.0487029478 -0.0452613905 -0.021080032 -0.0964099318 0.12315803 -0.473199129 0.0630530417 -0.17339249 -0.00828672759 -0.254374981 -0.0392679125 0.0539378747 0.000789687037 -0.164126366 0.064682737 0.0175779052 0.0693174973 0.100027271 -0.221628204 -0.0423203893 -0.00112390064 -0.141073033 -0.391111732 -0.485072762 -0.0554120354 -0.296446651 0.0860088468 0.0617651753 0.0233036783 -1.60135484 0.120755434 -0.0311947316 0.113079511 -0.101386122 -0.00293601514 0.0256699603 -0.0086993454 -0.246252954 -0.0564762428 0.185954809 0.0669375211 0.0188536849 -0.0845496431 -0.106196284 0.0650270134 0.0689973459 0.151944339 0.221648231 0.00553765148 -0.102403313 -0.0318924598 0.0708202124 0.125926077 0.0115309684 -0.0333472379 0.120032005 0.0973679498 -0.135252178 -0.183688313 0.0598818697 0.180403829 -0.027518658 -0.449258268 -0.17373623 -0.193023235
-0.953170896 0.023889821 -0.525010705 0.00686911168 0.00982636586 0.0641506836 -0.0546852648 0.0543820672 -0.23567833 -0.0626032054 0.0804718286 0.0981756896 -0.0588514805 -0.410440356 -0.801735938 0.0181633011 -0.152863115 -0.353496253 0.227671966 0.0523553155 -0.0766289756 -0.176507995 -0.0654928386 -0.0726016611 -0.0129240677 -0.339601547 0.0536588319 -0.746494472 0.140449166 -0.63415724 -0.121751055 0.0713926554 -0.0338801406 0.0592368394 0.287148535 0.0355328731 -0.153702095 0.0211028438 0.068714492 -0.120796099 0.121731669 -0.0323393196 0.0921655372 -0.223236337 0.0839275867 -0.125397041 -0.0176477972 0.154650331 -0.0911896527 -0.0110282777 -0.406733781 0.0100912815 0.0329045691 -0.0446738526 0.0387844592 0.173716635 0.0643016845 -0.0708750933 -0.904701471 -0.402340323 -0.642693996 0.108585589 0.0921014696 -0.0863413587 0.155852541 0.0574717671 0.0530669726 0.0285099819 -0.363846242 0.137590483 -0.192064956 -0.0657726973 -1.95214188 -0.170996353 -0.0417996049 0.0542796776 -0.739811897 0.00716334814 -0.014329683 0.164107338 0.110229939 0.119816169 0.0409189686 0.0229804963 -0.221081451 -0.332146436 -0.443218529 0.0292877331 -0.135628983 0.0982645601 0.144843459 -0.0465490669 0.0762773082 0.131599069 -0.048701033 0.0505916178 0.000226450575 -0.0468265861 0.00346928951 -0.0496474765 0.027249787 -0.152192071 0.187032983 -0.169498011 0.0650959685 -0.576357186 -0.144375324 -1.51816273 0.0479451083 0.166590333 0.296871245 -0.0983624458 -0.184122175 -0.0722113475 0.151350394 0.060949266 0.143940955 -0.939658701 0.127725646 0.206340775 -0.243011311 -0.521920383 0.074495621 0.195069566 0.0894130841 -0.496454358 0.0515074618 -0.526471615
-0.230990753 -0.0599676892 -0.193376467 -0.031118542 -0.0436370745 0.0726446584 -0.00819122326 -0.0306756776 -0.211998537 -0.00411401689 0.189613417 -0.288266569 -0.110487632 -0.25960055 -0.271853656 0.0494457707 -0.305254698 -0.537474692 0.0720583349 0.0504572056 -0.0106216045 0.10844066 -0.0774981901 -0.0193533488 -0.0802110285 -0.0741710365 0.00593374204 -0.4609707 0.124378443 -0.414746702 -1.87868261 0.0962852985 -0.0572576076 0.0216042269 0.145352006 -0.148334488 -0.278025866 -0.0103908191 -0.0089550158 -0.318378925 0.134668842 -0.162851483 0.0437766574 -1.25204527 0.161068618 0.0921906233 -0.00703541934 0.0153912017 -0.200966805 0.294744104 -0.146848872 0.0308238864 -0.0371825062 -0.109163418 -0.0413518101 0.142095983 0.0107146166 0.0187497772 -0.0497259721 -0.720903695 0.411962748 0.136207804 -0.167498514 0.0918956921 0.016681144 0.205452994 -0.0213286765 0.0367112383 -0.266884834 0.0902002081 -0.208868623 0.0481991395 -0.3875269 -0.364000916 -0.0219911765 0.0459392741 -1.02215159 0.176581845 0.0928603336 0.28420943 -0.269069701 0.223255098 0.0609987043 0.0173200425 -0.821417689 -0.677684009 -0.325053573 0.0956778824 -0.217426911 -0.0189682078 0.193197489 0.0296129268 -0.753400803 0.14538902 -0.0427184701 -0.0712898895 -0.0530557968 0.0382727906 0.0023343116 -0.0432862304 -0.0148604074 -0.347572595 0.0845068991 -0.82914114 0.168491498 -0.0567423813 -0.112788484 -0.764571905 -0.118699744 0.028295029 0.172669426 -0.0761330128 -0.026790807 -0.0346973613 0.194943458 0.1027354 0.217875019 0.206170976 0.128698066 0.172854349 -0.319000989 -0.138483107 0.0668133721 0.197694227 -0.0449356064 -0.419972062 -0.487302542 -0.626456499
-0.141206101 0.0485394821 0.0619082861 0.0751232281 0.0756823495 0.0723270476 -0.0629510731 0.0209184028 -0.203740433 0.0311082248 0.141764969 -0.718831003 0.00844762195 -0.492459625 -0.0981792435 -0.0383312702 -0.732298076 -0.787736356 -0.0370550789 0.0524243042 0.0135144033 0.3503865 -0.0527034476 0.0113111883 -0.0779407248 -0.741102099 -0.155860111 -0.472741336 0.172170326 0.13909778 -1.76904154 0.14560999 -0.0964012966 0.103121616 0.299546331 -0.44405809 -0.838410735 -0.0116933137 -0.0569702275 -0.0790736824 -0.0194198843 -0.109497733 -0.313628197 -0.787415624 0.206251591 0.0548395626 0.043664854 0.0486439019 0.0146659948 0.34613198 -0.0368786119 0.113166809 0.014990638 -0.805580258 0.0245862883 0.0907114819 -0.0410645381 0.107127115 -0.231169313 -0.341325164 -0.188242123 0.143449321 0.00443742843 0.0391012616 0.128274009 0.228782415 -0.0243772939 -0.199024513 -0.0276343878 0.142896503 -0.293426573 0.0116567342 -0.564043283 -0.442524016 0.0485835373 -0.0554902777 -0.0535922535 0.085522376 0.191399366 0.339699686 -0.711301386 -0.750834882 0.00401526969 -0.0718414858 -0.0950322375 -0.639014065 -0.142447457 -0.071888715 -0.188677639 -0.356488645 0.146179229 -0.0435445607 -0.71388799 0.116447866 -0.0823744088 -1.38235736 0.0631051287 0.0429210626 -0.0168523006 0.0436130688 0.294979364 -1.22847033 -0.0751364753 -1.92902052 0.0975203812 -0.154784963 -0.0791766047 -0.992101848 -0.759907365 0.0776484758 -0.113422617 0.0379426554 -0.397862673 0.0709843636 0.0160373822 0.190741718 0.0957388505 -0.331387848 -0.325426847 0.0665017068 -0.240420267 -0.182201535 0.107305273 -0.00211336464 -0.110260077 -0.276213586 -1.25558579 -0.347719759
-0.0410461202 0.0909084901 0.0908612758 0.00885286927 0.0210340712 0.0590146482 0.00718223257 -0.0182400681 0.0368283167 0.0569239259 0.216478273 -0.422087938 0.000467019214 -0.0801097676 -0.325301915 0.0260893591 -1.28748035 -0.184558719 -0.575250328 0.126383737 -0.0606578887 0.244717985 0.0306887999 0.00472674612 -0.0345846377 0.289966822 0.0658629462 -0.283054769 0.162475437 -0.299062759 0.254628599 0.0526318699 -0.0650632307 -0.255456626 0.368612349 -0.430790752 -0.462292075 -0.0930062309 -0.0211851038 0.00267488183 -0.538832843 -0.106124096 -0.432202578 -0.49291119 0.281930208 0.0599611066 0.0597460866 -0.27800101 0.0320742615 0.271074891 -0.0174608864 0.0920782089 0.0229602661 -0.350964755 0.0417732149 0.0436260849 -0.0319069624 0.156348184 -0.0588664226 -0.261038065 -0.862849295 0.184422016 0.0435876772 0.0529092476 0.160924777 0.176179796 0.0676342174 -0.457823038 -0.00365751656 0.154585734 -0.125329748 -0.0370752849 -1.12159896 -0.305290699 -0.079278253 0.0528808311 -0.513807952 0.215077177 0.13578333 0.351108104 -1.06985891 -0.0653711334 -0.0896968842 -0.0318123884 -0.24271369 -1.14911985 -0.265306413 -0.0070853862 0.0774348527 -0.405584574 0.185175464 0.0700309575 -0.25301975 0.0641926005 0.04399601 -1.17205465 0.0198931824 0.0043018749 0.0274277348 -0.0847311392 -0.157679588 -0.503151774 -0.16934666 -0.0872702599 0.174473286 -0.0610860437 -0.162349686 -1.39691567 -0.79543978 -0.138079256 -0.638023674 -0.0597534366 0.232383311 -0.0953511298 0.0994049236 0.10839583 0.164737254 -0.122462429 -0.86263454 0.174588174 -0.135327503 -0.459480405 -0.0857077837 -0.0227910504 -0.0479943082 0.0302577727 -2.38945246 -0.0600296818
0.0510008223 0.129600555 0.174944639 -0.0707764477 0.0679992661 -0.0143483337 0.0731411204 -0.00372843607 0.0610999353 -0.00785675365 -0.0191468857 -0.622260928 0.118213139 -0.360662967 -0.206870228 0.078266792 -0.441219896 -0.018136682 -1.16857576 0.0739996955 0.00665576244 0.338191271 -0.0201369897 0.0310891662 0.0391992405 -0.19629626 0.160763428 -0.795567513 0.0551153272 -0.365885854 0.0595536605 0.124817543 0.0585037656 -0.999088168 -0.156882077 -0.341867954 -0.177251279 0.0143872499 -0.012684592 0.0861089975 -0.0245432071 0.0838846788 -0.340864003 -0.281652182 0.277595133 0.157859609 -0.03784246 -0.789184153 0.0536673591 0.279023737 0.00377585902 0.103269942 0.0633727908 -0.0996233895 0.0416611135 0.0677788034 0.0556910895 0.237270921 -0.0973048583 -0.752808928 -0.120037295 0.185403705 0.0743877217 -0.0373577401 0.120721258 0.141169563 -0.078010872 -0.651863813 -0.176746428 0.125336051 -0.100200601 0.0753825605 -0.518510163 -0.503899217 -0.0451118611 -0.0747558102 -1.14091742 -0.0649320036 0.0713944063 0.246970743 -0.722484767 -0.0323361233 0.0773938149 -0.0162002724 -0.211523175 -0.284120262 -0.161992103 0.0294618756 0.129079193 -0.158475623 0.102917768 -0.0181211028 -0.173303813 0.14077723 -0.00297961757 -0.35938552 -0.009336452 -0.0700661838 -0.00899997633 -0.0640673488 -0.149263948 -1.0007298 -0.569544613 -0.216863096 0.079633303 0.0299679339 -0.844918668 -1.48379719 -0.678735316 -0.511796713 -2.18200207 -0.0148736704 -0.0387585722 0.00238139625 0.182705164 0.147782043 0.145500049 -0.113539197 -0.439839602 0.161448359 -0.0619841777 -0.58585602 0.0184503794 -0.372072667 -0.0351151824 -0.592309713 0.0732737109 0.126092494
-0.0973077267 0.169066161 0.166997656 -0.0563916378 0.0701670796 -0.0126632415 -0.0941340849 -0.0543690473 -0.236098409 0.0583486557 -1.37779117 -0.262517333 0.204445958 -0.934690416 -0.369095087 -0.0677100942 0.0763015375 0.151238099 -0.446045339 -0.0505562164 0.0479540527 0.190114841 -0.0313938968 0.0963449255 0.0575957857 0.0387979597 0.136610061 -0.453892589 0.0264505986 -1.01392388 -0.302535594 0.192177385 -0.0164919104 0.0742060244 -0.886760175 -0.274926335 0.0365340263 -0.18528612 0.0667428225 0.0977271795 0.0213212743 0.170758963 -0.28376168 -0.34862569 0.158883452 0.219180882 -0.00295845256 -0.249919862 0.167412668 0.289205134 0.0782579407 0.0811635554 -0.0108014634 -0.143178836 -0.0244997386 -0.0957964435 0.0107259937 0.166002944 -0.897566974 -0.410950094 -0.215990931 -0.0949114785 0.22777231 0.0633625984 0.166341916 0.107690811 0.0431386121 -0.400206238 0.0896430016 0.0981263667 -0.0954918936 -0.0361262076 -0.654397488 -0.256203413 -0.0372446962 0.0524396226 -1.47967947 -0.618165553 -0.0644169971 -0.338269055 -0.0186489653 0.0188601837 -0.0238018911 -0.0367687754 -0.26782459 0.126051307 0.0716268048 0.0699730217 0.191056609 -0.169476777 -0.135709137 0.0277163293 -0.798907995 0.175819814 -0.0643612891 -1.2656703 -0.115197286 -0.00712013571 0.0534458831 -0.0266512949 -0.0201372076 -0.887048841 -1.01630402 -0.113368094 -0.137027487 0.00813427195 -1.03045917 -1.09440732 -0.443209201 -0.0812713876 -0.166476309 0.045528505 -0.182196259 0.00205099909 -0.0741804019 0.0413490981 0.0348308012 -0.414050072 -0.916027784 0.10292235 0.01148488 -0.230620399 0.124603063 -0.788549602 -0.0851529166 -0.0963135362 -0.180525273 0.23864086
0.0360530093 0.059778817 0.197989732 -0.0652501807 0.0385096818 -0.0648796186 -0.0713314265 0.0504877754 -0.0520169735 -0.00926559884 -0.114337452 -0.0888427943 0.138470963 -0.458592176 -0.0477779768 0.0106226727 -0.00775024388 0.197355434 -0.0761288926 -0.0548815429 -0.0781756938 0.0471185744 0.0682757273 0.183842063 -0.0673120096 -0.0393144935 0.141900942 -0.0106020719 -0.204190254 -0.270568073 -0.602065086 0.150981009 -0.0966201127 -0.19669123 -0.245589435 -0.144158974 -0.00132280542 -0.162367716 -0.0741299242 0.0564320087 -0.140152469 0.11372783 -0.205769971 0.0296363588 0.265160918 0.213655666 -0.00022797822 -0.39716351 0.195824638 0.12724261 0.264707744 0.108836733 0.000117415031 0.0606653579 0.00486412551 -0.100197099 0.0691770241 0.0683477819 -0.16717875 -0.223783195 0.657109141 -0.256728917 0.280170798 0.0282108709 0.140832409 0.133949816 -0.0673452243 -0.719976306 0.127956897 -0.160254598 -0.152180523 0.0545332134 -2.08204913 -0.158639699 0.0572556481 -0.051480975 -0.404490978 -0.309961915 -0.0128944609 -1.94672871 -0.993806779 0.075906083 0.0328199416 -0.0195474382 -0.020001363 0.142848879 0.131600976 -0.0398191474 0.149462953 -0.494614482 -0.285313994 -0.0248583201 -0.157319784 0.0872826353 -0.04456627 -0.229305997 -0.0287927203 0.00340951374 -0.0321113318 0.0399856567 -0.169126421 -0.678698719 -0.219701067 -0.112926126 -0.14894785 -0.0100342473 -0.083520472 -1.74410677 -1.29983068 -0.398011267 -0.0936456323 -0.0556055121 -0.0371647999 -0.0678429231 -0.212471202 -0.219067678 -0.120084226 -1.12151444 -0.162685826 0.216125026 0.149217829 0.0336739384 -0.263976038 0.180099085 0.0953562185 0.155685738 -0.13092795 0.0871535763
-0.0855493024 0.129522249 0.141258582 0.0439297706 0.0104259942 0.0432113782 -0.0737103894 0.0615915321 0.0135469642 0.00891593099 0.203521326 0.0947445109 0.0705058351 -0.238890052 0.146263912 -0.00749511225 0.138856605 0.170191795 -0.0930122212 -0.193035498 0.0578941181 -0.160242647 0.0155376336 -0.00630819565 0.00313855405 0.0255709291 0.108360134 0.127958357 -0.770509422 -0.0146191139 -1.78003776 -0.00504516019 0.0450130068 -0.33479476 -2.82785726 -0.0682658553 0.163273424 -0.132039219 0.0637994111 0.119130515 0.0705047026 0.0594272874 -0.0677653924 -0.0790628344 0.105283663 0.172601923 0.013796242 -0.366579115 0.182554573 -0.168864235 0.242311373 0.146258414 0.0733262748 0.0120714856 -0.0350359343 -0.578871489 0.0741760209 0.0362275392 -0.892218232 -0.0123580489 -0.717408776 -0.553865135 0.22854805 -0.00047880318 0.066800788 -0.170546815 0.0131676346 0.0119516291 0.0870081484 0.0322208777 -0.578265667 -0.00522010634 -0.389270365 -0.0714045167 -0.0749132037 -0.0598177463 0.0663530082 -0.299901068 -0.318348885 -0.885000408 -1.20142138 0.0925397724 -0.0829177499 0.0429939777 0.0910648629 0.13323155 0.0537823215 -0.0175231639 0.1775572 -0.64279592 -0.524107337 -0.0217288174 0.0665420368 0.0412689671 0.0492036156 -0.335542768 -0.00896651577 0.0522776507 -0.0861057863 0.0728633702 -0.0301994365 -0.119904175 -0.121048726 -0.237780616 -0.587257147 -0.11801748 0.222194582 -1.06377685 -0.489812881 -0.399150193 -0.236660242 -0.0323568396 0.0205377042 -0.0312856361 -0.395750701 -0.542333186 -0.354797184 -0.43749243 -0.785715103 -0.119415306 0.15492025 0.147959277 -0.217974231 -0.573903382 -0.0617408678 0.16147922 -0.92474401 0.189261705
0.0587818399 0.0261431113 0.175047174 -0.029080091 0.0263687018 0.0470719188 -0.0130519513 0.0108156642 0.0395087339 -0.0680231676 0.262610734 0.100396372 0.0932951048 -0.0308945701 0.207301483 -0.0206122752 0.239146858 0.150588602 -0.130167797 -0.189480484 0.0107668899 -0.536724567 -0.0772922039 -0.176512256 0.0358116701 0.00458994601 0.0619595237 0.195118025 -0.332234651 0.11404679 -0.221558422 -0.100995243 0.0299251638 0.0447332598 -2.17202234 -0.0761123747 0.163025975 -0.00682313461 -0.0123466635 0.0617725067 0.185140982 0.0716809556 -0.0439734198 -0.139134899 -0.14902015 0.13069348 -0.0978203788 -0.0964808315 0.0999915749 -0.624157012 0.243729368 0.0961663052 -0.0787776709 -0.00181280624 -0.0106350528 -0.503399849 0.0212918706 -0.0132171838 -0.544232607 0.0912383571 0.0509310029 -0.452115357 0.13188839 0.00791464187 -0.139524132 0.0123220049 0.0285434406 -0.33792305 0.0875618011 -0.226796627 -0.0646534935 0.00796440616 -0.138751641 0.0608651154 -0.0526824109 -0.0159062296 0.18024613 0.299364299 -0.265051216 -0.497653365 -0.436231554 0.0398806632 0.0446305946 0.0675499663 0.117827699 0.186328158 0.0983124226 0.0686658397 0.120688304 -0.531512439 -0.400150001 -0.0489906706 0.137896791 -0.0878570303 0.00999922771 -0.158575758 -0.0429469757 -0.0407794714 0.0362924188 0.0105009619 -0.143621653 0.018998934 -0.606931388 -0.433071613 -0.396503091 -0.151070729 0.185102314 -0.281573594 -0.261252999 -0.709683299 -0.354662955 0.0846674964 0.0927510262 0.0890760273 -0.671509027 -0.438619316 -0.467765361 -0.458088905 -0.666907072 -0.522607148 0.103876919 0.0702977479 0.0296134241 -0.291287094 -0.0022190311 0.122407138 -3.47538614 0.223123118
-0.854559064 0.092171818 -0.063801676 0.028780954 -0.079243131 0.00464902492 0.0660092756 -0.0453317501 0.102990739 -0.0363367014 -0.54479152 0.0226267762 -0.0784210861 0.0899240226 0.0936439261 -0.0291197747 0.0806414485 -0.00789545383 -0.571137905 -0.129930839 0.0823124275 -0.218791336 -0.0636452213 -0.013092313 -0.0226594117 -0.433775574 -0.0835556984 0.113666847 -0.558730483 0.13141267 0.0316218212 -0.290539384 0.0332748331 0.0392070822 -0.855773628 0.00502122194 0.158006176 0.0191461518 0.0169904716 0.13211982 -0.479026407 0.111731388 -0.0158899669 -0.297509998 -0.444896311 -0.0706980005 0.0690705255 -1.25689387 0.00637759827 -0.423896343 0.0104517434 0.00421283767 0.0703322515 0.123852186 0.0704081878 -0.354763627 0.0927262455 -0.145352706 -0.0283435043 0.172899634 0.313912362 -0.468606383 0.0912376866 -0.00622757012 -0.238058716 -0.112368241 0.0817496777 -0.43234691 0.102628715 -0.189218193 0.108606063 -0.0721120536 0.206984118 0.175786868 -0.0639315248 -0.0209033117 0.0889354348 -0.164042085 -0.210877284 0.0634521842 0.0967923924 0.0346934311 -0.033133477 -0.0431856662 0.174897745 0.193855762 0.150939301 0.00607717782 0.0554590672 -0.106657535 -0.453129202 0.0940256417 0.122931421 -0.198610783 -0.0279133804 0.091015324 0.0739589334 -0.00673798658 0.0511386171 -0.0545192994 -0.0344969556 0.17416507 -0.295098603 -0.452398151 -0.147306651 -0.0611056834 0.180450618 0.168900624 0.0141975256 -0.19631584 -0.0703101382 0.0372413993 0.0984095708 0.0576480329 0.123567633 -0.755317688 -0.550453544 -0.0297596324 -0.10743764 -0.833438039 0.0998451486 0.0592273399 -0.069548659 -0.986680031 -0.00209127995 0.207032025 -1.55276632 0.130331367
0.299517274 -0.0885037333 -0.191582531 0.0734124258 -0.147330672 -0.0629159808 0.0438934602 0.0227485541 0.017830316 -0.047690969 -1.58930588 0.126177266 -0.134351328 0.122501418 0.161754534 0.054807663 0.102605335 -0.0691101253 0.0889867544 -0.388374507 -0.0480306633 0.0115751382 0.0378804468 -0.231562525 -0.0437846258 0.069288604 -0.160249889 0.0802403167 -0.0142321251 0.0247879233 0.176735193 -0.686095476 -0.0307352487 -0.633496702 -0.639423192 0.117496379 0.0219623167 0.0130149322 -0.0524478406 -0.0140402066 -0.117117032 0.0208683312 0.08983659 -0.341791093 -0.821650624 -0.0860670656 0.0647699907 -0.182219714 0.000633283635 -1.21125233 -0.121415369 -0.15042071 0.0764463395 0.156243846 -0.0833923146 -0.0703798383 -0.0801351517 0.00915488135 0.154211372 0.144093588 -0.314342886 -0.151475206 -0.194744721 0.0156100402 -0.802708685 -0.0517105646 -0.051338844 0.0537850894 0.0664873347 -0.23679249 0.179839522 -0.0921291709 0.246207088 0.0894247293 -0.0575875342 -0.0486212894 0.170119062 -0.440467417 -0.0821331143 -0.327846438 0.0929185301 0.0359051377 0.0714054778 -0.0302639194 0.142727599 0.11212384 0.120655425 -0.0262611881 -0.0244990867 0.0409320109 -0.0711840168 0.0438101813 0.0768597052 -0.325848281 -0.00312502263 0.20227173 -0.0191434305 0.0348786898 0.00503137521 -0.0541629158 0.185139611 0.157255888 -0.117279798 -0.630883098 -0.0121109709 0.074628517 0.15718624 0.0990372673 0.137255743 0.0511510149 -1.29951859 -0.0715753138 0.0716392323 -0.0284230597 0.144969597 -0.279346585 -0.128270939 0.17216748 0.099182561 -0.120482996 0.03419213 0.0897552297 -0.0668943077 -0.159674227 -0.011930122 0.0616597682 -0.570330083 -0.201854914
0.104964875 -0.13361384 -0.394741923 -0.0561267994 -0.200591013 -0.0347399041 0.00353109906 0.0480431281 0.0845760629 -0.013929938 0.0851710066 0.108025618 -0.1938954 0.119480222 0.127285525 0.0252345502 0.0535380356 -0.146784395 -0.90723896 -0.0886291564 -0.0380337089 0.0976027399 0.0359879807 -0.449322194 -0.0111126872 0.0791876614 -0.17670691 0.0271667466 0.098038666 0.189643532 0.221913099 -0.246831626 0.0473983549 -1.13372743 -1.56962121 0.0789938793 -0.117856637 0.109715387 0.0193929113 -0.0596785098 0.0564630926 -0.0633776113 0.130771443 0.171236262 -0.131047428 -0.191867188 -0.0311055463 0.325340271 -0.0594004206 -1.24068964 -0.364308655 -0.226150334 -0.0146670686 0.0600918569 -0.0482480191 0.106052816 0.0128262751 -0.0356118903 0.114426039 0.0308245625 -1.9884795 0.203868702 -0.708085477 -0.0728554204 -0.916090429 -0.725935221 0.0709647387 0.189175054 0.0053185029 -0.546713889 0.100683339 0.0359289125 0.198446378 -0.00219478202 -0.0322649404 0.0245405212 0.194860101 -0.921227455 0.0900194123 -2.07195139 0.116023131 0.0205731131 -0.0964024216 0.0671322942 0.0926714689 -0.0353522114 -0.0643608794 -0.00598674407 -0.454224497 0.231406957 0.157559708 -0.0162058603 0.0601836219 -0.34420234 -0.019047359 0.174413994 0.0309711937 0.0547992885 0.0712065697 0.0323604718 -0.100241639 0.129070655 0.16172795 0.203328162 -0.191827729 0.135104597 0.00381013099 0.183267608 0.210910112 0.191464648 -2.52064633 -0.053314317 0.0673177093 0.0202363506 -0.180476233 0.167467475 0.134254947 0.100699708 0.149927154 -0.517555535 -0.117819861 0.0252500828 -0.157577083 0.043750342 0.00862171408 -0.0441660024 0.389159143 -0.679520369
0.19179225 -0.00117912143 -0.588155329 0.0799529329 0.0616836324 -0.0709802955 -0.00835041609 0.00683067227 0.11721994 -0.0105993329 -0.174821004 0.236311883 -0.054037381 0.0403695218 0.122442663 0.0480425954 -0.743411362 0.0945217684 -0.117122166 -0.086152114 -0.0666919574 -0.534916222 0.00317733316 0.181621179 -0.0096978033 -1.38040316 -0.0172095038 0.358538866 -0.119304091 0.224345103 0.0292993113 -0.383308291 -0.0806851014 -0.103638001 -1.11406839 0.111142032 -0.291104108 0.122722507 -0.0561393015 -0.159056678 0.00673573744 0.144413978 0.0986225754 0.130996928 -0.800948918 -0.333062857 -0.0962512717 0.0775166228 -0.0916574895 -0.923346102 -0.36293456 -0.287216127 0.0218771007 -0.0479410402 0.0490526296 -0.122434027 0.0563513413 -0.290835261 0.0337280855 0.208669633 -0.373505592 -0.0666743666 -0.833128512 -0.0563375428 -0.102184899 -0.264986485 -0.0948777124 0.0660421625 0.202212751 0.0102512818 -0.210185319 -0.0244313385 0.22631073 0.0351139382 0.0431163087 -0.0549899191 0.261051714 -0.267979383 -0.05684679 -0.596801996 0.0432621501 0.114814349 -0.058263585 -0.0147929648 0.280906796 0.100217372 0.271559656 -0.0227328781 -0.778639674 0.109108083 -0.0471270271 0.02627635 0.326285422 -0.125156954 0.0726231262 0.0286373012 -0.00636079535 -0.0470386222 0.0248625726 0.0187670924 0.0991389602 0.181784123 -0.0251310244 -0.0337444209 -0.0764611512 0.126805693 -1.2780267 0.0434468798 0.138347045 0.00224762131 -0.605708838 -0.0234445594 0.105284259 -0.0755182579 -0.0896673873 -0.177185521 -0.0328411497 -0.0437113605 -0.0218634233 -0.320330232 -0.0559640974 0.174372077 -0.143410042 -0.181775182 0.00568981376 0.243195012 0.251306623 -1.44741297
-0.764083683 -0.276378036 -0.652182043 -0.0796441883 -0.105993673 -0.0643294752 -0.00834010728 0.0728929341 0.0247992612 -0.0613998882 -0.0701090842 0.0906971991 -0.272408128 0.16419673 0.171656832 -0.0805545598 -0.323242724 -0.0296001863 0.0504446812 0.00229921192 0.0631404966 -0.338664621 0.0200113505 -0.108478807 0.0131756403 -0.0906986445 -0.0339808017 0.0630189851 -0.0672169924 0.183229491 0.218157098 -0.344934404 -0.0749190897 0.0588493757 -0.224015787 0.0996451676 0.031758409 0.0817295089 -0.0790359229 0.0061379401 0.0602504089 -0.285401702 0.0686329678 0.268455476 -0.535544991 -0.306690633 0.035581544 0.117294975 -0.468344688 -0.29410693 -0.366637081 -0.244613051 -0.0569991767 -0.0463317372 -0.0769091845 -0.0281116925 0.0988387913 -0.301349312 0.183075503 0.103328235 0.228277639 -0.00411542039 -0.383133918 0.0507494435 -0.183221027 -0.199509144 0.0295262039 -0.012665459 -0.0296970606 -0.0173644014 -0.4744322 -0.0392171033 0.203627348 0.154887453 -0.0329234302 0.051459603 0.269059449 0.067246303 -0.0128787849 -0.28128165 0.0900639221 -0.343095362 -0.0758572295 0.0552197844 0.0241446774 -0.353131056 -0.0318772346 -0.00210113404 -0.29429692 0.109397836 0.0588415787 -0.0183373541 0.140537947 -0.295918137 -0.0734379515 -0.0389757231 0.071653828 -0.00857860502 -0.0368720703 0.0259185266 -0.281008899 0.108351283 0.0247032382 0.27729395 -0.0686656758 0.112891264 0.30392766 0.11019136 0.171374306 -0.0334960893 -0.17868346 -0.0283541027 0.0887838528 -0.0395500176 -0.0333887488 -0.0918058679 -0.177198038 0.198483482 0.129312605 -0.126575336 -0.0114214215 0.0937238708 -0.0646433532 -0.0888026133 0.0226015206 -0.094973512 0.226911113 -0.394263685
0.465863228 -0.226916805 -0.286668301 -0.0349830873 -0.0303456523 -0.0719934255 -0.0461938307 0.00348620955 -0.0741127282 0.0676442906 0.0990632623 0.131519765 -0.280531287 0.0948384479 0.0341281109 -0.0882418975 -0.351506829 -0.673528135 0.0167545043 0.062182188 -0.00996737927 -0.0606972575 -0.0771342292 -0.0503220111 -0.035412509 0.238977835 0.0100046117 -0.149989247 0.0105391992 0.100617491 0.172447756 -0.0295073073 0.0379184373 0.151187226 -0.0984080881 0.054418128 0.0638599023 0.039629221 0.0155854719 -0.13876693 0.0360752605 -0.251428843 0.0367388017 0.186657667 0.0381982997 -0.183776587 0.0455729775 0.0631535947 -0.375798732 -0.637655497 -0.540251732 -0.140396997 -0.093174167 0.0592184179 0.0307093002 0.0484759845 -0.0570181459 -0.17372714 0.110585622 0.0427381359 -0.0234426521 0.0592568107 -0.259082943 0.0216231737 -0.180557504 -0.104438983 0.0856981203 0.0643166378 -0.26219818 0.0765953064 0.346395224 0.0328888036 0.0609801151 0.0376816019 0.0179935861 0.0159461647 -0.00289132283 0.0856771544 0.0649086386 0.0391254164 0.0476719849 0.0108184526 -0.0382359885 -0.000909606577 -0.0287951566 -1.31504297 -0.284585088 0.0337552242 -0.340414435 0.100918956 0.0737426803 0.0535822548 -0.24246271 -0.0397675224 0.055788625 0.00235511269 -0.0589499474 0.0335175022 0.0127070863 -0.0187452305 -0.0230971854 0.0431234241 0.106340498 0.235070154 0.00122271618 0.0405699536 -0.408210158 0.277237743 0.156917378 0.0743113384 0.102108523 0.0442575067 0.00981758162 0.0637418777 -0.0437423661 -0.0469649285 -0.0743067041 -0.127591088 0.108151786 0.0170050096 -0.0288794488 0.0739955753 0.0345254764 0.0975597203 0.012921758 -0.94757551 0.0658635944 -0.451231778
0.248589963 0.14247781 0.343556136 -0.075727962 -0.0559533462 -0.0930258408 0.0268012453 0.0374505594 -0.108798198 0.0365628861 0.102171175 0.0645967275 0.0879548565 0.112611942 0.0401080921 -0.0378814116 0.00222088629 -0.115217924 -0.0628148466 -0.180147752 -0.0985669792
test 187
0.00208000001 -0.0209999997 0.00800000038 0 1 0.25 1 -3.9999999e-05 -0.454959989 0.00400000019 0.00400000019 1 0 0 0 0 0 0 0 0 0 0 0 0 0 0 0 0 0.00208000001 -0.0209999997 0.00800000038 0 1 0.25 1 -3.9999999e-05 -0.454959989 0.00400000019 0.00400000019 1 0 0 0 0 0 0 0 0 0 0 0 0 0 0 0 0 0.00208000001 -0.0209999997 0.00800000038 0 1 0.25 1 -3.9999999e-05 -0.454959989 0.00400000019 0.00400000019 1 0 0 0 0 0 0 0 0 0 0 0 0 0 0 0 0 0.00208000001 -0.0209999997 0.00800000038 0 1 0.25 1 -3.9999999e-05 -0.454959989 0.00400000019 0.00400000019 1 0 0 0 0 0 0 0 0 0 0 0 0 0 0 0 0 0 1 0 0 1 0 0 0 0 0 0 0 0 0 0 0 0 0 0 0 0 0 0 0 0 0 0 0 0 0 0 0 0 0 0 0 0 0 0 0 0 0 0 0 0 0 0 0 0 0 0 0 0 0 0 0 0 0 0 0 0 0 0 0 0 0 0 0 0 0 0 0 0 0 0
-11.4259577 11.8434 -38.7185478 -50.8658333 46.5974045 -220.327011 -395.575928 -457.268524 -589.533142 -544.855286 -500.983459 -504.430267 -428.164062 -287.902954 -157.635498 2.34321833 85.5230942 115.318924 90.200882 82.576355 -50.9199409
