history 4 5
buttons 4 Left Right Jump MouseLeft
aims 16
layers 3
128 112
0.0255335215 0.019115191 -1.83172584 0.0341870487 0.0117116943 -0.0701154023 0.0576293953 0.131919518 -0.15315038 -0.0201566685 0.0484158434 0.0617018901 -0.00880694762 0.0602979995 -0.175294429 -0.0286150537 0.0758891925 0.0643774942 0.346365899 0.167946175 0.336676508 -0.338743806 -0.375824332 0.0707088187 -0.0152303949 0.0099984929 0.085559465 -0.0876566097 0.0144910952 -0.0615843087 -0.432171702 0.157913953 -0.0106824739 -0.0805185884 -0.00651389454 -0.0907179713 -0.194139734 0.0198966991 0.154633626 0.130508319 0.0767262205 -0.0896016359 -0.133466333 -0.123013884 -0.154428571 -0.0437319428 0.0170211997 0.00209990656 0.00724164117 -0.172088161 -0.436340749 0.0939367488 0.0375018343 0.0127650723 0.0633550063 -0.0556365922 0.103378281 -0.112043016 -0.010910226 -0.0578371808 0.0943487063 0.0928635597 0.00352938543 0.0270648189 -0.0881617367 -0.0491910577 0.14024581 0.109452002 0.103657536 -0.0036142813 -0.157535776 -0.0889526904 -0.0934902728 0.0414599441 -0.0599338934 0.128327116 0.119499259 -0.497452378 -0.656223297 -0.059114147 -0.0880613849 0.0839546397 0.0718472376 -0.0942575336 0.109331861 -0.0525095761 0.233166903 -0.169892967 0.0856214836 0.0416955091 0.0941412672 0.0637219027 -0.076707311 -0.00332884234 -0.079086706 0.0291078836 0.0540965162 -0.137321949 -0.210790738 -0.360812068 0.0251195263 0.124942854 -0.198316365 -0.268581301 -0.19087477 -0.187695697 -0.528260648 -0.0728863552 -0.00520642102 0.0141873732 -0.0386969745 0.0560689047
-0.0339614153 0.30026117 0.927612901 -0.652751267 0.0340633579 -0.280056179 0.0432698019 -0.0878992602 -0.292202026 -0.256089538 0.177522689 0.0760741308 -0.0331602693 -0.0357794873 0.132351726 -0.153127134 -0.236361116 -0.0664838701 0.0590147935 -0.210251972 -0.0497032814 0.336272031 0.286712646 -0.00971370935 0.00262612104 -0.00815164298 0.0191232413 0.0600811765 0.0942836478 0.308297783 0.147490457 0.017004896 -0.0321120322 0.128895342 0.0938227251 -0.0672415122 -0.39989388 -0.37807548 0.0864750221 -0.047772415 0.0661465153 -0.00845991913 0.158416659 -0.150756896 0.0113028483 -0.138562396 0.217884719 0.0318042859 -0.166251242 0.121666975 0.136247471 -0.0815872103 -0.0147859231 0.00122197717 -0.0429249406 0.0355947241 -0.0892309323 0.240543857 0.177563787 0.0452120267 0.135443434 0.362932205 -0.055791121 0.0299439896 -0.354735792 -0.42836374 0.26315707 -0.0429107361 0.131114602 -0.125767782 0.131438047 -0.0507790521 0.136788353 0.0929034129 0.139754534 0.116851307 -0.247758687 0.205235675 0.328684568 0.0646531656 -0.066651985 0.00421429425 -0.0666100085 -0.0520158634 -0.0648666173 0.274924487 0.0349719711 0.0383625515 0.0508348756 0.355044663 -0.0419443287 -0.0612305515 -0.3939192 -0.318791121 -0.0455944836 0.113799237 0.216654286 -0.0815248936 0.331140786 -0.432882637 -0.152844787 0.25596112 0.232778519 0.0391810946 0.0331335515 0.196227908 0.404299647 -0.0766839534 -0.00678505003 0.0934742764 0.0341336951 0.00267533213
-0.00494165905 -0.0112597384 -1.17448461 0.0508756787 0.0209009908 -0.0977756679 0.0631895363 0.328710556 0.36180526 0.224395409 -0.00831526332 -0.0209169332 0.0570257567 0.0730993822 -0.12040817 -0.484285891 0.139191881 0.300235569 0.27941075 0.0998510793 0.126359642 -0.224831045 -0.0155252153 -0.0781368241 0.00130232424 -0.016065076 -0.0497659147 0.012488991 0.192649364 -0.0892863423 -0.397101849 0.0722805336 -0.0383351259 0.0553173721 0.0167753138 0.126724139 0.301493436 0.22672683 0.0599232204 0.114048421 0.0218314379 -0.0555664152 -0.00162463251 -0.310232371 0.0841395557 0.0688759238 0.132139787 0.117398717 -0.121853583 -0.0423755571 0.153163955 -0.0842459947 0.0828570351 -0.061363589 -0.0107494518 0.027071096 0.132301942 -0.132110626 -0.353584111 0.210671604 0.0686971247 0.170774937 0.0304786358 0.195622861 0.340970457 0.219572634 0.0398252085 0.0755459964 -0.0218158476 -0.153583348 0.127283141 -0.389265388 0.0812269375 -0.0406089798 0.251638263 0.127453879 0.0049335435 -0.20594582 -0.09762308 0.0217712149 0.0185562447 -0.0701586604 0.0157326311 0.0402465239 0.184041739 -0.092690669 -0.147769019 0.0997150838 0.0825441778 0.0795096233 0.0980229303 0.204373211 0.324153334 0.299322605 0.159005225 0.0522870086 -0.0962228924 -0.239865512 0.16182287 -0.233301029 0.146568581 0.0485968515 0.287703574 0.224198744 -0.00290075433 -0.184708595 0.10471677 -0.081254907 0.0942652598 0.0599819496 -0.0653154477 0.0369689539
0.0692814738 -0.250963032 0.128252625 0.11270088 0.0241497084 -0.34024474 0.113308951 -0.0778846219 -0.699327707 0.0892336071 -0.245840207 0.0599471219 0.0327646211 0.0773474574 0.0818864629 0.895395279 -0.0515029654 -0.602086782 0.17392841 0.163665473 0.202592254 0.0288200583 -0.178359091 0.0213412941 -0.0639319196 -0.0932190344 -0.0758816376 0.0745979026 0.0456433631 -0.260982335 -0.00518307788 -0.0670479238 -0.0181373488 -0.259130001 -0.0256386846 -0.0654191002 -0.691517591 -0.0117524005 -0.388178766 -0.0422409512 0.169290543 0.0564261116 0.269742787 0.664630055 -0.0916731656 -0.38256529 0.12670131 0.141129225 0.094073683 0.0279466603 -0.233336568 0.0587402359 -0.0330711491 0.0453394428 0.0108576491 -0.0225661173 -0.0577428527 -0.403601646 0.0323577374 -0.0177626852 0.115140565 -0.252151698 -0.0189537965 -0.0635897666 -0.539517939 0.0678156242 -0.360493392 0.100529291 0.133713603 -0.223020613 0.292066395 0.572705925 -0.257003456 -0.389646143 0.0293935221 0.0805871338 0.217023745 -0.13437745 -0.370053381 -0.0315820426 -0.0256491527 -0.0182300583 0.00904285908 0.0873881802 -0.010379036 -0.407276928 0.208874285 -0.0406561755 0.09428747 -0.345973343 0.0188184604 -0.198877707 -0.618535101 0.100135952 -0.640839159 0.0519224443 0.19877401 -0.493648231 0.17554234 0.057785362 -0.228161871 -0.759374917 0.288562477 -0.149716794 0.274049699 -0.201808378 -0.406487674 0.0635389313 -0.0894338563 0.0785397962 -0.0377986059 0.0276749432
0.000806309166 -0.163666204 0.191206828 0.301502258 0.133899853 0.198084176 -0.0114089167 0.361680806 -0.401625782 0.00449800538 -0.0359349437 0.016842233 -0.077221103 -0.0311792325 0.0830912963 -0.010141368 -0.0353644453 -0.0709483474 0.204669937 -0.00754997507 0.0808190182 -0.29826653 -0.337850064 0.0932056978 0.0543351397 -0.0106405765 0.0331301466 -0.0927017257 -0.0872354507 -0.0437339954 0.0978103429 -0.0390651375 -0.0232673865 0.00785289519 -0.026869541 0.344059378 -0.407048523 0.0673318282 0.0433017723 0.10048835 0.0268928725 -0.035370741 0.0376738682 0.00146209216 -0.00534896646 -0.0514714234 0.102548033 -0.0210890714 -0.125564381 -0.154611349 -0.277702242 0.0864146873 -0.0875251964 0.0666444227 0.0473550931 0.0559310392 0.0746184513 -0.131689623 -0.0213881154 -0.101047128 0.016139457 0.0841322914 0.0237753708 0.354264498 -0.428955406 0.0065472424 -0.0143196788 0.0849550664 -0.0258444306 -0.0150120948 0.121433891 -0.0632174835 0.0301951095 0.0411573425 0.0199474916 0.0123823285 -0.0538796224 -0.29829964 -0.422565073 -0.02542606 -0.000257998705 -0.0457805246 0.0943295434 0.0922866538 -0.0681327134 -0.149515778 -0.0862866193 -0.214083776 0.017439831 0.00828794204 0.017070381 0.304370314 -0.45693627 0.115928002 -0.200745523 0.0084903175 0.0273957867 0.017767014 -0.0723015666 -0.181517765 0.0320366547 0.255257636 -0.1544047 -0.0954647884 -0.160683915 -0.177842259 -0.332878619 -0.00815515965 -0.019905217 -0.0211043805 0.0600434914 0.0045163855
-0.101602107 -0.167024106 -0.158137813 0.170073345 -0.0147935916 0.224638849 0.0189482141 -0.417062312 -0.208156571 0.114170805 -0.0451920815 0.129420519 0.0625380948 -0.16212748 -0.218210548 0.138518795 -0.0882367939 -0.167016089 0.00527467346 -0.0399949513 -0.0686984062 0.0625469461 -0.00472947536 0.0236794129 -0.00715483725 -0.0477168076 0.0190996677 0.0358838364 0.06269449 -0.0411296226 -0.15858075 -0.218456522 -0.040628098 0.202396557 0.0817644522 -0.369816124 -0.357289225 0.140754133 -0.104919218 0.160471827 0.0258845314 -0.165748671 -0.332937926 0.0410727151 -0.0580937527 -0.0332236849 0.0778783858 -0.0730976164 -0.0986171067 -0.00969453622 -0.1891848 -0.0736065432 0.0787742361 -0.0416820832 0.0335173979 0.0821868256 0.0375749432 -0.0921289399 0.00791606866 -0.0859841406 0.00387376989 0.137609065 0.0623584166 -0.517536342 -0.304432034 -0.0609783307 -0.175565317 0.0593541898 0.0354597867 -0.084933795 -0.198316053 -0.137549117 0.029334439 0.0991564915 -0.0603268407 -0.04824543 -0.182290077 -0.055468116 -0.192725748 0.0409526899 -0.0559494533 0.013556309 0.0301607549 0.00669033825 -0.078005448 -0.0105872452 -0.132095501 0.062339738 -0.0248113554 -0.00397055643 0.0913943872 -0.45744589 -0.194022864 -0.167122677 -0.462410629 0.0332799479 0.167809874 -0.0229741894 -0.302260906 -0.317503363 -0.0615716279 0.129067019 0.0688267499 -0.154582232 -0.0510775223 0.0532810986 -0.248100176 0.0733665004 -0.0290991813 0.0760617778 -0.0914041251 -0.0136184096
-0.0135667166 0.0358371623 0.0458186232 0.0663141459 -0.0226478893 -0.00855913293 0.0561385378 -0.0334774852 0.0916752741 -0.0529243648 -0.0165683031 -0.0164563973 0.0421628729 0.0573888868 -0.0207557846 -0.0664622486 0.0559687279 0.0170566402 0.0325400755 -0.0636983886 0.0554263033 0.0948846936 0.00283483346 -0.0882592797 0.0663318112 -0.0700605586 0.0217208713 0.0137312412 -0.0413481891 0.0380725972 -0.0759224296 0.0163514055 -0.0684727505 -0.0150351627 0.00358423637 0.072447598 -0.0365151092 0.070569247 -0.0182578284 -0.0562558025 -0.0822828338 -0.0927626938 0.0877166241 -0.0119596673 0.0106894663 0.0151549624 0.0557776093 0.0722289756 0.0682478547 -0.0617424957 -0.0237361658 -0.0559139475 -0.053987667 0.0224139616 0.0886938944 -0.075697206 0.0598476939 -0.0439637341 -0.0100878123 0.0713202059 -0.0299411193 0.00378646376 -0.0746223927 0.0722394288 -0.00382044469 -0.0591873787 0.0214207191 -0.0785638615 -0.0749793947 -0.000309062802 0.0700353235 -0.0197118241 0.0500373654 0.0742573962 0.0590416938 -0.0528057627 -0.0111697558 -0.0305214394 -0.0883641466 3.90410423e-05 0.0710984245 0.079610236 0.00881608576 0.0214611068 -0.0384466611 0.0761214867 -0.0317242853 -0.0668080151 0.0059809708 0.0518191233 -0.0937624201 0.0770592913 0.0423483104 -0.0564629361 -0.0267653503 0.0706154481 -0.0724968612 -0.0300612077 0.0289520267 -0.0788145885 0.0537884161 0.0451344624 0.0549733266 -0.0633947253 0.0936264619 -0.0574350022 0.0818425491 -0.0906822234 -0.0841887519 0.0580360964 0.00987554342 0.00545112789
-0.0415994413 -0.0293447357 -0.0166787952 -0.0795114189 -0.00555382483 0.00649289275 -0.0105443913 0.0200580359 0.0791876465 0.035132926 -0.0257088859 -0.0494981185 -0.0691255182 -0.0765916109 -0.00433634035 -0.0120517155 0.0310619883 -0.0506252088 0.0642400831 -0.0554581843 -0.0105862916 0.0741633549 0.0842181593 -0.054735139 0.0168316066 0.0111615434 -0.0443023182 -0.0326461941 0.0363083705 -0.0554788522 0.0261602756 0.0529713035 -0.0477005057 0.0679701641 -0.0166829042 0.0324405022 0.0832075551 -0.0186352804 0.0612575635 -0.0376393907 -0.0224721804 -0.0271021221 0.0103030065 -0.0264561065 0.0111752804 -0.00678121904 0.0488083623 -0.00828325562 -0.00133133552 -0.0459018312 -0.0892681107 0.03823746 0.0120908916 -0.0378421545 -0.0319479182 0.024711445 -0.00637635496 0.0718950033 0.0159144402 0.0473932736 0.0307050347 -0.033984907 0.0304185878 0.0593089685 -0.00589506747 0.0287378374 0.0119253648 0.0548123755 -0.0485632643 -0.0613172203 0.052072756 -0.0722077116 -0.00945015531 -0.0538820513 0.0512787215 -0.077135697 0.046547424 0.0827609524 0.00875628181 -0.00629562885 0.0930123106 -0.0403809957 -0.00757190585 -0.0413781293 -0.0023364143 0.0306112207 0.022986345 -0.00659921113 -0.104940362 -0.00611250335 -0.0132634062 0.00380990258 0.0622871518 0.101566501 -0.0493207648 -0.0165013857 -0.0464890301 -0.0981759131 -0.0579219945 0.0780210793 0.0444006771 0.0402454287 0.0414242111 -0.0641663298 0.0202794597 0.0769836307 -0.0632039234 0.0840587541 0.0248358995 0.0664786175 -0.0404788256 0.043562077
-0.105739541 -0.0533911847 0.0972033516 -0.523532152 0.147541121 -0.614242435 0.14945522 0.445735306 -0.00310300384 0.0218931548 -0.156955987 0.0475056395 -0.0185001623 -0.137558863 -0.494251549 -0.0814835355 0.20594959 -0.194842204 0.188295797 0.110055581 0.123757772 -0.644853413 -0.379199773 0.0128771737 0.0460825339 -0.094370164 -0.0872029513 0.0579444543 0.0517189093 -0.106760927 -0.207380474 -0.142473787 0.140598565 -0.292152047 0.156922907 0.265184224 -0.192758799 0.0898788646 0.162120908 0.143790722 0.073862426 -0.165415868 -0.431260735 -0.687489927 0.0131956981 -0.10522151 -0.229521379 -0.305498302 0.261815399 0.000343865016 -0.482770175 -0.0890931487 0.0366023704 -0.039996054 -0.0574874133 -0.0372845195 -0.0958152413 -0.0956993476 0.461647987 0.0796686634 0.0792228878 -0.240294844 0.0949290395 0.378615648 -0.180119351 -0.013808623 0.356224746 -0.00430134172 -0.0840324312 -0.0320257246 -0.386087567 -1.07275176 -0.0128857819 0.111882113 -0.0177570079 -0.396416426 0.512681484 0.165375099 -0.382176489 0.00816748291 0.0482729003 0.0833326057 -0.09401232 0.0511674508 -0.0546205938 -0.121893652 0.217475921 0.141069517 0.0735723898 -0.284012973 -0.00761583075 0.380560875 -0.151558861 0.0365962349 0.395538419 0.164398819 0.0261146091 -0.283930868 -0.391678512 -1.31511855 -0.0373198166 -0.0858004764 -0.204497397 -0.685771048 0.412934929 0.190024525 -0.399416625 -0.0784318075 -0.020327948 0.0547619686 -0.0657044277 -0.0636918992
0.0423503965 -0.1455625 0.141252324 0.478968918 0.0691324472 0.450074345 0.0322427116 0.266822219 -0.110764831 0.0592898391 0.345354289 -0.0413281731 0.0307959858 0.00836275797 -0.110463634 -0.179120958 -0.00724759698 -0.0469770357 -0.144299641 0.325640917 -0.160172194 0.0231864527 0.0850199088 0.0137456134 -0.00747185946 -0.0299940482 -0.00477802008 0.0171993598 -0.00724830711 -0.15480341 0.0872419849 -0.438273549 -0.0353753679 0.291313857 0.0145530654 0.159346089 -0.156712547 0.138988137 0.37925452 -0.0274222661 -0.109382562 0.0950683281 -0.0804774761 0.0801844969 0.0928321779 0.0208917148 0.132180795 0.483753949 -0.116012879 -0.260557532 0.475440443 -0.0323819816 -0.0521253087 0.0812538192 0.0393860564 0.0907098129 0.0205019768 -0.167053759 0.00512429699 -0.699524403 0.0624203533 0.209229991 0.0615945831 0.208865523 -0.202084556 0.15097031 0.27226302 -0.159328401 -0.113003552 0.0275378227 -0.0185690951 0.370570809 0.191700295 -0.0766184628 0.235445797 0.488817215 -0.184977159 -0.315216959 0.130236804 -0.00803780556 -0.00582057238 -0.0592629574 -0.0341776349 0.0614039227 0.0296768025 -0.0158244707 -0.00695995614 -0.649075389 0.0267861504 0.113664702 0.037967667 0.192406043 -0.302791476 0.277826577 0.18168442 0.00574800419 -0.0902248025 0.283157706 -0.24270004 0.524316251 0.290793628 0.183539525 0.00817651208 0.593557239 -0.527356803 -0.333063692 0.220268384 -0.0917948559 0.0119883269 -0.06807179 -0.0827818066 -0.0364061259
-0.082438305 -0.203194365 -0.0394421183 -0.23301512 -0.0184891541 -0.318712056 -0.00342716975 -0.459371388 0.444287956 -0.0392626412 -0.246446624 0.0909560695 -0.0134311672 0.0398688167 -0.0633743554 -0.283211499 0.00934184715 0.332917571 -0.0967398807 -0.0367595404 -0.13862592 0.145058289 0.285928369 -0.0480147935 0.0456645116 -0.0905399919 0.0223902166 -0.0731537491 -0.0281546731 -0.181070492 0.131309971 -0.310666859 -0.0116274627 -0.131692052 0.132043794 -0.461921573 0.353556365 0.0821341649 -0.122409247 0.0725766569 -0.129028633 0.0515218526 -0.0707052201 -0.129728585 0.0549129955 0.196676239 -0.0177809522 0.058487881 0.109555848 -0.00525576435 0.33851099 0.0744804069 -0.0677361786 -0.0673101172 -0.0291523188 0.00164379925 -0.0445389003 -0.0871726945 -0.152093053 -0.171621189 0.0509354882 -0.121686377 0.133928016 -0.476017267 0.327082515 -0.121014707 -0.0922996625 0.104435235 0.0511884689 0.0281546861 0.0196786355 -0.0593513958 -0.0201881081 0.240189776 -0.0549377613 -0.147260472 0.228896692 0.182788387 0.557548583 -0.0232860595 0.0401676223 0.084987767 0.0878630802 -0.0859930664 -0.131244719 -0.12290673 -0.0637646914 0.114017896 0.0623525679 -0.148663297 0.0155384652 -0.433222055 0.421618491 -0.192317903 -0.0438906699 -0.0649373457 0.00913751125 0.239206016 -0.0430844203 0.0996944234 -0.0211058017 0.112977467 0.167770773 0.0484815687 0.277867138 0.0356420539 0.164071217 0.0479166731 0.0532574132 -0.0572497733 0.0771580115 0.0928077325
-0.0680025816 -0.159950241 0.234220505 0.0708240867 0.0881879777 0.0331007279 0.101739302 -0.393849224 -0.138889104 0.0157333333 0.119571775 -0.0949110463 0.0408138297 -0.0571687892 -0.0195873752 -0.0765191689 -0.155141324 -0.0628899261 0.19812344 -0.17220293 -0.113538489 0.164741457 0.300552696 0.0360421762 0.0732368156 -0.0932092741 0.0581135526 0.077344887 -0.14115648 -0.130826041 0.543452203 -0.0224982984 0.07960812 0.0871921331 0.0669438988 -0.171769977 0.0201186817 0.045615118 0.0216677319 0.0728491992 0.0091520315 -0.0835232288 0.00739295967 -0.0295903664 0.0263463724 -0.0757458732 0.0918618739 -0.028582368 -0.380902112 0.111521266 0.0983056277 0.024576433 0.0485904142 -0.0375986546 -0.0284923241 0.0790646151 -0.0943597928 -0.205200285 0.450372159 0.0336548612 0.0216777883 0.0235533454 -0.0275442675 -0.321406633 -0.0257659126 -0.0722131282 0.0753444284 -0.0818490162 0.0957281068 -0.0564886071 0.00129875378 0.106476083 0.160112336 -0.0816190988 -0.142370462 -0.0871291682 -0.57984966 0.0381855667 0.0632271618 -0.017947875 -0.00397793949 -0.0686661303 0.0290096924 0.0599057898 -0.187658042 -0.203762621 0.617385924 0.0172000732 0.0497605875 0.0527477339 0.0278121587 -0.271685153 -0.155017108 -0.0814942792 -0.038582366 -0.0407941826 0.104977623 -0.30589664 -0.147973046 -0.219749212 0.29052949 -0.126861393 0.0158305094 -0.154092789 -0.224344775 0.042158585 0.0891291797 0.0260173231 -0.0594815202 0.0236701667 0.00578135997 0.0825270191
-0.0824188814 -0.0169350188 0.203949779 0.197296992 0.0460565872 0.49345538 0.0101669095 0.348607183 0.018972978 -0.0918778107 0.255360752 0.133799985 -0.0880996957 -0.0625377446 0.270776689 -0.0488252528 -0.0637265071 -0.0883425027 0.304813951 0.191220954 0.0102795707 -0.121340789 -0.0571167655 -0.0353462845 -0.0746816248 0.0756292567 -0.0538822003 0.0604107454 -0.138549313 -0.0182643607 0.0829285681 -0.0455665141 0.0498844609 0.289666682 0.042012725 0.295527309 0.0259606447 -0.195917085 0.218930751 0.0139724109 0.029736571 0.131566405 0.254682958 0.0262501109 -0.116528086 -0.0593315139 0.19432053 0.361345261 -0.297428161 0.0344058983 0.363517612 -0.0614043213 0.0276577547 -0.0391815826 0.0474112257 -0.00849567354 -0.0376245789 -0.064888522 -0.234636471 -0.0200803597 0.0637954772 0.247492656 0.116711602 0.238647237 -0.0474759862 -0.126930058 0.195348874 0.0299614519 -0.00563976262 0.213647023 0.389018774 0.125131965 0.0727022737 -0.0996541753 0.111028694 0.382070929 -0.326923221 -0.270741969 0.0187098254 -0.0441324674 -0.0936182216 0.0090116933 0.0644140318 0.0383504853 -0.0736815259 -0.084920004 -0.209705651 -0.0924971551 0.104305319 0.243576854 0.00111683225 0.208969846 -0.0998826921 -0.0534922779 0.0809998214 0.145452648 -0.133360267 0.30665347 0.409303218 0.113210142 -0.0390976556 0.182293043 0.119905986 0.40554893 -0.332168519 -0.138016924 0.403014243 0.0763273463 0.0644245669 -0.0310307294 0.049377583 -0.0885308459
-0.0160823446 0.0322549418 -0.0851328075 0.0207468607 0.00167948962 0.107132763 0.00347597059 -0.472967148 0.221730277 -0.106515601 0.168714985 0.134830669 0.0339790843 -0.107110068 -0.0912716538 -0.0589020923 -0.0596003532 0.14486824 -0.266588628 0.012605547 -0.110904954 0.139430389 0.325641245 0.0317348018 0.0911700502 0.070038788 0.001369901 -0.0585632697 0.0909377486 0.126753971 -0.0103387255 -0.0125417169 0.116173044 0.0996596292 0.093241252 -0.338022918 0.285117626 -0.113396503 0.0262465067 0.137458816 -0.0745141059 -0.0928616896 -0.024116464 -0.0210651495 -0.00913805328 -0.0825781971 0.219075784 0.151199162 0.19685784 -0.0104777813 0.34026292 0.0517773703 -0.0179532245 0.0716448352 0.0215612799 -0.0146003217 -0.0556331649 -0.0384305306 -0.112936996 -0.00494993711 0.0250564311 0.0371258408 0.0246712938 -0.42889598 0.301744521 -0.0110936444 0.0575349107 0.0400454551 0.0135473078 0.117619582 -0.148271441 -0.0186250769 -0.15284206 -0.0299680363 0.250733048 0.00922899507 0.308210015 0.185094193 0.475318909 -0.0551168248 -0.0314189047 0.0304478407 0.0417969599 -0.00336200744 0.0792769864 -0.0195734594 -0.0120989792 0.154055342 0.0295944139 0.100876793 0.0323181823 -0.443139166 0.184142232 -0.117666975 0.056043651 0.0976137444 0.055675257 0.141018674 -0.0381786041 0.0798750594 -0.219184905 -0.0630484074 0.146126047 -0.00469029276 0.175943434 0.155659258 0.341376483 -0.0924265459 0.0511862859 -0.0536151379 -0.015775077 -0.0792290941
-0.0553440675 -0.0141077396 -0.266373008 0.152051494 0.10125868 0.330334157 -0.0018978439 0.282885641 -0.349395096 -0.139428571 -0.069837153 0.0611864664 -0.0404788032 0.0385111868 -0.0986659974 0.215207294 0.00520021981 -0.434496403 0.163244173 0.238272384 0.430303454 -0.687324762 -0.663927555 0.0350239947 -0.0377933793 -0.00655960292 0.0940600857 0.000446096063 -0.0670649335 -0.0808643177 0.0183735508 0.106603712 -0.0157788508 0.28764385 0.0874122009 0.277868927 -0.370254457 -0.0550356805 -0.136287287 0.0300539024 -0.0782935768 -0.014608453 0.00944431406 0.0984677672 -0.0871177763 -0.29229039 -0.0307070948 0.0192214865 0.327891618 -0.251557082 -0.652536035 -0.000343494117 0.000134132802 -0.0816596746 -0.0668331087 0.0873984918 0.0725242347 -0.0343415029 0.251882374 0.167987019 0.0873950273 0.22021082 0.015351356 0.290490061 -0.295748472 -0.00852005929 -0.22473678 -0.0438479558 0.0318266489 0.0385479033 0.0761218593 -0.0472572818 0.0218067449 -0.217519671 0.105094798 -0.142326161 0.256541491 -0.188122675 -0.531417966 0.0319732651 -0.0353711359 -0.0606013276 0.0364450589 0.0173012093 -0.0687881634 -0.163894415 0.213574573 0.178575322 0.0392939635 0.100137703 0.0830526277 0.322381705 -0.429418713 0.00789923687 -0.341052353 0.0907374471 -0.0445185788 0.015729513 -0.0458075851 -0.239503488 -0.0259637814 0.0458785556 -0.00822648127 -0.163472578 -0.104248084 0.0791946426 -0.232479408 -0.0213279873 0.0906118229 -0.0364392176 -0.0843871459 -0.0449849665
0.0126296161 0.00290366029 -0.058918681 -0.180827796 0.055372864 -0.104790956 0.00991665106 -0.215416729 -0.464284927 0.0597604699 0.257603794 0.0627680272 0.00388153479 0.0773902088 -0.303109735 -0.0910499468 0.306649297 0.0852362141 0.181094095 -0.395586491 -0.135554567 0.320066154 0.415442407 -0.0360119343 -0.0341757871 -0.0749706104 0.0386296436 -0.068754293 0.0738256127 -0.0302114841 0.0844893381 0.00162843312 0.0300531834 0.0213041063 0.112312727 -0.239288211 -0.321579874 0.0375834517 0.235035866 -0.0114532234 0.046906095 -0.0707836598 -0.288004756 -0.294184089 0.164846346 -0.0286871009 0.179453433 -0.287162244 -0.290665567 0.161161274 0.120447017 0.077842854 0.0637137815 0.0809186623 0.0511503294 -0.00781771541 0.123817839 -0.111155801 0.0783270821 0.042970717 -0.00168512831 0.164310038 0.0578739941 -0.270833373 -0.431078047 -0.0541795865 0.0786182508 0.0197704155 -0.104778275 -0.22277756 -0.281505167 -0.326864272 0.277118623 -0.221090049 0.0547898374 -0.217315957 -0.454574347 0.191610619 0.0443084911 0.052815862 -0.0468617417 0.0145377219 -0.0533226952 -0.0294911563 0.165498823 -0.118938357 0.0456599742 0.147999361 0.100961275 0.0327714235 0.00254354696 -0.287549913 -0.436518162 -0.071484603 -0.132398352 0.147076517 -0.0449392498 -0.486391991 -0.106528684 -0.693673968 0.184655473 -0.265321046 0.317642659 -0.469075322 0.0313609689 0.323334694 0.256353438 -0.0789753646 -0.0908383876 0.0528159812 0.0064194575 0.0753259286
0.150083512 0.0536802858 -0.114937715 -0.00827680994 0.123411775 0.0440920219 0.091768153 -0.303704143 -0.0410479829 -0.00514110597 0.105621956 0.0490636416 -0.0786425695 0.0514278263 -0.284609467 -0.493078679 0.212149724 0.101732187 -0.241440147 -0.0171286128 0.164231196 -0.0867916867 -0.310856879 0.0515117124 0.074695237 0.0186124966 0.0321286544 -0.0738858208 0.0504170731 0.00691181934 -0.0736448467 0.0539104678 -0.0213185828 -0.0288361106 0.0952324793 -0.217387334 -0.145628721 0.0041061556 0.108262353 -0.0626294911 -0.0687755868 -0.0419475026 -0.0995649025 -0.648994982 0.0663744062 0.0891725346 -0.0518166721 -0.142623648 0.354071766 -0.0246403627 -0.209265471 0.0103246048 -0.0659157038 -0.0756625831 0.037327148 0.0272443146 0.172763675 -0.0463599004 0.0403439291 0.131129608 0.121550374 -0.0636478886 0.129104242 -0.252939522 0.0123579577 -0.00260463799 0.196241021 0.108810879 -0.0598275028 0.0368896909 -0.0407951176 -0.636384547 -0.296987593 -0.101610675 0.00201538671 -0.332806975 0.495575696 0.202421293 -0.00844046194 -0.0236738175 -0.031000033 0.0316734388 0.0263315737 -0.0551192798 0.0748474672 -0.0907588899 0.0867636874 0.151507258 0.160393775 -0.158252656 0.00326749822 -0.377676815 -0.0431799702 -0.213493302 0.200090438 -0.0374319032 -0.0610924885 -0.1755815 -0.0482310355 -0.909026086 -0.364536494 -0.0779157355 -0.344194293 -0.606779873 0.241396174 0.344693482 -0.236897573 0.047551237 0.0418949798 0.0269931108 -0.0382526442 -0.00100237876
-0.0844771266 -0.19521755 -0.366980165 -0.108172089 -0.0290469769 0.0676318556 0.0477578789 -0.464830607 -0.0602343902 -0.401813805 -0.0521042421 0.10506659 0.0643170029 -0.0959174857 0.0539572947 0.293355703 -0.160124466 -0.155604884 0.147350565 0.318090469 0.181446567 -0.0221130233 -0.0139100598 0.0289917812 0.00328566879 0.00256505609 -0.0899195895 -0.0826073661 -0.11007791 -0.0965173021 0.624718785 0.0209417176 0.101159632 0.169789866 -0.0242584385 -0.405153424 -0.206008345 -0.339255512 -0.18482545 -0.0189016741 0.0340916328 0.00101253577 -0.0794207603 0.223833919 0.086600177 0.0228391346 0.0379901864 0.16468972 0.0603202097 -0.212850392 -0.308737129 -0.0598559864 0.0696268305 -0.0267700553 -0.0353893042 0.063910909 -0.0295278225 -0.149240181 -0.20137687 0.135091767 0.03317938 0.154175758 -0.00911837816 -0.349990904 -0.19762224 -0.337891191 -0.276766628 -0.00801852252 0.0782234818 6.88536384e-05 -0.0730661303 0.131281048 0.0161013156 0.211935639 -0.206018478 0.0138864778 -0.243448317 -0.208849266 -0.260955811 0.0216803551 0.050886251 -0.0140403882 0.0485526994 -0.0841843039 -0.0991156399 -0.0571803078 -0.0288689081 -0.0110403346 0.128242746 0.196252063 0.0069432673 -0.216164276 -0.102456324 -0.364768475 -0.450077057 0.0834071487 0.0928198919 0.124994725 -0.029967308 0.184333414 -0.0592240021 0.105677165 -0.106544703 -0.0774937347 -0.296292812 -0.124787591 -0.458694428 0.0436026379 -0.0678741485 0.0303379297 0.0659979805 0.0113908648
-0.0665742308 -0.0710259974 0.0738261938 -0.228423536 0.0196279157 -0.250920534 0.103592537 0.179621324 0.415714264 -0.0318436958 -0.0591426007 -0.0183711369 0.0843180418 -0.0132899126 -0.0398012772 -0.077188015 -0.105436496 0.120076388 -0.104634546 0.0776325539 -0.0574790649 -0.0914073288 0.0768761113 -0.00600417703 -0.0238946825 -0.00190603733 0.0657606944 0.092690222 -0.0117877675 -0.108559571 0.122873522 -0.0493537039 0.0506029539 -0.0793475211 0.0399835072 0.262794316 0.399633378 -0.0525772907 -0.10322468 0.0186765753 0.183428779 0.0848671049 -0.0900121927 0.022740202 -0.0295199435 0.0174146891 -0.0513546169 0.0912330896 0.0717853606 0.0956882536 0.13730374 -0.0358570851 -0.0635738075 -0.0458348282 0.0185522139 0.0576285943 -0.136313826 -0.0652131289 0.19396247 -0.0192260463 0.113614783 -0.0375441276 0.12137907 0.18831636 0.357865691 -0.0858914331 -0.137549251 0.0949724689 0.0817565843 0.0373447202 -0.0491979495 0.105629101 -0.129275844 -0.0509954989 -0.016896978 -0.0399590246 0.2167463 -0.0632625744 0.190273285 -0.0273514166 0.0346109346 0.0252734497 -0.0724360347 0.0848600492 -0.15885365 -0.11954762 0.052590169 0.0133906379 0.159199134 0.10900405 0.113448821 0.197127938 0.468484044 0.093871139 0.120346867 -0.00808474235 0.077451326 0.219473436 -0.0138286389 0.379487962 -0.123863667 -0.126951233 0.0356038474 0.151028737 0.0642902628 0.113084435 0.261951119 -0.00638312846 -0.0265760422 0.0494397208 0.0768991336 0.0593316928
0.00853145309 -0.122982584 -0.315363765 0.248621121 0.00204248494 0.227883592 0.0163296983 -0.147855654 0.571698725 -0.0854833871 0.230262563 0.0849842578 -0.0484502092 0.0150078377 -0.168020338 -0.171775788 -0.155625239 0.129172623 -0.00496437307 0.0167249795 -0.14938347 -0.0378123857 0.118521698 0.0727522299 0.0473014936 0.013719067 0.0234786421 -0.072844103 -0.0172909219 -0.138263673 -0.107459329 0.0795085356 0.149604306 0.122100703 0.0352253616 -0.180201337 0.411301941 -0.0666754171 0.195826054 0.0308765527 -0.0107691521 0.103063323 -0.1647605 0.0525081642 0.0611378625 0.0154737243 0.0133118918 0.119418927 0.0912746117 0.0201000273 0.318823814 -0.015445292 0.0343105122 -0.0120630115 0.0549938902 -0.0770561099 -0.10305687 0.0241016112 0.055297792 0.119063266 0.110020973 0.0610096529 0.0404792577 -0.164014116 0.459831059 -0.122705109 0.176307514 0.0567901544 -0.0190203506 0.0433586985 -0.0895949155 0.136144415 0.00806628354 -0.028135173 0.0827918425 0.0311075579 -0.0532107763 0.188963294 0.3056494 -0.00549382716 -0.0589962006 -0.0812883675 0.00936217606 -0.0458148457 0.0078299623 -0.124028116 0.15092124 0.0624991134 0.163088128 0.0567382239 0.0203481335 -0.243530139 0.555750728 -0.161983982 0.292269677 0.0162614249 -0.0175770931 0.139134526 0.0144994492 0.443528444 0.0422929823 -0.035123609 -0.0377474315 0.205873251 -0.032779038 -0.00150771381 0.277839184 0.0664635077 0.0935923383 0.0476734862 0.0924620405 0.0257535875
0.0767234862 -0.205243528 0.0829571262 -0.0578123778 -0.00750801107 0.0990226269 -0.0178482104 0.316438437 -0.470689327 -0.0935161412 -0.0480182618 0.141148657 0.0548707657 0.120325424 0.0277118776 0.151195809 0.0967297032 -0.242744848 0.0919982418 0.0406264476 0.0844025463 -0.174061283 -0.14280954 0.0156833753 0.0505581871 -0.0820664912 0.0175348744 0.057795532 0.0762449205 -0.189499855 -0.00643595587 0.0849187598 0.0454775319 0.0663494542 0.0232228171 0.364263088 -0.485295147 -0.0548864082 -0.0727629289 0.0785367116 0.031067729 -0.0356783643 0.0061653899 0.0118483817 0.0599673465 -0.165169373 -0.185039625 -0.0535304099 -0.219374284 -0.0124086319 -0.376810789 0.0132532641 0.0609148368 0.0123862252 0.0233936682 -0.0084579885 0.0992254913 -0.106060773 0.171629474 -0.113093458 -0.021268839 -0.00994373672 -0.016535731 0.370682746 -0.548056662 -0.0499133654 -0.0760101974 0.000315684505 0.0697178394 0.031209046 0.049383007 -0.0369926654 -0.00832301471 0.104894601 -0.0483678356 -0.0370068513 -0.173275188 -0.161806017 -0.498817921 -0.0102337152 -0.0445492528 0.0826264992 0.0813287124 -0.0100800917 0.00368344923 -0.149984032 0.00526259141 0.0394286551 0.0173173696 0.105876051 0.0462092645 0.252140194 -0.51074475 0.0218097344 -0.277093828 0.0877738968 0.00931677315 0.0304990467 0.0328599922 -0.376232773 0.0818641707 0.0851980522 -0.275354385 -0.120864302 -0.192926437 0.22627224 -0.162693039 -0.0351527557 0.0692770407 -0.0538248643 0.00312642008 0.0212391466
0.0391763933 -0.280165076 -0.0747077018 0.0904286355 0.105287693 0.0976360664 0.0788961351 -0.177854553 -0.242512494 0.119726554 0.462799877 -0.103833243 -0.0656153783 0.114922561 -0.171972394 -0.395340532 0.416955948 0.19339332 0.123246714 -0.290519446 -0.186372846 0.123103783 0.257540941 0.0425329581 0.0116976425 -0.0833108872 0.0786909387 0.0532102957 0.0693314224 -0.162089348 0.0710468665 0.13428764 0.0904111341 0.0510131083 0.0595495626 -0.323574245 -0.270840853 0.165215597 0.323735088 -0.0710049272 -0.0759676173 0.129932866 -0.161512703 -0.710245967 0.364964724 0.321264625 -0.049374029 -0.263044119 -0.282367498 0.185346395 -0.0338373445 0.054374598 -0.0196824074 0.00647293031 -0.0492236018 -0.0800334811 -0.0724752173 -0.224437639 -0.134953693 0.261321008 0.0482851602 0.0238363091 0.0783691704 -0.33354944 -0.273343921 0.177824259 0.12380816 0.0232080072 0.0210569538 -0.0518663973 -0.234478146 -0.784904361 0.292023033 0.200270653 -0.148722008 -0.167817339 -0.449234605 0.110512063 -0.0138994465 0.0167079344 -0.00495287776 0.0498654619 0.0916576758 0.0786935017 0.0711918101 -0.257787377 -0.150036961 0.240832284 0.0771529973 0.0732679218 0.032601662 -0.318335474 -0.294056386 0.185553864 -0.0361899883 -0.0346111432 -0.0249238368 -0.252468824 -0.127592608 -1.08397973 0.134261772 0.0521892458 0.0869034752 -0.37591812 -0.395020604 0.246646643 0.185697526 0.0205602199 0.0130561441 -0.0117653161 0.0590464398 -0.0468346067
-0.0687050074 0.138313785 -0.168038622 0.0942168683 -0.0472532921 0.197745815 0.057616163 -0.217623964 -0.410544664 -0.106187396 0.0942577347 -0.0550464354 0.120420679 0.0526706949 -0.0861901343 -0.302004516 -0.0578064173 0.174261644 0.143834859 0.0744097903 0.163300142 -0.287046909 -0.168966889 -0.0107073039 -0.0569999218 -0.00240712613 -0.0862451121 0.0250819474 -0.0896422043 0.196851552 -0.0690335557 0.0671617314 0.0632639676 0.126731649 -0.0592389219 -0.100589417 -0.267756343 -0.0339791998 -0.0923848376 0.0619685277 0.00168703194 0.0193893649 -0.048769176 -0.449645251 -0.0230398085 0.37129429 0.00822808687 -0.0526252463 0.258271277 -0.0772107691 -0.519797325 -0.0284489989 0.0187543258 -0.0797117949 0.0157091245 -0.0507387966 -0.153809279 0.131903097 -0.118026018 0.0186686236 0.0563223138 -0.0858716518 0.0730164275 -0.212845981 -0.297801942 -0.080947578 -0.0509412773 -0.0624597222 0.0632952675 0.0247428026 0.0398510844 -0.678363323 -0.12918815 0.302861869 0.0347648524 -0.125023901 0.091647923 -0.207955107 -0.478802472 -0.0402313508 -0.0656145811 -0.0828920603 0.00737588108 0.0554149076 -0.184346244 0.0997949839 -0.0407856889 0.0960849151 -0.0525843762 0.0246592257 0.0961862877 -0.0648973435 -0.377882183 -0.125226736 -0.345686913 -0.0321910419 0.00951382145 -0.280454934 0.117598332 -0.989202738 -0.246683031 0.267378449 -0.108851969 -0.196382686 0.206890166 -0.197517917 -0.529533565 -0.00322744995 0.0519546047 0.0627874807 0.0250690281 0.00285512209
0.0829306021 -0.243193924 0.767723322 0.00795337651 -0.0407659747 -0.0595519431 0.0198155772 -0.226377338 -0.283541918 -0.0949932709 0.00120707706 0.0762282312 -0.0418287218 0.0755264536 0.0386665128 -0.0556113869 -0.125166029 0.042171184 -0.100398012 -0.121040829 0.0694318265 0.273662716 0.170710608 0.0223321617 0.0909612104 -0.0479050092 -0.0317230672 -0.0848415345 0.130435377 -0.276530981 0.397733629 -0.0226265434 0.0390367359 -0.102381237 -0.0348676182 -0.186376289 -0.338474393 -0.182975963 -0.213448465 -0.0485700071 -0.0198554322 -0.0980400369 0.107892901 -0.0391948931 -0.112512209 0.118633546 0.167269245 0.0417826995 -0.0231305324 -0.0332455523 0.0571986139 -0.082877852 -0.01749973 0.00586142391 -0.0311198905 -0.0345605724 0.0440843888 -0.277497172 0.241981074 0.0953876823 0.0201235786 0.0627336428 0.0464684628 -0.211714074 -0.260427803 -0.260708123 -0.154460341 0.00173269433 0.0449809693 0.053830605 -0.0714193508 -0.0135136731 0.143258065 0.142797306 0.019804107 0.00474728504 -0.0549180731 0.123496413 0.213357598 -0.00428152829 -0.0169696957 -0.0364302993 0.0568081215 0.0864392892 0.034924455 -0.230316386 0.336000025 0.0199632104 0.0551594533 0.0493646003 0.0447967984 -0.162555069 -0.238386765 -0.335476577 -0.199107021 0.0127005503 0.0780444145 -0.155076146 -0.150892094 -0.104703717 0.162081838 0.0982698575 0.157449454 -0.05771368 0.0570650585 0.0430762246 -0.0366681181 0.0816452578 -0.0913938582 0.00937141478 -0.0915325135 -0.00310721993
0.11906191 -0.168228373 0.543093503 -0.0416881144 -0.00237080804 0.33212176 0.0937910378 0.249901116 -0.344692975 0.00244198204 0.253138423 0.118617594 -0.0381068885 0.0773279816 -0.0354598835 -0.134214535 -0.0157790147 -0.0269879997 0.168425858 -0.00683672167 0.119703054 0.0921549797 -0.109728009 -0.0741790235 -0.0886325613 0.0341973528 -0.0851442665 -0.0943265557 0.0382715575 -0.224327162 -0.198558301 -0.296183974 -0.00125038542 0.289185286 0.0268431548 0.315819532 -0.430985689 0.0719973817 0.0280870497 0.00104854419 -0.138510257 0.0544051081 -0.063331075 -0.127055764 0.152866215 -0.00501402095 0.0101573011 -0.0383805148 -0.288553715 -0.0858623013 -0.0608672909 0.0651510134 0.0077284351 -0.0805323496 -0.0247143134 -0.0887644589 0.118701518 -0.157276809 0.00865531433 -0.258044124 0.0910854265 0.204961717 0.065348804 0.216670156 -0.456092536 0.0706414133 -0.135969996 0.163921431 -0.0888871178 0.0679889917 -0.101151489 -0.144212052 0.152317449 0.0370995738 0.04680603 0.0829884112 -0.265023857 -0.125704065 -0.167405903 0.0918360129 0.0212950632 -0.00269810855 -0.0468151309 0.0352297053 0.0502332635 -0.082563594 -0.218985856 -0.158090621 0.115678236 0.188235089 0.0455961674 0.251863569 -0.54159683 0.198986277 -0.329803884 0.108630776 -0.0338620469 -0.0955819637 0.00350543438 -0.231849894 -0.0403062105 0.209388688 -0.00709545705 0.114159606 -0.325544119 -0.121342525 -0.196301118 0.0871507153 -0.0671856254 0.0520773903 0.0676382259 -0.0391663201
-0.148270205 -0.0735436156 -0.0297150929 0.0380402692 0.0338446833 0.128809169 0.0774251297 0.429622054 -0.308979183 0.0610513128 0.221546307 -0.0209273845 -0.0729112327 0.095213972 0.17609635 -0.316277117 0.0263337474 -0.0996238366 0.234424338 0.176156878 0.315242767 -0.609766543 -0.710084975 0.0332314 0.0795866922 -0.0434420034 -0.0465059057 -0.0189877227 -0.10907042 -0.0534817055 0.0482220389 -0.101885617 0.0744026825 0.0927018598 0.107725523 0.462742805 -0.329463214 0.0955659747 0.204622209 -0.0473907515 -0.00142708304 -0.0825634301 0.126738921 -0.4058761 0.0839084759 0.00670454884 -0.0424961485 0.122909233 0.310328245 -0.382853955 -0.653521359 0.0248420089 -0.0685282499 0.00606878847 -0.00116524845 0.0321896002 -0.0621266179 -0.0653695464 -0.0476710461 0.0834234878 0.0383062512 0.0277376678 0.00198100577 0.468872249 -0.308584809 0.0583097227 0.292198449 -0.120420776 -0.0776476339 -0.18947418 0.267639101 -0.502316236 -0.077879332 0.0412893221 0.142168179 0.0401365049 0.360907853 -0.431485623 -0.597974241 -0.0740135759 -0.0265827477 0.0194495246 0.040053539 0.00714823604 -0.0631894916 0.0829920694 -0.15153794 0.147190258 0.110337593 -0.123892002 0.060611058 0.485983431 -0.353954971 0.21500656 0.0986403599 0.0442661904 -0.0498455614 -0.281046748 0.353976339 -0.686420321 0.0955645218 0.184141144 0.0142550068 0.0887342393 0.293856144 -0.258633167 -0.501675069 -0.0658839345 0.00322812051 -0.0303708091 0.00597413629 -0.0748141557
0.12531212 -0.114073768 0.123185135 0.0929292366 0.00506481994 0.191593528 0.0142275197 -0.274265081 0.51234597 -0.0175633561 0.0755150244 0.0455789529 0.000384089828 -0.0659548342 -0.0705953613 -0.170516819 0.0113045983 0.430200756 -0.0910546407 -0.0396780595 0.00176728121 0.121856488 0.154106125 -0.0751981586 0.0776888207 0.0448065028 0.0569147244 0.00978412479 0.00735543482 0.0115894759 -0.159989655 0.0442426279 0.0656918213 0.0193345062 0.162041336 -0.228426144 0.42693767 -0.0363046899 -0.00198241416 0.0751025155 0.055976145 -0.0791194811 -0.0121938428 0.0822778121 0.0191251393 0.13307552 0.0551573001 0.016145613 0.106772326 0.0254453178 0.45811078 -0.0929632857 0.04524941 0.0639656112 0.0709231719 0.00771284848 0.127330914 0.00492159417 0.108060792 0.00850413833 0.00505561102 0.0328260884 0.0522571243 -0.299270421 0.531490326 -0.119669139 0.0351251327 0.139542401 0.0707715973 0.0549754687 -0.136261359 0.0676306635 -0.100908443 0.154566243 0.0598335862 -0.0450890288 0.132471874 0.262491852 0.565899193 -0.0133297294 0.0127681196 -0.060272526 0.0445991382 -0.0732257664 0.135039523 -0.0632097945 0.0101051461 -0.284651577 0.0662403777 0.00252643111 0.0409168713 -0.175701797 0.508737683 -0.238099068 0.182730854 0.108538173 0.0958313867 0.0574238077 -0.0671454668 0.464907289 -0.0663086399 0.137225866 -0.0140543003 0.26940614 0.141603962 0.0841688812 0.533348799 0.0942269489 0.0284876376 0.0369523093 0.0346965417 -0.0386587195
0.0524075367 0.0271223374 0.121231906 -0.309877217 0.0831895694 -0.0663173273 0.104509428 -0.333188981 0.585254312 0.123571403 -0.0283477269 0.179639354 0.0794898495 -0.311113089 0.0323291011 -0.0332915559 0.144776344 -0.0321919955 -0.146879509 0.120060548 0.117998488 -0.196726739 -0.212444305 0.0282932296 -0.045491606 -0.0653151125 0.00218938291 0.0302716643 0.025159426 0.152072847 -0.0972633213 -0.179784581 0.0891737342 0.0388584957 0.024884291 -0.325812042 0.589034915 0.0897059813 0.0878608823 0.103373155 0.0555684865 -0.075540565 0.134500906 -0.140237868 0.128007591 0.0317011699 0.0564595759 0.0411566831 0.519709587 0.0211278982 -0.133763567 -0.0370430946 0.0501844957 -0.0539422706 0.0185539722 -0.040508721 0.0463518426 0.158500239 0.00656966493 -0.179563046 0.0463900045 0.0272962395 0.087802574 -0.383875966 0.427172333 0.188682914 0.0625582412 0.208940417 0.195885643 -0.199813336 -0.0967450738 -0.177507013 0.0827198029 -0.0511825308 0.132517159 -0.0746466294 0.554028571 0.045375865 0.0932025164 0.00901416689 0.0776278898 -0.029855825 -0.0754279718 0.062560983 0.0456705317 0.194330081 -0.0563176535 -0.227515563 0.0227101706 -0.0533992089 0.0892738402 -0.412008017 0.460102737 0.0259995032 0.367841929 0.101565368 0.234475195 -0.308145165 -0.12120977 -0.136526987 0.205604017 -0.271244973 0.162528917 -0.117756434 0.782501459 0.0176628605 -0.162542239 0.0162622631 0.011488162 -0.0913925916 0.0189634785 0.0901535824
0.201657414 -0.243353963 0.400840402 0.364735126 0.010291378 0.360217065 0.141594529 0.354013145 -0.457987547 -0.0829127282 0.105083406 0.114383683 -0.0738329366 -0.0472902134 -0.57713151 0.0671916977 0.145979434 -0.185609162 0.0819564685 -0.323519707 -0.143520117 0.280270755 0.0618000329 -0.0851657167 0.0648919418 -0.016755268 -0.0413358212 0.0297628939 0.145321235 -0.215109527 0.184989378 0.0789123327 -0.0209208764 0.238870636 0.00313933357 0.315523446 -0.395218641 0.0285605211 0.11447762 -0.0402508862 0.0442811921 -0.092373997 -0.325913668 -0.132176325 -0.0249525942 -0.0154119879 -0.11144419 -0.106196351 -0.268172622 0.178352028 -0.138945237 0.000645555556 -0.0410977155 -0.0232876092 0.0270506367 -0.0911314711 0.225128517 -0.199775726 0.239626899 0.164269775 0.0270496737 0.145180389 0.0647178218 0.276142985 -0.438277364 0.0847966224 0.00580346491 -0.0539878011 -0.04067754 -0.252476245 -0.292921424 -0.136668786 -0.113797575 -0.0531518161 0.0309464484 -0.053229779 -0.452239603 0.0811217055 -0.161269948 0.0173306689 0.0253206119 0.0210229829 0.05521781 0.0498513952 0.0980943367 -0.213171855 0.171399385 0.177143395 -0.0297901276 0.0116119003 0.0862428769 0.383212358 -0.304992259 0.250323027 -0.168025434 0.0291412417 0.104272291 -0.40449068 -0.295344293 -0.436945289 -0.0828944668 0.0809238628 0.00075684936 -0.260821491 -0.423940688 0.134389579 0.032108061 0.0635813251 0.0325259492 -0.091435492 -0.0676417798 0.0632576272
-0.0550749488 -0.0178799909 0.202413395 -0.223390073 0.00453109248 -0.127478063 0.105238408 0.385825992 0.0496480577 -0.188315243 -0.0936535671 0.0530783422 0.122225426 -0.119858533 0.330260545 0.107651591 1.09116518e-05 -0.187476635 -0.0575214885 -0.283226103 -0.275866896 0.00124922744 -0.0827023387 -0.000319868326 -0.0149483308 -0.0827120319 -0.0844396949 -0.0732900202 -0.0780258179 -0.0510720573 -0.0289576687 0.00554296235 0.0505359955 0.152044758 0.0260180514 0.433724493 -0.0180987138 -0.13644892 0.0235345867 0.0051070964 0.131786019 -0.0419942625 0.463243216 -0.0186433792 -0.0662479252 -0.058151409 -0.0815785676 -0.193319231 -0.221534953 0.0595792383 -0.18086338 0.0721805021 -0.0173075497 -0.000658653677 -0.058054354 -0.0513799451 -0.0240577441 0.00825460814 -0.11596816 0.100118175 0.14509967 0.21478875 0.0506201275 0.439257652 0.0919282585 0.0617151447 0.0268294495 -0.0180171244 0.0438262597 -0.0292391889 0.526180267 -0.334626943 -0.00539635727 -0.17279762 0.0549610406 0.0451041833 0.0482377484 -0.150319323 -0.19650051 -0.0280451924 -0.0699926615 -0.0670591816 0.0444280133 0.072165139 -0.0193363018 -0.172696784 -0.115518898 0.226540431 0.106287815 0.0580653436 0.0945629776 0.284329593 0.143606126 0.0594278127 0.0624060296 -0.0197772663 -0.0382028073 -0.220411614 0.396398753 -0.154703781 -0.0548842214 -0.237559646 -0.198315233 -0.0591453277 -0.130887598 0.0971465111 0.0310825016 0.0474664494 -0.0324094333 0.0304082632 -0.0185185894 0.0254445076
-0.0835508332 -0.112993792 -0.218192145 -0.0295834038 0.0664632395 0.13082622 0.0833253115 -0.413986176 0.367741525 -0.064299278 0.0997700244 -0.0412258506 0.049408339 -0.196468696 -0.0200986266 -0.175354332 -0.071539849 0.316157073 -0.100730032 0.124270707 0.0298647676 0.118504055 0.240440995 0.0107945204 -0.0357485078 0.0310420766 0.0594524369 -0.00201656669 0.0181549918 0.0394652858 0.026878966 0.0316393524 0.0194395352 0.0891317278 0.171336696 -0.365647256 0.379839122 -0.0438549072 0.0707870498 0.106976293 0.0840022638 -0.143626705 -0.0956776142 -0.202195823 -0.038928505 0.167973295 0.0169729907 0.113765813 0.149419859 0.0231843796 0.356548011 0.0478211865 -0.00301454216 0.0910160169 -0.0564550832 0.0351956412 0.0259832516 -0.0977171957 -0.13164413 0.0725735277 0.0694141909 -0.0041262852 0.122788906 -0.412952065 0.449127853 -0.103477553 0.0585425347 0.109532535 0.0952891335 0.0195797347 -0.0303276535 -0.026160853 -0.15031074 0.170384824 0.0153983366 -0.0497261882 0.258096516 0.0464713946 0.284240127 -0.0934379324 0.068152912 0.0812610164 -0.0345336273 -0.046279788 -0.0266995691 0.0137196649 0.0568659902 -0.0719765946 0.0490146242 0.145813122 0.0428003483 -0.421502829 0.322044343 -0.154715955 0.252865523 0.064538382 0.00424223533 -0.0386664756 -0.0980949029 0.019794086 -0.17342557 -0.00954283588 0.0289504901 -0.0395994447 -0.0192534178 -0.114515625 0.126274392 -0.0583864562 -0.016386576 0.0338621065 -0.0764729753 -0.00809454918
-0.106437191 -0.149220854 -0.110317849 -0.774329484 0.0890808925 -0.237830877 0.106900364 0.316480458 0.369369417 -0.0032946805 -0.223207533 -0.0711185634 0.134996235 0.00971992034 -0.208118603 -0.218800619 0.0718340129 0.253135562 -0.0543973893 0.0729903132 -0.0809317455 -0.0371224061 0.0132127237 -0.0560610816 -0.0791132152 0.0476786718 -0.0487195589 -0.0192174911 -0.034307301 -0.0882325247 0.166968584 -0.425421953 0.0054103462 -0.0366458297 0.0676622093 0.288438469 0.260517448 0.05434319 -0.27965036 0.0184826143 0.0233523082 0.100870833 -0.151207417 0.00802143011 0.072681725 0.176234454 0.0186217893 0.05128121 0.140935153 0.0451296307 0.132653043 -0.0371930525 -0.0227386132 0.0282663181 -0.00269503146 0.0760366842 -0.0737654269 -0.105485432 0.0217934623 -0.35889703 0.0581022091 0.0434744693 0.0898936242 0.143008441 0.157243595 0.11342372 -0.270647734 -0.0596478134 -0.0255429726 0.236028299 -0.128609672 0.0213258546 0.00301760295 0.18843627 -0.0462758541 -0.0261196364 0.114114024 0.0604610741 0.241927043 0.00490347296 0.0097739324 -0.00613626093 -0.0734259561 -0.021624133 0.00720968284 -0.0994464308 0.000384828687 -0.233172521 0.0894084871 -0.0604723506 0.0405834913 0.312175184 0.271886915 0.186320424 -0.0059238025 -0.0659444332 -0.0324045122 0.17441912 -0.25525412 0.32728219 0.0864860937 0.235198736 -0.106803074 0.0202304311 0.105417162 -0.0885209367 0.268096715 0.0254443586 -0.0861240551 0.0822998062 -0.0257246569 -0.0389622226
-0.0799863786 -0.0964759663 0.192822441 -0.463664919 0.132211581 -0.421023965 0.107797578 -0.398435175 0.233076677 0.118922196 0.0617667921 0.018301405 -0.0231292583 -0.1240573 -0.23391445 -0.356922448 0.181406647 -0.0121558057 -0.0329220816 0.122268677 0.291149527 0.0155923767 0.0507798009 0.0454988107 -0.0890127644 -0.00945431739 -0.0153380111 -0.0573715381 0.00930963922 -0.0238730498 -0.11118535 0.0604425296 0.0261001177 0.0481460951 0.134428948 -0.284814119 0.162574455 0.0934520662 0.0805037618 -0.0245664008 0.0810434967 -0.187080726 -0.158788398 -0.391112119 0.10902556 -0.0638451204 0.184014082 -0.0125001185 0.499280781 0.0312618576 0.156037524 -0.0515395142 -0.0561187677 -0.0134338662 -0.0554572418 -0.0623332374 -0.0367357843 -0.0111072147 0.0345047824 0.216444284 0.167528555 0.0157688316 0.116024286 -0.41924122 0.172284544 0.0708050728 0.0799776614 -0.0383319482 0.133195162 -0.15615432 -0.187724456 -0.522641182 0.182671234 -0.0740994364 0.289298803 -0.0437683202 0.540302455 0.164660871 0.21940574 0.0789051577 -0.0499663502 0.0627629086 0.0239411145 0.0582885072 -0.103043377 -0.00365838665 0.0675024986 0.330646724 0.0873217285 0.0868433341 0.00401347922 -0.386260241 0.232933342 -0.0465974994 0.248566434 0.0312524214 0.0735969692 -0.329715371 -0.0721160844 -0.439151585 0.0731596202 -0.220890298 0.462608665 -0.101153143 0.810254693 0.175260961 0.224067464 -0.0800410509 0.0152241662 -0.0209339559 -0.0794224665 0.0880358443
0.0328626409 -0.0931702629 -0.469122112 -1.05826712 0.0867471024 -0.124704435 0.0115295211 -0.117388614 0.551661491 -0.168883085 -0.0433281846 0.0610742494 -0.106961265 -0.00653536804 -0.374763668 -0.0445144884 0.167684972 -0.126695454 0.126934975 0.124368779 -0.0345563442 -0.076932624 -0.102265134 -0.0299825892 0.090033941 0.0922844931 0.0472022966 -0.056406118 -0.0481299348 -0.0708413869 0.355928153 -0.515680313 0.079656817 0.0894846618 0.137327716 0.0340439044 0.369435996 -0.177637294 -0.0638266131 0.00340129761 -0.046812728 -0.0933939517 -0.044297915 -0.105437435 -0.147266954 -0.0757437572 0.0523894727 0.0348874293 0.169937849 -0.0590763055 0.191151649 -0.06049807 0.0496080592 -0.0606274717 0.0648242012 0.0379135534 0.0108365742 0.0948734283 -0.176166922 -0.425382853 0.0779148713 0.221037179 0.0713225529 -0.0352779329 0.343960762 -0.0341295153 -0.0663491935 0.0178839639 0.00602633785 -0.130524546 -0.0759415627 -0.245126724 -0.278579175 -0.117667235 -0.0806364045 -0.193153203 0.129487932 0.032028567 0.286341637 0.00440789014 -0.0760158896 -0.0156022832 -0.00310657173 -0.0335931107 -0.0420629755 0.116090342 -0.124715105 -0.00509578828 -0.0189417154 0.166288957 0.0474381372 -0.0973525345 0.414608389 -0.0239795744 0.0912824273 -0.078687124 -0.0128426142 -0.147383481 0.000661269296 -0.00360497087 -0.58724755 -0.10497541 0.206116915 0.154796839 0.354263633 -0.23621808 -0.24682638 -0.0727150068 -0.0639926791 0.0556888059 -0.0466093086 0.0549286827
0.0742354393 0.0742621273 -0.140697122 0.0992551222 0.0149630513 -0.0197549723 0.157396883 0.218823254 0.590631604 -0.130415648 -0.325334609 -0.0325800739 0.11484433 -0.10259971 0.034021236 -0.174454153 0.00286860066 0.102466062 -0.106418222 0.140734538 -0.176969305 0.107850507 0.216109142 0.0513553843 -0.0710281432 0.0826319233 -0.0941161066 -0.0717220902 0.108092599 0.0364317484 0.109771118 0.100978106 -0.0232645366 -0.119458281 0.0499998145 0.298881888 0.673279583 0.0337710232 -0.251941949 0.146716863 0.105245419 -0.0906827822 0.0891541094 -0.171228588 0.125392407 0.107357562 0.0777857602 0.116387188 -0.0768489316 -0.00168800494 0.381331295 0.0265254527 0.0713105872 -0.0147532895 -0.0771497041 0.0186663121 0.0876979232 0.10313721 0.0698904395 0.164497316 0.133920684 -0.0859457999 0.153701931 0.287855357 0.722048819 0.150904208 -0.164784387 0.109794617 0.175148711 -0.279318929 0.136163592 -0.0567118078 0.121378712 -0.160806447 0.126585126 0.0763314813 -0.136920154 -0.000616532168 0.214082316 -0.0171300396 0.0808916762 0.0728427246 -0.0208263919 0.0036488995 0.0740385205 0.00580087351 0.0626613647 -0.0675980523 0.00334681291 0.0167708546 0.0422143601 0.188909724 0.74648577 0.196271151 0.224220112 0.145599708 0.034901619 -0.298256606 0.15494886 0.205267936 0.323752463 -0.400526524 0.0996533334 0.223233521 -0.00873497874 -0.0891490132 0.244693503 0.0854874626 -0.0534680933 -0.0640769824 -0.0724654049 0.0564828888
-0.0325415172 -0.101182058 0.0187246706 0.0378126688 0.123562939 0.130976275 0.052472949 -0.29163152 -0.304125011 0.0492412932 0.128048301 -0.0349287018 0.0490220599 0.0344954617 -0.0846388042 -0.150151297 0.111356743 0.164456159 -0.103875212 -0.24134174 -0.157333672 0.269324511 0.115788586 -0.0293515474 0.0879861936 -0.0241014212 -0.0600063428 0.00849959999 -0.0017725653 -0.0851134583 -0.0191539414 -0.0374204814 -0.0199638642 0.289939195 0.101453662 -0.361140966 -0.26012516 0.0135528008 -0.096957244 -0.0427549854 -0.0722329244 0.0365727432 -0.14695397 0.112412043 0.151535034 0.164010242 0.094333671 -0.028063599 -0.207021356 0.07711339 0.0180242117 -0.0144554824 -0.0660168603 -0.05877994 0.0815016553 -0.0541278943 0.121391401 -0.0863403827 -0.064207986 -0.149816141 0.0164094456 0.250680506 -0.0473096371 -0.255594283 -0.38528046 -0.0361178368 -0.232247755 -0.0518979914 -0.0529152192 0.00671525253 -0.242630109 0.0796462372 0.261404634 0.205520123 -0.00492913416 0.172151968 -0.233955219 0.00615104241 0.00277474592 0.0836033449 0.0470054373 -0.025058344 0.0713407025 -0.0825781375 0.12768887 0.00101868808 -0.0482071452 -0.0768367201 0.124563865 0.219746813 0.0457700193 -0.32763055 -0.253535092 -0.0691087171 -0.312282324 0.098816134 0.115333997 0.138514072 -0.117464788 -0.0453750044 0.0468662083 0.295154035 0.0550753064 -0.0256274343 -0.210387796 0.0230052751 -0.160814747 0.0298042223 -0.00768262893 -0.0650236309 0.00318888575 -0.0232390761
-0.11805997 -0.0456680618 1.2324667 -0.0956485495 0.0434186235 0.295308113 0.00791775249 -0.343037903 0.0430953205 0.0190639179 0.00691987667 0.0460420176 0.0536285974 -0.0703478456 0.0359479375 -0.0977166593 0.00132570858 0.137439698 -0.205597237 -0.17086485 -0.0775527954 0.174374625 0.257984221 -0.0463236384 -0.0465484262 -0.0122115314 -0.0577134416 0.0360241607 -0.140895605 0.0770270824 0.642794549 0.134933174 0.0104916506 0.178132996 -0.0302136969 -0.309139371 0.127892911 -0.132999912 -0.0308294594 0.0613833293 0.103191391 -0.0547695495 0.0879287869 -0.172018528 -0.0649171919 0.172541603 0.0707100928 0.11160107 0.127201989 0.107304931 0.218790695 0.0829688832 0.0800353363 0.0929465517 0.0869360045 0.0374238417 -0.195421219 -0.0298435614 0.148747697 0.0266551971 0.0860188305 0.104223721 0.0423670821 -0.274829745 0.210766807 -0.147154257 0.0579534173 0.0847333372 0.0433548763 -0.0427463911 0.0315999351 -0.190658808 0.0320522822 0.241150856 0.0998867005 -0.00932388194 -0.0279118177 0.275979549 0.466382176 -0.0492493287 -0.0783401281 0.0695522204 0.0509791151 0.0556470528 -0.178335458 0.104898192 0.213416278 -0.027436249 0.0807778761 0.132284105 -0.0480916388 -0.0850966051 0.131612465 -0.237504616 0.128447995 0.0442400202 -0.00140911655 -0.143020988 0.0112768235 -0.0603560209 -0.115935743 0.0276631322 0.309323579 0.115450382 0.0389252268 0.110430859 0.317740887 0.00347212702 0.0229448676 -0.00791121274 0.0413249955 -0.0665198192
-0.0810202062 0.180303603 -0.350468516 0.0763353035 0.121571265 0.174705759 -0.00163160637 -0.0419311076 -0.408019692 0.00439516176 0.0814565942 0.0767419785 0.012563467 0.135422811 0.107228912 0.158736244 -0.10295558 -0.0801619589 0.102970488 0.144195437 0.26369381 -0.273099184 -0.342543751 -0.0436048508 -0.0143635571 -0.023345463 -0.0200037435 -0.0645855293 0.0239464417 0.151806742 0.240159109 -0.0117282113 0.0477158837 0.186303005 0.061146833 -0.101511553 -0.447092831 0.02093447 -0.0461610779 0.0711956993 -0.0205532294 -0.0048960112 0.0702892169 -0.000377822085 -0.00666334806 -0.0308104549 0.0167730805 -0.0193247106 -0.00179697457 -0.0614615194 -0.540345252 -0.0598592535 -0.05919962 0.0124388039 0.00928308815 -0.0812724903 0.045240473 0.103272155 0.0328117944 -0.0217285752 -0.000480614952 0.0927599818 0.0739720389 -0.142311871 -0.389284104 0.0898055062 -0.0691118687 0.0225771759 0.0517551005 -0.0484997034 0.0131364772 0.0149298375 -0.230391085 0.022306988 -0.0372632965 0.00197285553 -0.0730687603 -0.0460024178 -0.502635956 -0.0480436049 0.0416793749 0.0751715973 0.0901715532 0.081349723 -0.105659552 0.12338502 0.109147646 0.000750771957 0.119637452 0.118126608 -0.0474852733 -0.145999506 -0.468782604 0.0531806014 -0.231302902 -0.0223479196 0.044135455 -0.00715099135 -0.0392409451 -0.193276137 -0.161045045 0.0922518671 -0.194402099 -0.197557703 -0.141257256 -0.0785023049 -0.476174504 -0.0538497344 -0.0839607865 -0.0899025276 -0.0343152247 0.0122144148
0.0140146688 -0.0508648977 0.158496797 0.0656333491 -0.0158660412 0.113844097 0.0884671509 -0.145888418 -0.419127554 0.0050299149 -0.159798041 -0.0445781983 0.120911501 0.0305727068 -0.108847275 0.146977276 -0.0693114921 0.0425173528 -0.271496713 -0.192172408 -0.182377368 0.154438406 0.26877746 -0.0233839899 -0.074225314 0.0195983648 -0.0715539455 0.00488455594 -0.0437934734 -0.0630688593 0.154214025 -0.0507215969 -0.0205950085 0.102516524 0.113575861 -0.196580976 -0.361550003 -0.00309432764 -0.109897383 -0.0204515234 0.0128605505 0.0776898563 -0.0511683486 0.126422569 -0.0116297351 -0.0563230366 0.0164288301 -0.00636918796 -0.0023920231 -0.0303021781 -0.0391574539 -0.0293250978 0.0687781498 -0.0811075121 0.00987742096 0.0640172288 -0.172532782 -0.0428990088 0.38001135 0.00923304167 0.0691714808 0.0597530045 -0.013206467 -0.0880515799 -0.367181987 0.0451831929 -0.0920898989 -0.0555620044 0.158643201 0.0890280679 -0.124418825 0.180103898 0.067319721 -0.0718455687 0.0155602014 0.0149630262 -0.191392496 0.108768366 0.129245743 0.0624876097 -0.0710449964 0.0634441897 -0.016728662 -0.0803620666 -0.102733217 0.00791263487 0.478392512 -0.128088683 -0.00703973603 -0.0429654047 0.106212243 -0.219840094 -0.371867865 -0.130387142 -0.151878864 -0.0257707499 0.0995031223 -0.0916990712 -0.23668687 0.247103617 0.0705246106 -0.0392070375 -0.0676448941 -0.229620531 -0.132941112 0.00304957083 0.0554218441 0.0183416978 0.0731873885 -0.0215164721 -0.0131413639 0.0238349438
0.0644120798 0.0651558936 -1.36200857 0.21828948 0.157593176 0.117436998 0.0424619243 -0.182353437 0.303056538 0.0459970422 0.205662668 0.00267090835 0.0340097658 -0.0671038702 0.171624899 -0.277068794 -0.0507069565 0.075339824 -0.199809417 0.00697476603 -0.169996411 0.0143469758 0.196517646 0.0150861219 -0.0375003181 0.0306484923 0.0825685337 -0.0161404684 0.065947473 0.0142454794 -0.152963951 -0.0364905335 0.00127795781 0.068884097 0.125778988 -0.110659935 0.414834827 0.0922246352 0.156836599 -0.0294301808 -0.0167958755 -0.0660793409 0.091888696 -0.0270445198 -0.00757726515 -0.0293304659 -0.0856173038 0.119206943 0.0721273273 0.0528081656 0.292043626 -0.0548857301 -0.0419384539 -0.0645487159 -0.0243618563 -0.0853389204 0.169939354 0.00958098099 0.0282243956 0.121257223 -0.000554611848 0.108703606 0.144500852 -0.0496492274 0.367409736 0.0410272405 0.204987884 0.00245687249 -0.0816032887 -0.0533139482 0.0661411285 0.227292627 0.153041407 -0.0454862192 -0.0478010178 0.00754617667 0.0579426475 0.0215249248 0.120127134 0.0152768716 -0.0419627428 -0.0501084402 0.0365425721 0.0193223581 0.129709095 0.0515884943 0.268724471 0.127041534 0.0825356916 0.116225563 -0.00917465612 -0.0805818588 0.351736575 0.13021411 0.295154005 -0.021601012 -0.101960093 0.0270588547 -0.0268900208 0.527534842 0.408833742 -0.180170789 -0.113271557 0.0229313262 -0.118213288 -0.103859141 0.229618505 -0.090785563 0.024180606 -0.00110827386 0.00743860751 0.0649996772
0.0390469134 -0.135983169 0.0186289549 -0.0868997499 0.111997731 -0.0821066126 0.0799955949 -0.308085948 0.458430797 -0.015225267 0.0392230935 0.000262929592 0.181568831 0.0128938034 -0.0694646463 0.0474274009 -0.00163445401 0.322104573 -0.138334885 -0.0857261568 -0.0897220224 0.111176342 0.224941358 0.0388967916 0.0688884631 -0.0858904347 0.0920652226 0.035205625 0.0732392371 -0.0351999104 0.0668037683 0.110978372 0.0916438624 -0.139763147 0.184400707 -0.285455167 0.362843007 0.0910562724 0.0946976021 0.0207829662 0.0972120017 -0.0368399993 0.00711016497 0.148174062 0.076965861 0.17699489 -0.114728808 -0.0383288339 0.0666768402 0.106457554 0.0848944783 -0.0944348201 -0.0934027657 0.0582695976 0.00983368605 0.000214874744 0.0389006324 -0.0941303 -0.0458991677 -0.0330780335 0.0758316144 -0.101935163 0.100119151 -0.193894878 0.328429192 0.0503226966 0.00485922256 -0.0336106606 0.118606456 0.00888655987 0.0213105995 0.106256962 -0.101494208 0.0119904093 -0.0125382328 -0.197000235 0.210752457 0.083442986 0.242407262 -0.0638137385 -0.0539386682 0.0674662068 0.0873210207 -0.029597953 -0.0660365298 -0.0940548331 0.083598271 0.00478689047 0.071560882 -0.105096981 0.0692206249 -0.286796361 0.455249369 -0.088420257 0.31706962 0.0163218025 0.0693725124 -0.0805597827 0.0172641147 0.279492825 -0.0288754608 -0.0918364152 -0.11231114 -0.114787318 0.350092918 -0.04507678 -0.0362330116 0.0788069442 -0.0871452391 0.0471620932 0.0795075372 0.000608168542
-0.177339524 0.109295122 -0.0967398807 0.0772389621 0.0020214112 0.0432521775 -0.0238921549 -0.326986879 -0.351263255 -0.10833966 0.0880966857 0.0356400087 0.0932946876 0.20038341 -0.140346095 0.206277251 0.0576909967 0.0130709447 0.0231872424 0.0763486624 0.152812466 -0.0573162213 -0.119401261 0.00177706778 -0.066963926 -0.0311142206 0.0761826709 0.0439931229 -0.0399198979 0.107038714 -0.125022262 -0.0550755188 0.0365837254 0.0577001497 -0.0193497594 -0.198367521 -0.455002338 0.00470778113 0.176564336 0.0715618432 0.1087979 0.0883228257 -0.184081972 0.0949340314 0.0437763855 -0.00445658481 0.0173934512 -5.07045588e-05 0.0453195274 0.0184001308 -0.123512797 0.0138748288 0.0105919614 -0.0226020366 -0.0159452483 -0.0502187833 -0.0593967997 0.200145304 0.0135338856 -0.096399948 0.00061750412 -0.102130502 0.00318941707 -0.305794656 -0.46280393 -0.131114319 0.0146611948 0.0568328016 -0.0139992526 0.118341029 -0.350212276 0.126464307 0.0325298496 -0.0127950013 -0.0344522819 -0.0136231771 -0.0850780979 -0.00791514292 -0.153964967 -0.0132171214 0.0190250203 -0.0917840451 -0.0657699034 0.0738212988 -0.0875893906 0.116328076 -0.0292062107 -0.0445879735 0.0555938445 -0.0832557902 -0.00507113105 -0.311698109 -0.472567767 -0.18323341 -0.166419074 0.112891778 0.10237962 0.0504719093 -0.270523727 -0.00951714534 -0.0137306405 0.0730007589 -0.0731151402 -0.218551189 -0.0948182493 -0.0934850052 -0.253440171 -0.0601449013 0.0703888759 -0.087043725 0.0910451934 0.035429202
-0.0140434466 0.0313573889 0.0905292407 0.129759997 0.0555549003 -0.115474209 -0.0347537398 -0.326156586 -0.421658963 -0.20731841 0.0813234374 -0.0600434281 -0.0350863561 0.28467831 -0.215730861 0.0428207517 0.0107492898 0.0367086492 -0.0524601564 -0.0350911915 0.21537368 -0.0204907749 -0.166273668 -0.0786014274 0.00291399658 0.0335168764 -0.0513190143 -0.0118998587 -0.0442911834 -0.150755435 -0.127583936 0.0766362771 0.0622042753 -0.0378572606 0.0193493329 -0.34577024 -0.458416551 -0.228081599 0.0482648686 0.0363732092 -0.0323908851 0.168996647 -0.263289064 0.145854175 -0.00258106692 0.0180660002 -0.0679992735 0.103123307 0.103147693 -0.0811734796 -0.192210078 0.0071105361 -0.0406102464 0.0500246808 0.0871849284 -0.00863611698 0.0539273322 0.022529548 0.251544505 -0.12228851 0.0244856663 -0.162934199 0.114993796 -0.23065114 -0.480382502 -0.169427827 -0.0336720645 -0.10319154 0.0967814103 0.190315604 -0.345174968 0.332847357 0.0407227986 0.153013751 -0.016205145 0.0953877866 0.00387945725 0.013134147 0.0366356969 -0.0371682271 -0.077887997 0.0443328246 0.0350454822 0.0207982287 0.0773377046 -0.0363184549 0.148407608 -0.0550251082 0.0193288196 -0.0825231299 0.0713588819 -0.293010026 -0.528353572 -0.242816791 -0.125504896 -0.0714420974 0.188817501 0.246900007 -0.301778734 0.122801609 -0.201146215 0.220672727 0.0125990221 -0.106529593 0.23650828 -0.0670371801 -0.223853528 -0.0335165374 0.0847728923 -0.0432065353 0.0874167308 0.0454094633
-0.0143572614 0.0488715544 0.0449218675 -0.0480952188 -0.0194533318 0.0915264264 0.0541737005 -0.0461513959 -0.0254076198 0.0529615209 0.0479698852 0.00749012083 -0.0607996695 -0.0696934313 -0.0199441537 0.034741275 -0.010073714 -0.0790023655 -0.023157835 0.0943178013 -0.0780987293 -0.0733341128 0.0593999103 0.094019331 -0.0908969492 -0.0854614004 -0.0295460224 0.0942109451 -0.0536290482 0.00807894766 0.07713563 -0.0334506966 -0.0289771557 -0.0634255856 0.00362803787 0.0881959721 0.038638629 0.0664168671 -0.00626015663 -0.0150088295 -0.01688122 0.0538927093 -0.0123904124 -0.0807139054 -0.0331803896 0.0369795784 0.0921263024 -0.017181538 -0.0822700039 -0.069575496 -0.0743462294 0.0380897 0.0696521178 0.0279442966 0.0325800553 0.0615591183 0.0646054968 0.0564237013 0.0528394207 0.0255683362 0.0487728342 -0.064836517 -0.0611598305 0.0254126862 0.0147049055 -0.0830692202 -0.0688366219 -0.0752220452 0.075047113 0.0617781505 -0.0497354344 0.0142569095 -0.0217336491 0.0821436122 -0.085583888 -0.0689350665 -0.07867001 0.0549917892 -0.0472349375 0.0562798455 0.0319410637 -0.0461865515 -0.0254549831 -0.0382389128 0.041687049 -0.0378939807 0.0320673659 0.00675041974 -0.0754612088 -0.0593982413 -0.065517664 0.0495128557 0.0204744488 -0.00237588584 -0.056263905 -0.0936224982 -0.0334391184 -0.0723180622 -0.0939868838 -0.0901218727 -0.0617210716 -0.0918586552 0.0294553116 0.0353559777 0.0380863324 -0.0940654203 0.0584294721 0.0184223279 0.0483169332 -0.0232237205 0.0453760102 -0.0896167979
0.0647770315 0.152896374 0.0648043156 -0.34039849 0.0626190752 -0.019496087 0.123880006 -0.452519953 0.298946947 0.0974637792 0.0729923174 0.107388318 -0.0220988207 -0.307351857 -0.0159762837 -0.152699307 0.156493127 0.0481479131 -0.0633985922 0.0773705691 0.12435405 -0.218880147 -0.221109092 0.00238969177 -0.012958236 0.0701565221 -0.0369337872 -0.0517141297 -0.0386210009 0.0420672558 -0.0255907532 -0.0345558934 0.059406694 0.154319569 0.00179872802 -0.477499545 0.338890642 0.0355918147 0.0996435583 0.0938680246 0.0166700464 -0.220885664 -0.0439597443 -0.399311513 0.219846681 -0.201293096 0.0562614501 -0.0186250582 0.42597273 0.00466797873 -0.18301484 0.00645335764 0.0605484471 0.0844744965 -0.0798842311 0.0113846585 0.11692176 -0.00123099168 0.156587481 0.0359622426 0.0999111906 0.0270655733 0.12086089 -0.440943569 0.320855469 -0.00304484065 0.166170031 0.080107145 -0.0463330969 -0.246383697 -0.0736026317 -0.624113381 0.103115104 -0.108217455 0.142786339 -0.137644619 0.625291884 0.0342166945 0.00102916965 -0.0790927485 0.00231772661 0.0836518928 0.0232683718 0.0779352859 0.00401074812 0.0553393438 0.24829711 0.134245604 -0.000783550204 0.103767119 0.121462911 -0.457986653 0.295443177 -0.14133577 0.298812002 0.0800222382 0.0228836201 -0.282830805 0.00231441623 -0.641766489 -0.0241975654 -0.0445679575 0.150583923 -0.234302089 0.777729511 0.112422727 -0.0708433837 -0.0432271287 0.0171548203 -0.065510489 -0.0465298183 0.0856831446
-0.0468840376 0.022822123 -0.0485946238 0.269123495 0.102543525 -0.143763304 0.0631239489 -0.552796781 -0.301621467 -0.0587506741 0.155984685 0.140768006 -0.026627019 -0.253990442 -0.216737017 0.16835025 0.151580766 -0.0699492916 0.134120479 0.0650738999 0.168140009 0.0151672726 -0.0731076077 -0.00791321695 0.00359342992 -0.0392683968 0.0443973765 0.00273746252 0.0323654264 -0.0144379325 -0.299792409 0.0102260858 0.0350812599 0.0178900212 -0.0665984601 -0.593258619 -0.245667055 -0.0417660847 0.250899404 0.0463389121 0.0860502571 -0.0485022515 -0.218704268 -0.179175407 -0.0308255553 -0.100988962 -0.0422327779 -0.051942572 0.117924824 -0.0243426375 -0.138254181 -0.0103362352 0.0793961212 0.0925635025 0.0401292816 0.0751445219 0.0113496343 0.0206059627 -0.0442530513 -0.134967163 0.0128978239 -0.0908222571 0.0470973775 -0.588099003 -0.306993306 -0.0161630176 0.141096205 0.0200774111 -0.0361679234 0.0502594039 -0.321879715 -0.301853329 -0.0638794675 0.0288107675 -0.142807767 -0.183889434 -0.0751001909 0.205168188 0.124261655 0.00988027453 -0.0468364879 -0.0907128528 0.0510737076 0.0862669125 -0.0176982228 -0.0140695153 0.015395863 -0.308949292 -0.0302335937 0.0222339518 0.00691988645 -0.55536741 -0.202478454 -0.225868702 0.145931929 0.0445539318 0.113917992 0.0321118794 -0.284523576 -0.417956412 -0.184795722 0.192800403 0.178379133 -0.0277902298 0.28999868 -0.127571329 -0.166255236 -0.0893214121 0.0835321769 0.0390270725 0.00621831417 -0.0884392709
0.0943761691 0.259761631 0.474513024 0.365855396 0.0802232772 0.828747332 0.0118337059 -0.248993263 0.145300552 0.0946212783 -0.021274263 -0.00990011822 0.0775734708 -0.11896231 -0.0585933253 -0.288818598 -0.0770158693 0.14399752 -0.295685261 -0.0263395496 -0.143042892 0.286334842 0.225194871 -0.0735505596 0.00579788536 -0.0364887826 -0.0577474833 0.0523376986 -0.016851306 0.227567926 0.00874229427 0.0884490982 0.100062571 0.422928751 0.103302702 -0.278627425 0.192598313 0.142094314 -0.182055727 0.0437458307 0.231538996 -0.0518352799 0.0355349816 -0.15079613 -0.020858502 0.0398956314 0.0266034957 0.162878528 0.0521692298 0.15799889 0.611772239 0.0326192901 0.0744819567 0.0341283605 0.0893978253 -0.00872404873 0.0124790827 0.161705732 0.0408119895 0.140343815 0.00947292242 0.320315987 0.091105029 -0.326089084 0.0567762777 0.00764286472 -0.197597578 -0.053943567 0.0913110226 0.137572631 0.00426191231 0.0867230296 -0.0608700514 -0.0757143646 0.225531057 0.0296620149 0.115263514 0.165228486 0.657817841 -0.0446948446 0.0429759696 -0.0676165968 -0.00841101259 0.0792049393 -0.0735908002 0.244206712 0.0709555894 0.082522817 0.0821408555 0.195724487 0.0581612326 -0.251318872 0.232881218 -0.182648912 -0.0520564802 -0.0996532217 0.0893761292 0.272605002 -0.14860034 0.43187058 -0.0122137014 0.00786180794 0.183155462 0.305512547 -0.00127289526 0.0130898273 0.486767113 0.0218285322 0.0349802598 -0.0673420429 0.0742999241 0.0671453848
-0.13506116 -0.0121264001 0.0538690463 0.0226917658 -0.0100119365 0.271017164 0.0967629999 -0.405124933 -0.355384499 0.134956017 0.0294236932 0.112497613 0.0172879435 0.124886595 -0.0223585982 0.134166583 0.0109932423 0.0794233307 -0.146169215 -0.281631142 -0.0879557654 0.316191703 0.288651854 -0.0256946981 0.0148585662 -0.0196341202 0.0709388778 -0.00619791448 -0.109234788 0.0388946459 -0.0391707234 0.0651473701 -0.0406516902 0.0511717945 0.0297446493 -0.347226828 -0.222156405 0.046542298 -0.0202209484 0.136006624 -0.0142311817 0.109184004 -0.0677647889 0.152107835 0.0597708188 -0.0391949192 0.0973268449 -0.0637621284 -0.218411788 0.0609189011 -0.0332308114 -0.0549783222 0.0177747235 0.0920139626 0.0784825906 0.0538751408 -0.182984367 0.0232973527 0.0891597271 0.0139101893 0.0298840906 0.050355047 -0.000988588785 -0.352257818 -0.289829195 -0.0636129826 -0.129897669 0.166244268 -0.0929576755 0.0192061793 -0.229662523 0.144542813 0.309288085 0.115823068 -0.00321871787 0.0361203142 -0.28030324 0.0507651456 0.0324259326 -0.0518345125 0.0296308547 -0.00363649428 -0.0278539881 -0.000326909125 -0.215369791 -0.0964845717 0.0833959207 0.0821105838 -0.000100863719 0.111442029 0.0589108989 -0.3556979 -0.273207486 -0.0906132683 -0.153772861 0.216253281 0.00387010328 -0.00668840064 -0.178407356 0.153765202 0.278085321 0.0849265158 0.0144261494 -0.20669347 -0.365184814 0.195457548 0.138159603 0.0549809411 -0.0832850412 -0.0130182356 0.0816404447 0.0496438071
0.0828874409 0.0819742978 0.133631334 -0.0455424599 -0.00692613656 0.127813488 0.00648022909 -0.558214009 -0.00245839823 0.22433053 0.311913997 0.176764309 -0.0359444246 0.0499413125 -0.317096859 -0.0186845548 0.345878184 -0.19164069 0.11389555 -0.150979757 0.207298979 -0.00173229969 -0.0934148729 -0.0503629074 -0.00693727285 -0.084521845 -0.0451865606 0.0727166608 -0.106428489 0.0210839529 0.128693879 -0.101411559 0.0672585443 0.048993323 0.112425297 -0.525188386 0.0403659977 0.137940437 0.324189842 0.150927037 -0.103825286 -0.112653911 -0.279816836 -0.00819421094 0.399454117 -0.190948501 0.11475905 -0.233803958 0.261854857 0.112707786 0.016578244 0.011839807 -0.00869416445 0.0607485697 0.0411024168 -0.0840021148 0.033488974 -0.0656087622 0.0599655136 -0.0333143547 0.0602339692 -0.0762629658 -0.0048218891 -0.600329697 -0.0727350265 0.0616051294 0.369942009 0.0818242207 0.0082953684 -0.271843523 -0.23312813 0.022776423 0.243772894 -0.356556684 0.167498708 -0.449711114 0.20510675 0.265695691 0.171563491 -0.028228648 -0.000860542059 -0.0912155136 -0.0906970575 0.0821767971 0.0405435748 -0.00701141451 0.0187155493 -0.196111619 0.100422516 -0.123171397 -0.0083535742 -0.573494434 -0.126994118 -0.0880886093 0.419539273 0.142616332 -0.109553836 0.0143712396 0.00574388215 -0.302576214 0.0725787729 -0.163598835 0.231863618 -0.42503795 0.129074454 0.183278531 -0.0090588145 -0.0627542362 -0.0906167999 -0.0721651986 -0.0146757811 0.0802110657
0.02384766 -0.0525794104 -0.325455308 -0.439662844 0.0905647203 -0.304714113 0.0796853006 0.242375687 0.490407139 -0.156920776 0.125926167 0.02978996 -0.0542862266 0.0567097403 0.0917904973 -0.180098936 -0.127546057 0.0524723977 -0.0425094329 0.162654057 -0.0699213296 -0.154990315 -0.0841808096 0.0901475474 -0.0319530666 -0.0183733925 0.0571743771 -0.0646502823 -0.0316452309 -0.129760444 -0.00761215622 -0.123661958 0.091676943 0.101858482 -0.00661723688 0.194640234 0.405604184 -0.0837997273 0.116503969 -0.0549636558 -0.0235187411 0.0893945619 -0.112335756 0.0294246022 -0.108939655 0.0108348997 0.0105034821 0.0613182224 0.0897628441 0.0549158864 0.267332464 0.0573138818 -0.0550061092 0.0271528736 0.070910044 0.0166655108 0.0292213392 -0.110123865 0.098314628 -0.0253711622 -0.00603379402 0.111270741 0.167514786 0.202820688 0.35810104 -0.145888135 0.0215920676 0.0368008576 0.0395891853 0.108376302 0.0170066617 0.0261245165 -0.137433991 -0.0561190955 0.056609679 -0.0213073157 0.188825592 -0.0377228446 0.134158552 -0.00606381148 0.0798068717 0.0862349048 0.0461375341 0.0469309464 -0.0749889985 -0.0140094357 0.0124010919 0.141908482 0.0104310727 0.138474122 0.152484849 0.302781284 0.459235191 0.00418634759 0.234495506 0.0442332402 0.0270097218 0.254570991 0.0465879738 0.274832934 -0.100696728 -0.0552521423 0.0324774273 0.0726821199 0.0852467269 0.116986789 0.347910613 -0.0695688203 0.0269331858 0.0617851391 -0.0858283117 0.0603908524
-0.176486418 -0.222943172 0.0300952867 -0.152983874 0.0217838585 0.19367148 0.104753226 0.370126516 -0.317406863 -0.180113539 -0.197542787 -0.117824905 0.0314434245 -0.163873225 0.203121409 -0.273238063 0.0545197129 -0.0546761341 0.0864335299 0.238192573 0.258892536 -0.580996692 -0.503055274 -0.0794811174 0.0321414843 -0.0495390333 0.0599677041 0.0849859193 -0.19073844 -0.115713455 0.0220990274 -0.0548724756 0.135000646 0.0999440476 0.0736715198 0.345675766 -0.441303313 -0.0891394988 -0.180835828 -0.0975452363 0.0923587084 -0.141782209 0.192599505 -0.427897215 -0.0323018134 0.118251123 -0.0462719426 0.0595502965 0.194093794 -0.355546087 -0.536394596 -0.0165929049 0.014729172 0.0473815575 0.00603819638 -0.00312942266 -0.0556233339 -0.0697894171 0.0251733419 -0.225294843 0.011907829 0.143912703 0.0763639212 0.408661544 -0.420338571 -0.112655856 -0.190260202 -0.0744734854 0.0379852355 -0.128501371 0.331172943 -0.432690084 0.13604258 0.0558116063 -0.0641398281 -0.0462813638 0.2415912 -0.413526535 -0.62835592 0.0637489036 -0.0628740937 0.0866628811 0.0294816568 0.00410411507 -0.0899569988 -0.119807199 -0.0156136742 -0.23797442 0.058501076 0.123502359 0.162024364 0.314816624 -0.454784006 0.0849638954 -0.392373264 0.0531466305 0.158748716 -0.199924827 0.255549461 -0.550830364 0.0668990165 -0.0509573258 -0.0966669992 0.0887226835 0.257875353 -0.371409237 -0.584956646 -0.0586960539 -0.00399960577 -0.0599751174 0.0199647024 -0.0154257268
-0.0455038734 0.117218755 -0.327526033 -0.0650295541 -0.0202024188 0.158467531 0.00549559947 -0.37978372 -0.363276482 -0.17978172 0.107790425 0.0345852897 -0.106896341 0.153150648 -0.1038808 -0.0837744698 -0.00843795296 -0.0564872101 0.118701719 0.0930349603 0.168847948 -0.15330638 -0.16740337 0.0747186765 -0.0117453784 0.0813049003 0.0330517516 -0.0486189499 -0.0233609136 0.11453972 0.0213520303 -0.157412872 0.0326178782 0.17035456 0.113059588 -0.421590805 -0.328521997 -0.0686664283 0.0808896869 0.128685623 -0.0344383381 0.109710291 -0.131849006 -0.0582619458 -0.0309377816 -0.0835638195 0.136212796 0.114211075 -0.0613208711 -0.0325304605 -0.181666896 0.0428967401 0.0667421594 -0.0318707749 0.0569068566 0.0125652477 -0.0874590352 0.0928039774 0.0320862532 -0.0788491815 -0.00986344926 0.206580982 -0.00536271371 -0.474473894 -0.441797614 -0.226862952 0.148307502 0.0661430955 -0.0233097244 -0.0109516699 -0.200184509 0.157884657 0.0531208776 -0.0302816238 -0.0279649757 -0.00198079576 -0.131460905 -0.0258728229 0.065336816 0.0233645216 -0.0713112801 0.0667325184 -0.0150039196 0.00650357455 -0.0563471429 0.0825132132 0.158313736 -0.0534546524 0.0651468337 0.0950737447 0.0610761158 -0.431624621 -0.443482965 -0.134052768 -0.14930582 0.0586787052 -0.0324220322 0.208036959 -0.235588506 -0.0309111439 -0.0430729091 0.201283619 0.0679361969 -0.165984958 -0.0902757794 0.0539214686 -0.0482224077 0.0202312246 0.058921434 0.0364893153 -0.0121150538 -0.0500461012
-0.150754735 0.0606061183 0.0557428934 -0.00343319308 0.00599680422 -0.0519209057 0.0490731709 0.42129162 0.268457949 -0.000864105124 -0.21183911 0.111621864 0.0239534937 -0.124083675 0.249828607 0.135274708 -0.0331412219 -0.143375948 0.131538555 0.0737846568 0.0171518307 -0.125227585 0.0337987915 0.0829749927 0.0543236658 0.0485724136 0.0374089852 -0.016575478 -0.0453027822 0.0904307812 0.0338494554 0.192104802 0.0197874345 0.0531263798 0.112682946 0.397925049 0.321561992 0.070013769 -0.101559341 0.169879913 0.0865360647 0.0336000398 0.136725381 -0.0166824609 -0.144889086 -0.094254978 0.0136005022 -0.162878573 -0.0925417021 0.0498063341 -0.0195407588 -0.0037105605 -0.011094369 -0.0458293296 -0.058968354 0.0558622107 -0.0680719018 -0.013905297 0.0253738202 0.104249038 0.0219961777 0.0512731038 0.098119162 0.344869345 0.202229992 -0.0015902383 -0.0426223576 0.0488850474 0.0229898337 0.0531882197 0.181363806 -0.0848453268 0.0180543195 -0.104254335 -0.0208743121 0.0600117706 -0.0163921341 -0.086473465 0.00867105741 -0.0808518156 -0.0565309227 0.0655811206 -0.0663375184 -0.0126859471 -0.00503805233 -0.0543094762 -0.106897622 0.0851713941 -0.0254124068 0.0374326594 0.0423180647 0.243164718 0.23784399 0.150168896 0.12962319 0.178265989 0.0513023771 -0.0639910325 0.269937724 -0.0220502522 -0.0617174692 -0.0956928432 -0.0302863419 0.142829224 -0.0240166225 -0.0242239609 0.156242341 0.051496692 -0.0411131941 0.0694436207 0.034052752 0.00322072208
0.117187671 0.183539972 0.0499272533 0.00456999429 0.110562697 -0.0879286155 0.120698556 -0.313302368 0.563618422 0.0235679429 -0.199300557 -0.0486469157 0.168653697 -0.210016921 -0.0164375417 -0.352537543 0.1862887 0.224354401 -0.114048883 0.184854478 0.107298635 -0.0457122251 0.13162668 -0.0521218404 0.0298688561 -0.0106167048 -0.0215287283 0.0465232357 0.0826604068 0.0481375456 -0.123402014 0.0588869676 0.129179358 -0.040422108 0.101102933 -0.313565046 0.663596392 0.00221058587 -0.0936934575 -0.0377719142 0.0219774023 -0.120101176 -0.0212536696 -0.213688239 0.0246271417 0.181124642 0.136290923 0.121935777 0.241161719 0.0289825816 0.218634292 -0.00377330929 0.0834027603 -0.0146675557 -0.08090505 -0.056369137 0.174801871 0.157048762 0.012920347 -0.0815703422 -0.00610843999 -0.232165843 0.0416168235 -0.277282596 0.673361897 -0.110176302 -0.115844108 0.0529678166 0.0439587943 -0.186904743 0.0721366182 -0.13786757 -0.0465240963 0.0312508754 0.199858725 0.128983527 0.256109774 0.123396978 0.269275516 -0.0928887799 -0.048437044 -0.0903745294 -0.00581296533 0.0763046816 0.0868226215 0.0440188609 -0.00872802269 -0.211762026 0.104584083 -0.159255728 0.118900768 -0.214420974 0.608800232 -0.0691884086 0.275864303 -0.0469092764 0.0185042638 -0.116813272 -0.0403416157 0.134026229 0.0379823074 -0.0849387273 0.264034569 0.227384046 0.409455001 -0.108485505 0.291638643 -0.0646639243 0.0121969208 0.0517280921 -0.0315832496 0.0819819942
0.00807045307 0.142504871 -1.12110198 -0.0481839515 0.0944662988 -0.0505227186 0.103529327 -0.0973458588 -0.227728933 -0.0874355808 0.100990005 0.0852229074 -0.0484922044 -0.149389118 -0.0692410991 0.147860184 0.0238603186 -0.409216583 0.270231187 0.290556848 0.335225374 -0.457949489 -0.396085083 0.0818999782 0.0132689551 -0.0858057365 -0.033892706 0.0219214559 -0.090938285 0.151770249 0.127892286 0.138255313 0.104438126 0.0445271283 0.0525054932 -0.174386248 -0.207689434 -0.205355719 0.101518579 0.0272821207 0.0451926664 -0.0564149916 -0.267001629 -0.11498975 0.00891129673 -0.0976048484 -0.00641105138 0.0674274042 0.276833445 -0.198242307 -0.524704993 0.0788369849 -0.0361254439 0.0844566897 -0.019266814 0.0911502466 -0.01298011 0.0995117128 0.256050378 0.0844346434 -0.0481717587 -0.0105856815 0.0858957842 -0.105749644 -0.12275473 -0.0327371918 -0.0663643181 0.0882914737 -0.0890825316 0.0223440807 -0.26875186 -0.433222473 -0.0226753727 -0.059747871 -0.0396311134 -0.0378291607 0.157439142 -0.231358439 -0.531622529 -0.0233292207 0.0147385225 0.0517384186 -0.0539463945 -0.0574479662 -0.0429390073 0.0462076664 0.222781792 -0.0628098845 0.00516497856 -0.0887054652 0.0360156 0.015094596 -0.13748154 -0.214168146 -0.0970524997 -0.0454873331 -0.0454529151 -0.0730599985 -0.161494717 -0.684063554 -0.118318401 -0.0821496025 -0.279121697 -0.265074044 -0.190116435 -0.227317691 -0.429229826 -0.0145467892 0.0329793617 -0.0743373334 0.0149779841 0.0851444378
-0.0770320892 -0.10052105 0.0931144133 -0.140779555 0.155206576 -0.192678452 0.094286412 0.140046373 0.390670419 -0.156490654 -0.017394295 0.0255562887 -0.016283486 -0.160610974 -0.0941040218 -0.354946136 0.0562411211 0.0912479311 -0.137212351 0.0213786345 -0.186339587 0.0956333205 0.000291637902 0.0401797667 -0.0646785349 -0.0644955188 -0.0138699561 -0.0538286045 -0.121860042 -0.153545037 0.101684451 -0.0416204035 0.19210349 0.0356330872 0.0663191676 0.287371159 0.337453634 -0.150926813 0.0464869775 -0.00821338408 0.11023017 -0.0732209384 -0.120340638 -0.115431055 0.1056723 -0.0238022432 -0.0429144762 -0.0697801933 0.0943449512 0.0446752347 0.18003422 0.0538469329 -0.0884829536 -0.0586438887 -0.0220319033 -0.0885680839 -0.187472284 -0.142696455 0.100026391 0.101046123 0.141102985 0.10921023 0.129424959 0.245715693 0.361481071 -0.127179861 -0.0240291823 -0.0622687563 0.0680022165 -0.0706798285 -0.0591327175 -0.139904171 -0.00232851063 -0.0280521009 0.0691454038 -0.0251162499 0.120004639 0.147094041 0.168317407 -0.0882147923 0.0737236515 -0.0638380349 0.0907064602 0.0419699773 -0.0621530116 -0.127604052 0.0324955285 0.0472329892 0.0505998544 0.101167537 0.158150464 0.237073854 0.405757695 -0.0462744981 0.230358943 -0.0501317419 -0.0269754194 -0.0512163006 -0.0618995391 0.120504573 0.18406418 -0.205877528 -0.0485615283 0.110781439 0.134183601 0.140284985 0.404765546 0.0836965665 0.0357846245 0.0234057307 -0.0022783801 0.00238123536
0.0138442088 -0.0266751256 -0.442489564 0.264703661 -0.087418817 0.50208354 0.0939572006 0.223667398 -0.132228956 -0.0227249898 0.209386662 0.0450139493 0.148157865 0.0831245556 0.296683878 0.445497006 -0.0104526337 -0.210679248 0.213282764 0.131658375 0.315207839 -0.454152495 -0.344267666 0.0803209618 0.0694261715 -0.0649929792 0.090704523 0.00524831563 0.0579867288 0.0630419552 0.290956497 0.0964644775 -0.0593554005 0.0820388645 0.0123256547 0.168601885 -0.189157158 0.0758853033 0.150323689 0.0323728584 0.180439636 0.192600578 0.300880939 0.0406252109 -0.30428043 -0.037102107 -0.221702889 -0.215297654 0.209717959 -0.148818776 -0.764573574 0.0397528037 -0.0431137085 0.0732008591 0.0614549294 0.0439044014 0.0629543364 -0.0300019197 -0.0571649484 -0.142581344 0.0319329202 0.0868470147 0.0879482925 0.195018351 -0.193967193 0.045861084 0.254229635 -0.0864475593 0.0491365641 0.0884904042 0.40054363 -0.0649442896 -0.389292806 0.0287035145 -0.0365488343 -0.154475376 0.288256973 -0.240807578 -0.74634254 0.0656055734 -0.0224593803 -0.0685447305 0.0162226036 -0.0180592239 0.0556975044 0.0531544387 0.205512911 -0.350903928 0.0736963227 0.118187636 0.0388519615 0.156150818 -0.228918687 0.169148266 0.105436876 -0.0161632914 0.0947993472 -0.265393764 0.203717008 -0.434652478 -0.280929387 -0.128661811 -0.145369172 -0.212336004 -0.0952522978 -0.226937354 -0.635981381 0.0355577245 -0.04448542 0.0383746251 0.0150239244 0.054298766
-0.0155612864 -0.504271686 -0.136574179 -0.409110188 0.0327081122 -0.727799058 0.0528097823 -0.265469015 -0.46792081 -0.217024416 -0.259347856 -0.027167717 0.169559956 0.0292916913 -0.0032341138 0.493151605 -0.00978395436 -0.241120905 0.169497475 0.00411745301 0.190160319 0.172112569 0.0975938067 0.00545337796 0.0888814703 -0.055883795 0.000799909234 -0.0780403987 0.0771379024 -0.40091747 0.0458840281 -0.0375853553 0.0542285852 -0.322980762 0.0248146057 -0.267925978 -0.508610427 -0.0999246314 -0.260764927 0.0912682563 0.107975498 -0.104476355 0.087666437 0.249922067 0.0578223653 0.0326349512 0.183911502 0.0168561172 0.0390478186 0.0468460917 -0.333135754 0.0686465427 -0.0453917608 -0.00485321879 -0.054684788 0.0623486117 -0.0410462208 -0.459222883 0.0253277905 0.0467344038 0.085121803 0.014733579 -0.0202558786 -0.241812795 -0.494011581 -0.097988151 -0.243131071 -0.0131470906 0.0203648694 -0.139386252 0.11336939 0.00458553806 0.101997055 -0.0349999517 0.0531471185 -0.0210984442 0.00540968962 0.020760132 -0.232909828 -0.0161670521 0.0123581067 0.0407710746 -0.0544766113 -0.0440207236 -0.0638403296 -0.357534647 0.0493132137 0.392386138 0.0571329333 -0.127272576 0.111430414 -0.169995159 -0.447378516 -0.226491094 -0.587551951 -0.0107399058 0.0604180433 -0.48756671 0.0795267448 -0.226461887 0.0937761962 -0.275035977 0.0772831291 -0.226370871 0.113615386 0.0431526154 -0.13747035 0.0706282035 -0.0924870521 0.08104036 0.0845027044 -0.0681389868
-0.0491680577 0.0571780428 0.363994807 0.139835313 0.0832746699 0.3785339 0.0629444495 -0.343579948 0.378778487 0.0813610107 0.303539813 0.119642027 -0.153291762 -0.0679348707 -0.185303837 -0.167097673 -0.153507292 0.402928829 0.0248310473 -0.016870847 -0.156536967 0.337329 0.26545465 -0.0871808156 -0.0569272786 0.066797398 -0.059225224 -0.0378168672 -0.0087924758 0.195037887 0.0799120963 0.019454781 0.0357913375 0.167577356 0.0786935613 -0.212838799 0.359255403 -0.120161988 0.197983876 0.157224894 -0.0792606324 0.0857235491 -0.141629308 0.0556635894 0.0507476404 0.150712654 0.0653532371 0.122357368 -0.0374937281 0.0813177228 0.466070741 0.0318381563 0.0466432646 0.0899930224 -0.0398743227 -0.0557847843 -0.0362694934 0.0697511956 0.165468246 -0.0986795574 0.00571273966 0.235266834 0.119778745 -0.333300382 0.254746765 -0.0406120978 0.312268198 0.0379550941 -0.170157954 0.000107613276 -0.133521199 0.0816044137 -0.0485269539 0.254155457 0.112254485 0.049555283 -0.00506935269 0.156350017 0.489460468 -0.0873020664 0.0615948513 -0.0872589275 -0.0712721124 0.0788472965 -0.0468430631 0.111420088 0.0420337133 -0.258367509 -0.0341418497 0.116844393 0.0303938035 -0.270336717 0.315674633 -0.0675566271 0.486579239 0.00647824677 -0.140636891 0.251492947 -0.140544549 0.276611179 0.105306052 0.14272441 0.105605297 0.144015819 -0.138033301 0.118692227 0.439364016 0.0488921329 -0.0346792191 0.00164433569 -0.0288480669 -0.0211225525
-0.0594187342 -0.033793807 0.153400704 0.195574954 0.0898775086 0.411065191 0.0948762223 0.315789789 -0.434227735 -0.144190475 -0.0144392541 -0.00435035862 -0.0352431908 0.0362609401 -0.0312460735 -0.0490283817 0.0547888875 -0.137561262 0.0547531992 0.102283917 0.295638531 -0.553905308 -0.542325854 0.0618324056 0.0653931424 0.0111342892 -0.00783608854 0.0337645933 -0.00955385529 -0.0887249112 -0.0518845432 0.034456607 0.00084465195 0.329969406 0.0323259272 0.355797261 -0.274993181 -0.0698295012 0.00782085955 0.0628448576 -0.0892663598 -0.0258356668 0.228846729 -0.172758833 -0.128347576 -0.0196238011 0.0836824924 0.0664319322 0.286394209 -0.18941541 -0.386407554 -0.0140063688 0.0149160698 0.00307394564 0.0013006255 -0.00733189285 -0.118049376 -0.0787489191 0.130438715 0.0140723307 -0.0328617431 0.203907192 0.0416880809 0.35969618 -0.44694522 0.01875907 -0.138202578 0.0917579532 0.0246692095 -0.0238232873 0.161895618 -0.235795021 -0.0675299019 -0.0953648388 0.320235103 -0.0482475311 0.0802047104 0.00159452623 -0.218755126 0.0517407283 -0.0150464028 -0.0792752877 0.0809520856 -0.0503248014 -0.0130690038 -0.177739531 0.0403352827 0.0206891503 0.140841722 0.20661971 -0.0332493298 0.394564629 -0.431659698 0.0407947414 -0.201775014 0.0294893906 0.00464194873 -0.164997667 0.197312847 -0.652396262 -0.0151952449 0.0691336617 0.203246251 -0.140848786 0.0724142119 0.0886179283 -0.114868097 -0.0825468749 -0.0326577537 -0.0864959434 -0.0564900562 0.0126983896
-0.023216391 0.0920464694 0.0130824177 -0.08874017 0.139794677 0.0206696913 0.150478974 0.241886392 0.819668174 -0.160299435 -0.246044964 0.126059815 0.294859856 -0.357381582 0.00794709567 -0.0771496966 -0.0867293254 -0.195941448 -0.0842809081 0.00705865305 -0.131733492 0.144435436 0.11313732 0.0132888854 0.0267828181 -0.0468701236 -0.00589158386 -0.0170824677 0.0737001374 0.13221705 0.177862421 -0.0488335304 -0.00282806298 -0.112104364 0.141290888 0.317645013 0.835023284 -0.260267377 0.0132408198 0.0308080576 0.249577537 -0.194485992 0.0767659619 -0.125098005 -0.0405572988 -0.129529208 0.0588860288 0.107135415 -0.0646041408 0.0193914529 0.201975882 0.0875636265 -0.0488794111 0.0162531286 0.0297086462 0.048930712 -0.0572912283 0.0477544814 0.0869717151 -0.0426970087 -0.0317358449 -0.0514570139 -0.0129290074 0.239140198 0.834606469 -0.0652267188 0.153675944 -0.00405324297 0.137418464 -0.33691892 0.01941525 -0.00496940268 -0.00531138759 -0.150710031 0.12721172 0.0408629924 -0.0330613852 0.00485464372 0.220376343 -0.04295104 0.0887475535 0.000628337264 0.0598472133 0.0700813457 -0.014346729 0.143065661 0.049414929 -0.098791346 0.0334084779 -0.140611798 0.0352302641 0.309658676 0.859321356 -0.14789173 0.459424525 0.0963165984 0.0937775746 -0.532778919 -0.0293584336 0.0823334679 0.0839763433 -0.382356346 0.0972623304 0.143508226 -0.152659997 0.0632896572 0.293780923 -0.0847249851 0.0773909464 -0.0814416185 0.0444164649 -0.00558043271
-0.03942018 -0.0917774066 -0.157508075 -0.237101272 0.049344223 -0.257918 0.125129208 0.38092652 -0.279803246 -0.113962926 0.192751482 -0.07197956 0.0191659704 0.0809248686 0.0898531452 0.164836317 -0.0792797282 -0.0200161077 0.253294528 -0.00766290817 0.267595142 -0.50534445 -0.539819896 -0.071655415 -0.00435764343 -0.0129308924 -0.0731721967 -0.0426605158 0.0282471254 -0.0621553026 -0.346369267 0.0754790232 0.0281669851 -0.0473099016 0.132629335 0.315346479 -0.318222404 0.046772588 0.202315703 0.00712550199 0.146393001 0.00121036917 0.18208015 0.0530568287 -0.0958003551 0.00165439397 -0.132331878 -0.114947014 0.19962427 -0.194402128 -0.570661604 0.0583570078 0.0332965031 0.0103601962 0.0753492787 0.00465276092 0.0978677273 -0.0979623273 -0.528339207 -0.0320652574 0.147809625 -0.0489884503 0.095624879 0.273969173 -0.287664384 -0.0906889886 0.257146865 0.022671707 0.0911414623 -0.0374737754 0.195185542 -0.137214333 -0.309749514 0.0112330532 -0.0160377398 0.0193552263 0.246459961 -0.417446822 -0.521641672 -0.0190148801 -0.0527818315 -0.015098311 -0.0748218969 -0.0817636549 0.0638041869 -0.0661810488 -0.527641118 0.109981224 0.125389248 0.0197866373 0.00955495052 0.263711125 -0.28021273 0.0148852793 0.123385489 -0.0328793637 0.168630823 -0.225851431 0.0485571958 -0.220045283 -0.217275798 0.0590908229 -0.330013037 -0.264710516 -0.0188488681 -0.042775102 -0.469755113 0.0435004607 -0.0177342594 0.0549667701 0.0281618536 -0.0150785446
-0.0781061798 -0.0325093493 -0.0174459163 -0.112498254 0.0810575262 -0.337670386 0.0215470903 0.294004023 0.116357252 -0.0503916889 0.0367323048 0.0385778584 0.0239630193 0.146961167 0.234672785 -0.0564021319 0.201482937 0.0313219912 0.292835861 -0.0811947361 -0.0121109122 0.0693878159 0.123743363 0.0676655695 -0.0666349977 0.0868529454 0.0926061794 -0.0635082647 -0.0102582853 -0.0709104761 0.209927171 0.110906467 0.0756427422 -0.102909245 0.133019879 0.363522828 0.101621419 -0.0163239725 0.0621653274 0.105643481 0.0528433546 0.0858675689 0.306653798 0.152539015 0.121467665 -0.0604481585 0.147346795 0.0629352331 -0.0969849601 -0.0334890969 0.0750044659 0.0908273682 -0.0511236601 0.0494562462 0.0218012631 0.0612766817 -0.158248767 -0.067756474 -0.201605454 0.0486491323 0.0709412023 0.0601572245 0.103471175 0.374745637 0.161534935 -0.0329378024 0.129708216 0.145827428 0.0413312763 -0.0881429464 0.45073694 0.033441633 -0.0626403838 -0.148826167 0.227039739 0.0458494872 0.109260328 -0.123940505 -0.0130314436 0.000785395503 -0.0186835974 0.0354320928 -0.0706994385 0.0892936066 -0.0387829095 -0.156461999 -0.119275697 0.248677269 0.0560639501 0.135323316 -0.0528228357 0.284785151 0.225958467 0.147144943 0.124136038 -0.0368766226 0.0843046829 -0.0726086646 0.369224519 0.25432539 0.143816546 -0.293541551 0.0785490125 0.0544358194 -0.186583176 -0.0388760418 0.263418615 -0.0462929755 0.0805828348 -0.0588540696 -0.00651147217 -0.0365350991
-0.115894504 0.0291763805 0.0085820891 0.0534693785 0.0466733649 -0.197644323 -0.00270541664 -0.3485879 0.418438494 0.0723455846 -0.0955975801 -0.0149996299 0.0686554536 -0.167957529 -0.155354798 -0.0865245759 3.42255371e-05 0.00280387001 -0.197079122 0.248755962 0.0812178329 -0.151690289 -0.297883838 -0.0572289452 0.0516722873 -0.00575380027 -0.0691482276 -0.003654778 0.0181601737 0.0843652785 -0.164382458 -0.00228955457 -0.00429775566 -0.0173358675 0.0512026846 -0.45958963 0.465794772 0.0995570645 0.0255852118 0.00539249461 0.00936142635 -0.128772929 -0.166686952 -0.203021139 0.00312713999 0.0627662316 -0.114711359 -0.0152270608 0.324102581 -0.107262887 -0.00216624676 -0.0420459285 -0.0409011431 0.00995898992 0.039713867 -0.0449605994 -0.0108729489 0.0921686068 0.005181632 0.0120060649 0.129437506 -0.162603527 0.0771710426 -0.503029168 0.497281492 -0.0348120071 0.0420418121 0.0906126499 0.19029443 -0.0965079516 -0.220125824 -0.237698942 -0.0359292775 -0.00189634529 -0.00503335381 -0.0201120786 0.559708595 0.118631631 0.11647471 0.0440485999 -0.089599587 -0.0274307057 -0.0144402981 0.0556104407 -0.0764090493 0.0801555216 0.150680855 0.0775283575 0.131550133 -0.128154114 0.108050331 -0.433166713 0.444322407 -0.0533824787 0.321841478 0.00883348472 0.0894005001 -0.03258048 -0.302067488 -0.105315328 -0.00935484655 -0.0579802915 0.11907851 -0.00319204899 0.640361667 0.0649620816 0.0541955754 0.0230216309 -0.0447627455 -0.0391450524 0.0821651295 0.0195076913
-0.0127749778 0.031012658 0.0547539778 0.358828753 0.114468396 0.616602123 0.0256813169 -0.0167136583 -0.251444221 0.01745479 0.351868063 -0.0159256868 -0.0604522452 0.0184533019 -0.507179916 0.0132878888 0.529359519 0.0611476824 0.244224295 -0.228520617 -0.432055324 0.140508622 0.39756763 0.0154829919 0.0464644656 -0.0315747187 0.00981988758 0.0911796317 0.0253906623 0.047636874 0.133609518 0.344131917 0.113884658 0.291262925 0.0182038471 -0.0508638248 -0.233620748 0.00332070747 0.33747822 0.0395987518 -0.0397910476 -0.0433465391 -0.372456193 -0.425642997 0.288808793 0.310816854 -0.0487103462 -0.352762967 -0.425936431 0.380227119 0.176862285 0.0685765371 -0.0341181457 -0.0513299964 -0.0773164704 -0.0465973355 0.102653898 -0.0734149143 -0.046976272 0.342267424 0.126963526 0.131626576 0.0202522278 -0.0287382882 -0.138774723 0.116777845 0.35235557 -0.0672305822 0.0688564479 -0.100411758 -0.202128157 -0.629230738 0.165203258 0.163449734 0.102604985 -0.207614347 -0.36502856 0.293808222 0.109448545 0.00371646881 0.0109126419 -0.078077063 0.0310582742 -0.06156753 0.128409684 0.0404917672 -0.0674406961 0.452483743 0.0449067838 0.157511577 0.0842080116 -0.166563496 -0.264488727 -0.00150401075 0.106890917 0.00630852301 0.0117897624 -0.188710555 -0.116688833 -1.05602562 0.0670348257 0.0271590445 0.0455962643 -0.490244836 -0.517145455 0.294274241 0.0910762846 0.0715665594 -0.0066741854 -0.0654983819 0.0205862299 0.000496484339
-0.102650665 -0.232287839 0.151300818 -0.107052967 0.0636146441 -0.045041278 0.076096043 0.416728556 0.268833518 0.00747237308 -0.165281013 0.153818548 0.0591613539 0.0597499087 0.0427847914 -0.0253460016 0.0447724462 0.0651943088 -0.0257382579 -0.033647012 -0.175721213 0.209613815 0.104932189 0.0871771201 -0.0569778085 0.0531596318 0.0294964164 0.00691399723 -0.0135342786 -0.228295982 0.00247494387 -0.0272477046 0.181663275 0.0899268687 0.0625821725 0.374513179 0.341991246 0.0106260749 -0.063815549 -0.027791949 -0.00218161102 -0.0460736379 0.0315750986 0.0808631778 0.0327003859 -0.0698537305 -0.11556311 0.00471595069 -0.121690378 0.146673426 0.272055447 0.0898889676 -0.0675699934 0.0327120349 -0.0850086808 0.0853176787 -0.078350842 -0.0840104073 0.10111966 -0.0373075828 0.0711804628 0.0882662609 0.158879161 0.388271242 0.437988669 0.0533000715 -0.061166238 0.0186645314 0.0446421877 0.0649596453 0.0266273897 0.126806945 0.0803554356 0.0445756912 -0.0310843457 0.0383585952 -0.0669226497 -0.070330441 0.223277047 0.0259468257 -0.00885739177 -0.0130563453 0.00226462632 0.0240848586 -0.0811056048 -0.147764102 0.0456142202 0.0131004518 0.0898379534 0.0311247502 0.0291737337 0.293834835 0.319827199 0.261525303 0.0982507616 -0.0139058316 0.116706997 0.074014388 0.0747777 0.410438418 0.159554422 -0.0239227004 0.0288745817 0.152470589 -0.157948688 0.0637778118 0.400810599 -0.0892135128 0.0700546727 0.0517853871 0.0819007978 0.0841367021
-0.0342982933 -0.193993062 0.0197004136 0.395359576 0.0798904523 0.296549708 0.0125988098 0.347575188 -0.260546684 -0.230855197 0.309512436 -0.0398488194 0.0705048591 0.166508555 0.238116145 0.199349374 -0.173867658 -0.0566929355 0.0673699751 -0.0708962083 -0.111356765 0.197599754 0.292139769 -0.0153087303 -0.0703338087 0.0773404613 0.0619491562 -0.0102281496 0.041770611 -0.171845198 -0.0374753252 -0.0359014124 0.00707976893 0.104194038 0.0294442251 0.275266767 -0.261980981 -0.0682374015 0.138583481 0.0459932759 0.0294452161 -0.0749089047 0.196284637 0.344812065 -0.110441297 -0.118973903 0.228756979 0.0303126238 -0.0842737332 -0.00943577755 -0.121569589 0.0550217405 0.0723211393 -0.0889062509 -0.0505768619 0.0122901872 0.0695897639 -0.243763059 -0.354535311 -0.134607777 -0.0539970174 -0.0400752127 0.0405240022 0.285610229 -0.359896988 -0.0246988572 0.110204063 0.0298564564 0.144433349 0.0391465388 0.226731196 0.182527214 0.139430419 0.0586063936 0.139188468 0.328345418 -0.157259047 -0.380268455 -0.424295604 0.0153104961 -0.0316110849 0.047774829 -0.078917481 -0.0634979457 0.1411165 -0.206003338 -0.378361583 -0.182826445 -0.0357093401 0.0772085115 0.057560239 0.334128708 -0.431984097 0.126185894 -0.0815475285 -0.00934725348 0.130206376 0.196547329 0.00893141888 0.126992911 0.368681371 0.250123709 -0.149549067 0.150841177 -0.611882448 -0.126264513 -0.144815788 0.0846758857 -0.0941984504 0.0203732327 -0.00199408084 0.000247903168
0.00031548136 0.0484156348 -0.0726196915 0.0151432808 -0.0740836114 0.0183923431 -0.0192419291 0.000997330295 0.0479869097 -0.0257876907 -0.0854847208 -0.0559617691 0.0657537878 -0.0769157708 0.0599215254 -0.0333645828 0.0049694553 0.0387018695 -0.033314053 -0.0650890619 0.0319789276 0.0570640191 0.0352081135 -0.00329131633 0.0100752711 0.0396728292 0.0301125497 -0.046835091 0.0798734277 -0.00371770002 -0.0292458124 -0.0348456427 0.00138502999 -0.0590562075 -0.0801582485 0.0418062285 0.0716019347 -0.0820285827 0.0655430406 -0.0674103796 0.0110505484 0.0814452544 -0.065089114 -0.0448421836 0.0332179032 -0.0531066209 -0.0367762558 -0.0792110339 0.0110276341 0.0589956716 0.0253071189 -0.0168166235 0.0895714983 0.0737524554 -0.0514046811 0.0540524945 -0.0101275612 0.0398896374 0.0215214416 0.0337956771 -0.05922978 -0.0553053431 -0.0651087314 -0.0719596893 -0.0464165956 0.0345735513 0.0162770431 0.00606173556 0.0590493008 0.0658578649 0.0702539906 0.052816011 0.00523786712 0.0300365798 -0.0475816056 0.00158378482 0.00716380775 -0.0772565231 0.0773365721 -0.0209416896 0.072312288 0.0448816195 -0.0513241738 0.0276950747 -0.0301766098 -0.0366246514 0.039962329 0.0387299731 -0.065135166 -0.0576125868 0.0601408742 -0.0455504768 -0.0693927631 -0.0681181401 0.0435085818 0.0562312976 0.0824017674 -0.0769479945 0.00533233164 0.0123826722 0.0153210219 0.0250756294 -0.0872839093 -0.0908369049 -0.0391777195 0.00868918747 0.00715769082 -0.0135068223 -0.0943701863 0.0590040311 -0.063345477 0.0224347189
-0.080238834 -0.0669483766 1.07655609 -0.0532059222 0.133700743 -0.274538189 -0.0555219837 -0.250054508 -0.272803485 -0.026752267 -0.0905591026 0.00453435723 -0.0440008678 0.0611882955 -0.0112550016 0.155046001 -0.189124778 0.0607555322 -0.135091051 -0.218860403 0.097279191 0.200415343 0.0197641589 0.0830677524 -0.0340863243 0.0622665361 -0.0244028941 0.0631897971 -0.0780412406 -0.203122795 -0.0139400633 0.0650729015 -0.00181066967 -0.0129500823 -0.026072599 -0.218727171 -0.228059202 -0.131888777 -0.130949706 0.0979666784 -0.0452702381 -0.0380518511 0.0917601362 0.00435125548 -0.09941753 0.0247671232 0.0253723506 -0.040476393 0.10535083 0.0938958898 -0.0335037038 -0.0883884802 -0.0697306618 0.0341553017 0.0392462537 0.0489635989 -0.123755619 -0.0842059925 -0.0498297848 0.0835343227 0.0124409953 -0.111936964 0.129719108 -0.188832164 -0.164621487 -0.168689892 -0.0807585865 -0.0470068716 0.0641008914 -0.0405376665 -0.012015692 0.0565394163 -0.138262168 -0.0151663618 -0.0067726071 -0.167900696 0.00436844816 0.371197373 0.240426779 -0.00558274984 0.0263460949 0.0757971331 -0.076924637 -0.0372990966 -0.100720316 -0.191102281 -0.173010156 0.0353382006 0.082221292 -0.0817384124 0.0552336685 -0.219031081 -0.269544482 -0.271492869 -0.144738063 -0.0180240422 -0.0334852934 0.0123879611 0.011644138 0.0329581276 -0.313788682 -0.0194054358 0.163185805 -0.0976540297 0.279910028 0.0895837769 -0.0589641668 -0.033258047 0.0479086563 0.0840142146 0.0779301748 -0.0459803939
-0.0877618268 -0.0386301242 0.226136953 -0.074564524 -0.00390988356 -0.0745072141 0.0221898966 -0.0201367103 -0.472677439 -0.0103025502 0.0980079696 0.0806871578 -0.0374111161 0.148053065 -0.0895143822 0.166804552 0.134058416 -0.197704345 0.0225483198 -0.0250584539 0.0856368989 -0.0904609263 -0.0444639139 -0.0257238075 -2.65836716e-05 -0.0128656551 0.0721666291 0.0228740126 0.000394774834 -0.0996230319 -0.131033733 0.01866371 0.085219048 0.070327878 -0.046834752 0.0775872469 -0.479511797 -0.104192071 0.0513988473 0.0576606616 -0.0556418262 0.154978916 -0.182941094 0.136220574 0.125849545 -0.0428742655 -0.088107571 -0.0332611836 -0.199972764 -0.0590464771 -0.233797133 0.0261780918 -0.0365459807 -0.0332667977 -0.0806909651 -0.0584162623 -0.0487705655 -0.0750505105 0.0756039545 0.0685037002 0.121911749 0.129574329 -0.0385287553 -0.0166817717 -0.477613211 -0.0539634675 0.038257543 0.0891127735 0.0684112832 0.155619681 -0.186274245 0.118789092 0.174320742 0.0824949443 -0.151184499 0.0794963688 -0.135338858 -0.00955702737 -0.134404197 -0.0620094575 0.0133059397 0.091608502 -0.0592595562 -0.0508916043 0.0199935529 -0.0360819623 -0.0138473287 0.136525095 0.0941523537 0.00380735076 -0.0230932571 0.0313443244 -0.452265799 -0.0659962073 -0.327989072 0.174070194 0.0343153737 0.0564349219 -0.159648046 -0.0668943077 -0.00454795593 0.219696343 -0.15888685 -0.156312957 -0.00627966085 0.0992622152 -0.249910429 0.0756965801 0.0311586931 -0.0535510555 0.0455687568 0.0939539596
-0.122840703 0.220239028 0.0919937268 0.401955694 -0.0369783454 0.413050115 0.121052146 0.198763177 -0.910936654 0.0218568947 -0.349814981 -0.10158103 -0.236951515 0.202886268 0.179757774 -0.157609075 -0.168797418 0.494405478 -0.421486378 0.026324518 -0.254021108 0.363210768 0.230578095 -0.0900246426 -0.0144972056 0.0432920232 0.059191145 0.0344529524 -0.0204812251 0.0493679345 -0.110094421 0.620795429 -0.0203090459 0.21901904 -0.0448613539 0.201410338 -0.892881691 0.0795436725 -0.488892287 -0.0478005968 -0.18714045 0.319991291 -0.00464620721 0.225616634 0.0455396958 0.324658185 -0.186890364 0.0195705928 -0.0518565662 0.0552669652 0.469932407 -0.0251362994 0.0122886226 -0.00768190622 0.0732173845 -0.0555237792 -0.00459859753 0.0611929446 0.150364131 0.578824639 -0.0332320444 0.110056818 -0.0013992954 0.075465776 -0.827556849 0.0426822715 -0.628683209 -0.0907000974 -0.0346137807 0.242810041 0.000762966869 0.715440989 -0.0539564379 0.295000076 -0.262398958 -0.081873253 -0.0444521718 0.232638672 0.418857098 -0.0874203444 -0.00719232857 0.0743973777 -0.0544273071 0.0796310529 -0.0467996262 0.0320922844 0.200148895 0.147103325 0.0402475707 0.0475639291 0.0394405425 0.147243261 -0.894394815 -0.0533057079 -0.497307062 0.00724052079 -0.0917980745 0.654581249 -0.215755895 1.36380327 0.0838886723 0.407545298 -0.184523746 0.237254813 -0.121538445 0.0785730779 0.463159949 0.048874177 -0.0351794288 0.00263565779 -0.0225472376 -0.0551774055
0.203350872 0.140753165 0.139265865 0.0506839044 0.0947723091 0.412426412 0.121710747 -0.429507583 0.0166237149 -0.219531074 0.0615120679 0.134197399 0.0858697966 -0.146139249 -0.182875723 -0.106112555 -0.0789183304 -0.0899447799 0.164514512 0.227894798 0.136692077 0.157341614 0.0194958672 -0.0769493803 -0.0295919627 -0.00869845599 0.059612982 0.0389729664 0.194952101 0.0228213556 0.193533748 0.0525134169 -0.0429801866 0.378580928 0.0508108586 -0.266044706 0.0351856276 -0.0702448934 -0.035075549 0.0402177684 -0.0288434774 -0.0748131722 -0.0263920911 -0.0370711535 -0.00237276405 -0.291554362 0.508204043 0.380912572 0.171023369 -0.113991454 0.192903236 0.0283331722 -0.0608346574 -0.0748516917 0.00497389585 -0.0268843099 0.181539744 0.125393599 -0.157619357 0.166598305 -0.0117602879 0.195979923 0.0935341269 -0.336514115 -0.0456013195 -0.170841023 -0.10629423 0.0575151816 0.0949108228 0.0876414254 0.00404593023 0.0216339286 -0.112993516 -0.207308471 0.222390831 0.414825082 0.0208538864 -0.0794176534 0.293041736 0.0338312313 0.0342414305 -0.00847803801 0.0475060865 0.0337669328 0.05598481 -0.0441705994 -0.0256732758 0.127684325 -0.0226843152 0.143359244 -0.0580099449 -0.261150569 0.0819690824 -0.137674659 -0.369570524 0.133289263 -0.0245236959 0.0268067624 0.22243309 0.220904604 -0.209976256 -0.196125925 0.373633504 0.527347088 -0.00121250178 -0.223073527 0.119147092 0.0260094181 0.0136885345 0.0196470246 0.0215011612 0.0250486955
-0.0357276872 -0.0764658973 -0.167960107 0.104401745 -0.0377904661 0.166412055 -0.0233513005 -0.46516642 -0.471120179 -0.0409615226 -0.208344445 0.0373778194 -0.00222689891 -0.0585028753 -0.0869167596 0.139799863 -0.284376919 -0.165645227 -0.0115362369 -0.0221011862 0.156572655 0.00711142132 -0.208138734 -0.075628832 0.0120186731 -0.0875978097 0.0676753148 -0.00654225796 0.00810531806 0.0359980725 -0.14999719 0.0779249072 -0.0413221121 -0.0635390505 0.100043185 -0.42082867 -0.517833531 -0.210942104 -0.276020825 -0.0656223223 0.0865345001 -0.148213819 -0.182256892 0.0721040443 -0.279379278 0.136922508 0.0826765224 -0.0863290429 0.00384783908 -0.130766883 -0.25724721 0.0757066086 -0.0101297572 0.0562639758 -0.0832217857 -0.0639599785 0.0127892615 -0.134252355 0.0101809474 -0.0204716027 -0.0471285693 -0.00556258392 -0.00443346286 -0.348567933 -0.470592618 -0.139122084 -0.287879705 -0.0756308809 0.144051 -0.01413095 -0.238293961 0.00299316901 -0.275786519 0.148449793 -0.10420756 0.0276844874 -0.0960788503 -0.0710600689 -0.223206744 0.0257462114 -0.043177858 0.0694789663 0.0179614276 0.0451664105 -0.139965743 -0.0189517159 0.126258448 0.0059179822 0.131794214 0.0557297543 0.12962392 -0.384925961 -0.499474168 -0.214360461 -0.434031516 0.0058215321 0.0374537446 -0.133903503 -0.0405011177 -0.256429851 -0.301646203 0.127978906 -0.0172570981 -0.214533985 0.085129045 -0.126235679 -0.382743418 -0.042316325 0.0606285259 -0.0264092684 -0.063885957 -0.0159344301
-0.0225239694 -0.0533647463 0.588068962 -0.196048304 0.0783342198 -0.145859823 0.109830424 0.269504279 0.355521232 0.225068495 0.0715226978 0.0861442387 0.0940933898 -0.0119925989 -0.00334775937 -0.123754956 0.0176209956 0.146847337 -0.0767173767 -0.194296703 -0.231442124 0.105154559 0.199699789 0.0708910301 -0.0542483889 0.0316856727 -0.0729489848 0.0389240161 -0.112505138 -0.148446232 -0.0442846864 0.0715354457 0.169748202 0.030407194 0.146129191 0.261531144 0.391533554 0.0412457474 0.0333391726 0.00826905854 0.113552466 0.0625567064 0.0541086718 0.0604617335 -0.0231128521 -0.116393447 0.125488237 0.0407878458 -0.145197779 0.0722538382 0.415407628 -0.00297070295 0.0622776076 -0.0161782354 0.0118645132 0.0885604993 -0.113856584 -0.108493306 0.0459385999 0.0962605998 0.0238954164 0.177172422 0.0962661058 0.256766975 0.383315206 0.113985144 -0.00288818404 -0.00332905399 0.084428899 -0.000259050139 0.018597478 0.159814984 0.0641436949 -0.0475843251 0.0741095841 -0.0208920054 -0.0327677876 0.0519848689 0.349013269 -0.0453499928 -0.0773990527 0.0477318987 0.0755324438 0.00447944552 -0.0382037349 -0.169010073 -0.00057784043 0.231608838 0.0664367899 0.20016396 0.170473009 0.276088417 0.445415765 0.0781693533 0.336566389 0.0261740182 0.0101854382 0.220270857 -0.0527455173 0.409149528 0.117224388 0.0397819318 0.0729885399 0.118554115 0.0129795745 0.185901746 0.431010306 0.0258055478 0.0823915079 -0.0615777113 -0.0815975592 -0.0316926688
-0.134407967 0.0113220913 0.19104515 0.121309258 0.0515265204 0.372687936 0.0843947753 -0.509789884 -0.063095957 0.337074399 0.144031703 0.0567259751 0.0646775588 0.259207428 -0.0988283679 0.164244786 0.242509216 0.0722869411 0.188327789 -0.364612818 -0.172955066 0.394355059 0.327989042 -0.0311105251 0.00128952414 0.0179859176 -0.0549267307 0.0801435784 -0.0902443305 0.0713370889 0.0972702801 -0.0455157459 0.0669656247 0.0642217621 0.0736520961 -0.483873546 -0.22750093 0.361870915 0.194054127 -0.0349451117 0.0494443513 0.0869851336 0.0455668755 0.131816819 0.342702895 0.0209771078 0.133287072 -0.295700222 -0.321863532 0.228860945 0.116422959 0.0341194496 0.0633699223 0.00659063458 0.0307590738 -0.0927249789 -0.185629442 0.0746897906 -0.0185976252 -0.0153372539 0.0366606563 -0.11996197 0.0287474152 -0.485060275 -0.165614679 0.273374528 0.168122932 0.139530212 0.0640329793 -0.130599067 -0.125742003 0.188830808 0.49305144 -0.258644372 -0.10457994 -0.0882433206 -0.56889683 0.146360889 0.0897440836 0.0390114263 0.0894245133 0.0910986885 -0.0864235461 0.00232687593 -0.124695092 0.0148165189 -0.049419526 0.00451501459 -0.0528570302 -0.148025855 -0.0888434127 -0.516981542 -0.155466989 0.202682421 0.0474119931 -0.0185938515 0.102943286 -0.250834554 -0.0957186297 -0.0499274209 0.427342772 -0.387356192 0.0687827915 -0.0970731825 -0.526179671 0.197842598 0.127396256 -0.00449679047 0.0608788803 -0.0260933042 -0.0201953575 0.0394804403
-0.109573804 0.0382753983 -0.214272991 0.0514633991 0.00808647927 -0.0563068837 0.0304114986 0.249443635 -0.436448544 -0.203204364 -0.159993455 0.0705598518 0.015436166 0.00800401159 0.368816286 -0.305125892 -0.143830702 0.0836603343 0.0220522285 0.136613145 0.207380816 -0.380665809 -0.397929549 -0.0923240259 -0.0268373862 0.0591895953 -0.00675214082 -0.0754067898 -0.101361066 0.0907695368 0.278635442 -0.0343987308 -0.0294148754 0.0413916148 0.000595382706 0.101881169 -0.361765116 -0.0267063193 -0.165732011 0.0955751985 0.0606686361 -0.0894005597 0.105261035 -0.482298046 -0.172684044 0.297068834 -0.0693962276 -0.00245061168 0.310191929 -0.171969876 -0.569315732 0.07826785 -0.00192978233 -0.0873249024 -0.0880771279 -0.0439052209 -0.0405901857 0.130178168 0.0152012417 -0.0250750761 0.114232637 0.0212308522 0.0920001194 0.18299602 -0.476699412 -0.0618709922 -0.0966590047 0.0338616595 -0.0146437967 0.0090955738 0.11047665 -0.556773305 -0.0562245846 0.226509348 0.130175054 0.0319695659 0.33560282 -0.318963289 -0.577930868 -0.0444725789 -0.0649724156 -0.0258113071 0.0302144065 0.0101832375 0.0551312156 0.113441065 -0.0389752351 0.0833224654 -0.00544637861 0.0301489849 0.121098839 0.122298762 -0.45327872 -0.0287707746 -0.428157449 0.155406266 0.0641707554 -0.216836303 -0.0143032214 -0.783334672 -0.0878101364 0.242293566 -0.0896976888 -0.0291772783 0.173696339 -0.345231742 -0.667980134 0.0135121718 -0.0413985848 0.0925844386 -0.0856850073 -0.0123638511
0.0227751099 -0.0714193359 -0.330417782 -0.142343536 0.0649031103 0.136591777 0.0908565074 0.32640633 -0.24097535 -0.151605502 0.0585592352 0.0678896382 0.0729444847 -0.0938059539 0.356244594 -0.0991138741 0.120577306 -0.309228957 0.311244398 0.0127691794 0.050754834 0.0678356811 0.135125682 0.0438024178 0.0496553406 0.0474260673 0.056522809 0.0301963538 0.144772947 -0.0866864249 -0.00291214185 0.0654076934 0.117274083 0.134540051 0.100471586 0.258860707 -0.174057454 -0.0387666225 0.0286492519 -0.0298165698 -0.0602970012 0.00468357233 0.0928554386 0.0480339527 0.233294249 -0.340777248 0.293551177 0.226031363 -0.311995894 -0.10882175 -0.111316189 -0.058034461 0.0119989738 -0.0827798545 0.00721248984 -0.0819354355 0.174002901 0.0381326564 0.123831637 0.133965209 -0.0180050135 0.288406819 0.069443956 0.332785517 -0.22788471 0.175741971 -0.0939478502 -0.0708503723 0.0255981032 0.0711940899 0.151342407 -0.126187161 0.217359975 -0.0595749877 0.062210355 0.230062217 -0.0402649418 -0.439218104 -0.527470171 -0.047641959 0.0451292172 -0.0402807891 -0.0215278491 -0.0227242634 0.149617687 0.0580527261 0.174710065 0.236330837 0.00903655775 0.296685159 0.0960077047 0.300761372 -0.136749789 0.184457198 -0.187235191 -0.0637936816 0.0204059798 -0.0676281154 0.0582491681 -0.258660406 0.430921763 -0.0174759533 0.0106018623 -0.101751804 -0.361860603 0.167425424 0.0903255194 0.0680391565 0.0925671533 0.0804044828 0.042865403 0.0603524074
0.0101968432 -0.0363404229 0.247247308 0.00224615633 0.0235689152 0.51088202 0.00859189685 0.230249763 0.12345282 -0.00778271491 0.0921992138 0.00685649225 0.0749105364 0.030130107 0.08290831 -0.136285648 -0.0673880279 0.309507817 -0.0993866101 -0.0328483246 -0.228557914 0.0896898657 0.134267285 -0.0401600935 -0.0233327374 0.0552264974 0.0283619761 -0.0445798375 -0.0171332415 -0.0174149703 -0.0794537291 -0.0800396129 0.00254420424 0.184742868 0.137600213 0.317537755 0.165652648 -0.0184380952 0.102433696 0.0816754401 0.0659944862 -0.0415654406 0.155938134 -0.0115688806 -0.104032017 0.0695948824 -0.217023805 -0.116818465 -0.026057085 0.0189778507 0.170351878 0.0120805576 -0.0181968734 0.0300000608 -0.0246767178 0.0732116476 -0.165043399 -0.110599838 0.138818994 -0.172899365 0.0764476582 0.128143802 0.0803560913 0.204775795 0.109871924 -0.0506938137 0.178846061 0.035907913 0.113744572 -0.0279138964 0.118921228 0.0314688496 -0.0811862424 0.0550943613 0.0549163818 -0.0106326751 0.0599348471 0.0270615965 0.232450426 0.0697755292 0.0179526508 -0.0183207989 0.0385407582 -0.0941584408 -0.0774206743 -0.0246158075 -0.114843339 -0.276845306 0.0723542348 0.00989599898 0.142918617 0.305865794 0.175922319 0.0592715517 0.143563256 0.078958869 0.125915438 -0.157247633 -0.146362618 0.236075297 0.140232012 0.0658008531 -0.258649647 0.113740958 -0.213007212 0.152172044 0.23932828 0.0705356523 0.0353011116 -0.00843651593 -0.0237189159 0.0521967784
-0.0753730312 -0.054597225 0.220651165 0.337161273 0.0395864956 0.451906443 -0.0518561266 -0.219522789 -0.24529174 -0.163539574 0.601975739 0.0169343594 0.0961065143 -0.0945006683 -0.311548829 -0.776072323 0.207114413 0.231795862 0.0676579922 -0.256955504 -0.20721586 0.258513808 0.260563284 0.0401395634 0.0504760072 0.0563021228 0.066223748 -0.0432460159 -0.00401397841 0.0363255069 -0.246650636 0.21850875 0.053188093 0.190039977 0.115858719 -0.272269845 -0.269140452 -0.152050301 0.446097642 -0.115333125 0.188386321 -0.147489741 -0.193677217 -0.912562668 0.123623028 0.244767845 0.0237113629 -0.263627976 -0.355353296 0.276876062 0.104862168 -0.051322069 -0.0714395121 -0.0312322229 0.0141925439 -0.0425470062 0.030280048 -0.100573748 -0.0134736104 0.0759441331 -0.0362810716 0.0197837707 -0.0681218654 -0.217208728 -0.176759139 -0.141465515 0.232919157 0.0144537315 0.187787905 -0.168407544 -0.132876068 -0.859171093 -0.0154002206 0.274378866 0.114380971 -0.261043221 -0.403674275 0.367872059 0.044774022 -0.0300515071 -0.0905554071 0.0221903175 -0.0216196105 -0.0776561871 -0.101815 -0.0291851088 0.0275007077 -0.0152050257 0.0976428017 0.00783410855 0.100801259 -0.14057827 -0.258622766 -0.189189702 -0.0985811204 -0.126604751 0.157256901 -0.403279513 -0.10031914 -1.1109482 -0.0259242151 0.0655872673 0.134310767 -0.383848339 -0.214592725 0.286806345 0.209797561 -0.013453193 0.0869533345 -0.0776355639 0.0797574893 0.0637233481
-0.125766248 -0.0184539687 0.266445696 0.0569987372 0.138904586 0.119796045 0.0133797852 -0.241926506 0.475141048 0.0239012484 -0.233587414 0.138342991 0.0973315686 -0.0610311702 -0.0601256527 -0.289359063 -0.00134771364 0.175671011 0.0354720019 -0.109249711 -0.12939164 0.195787549 0.257839888 -0.0616701134 -0.082077913 -0.0356848314 0.0301540792 0.0899187252 -0.00101927901 0.0137761096 -0.146603778 0.00765931606 0.0523893014 0.18971014 0.0872492567 -0.159556478 0.466897488 0.1133046 -0.0876707435 0.0404367 0.00103806972 -0.110421479 -0.189318687 -0.0524355248 0.111046657 0.00484261988 0.127549902 -0.0372865275 0.0383810103 0.179993942 0.322941571 -0.0559038892 -0.0138228834 -0.0296967924 0.0477079377 -0.0223469958 -0.126713067 -0.124830991 0.174027413 0.0578713231 -0.0274836887 -0.0104525452 0.00744641339 -0.0928553864 0.469027758 -0.000155934569 -0.025640659 0.0629114062 0.114327699 -0.115713462 -0.0991180167 -0.0229761042 0.0598906539 0.0696962401 0.0596400052 -0.104723684 0.0964888856 0.178411007 0.509958446 0.0486012176 0.0175899416 -0.00326603651 0.035748221 -0.0861652046 -0.112013891 -0.123422503 0.137628406 -0.135965377 0.113013238 0.139916644 0.0403333567 -0.18953909 0.495923042 -0.168927044 0.0313367397 0.0303332508 0.0305499639 -0.00536846835 -0.128787786 0.208603784 0.0184223466 -0.0348470248 0.168705702 0.0713249594 0.182790473 0.213961467 0.492300808 -0.0339008383 0.0767328069 -0.0722090825 -0.044829227 -0.0906411111
0.0414368175 -0.139747649 0.540379047 -0.0720972046 0.0867642015 0.280435294 0.143760264 -0.0594559535 0.477656633 0.17605038 0.101843089 0.0345435664 -0.0645507202 0.0634672493 -0.0437533818 -0.082168892 0.054019805 0.396416217 -0.137708768 -0.136991501 -0.185658053 0.285338551 0.465705186 -0.0319403484 -0.0850613192 -0.0757621378 0.00847289711 0.0735421404 -0.0630133376 -0.037787877 -0.139702365 0.0167834461 0.0801233649 0.0990055799 0.072548002 -0.128608838 0.51644522 0.0230536032 0.138541102 0.00235037599 0.0215245727 -0.0158213824 -0.0354472846 -0.00512378197 0.0684292763 0.0744773597 -0.0237395503 -0.00557347108 -0.104906335 0.150274336 0.515076399 -0.010141179 0.0295214131 0.0586696789 -0.0371738821 0.0268538073 0.100937329 -0.0555544309 0.0914899036 0.203876898 0.125815287 0.184900954 0.114615873 -0.0688083842 0.490087777 0.0942376256 0.0835115314 0.0513598323 -0.0416152626 0.0129874228 0.0853165761 0.0578448027 0.0413880572 0.0404001847 0.0480618179 -0.0677238554 -0.0304460116 0.273905486 0.51963681 0.0794597641 -0.0640672073 -0.0720460266 -0.018380262 0.00702083856 0.088953048 -0.0497811586 -0.0231878236 0.050608173 0.0115247909 0.143598348 0.0275270101 -0.15365845 0.468971908 0.0773599073 0.28156516 0.102971613 0.0714359432 0.0321084671 0.16848816 0.414542317 0.115614831 -0.0877951235 -0.0029103898 0.111037433 0.0890624672 0.250953257 0.504181147 -0.0161423609 -0.0742191747 0.0119861886 0.0380725637 0.0360409692
0.0111753838 -0.0898048654 0.230746195 0.114813812 0.0207575429 0.130225241 -0.00847292785 0.323084593 -0.588237166 -0.0374369994 -0.00433834596 -0.0807517543 -0.0241795201 -0.1615908 0.427659601 -0.244234189 -0.167407513 -0.172393769 0.181417733 0.220474467 0.370759755 -0.606163323 -0.572326899 -0.00882261992 -0.0444553532 0.0200725645 0.0383276716 -0.0653667226 -0.0832451954 -0.0165856294 -0.0286133103 -0.0730668679 0.133844227 0.140954107 0.0757347345 0.217968345 -0.648961067 -0.0572390519 -0.0244075917 -0.0288120657 0.0231841113 -0.0545646027 0.376984239 -0.473776847 0.0337182321 -0.13033694 -0.0347369239 0.144067168 0.244237706 -0.361552805 -0.632339716 -0.0260902494 0.0461423323 0.0472994521 -0.0711265951 0.00761714578 -0.146178693 -0.124841787 -0.0994801447 0.015465322 0.0979202241 0.178560257 0.078282401 0.36505565 -0.576472104 -0.000181640469 0.0236673802 -0.0372500904 0.00784851983 -0.255061626 0.514927328 -0.353126407 -0.0464476757 -0.168388084 0.104767866 0.180475727 0.351109773 -0.335521132 -0.653446078 -0.0414034836 0.0147475973 -0.0754846483 -0.077646926 0.0608417466 -0.0399057642 -0.0344953611 -0.0508903265 0.17822808 0.0113499807 0.143917277 0.0862408131 0.306815863 -0.619961619 -0.0268939156 -0.384442985 -0.121450081 -0.123083666 -0.282352805 0.259795219 -0.853111625 -0.0592506789 -0.0656162277 -0.103378721 0.0872831121 0.321933985 -0.0801499188 -0.395255804 0.0676646903 0.00152751058 -0.0582356043 0.0290716067 0.082219176
0.0501411818 0.0296074785 0.144190937 -0.102836713 -0.0539997369 0.199608475 0.0403636284 0.455189764 0.378305584 -0.219401836 -0.00672444049 0.00565683842 0.0772706941 -0.240067497 0.0316545516 -0.299237609 -0.108541183 -0.181492954 0.169361919 -0.0557129048 -0.0824219361 0.102226891 0.0218019672 0.0313287154 -0.077640228 -0.0560503043 -0.0681012943 0.0218164921 0.0920673832 0.14090687 0.287907928 -0.254942536 -0.0111911008 0.19922553 -0.0047444026 0.541955888 0.34146449 -0.206011191 -0.0690403283 0.0976580828 0.0407486893 -0.0116610397 0.0710994452 -0.410339355 -0.122352459 -0.00850502402 0.301744878 0.107602037 -0.179865018 -0.0618568249 0.458408087 0.0197811276 -0.0873005465 -0.0292692408 0.070978649 -0.000944629312 -0.0179554373 0.0971986651 0.320509672 -0.109363772 0.0343192145 0.173233375 0.0493558235 0.627626896 0.388043195 -0.216932207 0.0356116779 0.123416193 -0.0317720361 -0.115536481 0.273900211 -0.366340876 0.00510586426 -0.0624827482 0.329661429 0.252734393 0.034770716 -0.0336349942 0.280288517 0.0550800189 -0.0321918763 0.000517331064 -0.0228790492 -0.0171336308 0.104149476 0.039714247 0.137891218 -0.0360876657 0.0546378642 0.280192167 0.0351085328 0.543812156 0.41544649 -0.0912381113 0.162375778 0.141867444 -0.0253363401 -0.0869598687 0.437137783 -0.324249297 -0.0118085621 -0.194231257 0.228170633 0.382252693 0.113097399 0.0107989451 0.428093642 0.00772120804 -0.00762322545 -0.0167858601 -0.0299372151 0.0116622373
-0.0934106931 0.0323903933 -0.399300516 -0.00487862248 -0.0128046777 -0.238624915 0.0120814964 0.363342553 -0.387905121 0.214283735 -0.0589416847 -0.0405694023 0.102827735 -0.0592161156 0.125693813 -0.238403618 -0.100514427 0.2889404 0.0697495043 0.203697488 0.319169849 -0.3501724 -0.415659904 -0.0425055176 0.0444838926 0.091247119 -0.0759980977 -0.0424932986 -0.0448130146 0.0235525724 0.01010055 -0.0697057173 0.0557526313 -0.24064523 -0.00856327638 0.33078602 -0.377013683 0.163054019 0.0479966626 0.0388853103 0.150921986 -0.0620730519 -0.0164410081 -0.444961518 -0.131647021 0.354022473 -0.0643140599 -0.0995258838 0.332606494 -0.30113095 -0.639067352 -0.0320752002 0.0692621395 -0.0715860948 -0.0185230076 -0.037698321 -0.0098592788 0.124839298 0.172601432 -0.105734169 0.120764419 -0.157115221 0.0283179432 0.35473606 -0.445772499 0.185504317 0.0559870154 0.116840936 0.158755019 0.0194707178 -0.0253237151 -0.736469805 -0.0610479563 0.402566344 0.0583835244 0.0885581821 0.321325332 -0.370252103 -0.76989454 -0.0217141807 -0.036335282 -0.0806802362 -0.0918646827 -0.019346036 -0.164725676 -0.0357322507 0.214584947 -0.213553414 0.0237787124 -0.0906239972 -0.0446021706 0.233366922 -0.487891108 0.311475664 -0.137636468 0.00828972086 0.124865733 -0.118677869 -0.130456284 -0.978307724 0.129392236 0.388194412 -0.195597351 -0.157227337 0.0786811858 -0.133296758 -0.574955881 0.0778514221 0.0163057819 0.00163462013 -0.0273288414 0.060391672
0.0943735763 0.199578375 -0.285710186 -0.183190733 -0.000187283076 0.0108779771 -0.0310114361 -0.155614734 -0.339291185 0.0400197618 -0.0194547623 -0.0359945148 0.0822603554 0.129427165 0.0310474392 -0.0914850011 -0.0673654899 -0.242649123 0.15587239 0.291693479 0.292720407 -0.455835938 -0.3292723 -0.037413314 -0.0131293014 0.0357409045 -0.0788555369 -0.0382333733 0.0319879092 0.0866550431 0.170546934 -0.0557713844 0.0982585773 0.00363808917 0.0405541174 -0.0203735363 -0.503934741 -0.0956708938 0.0405245908 0.00351514388 0.0160056408 -0.0450732298 -0.0669662356 0.102467932 -0.215962738 -0.356416821 0.167686358 0.138849676 0.32778275 -0.305354387 -0.433316439 -0.065207988 -0.0733801425 -0.00122314692 -0.0806301832 0.0211644545 -0.041932445 0.180520251 0.126017019 0.125378624 0.000991393463 -0.0143626509 0.139157727 -0.133105546 -0.395938843 0.0429738201 0.0791315436 -0.0467340127 0.0684133545 -0.0661310181 -0.129709497 0.0149516212 -0.325098157 -0.413894534 0.214224279 0.0915609375 0.286592931 -0.32299161 -0.485728085 0.0448434427 0.0787265226 -0.0141552463 -0.0325586051 -0.0760708302 0.000291965669 0.174023226 0.361194849 0.0828565359 0.024313001 -0.033655867 0.0972590744 -0.0106096538 -0.406178385 0.0318487883 0.0464779697 -0.0143046686 0.0293429624 0.00840401091 -0.0581200644 -0.134778619 -0.277966321 -0.154306546 -0.12695837 -0.167446971 0.110857591 -0.11110574 -0.311374068 0.0261388794 -0.0257099271 -0.00531382859 -0.0721576363 -0.0396670811
-0.0535009019 -0.072290659 0.0602322482 0.108411931 0.0836174339 0.190072641 0.112822451 -0.272426456 0.415333569 0.0607767552 0.0788091049 0.104276597 0.165403992 -0.00145360571 -0.0252836738 -0.225315079 0.00308489497 0.375521868 -0.267554849 -0.134489909 -0.272032291 0.221303284 0.222822398 0.0734334365 -0.0789405555 0.0721703395 0.020523712 -0.0679921806 0.0448554792 -0.0407443158 -0.132950887 0.00491096592 0.00682980148 0.186429366 0.0786352083 -0.244734988 0.376753688 -0.0192957819 0.0168601293 0.0869092792 0.102866158 0.0700291693 -0.0636278242 -0.0995693281 0.0033622717 0.317664236 -0.0554259196 0.00661415001 0.0378744826 0.0611073077 0.435617328 0.0873086974 -0.0159467459 -0.0924880877 -0.0860617757 0.0143720508 -0.0679835826 -0.13054949 0.0586760938 -0.124220073 0.0177121107 0.112629287 0.158645272 -0.219642073 0.428111494 -0.035492681 0.0892764181 -0.0403197818 -0.00538476929 0.0488093495 -0.237586558 0.0686101019 -0.025399467 0.195223466 -0.0541893728 -0.0866631493 -0.0709240809 0.211140424 0.579042554 0.0821407959 0.0829668269 0.017876111 -0.0183034986 0.0723361894 -0.0370657519 -0.0618436821 -0.0457996614 -0.22838676 0.0613581091 -0.0329387337 0.0780381039 -0.343349785 0.336488873 -0.11578171 0.247612104 -0.045987647 0.0712170526 0.00650465628 -0.275772095 0.472442567 -0.108840585 0.123009317 0.0080556199 0.109065376 -0.0944477469 -0.0625784025 0.309287369 0.0609649196 0.0187402666 -0.0690195709 0.079702206 0.0774151757
0.0391155817 0.0529203117 -0.00321454857 0.0763371736 0.0957499519 0.117794767 0.0113074547 -0.237089798 -0.336583525 -0.114504531 0.190658644 -0.0188971218 0.0258043595 0.157259777 -0.133364439 -0.0083042467 0.0829782858 -0.297387362 0.145091206 -0.0554946214 0.25050807 -0.0923532471 -0.259923607 -0.0322733484 -0.0485192277 0.0566599891 0.0811745748 0.057139568 0.0739056319 0.045414608 -0.308506101 -0.0311501399 0.0377696231 0.144365668 0.0502139553 -0.196875781 -0.254376411 -0.0865469575 -0.0426673181 -0.0479886942 0.0807323828 0.00685466127 -0.258759797 0.0681004375 0.000531899044 -0.246045217 0.148038164 0.10035307 0.094969511 -0.0810054541 -0.288421601 -0.0799325854 0.0110435858 -0.0662221834 0.0563675985 -0.0856603161 -0.0626429245 -0.0282626301 0.0125620486 -0.0630258396 0.0123152509 -0.0305358991 -0.00378245162 -0.189803034 -0.405883819 -0.0934603214 -0.0711608455 0.0225777533 0.0981450751 -0.0826388672 -0.226726696 0.00925103109 0.0482995622 -0.117166214 0.0626903698 0.0262568984 -0.0666215122 -0.0806499347 -0.206809476 -0.0934576914 0.050699614 0.0558274612 -0.0838963315 0.000181727111 -0.0798120275 -0.0602694452 -0.0632367954 0.124816909 0.0998934656 0.0344827734 0.035991773 -0.283002406 -0.347662657 -0.027576318 -0.282854497 0.000662331237 0.0251441654 0.0193911102 -0.175470382 -0.324283123 -0.0434752554 0.120902315 0.0594781712 0.0900338143 0.110335037 -0.0628939718 -0.25212428 -0.0929849073 -0.0185584053 -0.0281934589 0.0211861059 -0.027106002
-0.0862016976 0.079067491 -0.0409532413 -0.0897303075 -0.039291095 0.0197976455 -0.0321176462 -0.0943816379 0.0314401165 0.0364258215 0.0879617855 -0.0933930352 -0.0179032236 -0.0360081606 -0.0327386968 0.00204189867 0.0880986378 -0.00987915695 0.0808956549 0.0130832419 -0.0492180809 -0.00909183174 0.0486306027 0.0558711663 -0.0313509479 -0.0115586221 -0.0790085495 -0.0601728037 -0.0249693468 0.0563086644 0.00583315641 0.0499273166 -0.0788543522 0.0193345845 -0.0763622224 -0.0276343077 0.0771336183 0.00394293666 -0.0707475394 -0.0930544361 -0.0285624787 -0.0370532311 -0.0877219737 0.0517076179 0.00189350545 -0.0145053267 0.0729835853 -0.0895108879 0.0301640332 0.0699774399 0.0203927532 0.0506697074 -0.0335362814 -0.088973619 0.0882810131 -0.0937941223 -0.0385472961 0.0856316462 -0.0452282391 -0.0186874941 -0.0484608784 0.019274354 -0.0340264924 0.0352757499 0.0921384618 -0.0709800199 0.0618595406 -0.0237737969 -0.0941735208 0.0410796776 -0.0632040501 0.0555976257 -0.0164563805 -0.0570466891 -0.0822789595 0.0203287378 -0.0910616145 0.0519333109 0.0361216739 -0.0801791027 0.0493996814 -0.0744801536 0.00959073752 -0.0272589922 0.0631853417 -0.0798960105 -0.0297379792 -0.033517383 -0.00814279914 0.0095737204 -0.0591083579 0.012867108 0.00428320467 -0.0479573235 0.0224280655 0.0694111213 0.0486407205 0.0304621682 -0.0416174717 -0.0684046969 0.0564741567 0.0145764425 0.00733611733 0.0481375083 -0.0435246155 -0.0938184038 -0.0648710281 -0.088490963 0.0588111356 0.0575306937 -0.0432880893 -0.0211570561
-0.0210003089 -0.0638797209 -0.122967966 0.0278865825 -0.0185489487 0.246931359 0.0304612629 -0.149447024 -0.311211199 -0.0911705494 0.0195679888 0.110404402 0.0249289926 -0.202169076 -0.238911882 -0.455170065 -0.0431282371 0.177790388 0.26148659 -0.289140522 -0.153980672 0.351026922 0.0445567742 -0.0938063189 0.0143115744 -0.0276826322 -0.0879038498 0.0734459236 0.00956358109 -0.0777606368 -0.0235579107 -0.139643997 0.00532660121 0.297803909 0.0712761953 -0.0938050374 -0.385499328 -0.156742811 -0.0857275948 0.0250610802 0.0353547335 -0.22462064 -0.303796917 -0.58404696 -0.15759334 0.105495505 0.0191133842 -0.268638968 -0.195985317 0.246794775 0.0219053905 0.0616327748 0.0942727104 0.00652042031 -0.0502421893 -0.00986479968 0.0122496588 -0.0544766523 0.140500009 -0.144001305 -0.0502460785 0.190707073 0.021662347 -0.0788976774 -0.410884023 0.00920152571 -0.193002209 0.0869158953 0.0823863894 -0.158273861 -0.272087216 -0.735802412 -0.203627527 0.201082692 -0.0532538518 -0.191478401 -0.329557866 0.219090849 -0.0811578184 0.0262811258 0.0882220641 -0.0791768804 0.0362415537 -0.0609426796 0.0152837327 -0.0354773104 0.0904497951 -0.179209501 0.0857632235 0.243969962 -0.0522159487 -0.159191132 -0.299750715 -0.195341125 -0.345793426 0.00685168104 0.0643502921 -0.331635147 -0.145493805 -1.13339245 -0.204304963 0.19566007 -0.0900867581 -0.387664616 -0.227911726 0.246149287 -0.16005592 0.0713322833 -0.0734544918 0.0678833947 0.0435968116 0.0363016203
0.0399267375 -0.072079286 0.0265776385 -0.00592147559 -0.0118831797 -0.0572192483 0.0551724732 -0.0118209589 0.00914666709 -0.0663563311 0.067906104 -0.0916846246 0.0464914627 0.0351204723 0.0174896456 -0.0811660588 -0.0442102663 -0.0153400395 -0.0699890256 -0.03057722 -0.0213753283 -0.0295062289 0.0657415614 0.0863948837 -0.0423146226 0.0487937853 0.00593312085 0.0691708401 -0.0716734529 -0.0404071435 -0.0309246853 0.0839608982 0.0616706721 -0.0391658992 -0.0713746473 -0.0449063331 0.0202696435 0.0362491719 -0.0525533855 0.0221275259 -0.0229195487 0.0652924031 -0.0341455862 -0.0440729 0.0145637896 -9.37901423e-05 0.0533587262 0.0922460929 -0.0380540118 0.0878683105 0.0443857834 0.0804447159 0.0291150436 -0.0141275302 0.0129672587 0.00248330086 -0.0589819439 -0.0243726261 0.0577667542 0.00890382193 0.0119916825 -0.00459259422 0.00725883618 -0.0654580444 -0.0092855487 -0.00515425624 -0.036933586 -0.0642314628 -0.0218924992 -0.00632819533 -0.0317137726 -0.0132674221 -0.0263809059 -0.0188418683 -0.0754353479 0.0770178512 -0.0504678898 0.0492166057 -0.0831722021 -0.00432107598 -0.00872237235 -0.0803626105 0.00490684807 -0.0705294758 0.0443623886 0.0669415072 -0.0317537673 0.00526194368 -0.0604104176 0.0204043891 -0.102337688 0.0921125785 0.00277072797 0.0350794904 0.0759577826 -0.0828073546 -0.0612622276 0.0134637523 -0.0990709066 0.0311972089 -0.00287346984 -0.0910401121 -0.0235153213 -0.0691515058 0.00912819803 0.0696303621 0.0899434313 -0.0883531868 0.0336939916 -0.0727293417 0.0335854664 0.0520121083
-0.266392738 -0.151119113 -0.0844601095 -0.243768796 0.0829075575 -0.0506355837 0.0372366607 -0.617655396 0.582653642 -0.0739746094 -0.117021434 0.0130084222 -0.0640462413 -0.123448387 -0.567335367 -0.180676624 0.425178409 0.0813250095 -0.463685304 0.423081011 -0.046381928 -0.361663789 -0.366506875 -0.0903122574 -0.0937217474 0.0333412513 0.0889944807 -0.0144467428 -0.221235424 -0.0254909694 0.11637821 -0.263714582 0.000103694212 0.133407518 0.0854422227 -0.668823898 0.479318529 -0.144838601 -0.10129454 -0.0352501236 0.102155708 -0.353393912 -0.223045722 -0.176317573 0.0240840409 0.0610085987 -0.227849916 0.0648981109 -0.0161719024 -0.132939562 -0.0168289468 -0.0688810349 -0.060099002 0.0820822045 0.0703125373 -0.0494075567 -0.186384141 -0.0834830031 0.0351402238 -0.0787503719 -0.0392955095 0.0933586061 0.0478879288 -0.605400026 0.5149948 -0.115921669 -0.0895112231 0.0640920848 0.0729604661 -0.2667059 -0.474013239 -0.210930213 -0.0202507358 0.00811209437 -0.401422381 0.172809079 0.105291322 -0.174701527 -0.0290692784 0.0172814429 0.0564510748 0.0222533345 0.092392154 0.0391050354 -0.165885881 0.0158945657 0.020638274 0.0506792702 0.0565828085 0.0755423307 -0.0129494024 -0.637326717 0.534259975 -0.291109324 0.0906574801 0.0978087336 0.0339473374 -0.393340796 -0.494710535 -0.0117315538 -0.319232762 0.0202107467 -0.180583879 0.207306936 0.6955899 -0.195174709 -0.275248826 0.0613429919 -0.0126954764 0.0364992544 0.0202003494 0.000815935433
0.0687472001 0.09121833 0.0760483667 -0.0239784122 -0.0306758955 0.0777815208 -0.0429296494 0.0101348311 -0.0536278188 -0.0245754048 -0.0352900885 0.0589880869 -0.0413454622 -0.0410375558 0.0400534049 -0.00522358716 0.00911200792 -0.0706610084 -0.0415804572 0.0474794433 0.0434079245 -0.0866288841 -0.0656112358 0.0274563506 -0.0742014199 -0.0499993451 -0.0534477383 -0.0721168965 -0.0461552031 0.0662970021 -0.0869253129 0.0626115575 -0.0818976834 -0.0254855901 -0.0315792412 0.0599432215 -0.0765493363 -0.0470046289 -0.0930529237 -0.0277829394 0.0375972763 0.0894019231 0.0818603709 -0.025132902 -0.0503221899 0.0209659114 0.0626818463 0.0846482292 0.0646640733 -0.00169731677 -0.0780629069 -0.0571799576 0.0575977191 -0.0804385617 -0.0692074299 -0.0601510741 -0.0253797621 0.0440552756 0.0654917285 0.0728289708 0.0438631549 0.0214537084 -0.0248676911 -0.0578959547 -0.0481214523 -0.00285053253 0.0818073079 -0.0336312726 -0.0141635016 -0.00255958736 -0.0425232165 -0.0449322239 0.0268426985 -0.067454949 -0.00571208447 -0.0227992088 0.0209544227 -0.0120752454 -0.0495133512 -0.0285272002 -0.023421295 0.0402205512 0.0215699896 -0.0293206573 0.0740570053 0.00838858634 0.0515867695 -0.0359309986 -0.080123201 -0.0911273584 -0.0315025747 0.0582498685 0.059417747 0.0287959203 0.0267245173 -0.063481614 -0.0278694555 0.0114618465 -0.0824610889 -0.0859596431 -0.0716852099 0.0293000787 -0.0119871199 -0.0166823417 0.0587878004 -0.0632017553 -0.0584410541 -0.0216142014 0.0582176521 0.0151716098 -0.0814907104 0.0668671802
-0.0276784115 0.141533539 0.527608812 0.131873712 0.10483934 0.752984643 -0.0524692424 0.396680415 0.168335423 -0.0491516888 0.0519214533 0.11169365 0.154987901 -0.0612806082 0.162788689 -0.460072815 0.125943825 0.182902604 -0.122884005 -0.168909654 -0.403208494 0.425934196 0.394595265 0.0273892432 0.049204044 -0.0249656439 0.0111236274 -0.069649674 0.010599657 0.0835362151 0.0929264948 -0.169643998 0.0539285392 0.404105425 0.114637442 0.379507691 0.165150389 0.00517927483 0.0176279601 0.0371358693 0.25143224 -0.129237339 0.321461707 -0.539367318 0.0719986707 -0.0271758847 0.161895767 0.10549631 -0.357976049 -0.0188480914 0.423750281 0.0771701857 -0.0253437012 -0.0638424829 -0.0269767791 -0.0779124051 0.014093725 0.154096603 -0.132966846 -0.0407635793 0.0963893235 0.28492108 -0.0153287277 0.383362502 0.118132837 0.0169502422 0.0842925832 0.0307951123 0.0892072991 -0.104612619 0.232442662 -0.508381784 0.220192432 0.00774595188 0.392371178 0.305147648 -0.18180117 -0.111139372 0.223472089 0.0762511566 0.04734651 0.064293541 0.0280281231 -0.00922971219 -0.0204677805 0.0422843434 -0.0533061735 -0.136297569 0.109660305 0.17499809 0.104973488 0.405586064 0.120476194 0.29290688 0.0145662539 0.0926957056 0.065192081 -0.214985445 0.172510371 -0.323626339 0.408737928 -0.101106837 0.145028919 0.386302441 -0.00658315886 0.0549355075 0.383322597 0.0315188393 0.00990471989 -0.0248163715 0.0483940318 -0.0681869239
-0.188308001 -0.0211326927 -0.0259397905 -0.0419804007 0.0469490029 -0.0269070696 0.174631223 0.599079072 -0.28131783 -0.0318845063 -0.120506048 -0.0497002825 0.078374505 -0.0134736383 0.312630862 -0.15714471 0.146040961 0.0622113645 0.0163787827 0.0801971406 0.292757362 -0.645279825 -0.622183442 0.0503263846 -0.0654221028 0.0942887589 0.0847591534 0.00423007458 -0.119096771 -0.0952077582 0.0847057477 0.0105173504 0.0588962622 0.0182605665 0.113210969 0.570214748 -0.23674491 0.175394982 -0.0616862066 -0.0715376735 0.0227582026 0.0229122303 0.348129094 -0.203644335 0.024810845 0.195740864 -0.184734672 -0.098297514 0.294008881 -0.324339926 -0.800007343 0.0628357306 -0.0878571197 0.0457892939 0.0546710119 0.0691261217 -0.138092309 -0.078742221 0.155554399 0.044646129 -0.0066528474 0.00499103451 0.0301801451 0.570860565 -0.332800597 0.116222292 -0.146807954 0.0884583667 0.15759176 -0.0879907906 0.458165944 -0.47784999 0.0437733866 0.0811753124 0.119234607 0.00747572351 0.376862854 -0.412487447 -0.669505 -0.000568516552 -0.0754141957 0.07319244 -0.0514391363 -0.0626131147 -0.0613141544 -0.149316594 0.0796191767 0.161034554 0.06240125 -0.116634056 0.00905653182 0.481990874 -0.293630391 0.279237896 -0.0635871068 -0.0538275726 0.0650665462 -0.334951073 0.316006392 -0.588982165 -0.0352835916 0.147227734 -0.223068982 -0.236369804 0.226910561 -0.0631919429 -0.393879563 -0.0821536407 -0.0276188254 -0.0249168724 0.031094633 -0.0239326879
-0.100539498 -0.0010525625 0.215315565 0.360472441 0.0501951165 0.32350716 -0.07590615 -0.283050895 -0.370623827 0.0882999748 0.229345039 -0.00160930306 -0.0249960776 -0.0758013129 0.14033635 -0.588347256 -0.134253055 -0.000849410542 0.203192666 -0.457137138 -0.191588461 0.294405103 0.272447228 0.0662878677 -0.0680408478 0.0661526248 0.00654225796 -0.0138265043 0.0155433733 -0.162946776 0.0039282674 -0.028044926 0.0676664859 0.0332855098 -0.00899878982 -0.29856953 -0.411748558 0.130704328 0.123827025 0.0409940332 -0.0088471109 -0.102669992 0.16172719 -0.548538685 0.0736106411 0.0775950328 0.241389796 -0.345096588 -0.264769197 0.325250834 0.0843062103 -0.0590431616 0.0929766521 -0.0791311413 -0.0686292276 -0.0799504817 -0.0340296626 -0.0566451214 -0.110114343 -0.211376488 0.0217007212 0.0935188383 -0.105969556 -0.384276778 -0.437040716 -0.0213489756 -0.0538276434 0.0253942255 0.0379594825 -0.216261446 0.0935503989 -0.572704077 0.199026823 -0.154424444 0.0788124427 -0.318313539 -0.506204188 0.33326444 0.0542650074 0.051820077 0.0649390444 0.0617140606 0.0773666725 0.0810809806 -0.0157706942 -0.0631452352 -0.0664878115 -0.539200664 0.0470716059 0.0445615947 0.00133404555 -0.311777055 -0.324950784 -0.104522116 -0.0897052065 0.049177587 0.0986986905 -0.581605792 0.147962108 -0.746305406 0.311240733 -0.366927654 0.276365012 -0.382345557 -0.238088623 0.385103911 0.247904867 -0.0478493646 -0.0202242956 -0.0928673893 -0.00252954662 -0.0861473829
0.0695089996 0.021020595 0.175942436 -0.369096577 0.0525964014 -0.522104144 0.00504879095 -0.25518468 -0.458483219 -0.135666788 0.0903036073 0.0560304113 0.0170517489 0.0973306373 0.0603303798 0.073851794 -0.0166797079 -0.0878646001 0.190979093 -0.0222698674 0.0280336719 0.16874665 0.00817051996 -0.0859131813 0.0714243576 0.0439369604 0.0714273378 0.0609596893 0.0200646129 0.0714688078 0.124502666 -0.0882122219 0.0399788246 -0.0595119558 0.127845213 -0.27044186 -0.342687875 -0.147460744 0.0566002615 0.101316802 -0.034213338 -0.0601687394 0.0190973897 0.132643923 0.187286407 -0.101963192 0.203182399 0.18816188 -0.10163258 0.0200388003 0.0285404455 -0.072678633 -0.0105451569 0.0369244888 -0.0581695288 0.0801964775 -0.0191344731 0.0810700506 0.105244376 -0.0952872187 0.127353445 0.15242584 0.0250942502 -0.212036207 -0.521633267 -0.0972999409 -0.0652953312 0.0759046823 0.0663201734 0.103689156 -0.0675276741 0.158626154 0.130369172 -0.0317960717 0.00970741455 0.175924957 -0.0904706344 -0.0013588029 -0.0802499205 -0.0868521929 -0.0790780038 0.0661042109 0.0591275916 -0.0837158784 -0.0595016517 0.107127927 0.190438196 0.0942034721 0.0474076644 0.205475032 0.089688912 -0.163906589 -0.464944065 -0.232774973 -0.169597447 -0.039016556 -0.00970041845 0.216779143 0.0491142459 0.0626880154 -0.0204573888 0.0997297615 0.27095294 -0.193302363 0.0339734815 0.12528418 0.200452 -0.040346045 -0.0267992914 0.00452230126 -0.026797846 -0.00372416526
-0.0649420843 -0.101741858 -0.244129434 0.0241361093 0.00915425643 -0.138816625 0.111924492 -0.27836287 0.495971501 0.0331265666 -0.0105186263 0.0127022211 0.103065364 -0.0301544871 0.00579452654 -0.213002279 -0.0251639038 0.259680718 0.0384214409 0.0590376258 -0.100806594 0.0859687775 0.127220482 -0.0145569295 -0.0605094135 0.0254780203 0.0458080694 -0.0292096511 0.00840286724 0.0231959466 -0.0510114245 0.0178416613 0.107824698 -0.135101378 0.160826012 -0.134727806 0.376749188 -0.0594544224 0.0229233485 0.126260936 -0.0108530428 0.044574976 -0.0768485591 -0.125545651 0.109133653 0.301088005 -0.0866558477 0.0938486159 -0.000495231885 0.13727425 0.374593079 -0.0301911235 0.00880495459 -0.0170282125 -0.000227414072 -0.0648865625 0.00568300439 -0.112560883 -0.0546808355 0.024847297 0.0473674089 -0.0278225988 0.106713675 -0.301766396 0.460361272 -0.0568266474 -0.0229062848 0.0551778488 0.00713901408 -0.0254317503 -0.0176548008 0.0749196559 -0.000702431542 0.131049037 0.0446225367 -0.0739583746 -0.015315081 0.192973554 0.336820632 0.0612935796 0.0190344825 0.027604498 -0.0830528662 0.024959147 -0.0496464036 -0.069654122 -0.00737764034 -0.0256224126 0.0336315632 -0.0953438655 0.0649333969 -0.170055047 0.489326864 -0.0960843265 0.147900268 0.0453521349 0.0753416345 0.0678304285 -0.118970729 0.316618294 -0.0330210067 0.14985095 0.0956780389 0.0854904428 0.0641039759 -0.0494082421 0.281572998 -0.0772784129 -0.0228081197 -0.066694729 -0.00407349318 -0.0433014259
-0.0336121134 -0.0808046758 -0.166399688 0.0678852424 0.0819048658 0.171051845 -0.0198313911 0.321216434 0.487046242 -0.0560017899 -0.277133316 -0.00975960121 0.0436173193 -0.119618863 -0.123629592 0.0104853706 0.104284003 -0.0555296503 0.0497264862 -0.012994905 -0.222042292 0.0117784962 0.0448889174 -0.0609831288 -0.0441879556 0.0789193884 0.0555818006 0.088782154 0.0335766152 0.0265933909 -0.016009111 0.0163614973 -0.0348661877 0.215064108 0.10821858 0.472516328 0.488358855 -0.0670661777 -0.256295681 -0.0347906984 -0.0228151046 0.0496941358 -0.118850254 0.0713771954 0.0794332922 -0.0321492851 -0.105818123 0.0447683744 -0.0783797204 0.036560569 0.310957193 0.0396455303 0.0759385303 -0.0908030421 -0.041521173 -0.0691867694 -0.123720594 -0.0470638722 -0.0424479246 0.0197779741 0.0188807528 0.17480965 0.0136874747 0.30806309 0.523097575 0.0342777744 -0.26062575 0.0207337365 0.110190995 0.047131706 0.0721818432 0.154056013 0.216472387 -0.023739947 0.0283666067 0.130787194 -0.177751586 0.0260166377 0.136719018 0.0916672125 0.0645351782 0.0847891644 0.0802194551 0.0857267156 -0.136586174 -0.0670484006 -0.196914762 0.0442568325 -0.0387987383 0.255914748 0.06103554 0.477546304 0.383834362 0.108446009 -0.0984215811 -0.0791468993 -0.0690590665 0.164359704 -0.0378375277 0.228168055 0.270709097 0.0929936171 0.0754683837 0.251934171 0.0099841943 0.0670000315 0.197711661 -0.0203604698 -0.0722097605 -0.0236626565 0.0203718469 -0.0889683142
-0.0531557985 -0.047180362 0.157614946 -0.220219672 0.104622565 -0.0569904931 0.0198952388 0.365450978 -0.270766854 0.03207542 -0.142979518 0.140573487 -0.0546847023 -0.0650950745 -0.0438071936 0.0873268768 0.15216513 -0.0446712375 0.180243641 0.0121070836 0.0364206135 -0.138515592 -0.154833555 0.0583121404 0.0453242287 -0.0446197577 0.0676763132 0.0458753929 0.0634009391 -0.0727602467 -0.0400364771 -0.0998911485 -0.0257931035 0.0170088336 0.0762875229 0.229232848 -0.227719903 0.0904093981 -0.0364370868 0.17483972 -0.0300829522 -0.172032461 -0.106153317 0.0595611334 -0.0100701386 0.0198672172 -0.124930523 -0.0972216353 -0.264041424 0.0423640646 -0.119488314 -0.0667695031 0.00106821209 -0.0579687245 0.0677000657 0.0629238263 -0.0360005349 -0.0824830979 0.175988957 -0.146114603 0.1407125 0.0957695618 0.0571876206 0.368346721 -0.222324446 0.0499189273 -0.0224025995 0.0836124346 -0.0963339061 -0.0854859352 -0.0661553591 -0.120756164 0.0486512892 0.0531376377 -0.0213797092 -0.00384633802 -0.267618567 -0.0829754025 -0.258259475 -0.0284285769 -0.0157069638 0.0554445013 0.0610529557 0.0345292166 0.0363876037 -0.00695162266 0.0969699994 -0.0804237425 0.109161571 0.101680778 0.109790519 0.321184665 -0.236817226 0.156257913 -0.127600104 0.204033807 -0.0318849571 -0.139214441 0.000346816872 -0.301769823 0.22675477 0.143982485 -0.242560342 -0.341121495 -0.249141634 0.227896973 0.025803227 -0.08474534 -0.00165297836 2.28211284e-05 -0.0201831684 0.0554327592
0.156791404 -0.0163471065 -0.0264825355 0.345224619 0.0155124273 0.662934244 0.113822959 -0.0685070232 -0.23726058 -0.285200089 0.44424215 -0.0756265372 0.0969936475 -0.0141757047 -0.545130789 -0.248159587 0.197903723 0.0507725477 0.064850159 -0.328949779 -0.197137907 0.260876626 0.0864087492 -0.0634114221 -0.0204796791 0.0366482213 0.0237913281 0.0202174932 0.0146860033 -0.0595565252 -0.029239567 0.411349356 0.0407486036 0.360422134 0.0560705215 -0.112851307 -0.219135091 -0.0769750252 0.373146176 -0.0277502071 0.0750704855 -0.0924508199 -0.210347265 -0.539348423 -0.1781995 0.122813784 0.0393292494 -0.140079364 -0.140436336 0.0896331221 0.0145557299 0.0552725717 -0.0531823188 0.00382006913 0.0875016227 -0.0320213586 -0.0157697629 0.028144883 -0.0106918337 0.381242156 0.0386340655 0.299497277 0.000795970846 -0.00946680084 -0.144241765 -0.138443157 0.277812093 0.0177899823 -0.0680736154 -0.17898266 -0.0629050881 -0.426500678 -0.201242879 0.0179922692 0.0863585919 -0.228109151 -0.249226078 0.253953367 -0.0708583519 0.0682337955 -0.0140649453 0.000817939639 -0.0397789143 -0.0650446936 0.0179322269 -0.0210816115 -0.0286859628 0.450495839 0.00889367703 0.146759778 -0.0288416054 -0.0510982983 -0.156046733 -0.10213992 0.0860591903 0.0324412435 0.0426246449 -0.442514062 -0.173488811 -0.64225322 -0.406852335 -0.0266548395 -0.00888621621 -0.540852666 -0.418104976 0.494065613 -0.0142859444 -0.0816133022 -0.0283373147 0.0393595472 -0.0790961757 0.0135461614
0.0843272805 -0.00794607121 0.301030785 0.00790311955 0.0980084836 0.207053363 0.14967005 0.330811381 0.418560654 -0.0483127199 -0.0104894433 0.068333745 0.0419210382 -0.182317093 0.19445686 -0.254485935 -0.0244098585 0.105188832 -0.119968191 -0.114812002 -0.255686402 0.216846257 0.194727182 -0.0649909973 0.082381703 0.0642625466 -0.0206559002 0.0477461293 0.0102290157 -0.0750784054 0.0407379344 0.0550591014 0.0379409157 0.216565311 0.0493748374 0.339109063 0.474479258 -0.0783476457 -0.00527537055 0.0607033968 0.102989741 -0.0189506803 0.205171153 -0.0430769585 -0.10130614 -0.0797842667 -0.0299009457 0.0421348028 -0.0438273363 0.0288712084 0.386333019 0.0774828866 0.0336113796 0.000726990402 0.00872385502 -0.0440226644 0.0229624659 0.00176610448 0.0194407161 0.174877211 0.125450194 0.172784731 0.0666072667 0.336868823 0.398016483 0.0066650114 -0.116695143 0.0618461892 0.0614202358 -0.0925418362 0.230436504 0.0732703954 0.0363755077 -0.172682464 0.216206193 0.0335275531 0.0331915729 0.0191763546 0.266384125 -0.0671411306 0.0829683766 0.074399583 -0.0626632273 -0.0134315863 -0.0426629707 -0.127880931 -0.0978893638 0.127824754 0.0659958571 0.288493335 -0.0126944035 0.260068327 0.411556751 0.0333494097 0.148916915 0.0398253761 0.0984469727 0.056901779 0.197296172 0.438701034 0.063099727 -0.0873807818 0.137636304 0.206807971 -0.0492214859 0.0684603304 0.508632958 -0.0120061338 -0.0179551169 0.0613416806 0.0146683753 0.0626075491
0.103851736 0.0534720495 0.224858969 0.0924087539 0.0975883454 -0.0293324757 0.0991102606 -0.232283607 -0.215045959 -0.0350043811 0.0947835445 0.136518955 -0.00612826692 0.00802368112 -0.223514423 -0.114878133 0.247510061 -0.200041145 0.158872351 -0.211895108 -0.206747875 0.326311678 0.105792172 -0.0351777487 0.0218983293 -0.0374675505 -0.070846498 -0.0155896768 0.0850291923 0.172289431 -0.0123571474 -0.103808597 0.0759521201 0.0738812387 0.0762079954 -0.218513668 -0.382839501 -0.0790280551 0.188649014 0.159556314 -0.151285931 -0.0705889985 -0.103989191 -0.212020889 0.234278545 -0.150006533 0.0150786433 -0.291933268 -0.229449809 0.262521327 0.0679958612 -0.0821637511 0.00388089567 -0.0618654676 0.0323602036 0.0863667205 0.228341341 0.218951628 0.00902157463 -0.0825339034 0.0068608583 0.0116744405 -0.0494985431 -0.122018039 -0.2848441 -0.0836074725 0.172546133 0.198286742 -0.160520911 -0.218572006 -0.341122538 -0.192191422 0.138323769 -0.368593842 0.0526446402 -0.250416726 -0.365637869 0.260400444 0.142251879 0.0587242171 -0.00170902163 -0.00920666009 -0.00436459482 -0.0931206197 0.0902062878 0.232055351 0.110880531 -0.430480361 0.0507606268 0.116825037 -0.0597288311 -0.151996508 -0.396658838 -0.206284866 -0.0392035842 0.199613377 -0.00952197984 -0.301710188 -0.224215686 -0.535788536 -0.107658327 -0.226646811 0.0728530139 -0.358207792 -0.152358457 0.156087607 0.138029844 -0.0848633647 -0.0160752311 -0.0791441947 -0.0370260961 0.00102719665
-0.0277426261 -0.0636020303 -0.246526107 -0.0323720053 0.0587833785 0.035609331 0.0423535109 -0.331286132 -0.43307507 -0.0862320662 -0.0542478897 -0.0128357839 0.0987684503 -0.126994148 -0.128091335 -0.653174162 0.0767378584 0.136539191 0.0223089196 -0.235695198 -0.185543537 0.235180259 0.0658231303 0.000449001789 0.0327943191 0.0091971755 0.0596544072 -0.0278884694 0.029667113 0.0074314652 -0.0568502657 0.0942987874 -0.0113943238 0.0773329139 0.0335325599 -0.213391513 -0.471806288 -0.0435018726 -0.108053938 0.099359788 0.0673180073 -0.205940217 -0.120713174 -0.678357244 0.0980978981 0.144574583 -0.0627373233 -0.106127612 -0.154313594 0.153779715 -0.131778285 -0.0155627131 -0.00415596366 0.0571449623 -0.0828846097 0.0738106593 -0.0132015692 0.0373491906 -0.174636096 0.0192493554 0.0602897704 0.0447102189 -0.00777760567 -0.326331437 -0.465756416 0.0195407905 -0.237934411 0.0361282341 0.102941237 -0.248705298 -0.16413267 -0.808367848 0.0460123532 0.133641928 -0.00701142894 -0.31644699 -0.253919363 0.231956735 -0.105110504 -0.0418950208 -0.0703782663 0.0257117599 0.0904233828 0.0335371718 0.005022028 0.00141179527 -0.148831204 0.009782576 0.0880193338 0.17425184 0.0495559871 -0.259985834 -0.364625007 -0.179218128 -0.442860633 0.0113671441 0.0324362442 -0.585205436 -0.0590773709 -1.13726473 0.00799839012 -0.0758515522 -0.00495866593 -0.3823753 -0.227344587 0.0875723734 -0.0359371416 0.0444993451 -0.0662284568 -0.023302123 0.0724209026 0.0289623439
0.146783784 0.021508947 0.0681075454 0.139373094 0.055900868 0.216575816 0.0462539867 0.439112127 0.395074964 -0.113321081 -0.0318342783 0.118177451 0.00942955818 -0.255093068 0.174261883 -0.211016655 -0.0988122225 -0.0122444415 0.127737284 0.133192122 -0.0511437356 -0.137536824 -0.0505217984 0.0511676893 -0.0478422679 0.00545994937 -0.00601521879 -0.0550776497 0.0847218111 0.0895534679 0.0655725524 -0.113002785 0.136736482 0.103925236 0.104584046 0.375266314 0.38113305 -0.0166617874 0.0019187344 0.0719409138 0.0241636205 -0.198824912 0.220521405 -0.254728794 -0.159192264 -0.0622482374 0.0893644392 0.0629843399 -0.0854811519 -0.0188682228 0.202974409 0.0399235412 -0.0175892115 0.0436368808 -0.0750926882 0.0117204636 0.133507431 0.0324407294 0.120523222 0.0480962954 -0.0314030237 0.0264031235 0.142934203 0.373610705 0.426879674 -0.108461432 0.108108975 0.121217959 0.0976772159 -0.250536412 0.224834427 -0.319052041 -0.190765664 -0.0238884427 0.0387169942 0.119933061 -0.0424042828 -0.0689697489 0.144180089 0.0389590189 0.0575978532 -0.0168706104 0.0765775219 -0.0706689805 0.0406308174 -0.0378649421 0.163250595 0.0147460001 0.0596856698 0.0332986526 -0.017005384 0.472569615 0.370897114 0.057846047 0.319119811 0.0754593089 -0.0622972101 0.0467071161 0.145766258 -0.164573833 -0.00593704451 -0.0222758744 0.192321464 0.338466257 -0.00716362614 -0.106813468 0.189324141 0.0863683298 0.0118524283 -0.065053165 -0.0704022199 -0.0473729447
-0.0966031104 -0.115095049 0.224761143 -0.17567113 0.101533495 -0.0585103482 0.0631882101 -0.304094523 0.493534803 -0.0537370928 -0.0364235975 0.0268990956 0.0990662798 -0.0372344367 -0.0823881626 -0.276778281 0.0161874704 0.23695533 -0.132915705 -0.100903638 -0.111862399 0.331331372 0.347438306 -0.0316849947 -0.02577205 0.0714432672 -0.0186583921 0.0457820669 -0.0741486996 -0.120449968 0.022597054 0.0465434231 0.0757620782 0.0526955985 0.0520700477 -0.2582829 0.527316451 -0.125979781 -0.0604760423 0.0853026807 0.142237127 -0.0311454199 -0.150435388 -0.171731278 0.12492571 0.130501866 -0.0311461221 -0.0419937894 -0.0079763215 0.122415431 0.318207383 0.0450049862 -0.0717378333 0.0907226279 -0.0649802834 0.0859955028 -0.0218929034 -0.0476202667 -0.00139366346 -0.0869055688 0.0636141598 0.107397206 0.128958255 -0.125109866 0.439612657 -0.115741752 0.0285400916 -0.0255632959 0.0363856182 0.0841237977 -0.162387758 0.0372454859 0.107271872 0.0938783064 0.0047000614 0.0745897591 0.104247086 0.0705439076 0.364423752 -0.0155056939 -0.0567546189 0.0751981661 0.069758527 0.0614340529 0.0709635168 -0.0277779251 0.150175318 -0.0459218398 0.163361624 0.113187566 0.126890168 -0.246591792 0.473364115 -0.290659338 0.147841036 -0.0422683433 0.072102204 0.159340531 -0.157480359 0.411118269 -0.0357028879 -0.0294766109 0.0412105843 0.0516826846 -0.0401208438 0.068122752 0.5306952 -0.0601156615 -0.0777264684 0.067773588 -0.0607614815 -0.0105897486
0.0443412848 -0.0997615531 0.229719386 -0.192141414 -0.0133441836 -0.0748729259 0.0015927956 0.434771121 -0.329578608 0.0722256154 0.0375482403 0.159002036 -0.0325624086 0.0858048573 -0.209640771 -0.0442960635 0.276989579 -0.0115212398 0.201443598 -0.181079507 -0.0888594165 0.265750289 0.22957395 -0.0645786077 -0.0183216557 0.0585203543 -0.0172293335 0.0797570422 0.152144372 -0.164641798 -0.0103786429 -0.0416810587 0.118172295 0.0589871481 0.117507599 0.454654604 -0.384266257 -0.036909204 0.0878861621 0.084414877 -0.0268175378 -0.114400581 -0.234412938 0.0136289904 0.174460813 -0.00206898712 -0.0511450768 -0.126418829 -0.267806739 0.0892019719 0.0546671338 0.0750489011 -0.0296223015 0.00134725869 -0.0717484355 -0.0287568644 0.136629269 -0.154875785 0.249043256 0.0398619696 0.115086123 0.122474834 0.0652425811 0.37999934 -0.409246862 0.150129303 0.082723178 0.00620873505 0.038939029 -0.148735687 -0.0925326049 -0.249471784 0.308936894 0.130523726 0.0166868456 0.151451096 -0.224840179 -0.149924874 -0.21445401 -0.0120374411 -0.0877088308 -0.0715456083 0.0879625604 0.0695391968 0.0677417368 -0.0944825038 -0.00324085657 0.0121768937 0.0430101082 0.0601178035 0.00809024926 0.452769965 -0.406199098 0.248342007 -0.109693594 0.0634595603 0.0803926662 -0.331149787 -0.118439294 -0.318211943 0.42486462 0.0924983919 -0.0661802962 -0.0933669508 -0.318743974 0.112542756 0.158939674 -0.0242031142 -0.091810219 -0.0396970101 0.011991322 -0.0374291986
-0.178141758 0.0506253429 0.490990162 0.50741756 -0.0339837149 0.755132794 0.125268847 0.00826127175 0.611145914 -0.212742865 0.184368685 0.0241015069 -0.108676374 -0.407834142 -0.309241414 -0.178944334 0.0484522358 -0.161325365 -0.0827652812 0.0407689027 -0.205360383 0.0506050996 0.0486710444 -0.0662082434 0.0425552949 0.0477159843 -0.0868924558 -0.0819464698 -0.146610454 0.0087377876 -0.188507974 0.168954656 0.0374668725 0.310144275 -0.0211774688 0.013987314 0.497652113 -0.167670846 0.0231762007 0.0896468535 0.0410629548 -0.368296683 -0.168421581 -0.0232274998 0.00466420036 -0.231786281 -0.116969742 -0.0960593298 -0.191556752 0.153073519 0.321271569 0.0411505178 -0.0812243223 -0.0646281317 0.077451475 0.0056764558 -0.209486127 0.0967760086 0.161609083 0.0499829762 0.0939218998 0.0558056422 0.0887590274 0.0100463638 0.634766161 -0.378898621 0.126847163 0.153832972 0.0459246524 -0.226747334 -0.316662848 -0.0784135908 -0.0442856997 -0.021775743 -0.0476180352 0.0676957145 -0.168062374 0.224650472 0.411951244 0.0459434614 -0.053279236 0.034774743 -0.0466902442 -0.0828545168 -0.0617673025 -0.00146178436 0.152905107 -0.40668878 0.00143612397 0.0451470762 0.00108298985 0.119100668 0.515800357 -0.277918041 0.386478573 0.145482183 -0.111692682 -0.353648186 -0.220617652 0.0425459221 -0.22436665 -0.206383392 -0.0960309282 0.400725156 0.0669794008 -0.0971401408 0.210384965 0.083679162 0.0777010247 0.0215495899 -0.0395491458 0.0401137844
0.0735992417 -0.0246374458 0.0593126081 0.158672497 0.0746262148 0.583751678 0.0353332721 -0.17698063 -0.136556342 0.0452068783 -0.0977399275 0.0575370938 0.0812219903 -0.0126551157 0.020585414 -0.103542425 0.0345821083 0.000840640219 -0.0514048561 0.070691213 0.0839121491 0.104486324 0.0820898786 0.0756913349 -0.0862434134 0.0835171714 -0.035088066 0.0288157389 -0.0451132394 -0.0844546109 -0.0565635189 -0.25351271 0.0284046568 0.4050892 0.0659232363 -0.221932396 -0.167160183 0.170862526 -0.205885604 -0.0259540342 -0.0563305132 -0.106503285 -0.158941403 -0.071996443 0.0797910318 0.143430278 -0.0151122352 0.031084504 0.0346629173 0.0257682241 -0.168247312 0.0725320354 0.00779014081 0.0606902316 -0.0845225975 0.0741877183 0.0124270795 -0.0270904712 -0.230649874 -0.0755391568 0.0850531682 0.244472936 0.0503854118 -0.238848925 -0.256025255 0.131683573 -0.186272159 0.0387880802 0.0576472692 0.00384111819 -0.332363933 -0.00331535749 0.00180000695 0.187853843 -0.123216599 0.0908727646 -0.0477624349 -0.0734284818 -0.10034541 -0.0371469148 -0.019128941 0.0583779588 -0.00608816743 0.00563866645 0.120143004 0.0449665934 0.0371350087 -0.163531572 0.0880877972 0.269414216 -0.054035645 -0.282940418 -0.203064665 -0.0226365495 -0.340375483 0.0540474914 -0.0180662926 -0.078113012 -0.212370962 -0.212434813 0.0152968634 0.211175025 0.0154803731 0.0989449099 -0.057496205 -0.261144131 -0.358790696 0.0897347108 0.0672925785 -0.0518944487 -0.0824993178 0.0620924309
-0.0317228399 0.0388412923 0.00589341018 0.284995079 0.0545771159 0.185798362 -0.00860148482 0.440309703 -0.319157094 -0.0882268623 0.126814499 -0.0785049275 -0.0156014739 0.0368074961 -0.138500452 0.222473592 0.190216854 -0.0434329771 0.408665091 0.0515816137 0.284676731 -0.320083112 -0.301620424 0.077385284 -0.0205677971 0.0330459699 -0.0148461983 0.0288408399 0.00581100397 -0.112122647 0.216253653 -0.125378072 0.00261679967 0.0250159726 -0.0139163602 0.424589306 -0.285428464 0.0771605447 -0.0176109783 0.0714000687 -0.0689542219 0.00391124142 0.0731260702 0.0761279315 0.0807497948 0.0204366464 -0.00623666076 -0.179817945 0.0747031718 -0.053312216 -0.430449396 -0.0604260452 0.0624802485 0.00769618899 0.0375763401 0.0263720676 -0.0998779386 -0.0146266716 -0.153075039 -0.0587602407 0.0976610035 0.0719732717 0.0610614978 0.388600886 -0.382533431 0.0522053689 0.0808866918 0.0662526861 0.0265594423 0.0426084884 0.00145066471 -0.0829092413 -0.0506510809 0.0994833484 -0.0356797278 0.0221842378 0.0711280555 -0.314024836 -0.595154881 -0.000233955681 0.037086539 -0.0907302499 -0.0797627866 0.0506615713 -0.0131051159 -0.0428338759 -0.13531296 -0.0286156312 0.0859746858 0.0188537668 0.106245771 0.245990038 -0.437896073 0.164732233 -0.0436368249 0.0394980758 -0.0808233023 -0.186112806 0.0781723261 -0.185302243 -0.0570942014 0.112239234 -0.0459926091 -0.120503582 -0.084791176 -0.00633349037 -0.430822551 -0.0105413795 0.0412884876 0.0830314085 -0.0348136574 0.07490208
-0.0399325341 0.113067403 -0.189429119 0.416919768 0.0520523638 0.641273677 -0.0260565225 0.244201437 -0.349009216 -0.10729184 0.033890821 0.0773886219 0.0398465469 0.200305909 0.0538724028 -0.272339374 -0.00699118385 0.0443063416 0.0419706814 0.321880579 0.113566443 -0.311085343 -0.167620763 0.0869026557 0.0510676727 -0.0582513772 0.090209268 -0.0271577984 0.00936254486 0.11347688 0.0853329748 0.293720722 0.0108439475 0.406391263 0.0714700222 0.148688182 -0.300078899 -0.0879965425 -0.027000688 0.0151549596 0.0722474679 -0.0270558894 0.167828172 -0.302427948 -0.133162931 0.0779984817 0.106279396 0.0248800628 0.0716101602 -0.100602515 -0.388892561 -0.0355114415 0.0612815991 0.049953334 0.0881375596 -0.0152386054 0.0315180607 -0.0236347802 0.155916631 0.299952954 0.0589722842 0.236861363 -0.0505745932 0.175439894 -0.299724102 0.0436301194 -0.0292602107 -0.00535631366 0.0558125488 -0.0231177732 0.249928385 -0.437505335 0.0267875288 -0.0175487306 0.525442362 -0.184746653 -0.0540688187 -0.100385509 -0.221412614 0.0404346213 0.00976756215 0.0117982775 -0.00194200873 -0.0727229416 -0.00403359067 0.0340428092 0.109540492 0.207110539 -0.0239606854 0.107325725 -0.0491952524 0.27336511 -0.173839375 0.185835615 -0.249600217 8.41491419e-05 0.0206796229 -0.214860633 0.144646257 -0.471117079 0.110990323 -0.0482038222 0.362419009 -0.473795414 -0.195718333 0.328456521 0.218358427 -0.00588303059 -0.0280933455 -0.0874292701 -0.0709421188 0.0892444924
0.0623495504 0.831849635 -0.133448035 -1.15060663 0.0379235968 0.252202541 0.0208566077 0.14546445 -0.0239185374 0.109051503 0.283415794 0.0970229208 -0.0104421759 0.0988634005 0.0472008958 -0.029613696 0.212282911 0.0985071734 -0.0515927635 -0.297004372 -0.152201965 0.0468349494 -0.0398926139 0.00627867877 0.0279952884 0.0283917561 0.0532513633 0.0179255828 0.0115217539 0.796659172 -0.0257557258 0.0420701355 0.174411476 0.489290357 0.0348925292 0.169537663 -0.164788574 0.126912221 0.352714241 0.031118976 0.0280403569 0.107380405 -0.0196843594 0.018987339 0.0657632872 0.0706963018 -0.271837503 -0.240722388 -0.270996571 0.14929086 -0.185626626 -0.0351971015 0.0801372454 -0.0674039945 -0.088500537 0.0124674141 0.0753469393 0.902917624 -0.0793695301 -0.130543411 0.185585186 0.548927903 0.110184908 0.0832009465 -0.0272878725 0.181509197 0.3894355 0.13998574 0.00131996896 -0.000753830071 -0.0031739939 -0.180799469 0.126500085 0.201653138 -0.364527732 -0.187793598 -0.321465224 -0.0464517027 -0.462245852 -0.0177594125 -0.0141988173 -0.0689879134 -0.0748085156 -0.0218492076 -0.0867107511 0.918163717 0.0502195843 -0.522788286 0.0329397954 0.339834213 0.0144356824 0.0921134502 -0.170897707 0.235883579 0.170722231 0.192474589 0.144437343 0.0333395302 -0.168499053 -0.444735646 0.116647668 0.0938797966 -0.202429518 -0.425385535 0.015253216 0.245303571 -0.174427778 -0.0884385556 -0.0321179479 -0.0657428801 -0.0680105016 -0.0285296738
0.0673075914 0.105530702 -0.0673406646 0.276435971 0.132524475 0.277633965 0.100045338 -0.310830832 0.381682515 0.0429667905 0.0851414576 -0.0645041019 0.00972514879 -0.0669732988 -0.0956190899 -0.0796514973 -0.10968902 0.299193889 -0.105781958 0.139479458 -0.0413553193 0.000878831721 0.0626271144 0.05911351 0.0125650764 -0.0200113431 0.0816813782 -0.00165108591 -0.00249174796 0.122478329 0.0562664941 -0.0151585229 0.161945805 0.00443479139 0.123348042 -0.266537338 0.3211326 0.0172724575 0.0831591338 -0.0382765606 -0.0550836697 -0.098372139 -0.0401141346 0.14084442 -0.0761223584 0.149356887 0.0919041485 0.146503314 0.166834682 0.0733481571 0.320839316 0.0198843405 -0.0575676709 -0.0789124519 -0.0204804987 -0.0760719329 0.0166401435 0.126490906 -0.0403419957 -0.187021613 0.116207153 0.0750236735 0.0916513205 -0.377257496 0.308458149 0.0732339397 0.0295818411 -0.0554257967 0.0802719966 0.0515197329 -0.153751522 0.266581535 -0.173856884 0.104361139 -0.0292869173 -0.0362165757 0.297286212 0.0234529693 0.304221183 0.0165397897 0.093923904 -0.0347313024 -0.0838744119 0.05360616 0.0532619469 0.0139413942 0.0172261316 -0.166694015 0.101197585 -0.0577289127 0.058206141 -0.268002778 0.323844522 -0.00335815782 0.287901342 0.0247649588 0.0670129731 -0.0351185203 -0.26919356 0.455526829 -0.069765158 -0.021977745 0.0453870371 0.129886419 0.112629429 -0.0645679906 0.0794148222 -0.0108444095 -0.0215735584 -0.0527761877 0.0425557569 -0.0904688239
0.159087285 -0.148496673 0.126980215 0.00698235491 -0.0546212792 0.156101465 -0.0056593148 0.32996121 -0.408163428 0.0706503168 0.103224896 0.0649180189 -0.0578335673 -0.0572389103 0.028163014 -0.1676514 0.200661764 0.0494825579 0.262526065 -0.0291695185 0.104543984 -0.159306183 -0.11259906 0.080401592 -0.0908274278 -0.0702753365 -0.0765153617 -0.0815101638 0.0737853274 -0.0217301212 -0.0775898695 -0.133392319 0.0333599262 0.00522868708 0.0531351194 0.256942958 -0.408898056 0.0410550907 0.0365121737 -0.0118465405 0.077110745 -0.103836916 0.00381363323 -0.146101937 0.192911983 0.105059035 -0.0386206098 -0.132169828 0.0259881895 -0.0604888052 -0.462521166 0.0774082765 -0.0664335042 0.0861746147 -0.0789005607 -0.0425166823 0.0560320914 0.0196805336 0.0603408515 -0.270361334 0.0782804266 -0.011994523 -0.0499359146 0.369587928 -0.321593165 0.128019691 0.0841675252 0.0463949926 0.061063569 -0.13581568 -0.101636216 -0.32357356 0.184565321 0.264898449 -0.189189672 -0.0643167421 0.0980597734 -0.217047334 -0.48749426 -0.0853313059 -0.071901992 0.00399702042 0.0275647566 -0.0865130648 -0.00121115171 -0.119066507 -0.0836131498 -0.168773368 0.0627639368 0.0427714884 0.0975361392 0.314077944 -0.47290957 0.10952761 -0.113448314 -0.0877777785 0.138871685 -0.322291285 -0.128372729 -0.710658193 0.161235183 0.288534045 -0.249730214 -0.217731148 0.0625407621 -0.168540254 -0.5791049 0.0872165188 0.0279387534 -0.0185541883 0.0531648621 -0.00926912576
-0.0325454734 -0.00311862491 -0.0694536641 0.162308887 0.0481877327 0.47075218 0.047247503 0.425792575 0.33875376 0.0884227827 0.0138574354 0.0292371605 0.0644203648 -0.0973589718 0.0799957514 0.0741586387 0.0964889303 -0.307307333 0.0487649664 0.0799933225 -0.0574807301 0.00589435501 0.0221949387 -0.0738145858 0.0718448833 -0.0938253254 0.0169661418 0.093170397 -0.0403528735 0.0657088906 0.0758631229 -0.094800666 0.0550724454 0.242365897 0.00806022901 0.388748884 0.26794973 0.0255992617 0.116651125 -0.00965159759 0.131542131 0.0123519376 0.155791223 0.0249655563 0.0783205032 -0.198366418 -0.036104314 0.0250657238 -0.197926164 0.0512178428 0.167973399 0.0419222191 -0.0758824572 -0.0245721191 -0.00870660692 0.0850720182 -0.143393785 -0.0111346235 0.203640789 0.0628368556 0.0115829101 0.0332548916 0.0510172285 0.45191282 0.337762356 0.146786615 0.0989939421 0.0964721292 0.12918514 0.00206102594 0.156219482 0.0300387871 0.0871329233 -0.233859912 -0.00133562007 0.0134474896 0.00728424313 -0.0839467123 -0.0785339549 0.0721366182 -0.0756753385 0.0903473571 -0.0263284668 -0.0639863312 0.0147810923 0.0340147354 0.132192895 -0.0111514507 0.0263167731 0.118590638 0.105573729 0.475193799 0.20167315 0.259334564 0.253652215 0.0747541189 0.0802345425 0.102340192 0.0335332416 0.118889436 0.324580997 -0.325091034 -0.174943551 0.123081975 -0.191588506 -0.0412563384 0.236397967 0.0214241594 0.0483571962 0.0210603401 0.0201461762 0.069701843
-0.0135629149 -0.0166542865 -0.533138514 0.130254135 0.188310191 0.286890477 0.0676898509 -0.455578536 0.411411256 -0.205637634 0.232514068 -0.0179481748 0.0405025892 -0.118751161 -0.0120509611 -0.220958501 0.00908917654 0.173887834 -0.0930103585 -0.0125210108 -0.0874983743 0.0705994219 0.143725201 -0.0370775051 -0.0208901614 -0.0271091089 -0.00263931602 -0.0678010136 -0.0255951155 0.00788748171 -0.0781857893 0.0894016996 0.0924808457 0.0817662627 0.188333422 -0.513205171 0.451755852 -0.128501445 0.21194917 -0.0118441638 -0.0346143767 0.0838344544 -0.0639246106 0.0690294877 0.172281027 0.106174216 0.127818495 0.227756679 0.127578899 -0.00741401222 0.445479393 0.00660803914 -0.0407196991 0.0436506197 0.0449783579 0.0574259982 0.0161499809 0.130572587 -0.146905929 0.0903714299 0.133826613 0.194162846 0.0329672582 -0.486284971 0.294729888 -0.186522901 0.350375891 0.106536329 -0.0105617736 0.00204497017 -0.116837107 0.149033293 0.0932331309 0.00379368244 0.101757728 0.0412169024 -0.0423361287 0.0990638807 0.378133327 -0.0650781021 -0.0681329891 -0.00747969002 -0.0500263236 -0.0634303913 -0.00835339632 0.0359476209 -0.0996091664 0.0921750814 0.0143858148 0.227768943 0.0140535263 -0.465450525 0.344318002 -0.288681269 0.268349916 -0.0182589367 -0.0790176094 0.226003438 -0.0943812579 0.320544332 0.141619116 -0.00798696745 0.140233591 0.168623343 -0.127120957 -0.0793434158 0.269292772 0.0101075098 0.0451922789 0.0603694692 0.0208533928 0.0448211804
-0.0763746798 0.00249580946 -0.31325981 -0.117639564 0.050300397 -0.226868659 -0.0402480513 -0.262520432 -0.259667993 0.084895514 0.119216435 0.0192105193 -0.087710619 0.163382322 -0.0866874754 0.185947791 0.0155566819 -0.0867077038 0.206527054 -0.0281344 0.241625652 -0.0508137792 -0.150502354 0.0869855061 -0.0853547901 0.00761707872 0.0119092092 0.0231658369 -0.0668883994 -0.0421124995 0.228851035 0.0254944228 0.0684947297 -0.0576526821 -0.0222680531 -0.328417152 -0.418327212 -0.0562578365 -0.0291790254 0.127057627 -0.143501133 0.0095230462 -0.130323812 0.14476487 0.0572384112 -0.12230505 -0.0436916947 -0.138310656 0.0194342304 0.0254939683 -0.347710222 0.0242950842 -0.0742176846 0.00931549817 0.0426185355 0.00424798578 -0.204296976 -0.137943685 -0.0596635193 0.067176722 0.0832815766 0.0382225849 0.111121036 -0.357233405 -0.307628274 0.0548619479 -0.067112051 -0.0379246548 -0.124161154 -0.0093259709 -0.0691601112 0.00412709126 0.115643479 0.105753593 -0.112351373 -0.140471503 -0.0827646852 -0.0823007748 -0.413180321 -0.0796923786 0.0805140957 -0.086729385 -0.0258290693 0.025890626 -0.180346727 -0.111278713 0.0376816355 0.143051818 0.140572876 0.0376395993 0.0403521135 -0.208150774 -0.252510369 -0.0209494401 -0.235810205 0.0916680992 -0.0613258183 -0.0213074815 -0.0231669899 -0.378890425 -0.128638104 0.0905513912 -0.11681731 -0.433459789 -0.0936451107 0.0356819779 -0.255210102 -0.0758380219 -0.04048758 0.043323718 -0.0520318374 -0.00249265879
-0.0342826955 0.182828635 -0.233749583 -0.0974157453 -0.0392821804 0.0316899009 0.0311425366 -0.258912921 -0.487553805 0.0386068784 -0.0623979047 -0.00501830503 0.0199900083 -0.0587851256 -0.0948785767 0.188872352 0.00068221899 -0.316319495 0.198782474 0.0857070088 0.244974792 -0.246180788 -0.250468433 0.0759351477 0.063407816 -0.0094178021 -0.0472682007 -0.0313689336 -0.0946359783 0.161662146 0.132981077 -0.0420328639 -0.0172054917 0.141348362 -0.000574824808 -0.230792478 -0.4796592 0.0740925521 -0.0100276889 -0.0364106186 0.128126636 0.0560092777 -0.141062438 0.198169902 0.02602911 -0.232774898 0.0240692049 0.0787698552 0.0198346246 -0.0436349995 -0.369557112 0.0772945657 -0.0186432377 0.0715815648 -0.0528383665 0.0276691094 0.0500323735 0.136387184 -0.0285242628 -0.038471017 -0.00298736314 0.0698102936 0.113577642 -0.270949006 -0.461102873 -0.0621818677 -0.0588249825 0.017571779 0.078834787 0.0188028961 -0.255911529 0.138092205 -0.0306528993 -0.191014156 0.0101452833 -0.0533095375 0.000605902576 -0.162023962 -0.340043634 0.00846721977 0.0429223701 -0.0243397355 -0.0909265131 -0.0772187784 -0.0341423973 0.155819908 0.0304376613 0.164965153 0.0627495572 0.0975383595 0.077225484 -0.193270594 -0.457843184 -0.060022518 -0.156222492 0.0951137245 0.00815717876 0.145042673 -0.19221139 -0.225138456 -0.0220010486 -0.000272087695 0.0295471735 -0.177628726 -0.00941825192 0.00569559028 -0.294651985 -0.0447630025 0.070145674 0.0680857971 -0.0389454067 -0.0854974836
-0.0461097173 -0.0616388768 -0.0133963292 -0.076827772 -0.0763064399 0.0235227812 -0.0165052377 -0.0214724857 0.0172245149 0.0324414633 0.0600866973 -0.0197424907 -0.00526884943 -0.0880395919 -0.0910334662 -0.0641123429 0.0500454083 0.0473029986 0.0329361632 0.0509226993 -0.014239125 -0.0637066513 0.0677100793 -0.0219113529 -0.0166532472 -0.0590901449 0.0643124953 0.0720429197 -0.046055913 0.0885944441 0.0620526634 0.0242488552 -0.0508606546 -0.0692719519 0.00751813687 0.0318180993 -0.0586923584 0.0739606172 0.049580764 -0.0058767437 -0.0944230705 -0.0738363117 0.0667536929 0.00905263424 -0.0155040696 -0.0606767535 -0.044026874 0.0789569393 0.0449830517 0.00745933503 0.0720949844 -0.0551610813 -0.0318989158 0.0335117057 -0.0719233677 0.0836389586 0.0604959987 0.0265416 -0.0716970712 0.0675108731 -0.0401503853 -0.0208511725 0.0729032457 -0.0322133824 0.0925641507 -0.00736209331 -0.0664108619 -0.0287915189 -0.0880372822 0.0588189811 0.0357861184 0.0143319154 -0.0734375417 0.0343283117 0.0536612049 0.081141673 -0.0398072638 0.0380256549 0.0442202911 -0.0119509324 0.00850557536 0.0597219542 0.0078452602 -0.0278996825 0.0352038965 0.0127217099 -0.0172823388 -0.0112882713 0.0490978882 0.0875594541 -0.0308170356 0.0625611469 0.0945818424 0.0556058101 0.0380541161 -0.087270014 -0.0436672419 -0.044950664 0.0860222206 0.0209422726 -0.0743686408 -0.0898655877 -0.0812409222 -0.0685495958 -0.0570650622 -0.0503268726 0.0702452883 -0.0387752168 0.0869072005 -0.0216080397 -0.0763363242 -0.0346580744
-0.0207387917 -0.0513081588 -0.182774216 0.226573974 -0.0649606884 0.538088799 -0.00401209807 0.290388644 -0.335485429 -0.177787796 0.194624931 0.111698464 0.12968722 0.162270397 0.0589116663 0.156740725 0.0587337986 -0.330362499 0.168311208 0.20259437 0.264719099 -0.37719363 -0.426688552 0.00407364964 0.0779130235 0.025235422 0.0623816773 0.040021874 0.0770951957 0.0230836067 -0.0719731897 0.316434473 0.0494219698 0.206438556 0.0555911213 0.424539417 -0.243907481 -0.00408006785 0.130950838 0.125810236 0.0726428553 0.0165817179 0.095662877 0.0887665302 -0.174395442 -0.25516212 0.20155701 0.113649465 0.298351079 -0.375235498 -0.521142244 -0.0729123428 0.0119543225 0.0242864788 0.0249464735 -0.00191447884 0.0777389258 -0.0373600833 0.146630928 0.327458322 -0.0517489053 0.118695751 0.0943152234 0.32298705 -0.341451973 -0.0316001624 0.175112918 0.00253732153 0.0751976445 0.0949442014 0.165535584 -0.00163338787 -0.00936086569 -0.241626278 0.249617353 0.195612311 0.45528543 -0.526165783 -0.712497294 -0.0650342479 0.00275955349 0.0703014955 0.00407605618 0.0900082365 -0.0119180977 0.0333553888 0.0110447584 0.284141898 0.0219338611 0.173341274 0.110744528 0.29781872 -0.308442473 0.030038923 0.0537137575 -0.00836665183 0.0408505835 -0.0941907614 0.165659592 -0.171868697 0.00912878849 -0.105499722 -0.0488207303 -0.0992473438 0.146149069 -0.167206213 -0.370614469 0.0443041995 -0.0720791146 0.0452814475 0.06287352 -0.00038176775
-0.0126373777 0.0247932579 -0.282332748 0.104665719 0.105820119 0.166034549 -0.0141411843 0.324792147 -0.388546884 -0.0620005913 0.0116476491 0.0565647446 0.0498545654 -0.089252241 0.0449223481 -0.0985214636 -0.0898381919 -0.0921737999 0.25094071 0.127782285 0.214798957 -0.320021242 -0.376022369 0.0142410621 0.0368555263 -0.0858888775 -0.0363365896 -0.090099819 0.0341823585 -0.119030029 0.163302168 -0.189937055 -0.0359477699 0.088882871 0.0631718263 0.317559451 -0.282636702 -0.071899876 -0.0528162494 0.117293805 -0.00476351986 -0.133048326 0.11556375 -0.365596235 -0.016614167 -0.00268087653 0.0608422309 0.135159358 0.197534159 -0.304582119 -0.405261248 0.0146564394 0.0383073464 0.00406920165 -0.0879276618 -0.0678585023 -0.0650544837 -0.085546717 0.0502552874 -0.227984786 0.101151578 0.135331213 0.0417359062 0.216566935 -0.411704957 0.130246624 -0.100376055 0.0548514538 -0.0450304337 -0.170014545 0.177191153 -0.400815785 0.0488980301 0.0531710014 0.103765965 -0.0127304234 0.166465431 -0.272189349 -0.552060485 0.0132289007 0.070946224 0.0474758372 -0.0138032734 0.0585053787 -0.0312697887 -0.105267256 0.185102671 -0.244375616 -0.0568193793 0.0634296685 0.0458101891 0.355851591 -0.452780336 0.00219197338 -0.375081182 -0.0078674946 0.103948496 -0.201484829 0.244835541 -0.601421416 0.105678231 0.123706006 0.0907241404 -0.0840444341 0.0750279725 -0.243248269 -0.411799937 0.0802617893 -0.0206761286 -0.0686453804 -0.0800085515 -0.0191771537
0.0672550872 -0.0914850608 -0.0499697924 0.256477416 -0.061096929 -0.0438632518 0.108277328 0.417331278 -0.325888306 -0.118678667 -0.0121473819 0.119893335 -0.0431470238 0.0894710422 0.137696087 0.496738613 -0.0488499627 -0.303231239 0.0755941272 0.271191716 0.324853331 -0.389722466 -0.423970968 -0.0696692318 0.0295514613 0.0382203981 0.00202125311 0.0830638781 0.0841305852 -0.155220002 0.0323868059 0.0324844867 0.0133377155 -0.0901942179 0.0337374955 0.416739136 -0.212936282 0.0143092833 -0.15171881 0.0313033573 0.0312617496 0.0900135636 0.161618426 0.172637224 -0.159758732 -0.214007795 0.025639344 0.0570580512 0.221612871 -0.340582877 -0.544253469 -0.081269905 0.0603643879 -0.0709264725 0.0137268677 0.00105156004 0.0814625993 -0.14436689 -0.0418662913 -0.111030124 0.0294692032 -0.137418911 0.111405335 0.341134191 -0.328867674 0.0618247278 -0.177605703 0.175301373 0.0444253869 0.0551028438 0.181983098 0.0493240133 -0.110256128 -0.0511088967 0.114417829 0.00258152396 0.318300009 -0.463180274 -0.647874415 0.0522770062 0.0684304461 0.0252227858 0.0047435537 -0.0406837687 0.131356984 -0.156624526 -0.0706637129 -0.168515399 0.060060408 0.00492724217 -0.0614177249 0.380894661 -0.355527401 0.234418944 -0.418859392 0.100633949 -0.0126906577 -0.0401893631 0.0472704992 -0.0708312765 0.0020469958 -0.0318573453 -0.191520125 -0.0133835496 -0.210573182 -0.107608214 -0.412948728 0.000310003757 0.0315314159 -0.038167309 -0.0368124135 0.0155716687
-0.183245301 0.0548033677 0.0471664518 0.112807423 -0.0463331975 0.0583809577 -0.00428294064 -0.237549245 -0.468930602 -0.202379078 -0.46509549 0.107702121 -0.0986150876 -0.0371932797 0.0297043864 -0.234881759 -0.11265187 0.140754104 0.157424271 0.0381861143 0.235884339 -0.0772529244 -0.107534274 0.00730925798 -0.00883040577 -0.0906494632 -0.00642824173 -0.0267662629 -0.147446215 0.112619027 -0.0680285394 -0.072961919 0.107693732 0.0441678613 -0.0490678772 -0.26369229 -0.403188109 -0.152267545 -0.39656648 0.0251878463 -0.152503058 0.00993682723 0.0382061787 -0.26889655 -0.0780986696 0.189363778 -0.0762796998 -0.315715879 0.0401166826 0.138907924 -0.276587903 0.0685052797 -0.0153619871 -0.0466089174 0.0743850246 -0.0275551155 -0.141295955 0.107533343 -0.0572703667 0.125159994 -0.0323355645 -0.00095314451 0.106026024 -0.262220144 -0.439545035 -0.199822024 -0.553329647 0.129620641 -0.0205541961 -0.106226847 0.0428881533 -0.396083295 -0.0418310165 0.240429044 -0.147213265 -0.334494412 -0.0011750292 0.211862907 -0.241061762 0.0810750648 0.00632562488 -0.0852505565 -0.0379457511 -0.0796587393 -0.180851132 0.0050833025 -0.116543904 0.0301742777 0.0104661053 0.0863092765 0.078140229 -0.336778641 -0.32722351 -0.318468988 -0.67737186 0.0431275889 -0.112770185 -0.341061741 0.0132589312 -0.920288563 -0.308605283 0.0698904544 0.0208694562 -0.314820051 0.0844043046 0.00695465039 -0.350744575 0.045242019 -0.070091635 0.0683795139 -0.00958193839 0.0345073715
-0.0944408923 0.0605399944 -0.0555448346 -0.102007419 0.144223258 -0.0423885472 0.140856341 0.336573482 0.422933936 -0.0900024548 -0.0245088786 -0.0184777603 -0.0495753363 -0.0807128102 -0.0967685655 -0.158170193 -0.00366286142 -0.0547280312 0.054385338 0.0916346908 -0.00455636857 -0.252619386 -0.107912213 0.0490403101 0.0780070052 -0.0897635221 -0.0215590075 0.00847125798 -0.086380817 0.000265620212 0.119802475 -0.0143482983 0.0129939318 -0.0512593836 0.0577687696 0.342027664 0.513048828 0.000997922849 0.0370264687 0.0674344301 -0.0089634778 0.0498790555 0.0539536439 -0.215382263 -0.0215290673 -0.0382432118 0.0279130097 0.02271365 0.228057057 -0.0244813673 0.228872895 -0.0417905673 0.0855093375 0.0777193084 -0.0764959976 0.0414490774 0.0448548719 -0.0878938586 0.162955835 0.0228258558 0.129870459 0.127155155 0.116280377 0.267199129 0.507576466 -0.0806222185 0.152529776 0.0409324281 -0.0627205297 -0.0549535304 0.0835874081 -0.226582751 -0.0295128487 -0.045587264 0.26856944 0.0752057284 0.226290241 -0.13603738 0.186537534 0.0135209709 0.0403255448 -0.0799224824 0.00461422652 -0.0417630933 -0.0919997916 0.0257039424 -0.0171854664 0.076561369 0.12958084 0.00660917629 0.131286874 0.254831851 0.370394766 0.0255015288 0.192605987 0.0202268269 0.0535041876 0.0227827355 0.00928587839 0.0310484357 0.0437740833 -0.0197700728 0.177293435 0.160950258 0.25609684 0.0481205098 0.186683968 0.058490701 0.0910867527 -0.0221193358 0.0815690681 0.0896532461
0.0638788715 0.0450995974 0.118956633 0.114218429 0.132250786 0.114425205 0.0709532723 -0.0921758115 -0.414450139 -0.0134264575 0.0900740847 0.0105280047 0.128231168 -0.013805408 -0.382097185 -0.206695914 0.439350426 0.245541975 0.165875778 -0.293353111 -0.361104816 0.0583616197 0.218529493 -0.0903223678 -0.0857322365 -0.033964999 0.0107259825 0.0625532642 -0.0104489569 -0.0413690619 -0.0642398819 -0.0415376984 -0.0165725145 0.10950356 -0.0222473741 -0.0969258398 -0.383909941 -0.124825686 0.0959985405 0.077151753 0.107351132 0.0203716811 -0.253920048 -0.446158469 0.200222194 0.376993626 -0.149786547 -0.366630763 -0.388625175 0.32220611 -0.125329182 0.0799646899 -0.0537593067 -0.0231134221 0.0210392997 -0.012855716 0.0182248428 0.11150565 -0.089782916 -0.100960866 0.0587792955 0.0726679265 -0.0149540957 -0.216783226 -0.293047577 -0.108852267 -0.0413792208 0.143506452 -0.0312418472 0.00555627886 -0.296615034 -0.624949694 0.166454926 0.257667243 -0.0761203542 -0.0697350726 -0.410906494 0.106643297 -0.174402833 -0.0265536308 -0.0860366672 -0.0865311101 -0.072340548 0.0661389306 0.0710165054 0.127320528 0.00729882019 0.0755361095 0.0661928356 0.186182335 0.0726299807 -0.208114997 -0.432226181 -0.0200380031 -0.179279178 0.0598786213 0.0314181261 -0.252177268 -0.315019339 -0.969379544 0.0877821371 0.193359822 -0.277088434 -0.510694623 -0.476075143 0.382739395 -0.148578182 -0.00615608692 0.0465473756 0.0327252969 0.0405929908 -0.0255057141
-0.232395515 -0.135714367 -0.0386392474 -0.27690354 0.0131561887 0.129590899 0.133637741 0.482047796 -0.0497758985 -0.245495453 0.0531636812 0.129493237 0.0489570126 -0.166940242 0.438233256 0.072653912 -0.165408269 -0.505411088 0.0670032129 -0.0995880142 0.0230653733 -0.200723916 -0.163016751 -0.0701709911 0.0519165024 -0.00814565271 0.00639604032 -0.0746803433 -0.0863534734 -0.0519856438 -0.2462717 -0.177195549 0.136274353 0.160820886 0.027545413 0.41182825 -0.0136194816 -0.248500139 0.0493652597 0.0305847153 -0.0546111427 -0.0477697141 0.329335302 -0.039257098 -0.044773262 -0.454581439 -0.017433038 -0.090733543 -0.0682636276 -0.0708308741 -0.0133150751 -0.0318787321 -0.0388133228 0.0764477327 -0.0532218702 0.0538096651 -0.114784144 -0.104488946 -0.15318121 0.0913862735 0.0692039505 0.0825020447 0.000359612808 0.451653987 0.0195751917 -0.0657620803 0.197844863 0.135255843 0.030516034 -0.106136799 0.508713484 -0.264809579 0.0951817632 -0.339888901 0.194318131 0.148074508 0.0881288201 -0.193635747 -0.233916044 0.047531642 -0.0112974271 0.0214916095 -0.0360406563 0.0297187269 -0.0441314988 -0.0700349212 -0.0786567703 0.173664406 -0.00982534513 -0.00318417908 0.000203734438 0.349272341 0.0674201697 -0.029851241 0.235509694 0.0694152117 -0.025900241 -0.236857921 0.311043054 -0.262056231 0.135332733 -0.430491924 -0.203368947 -0.148829713 -0.00233160052 0.125164717 0.0732329711 -0.0751152039 -0.0466008186 0.0653753504 0.0880391821 0.0176347643
0.0943702832 0.0749235079 -0.006662108 -0.0587504245 -0.0515624136 -0.0276953578 -0.0771013275 0.0937692598 0.00284463167 -0.0905237347 -0.0475268364 -0.0306026861 -0.0765549392 -0.02027715 -0.0611169599 -0.0242138803 -0.0705096051 -0.00281324983 -0.064816013 0.0377704278 0.0224732459 -0.00680803508 0.0569191501 0.045733355 -0.00530095398 0.00182568282 0.0374264494 -0.0811258033 0.0183332264 0.00764709711 -0.00230529904 -0.0253353491 -0.0468159989 0.0301009789 -0.0648483112 0.0365816429 -0.0777709037 0.0252350271 0.00868692994 -0.0453142077 -0.043758031 -0.0259552076 -0.0438936539 -0.0258948207 -0.021691069 0.0760966614 0.00339516997 0.0830698386 -0.0185905546 -0.0737697333 -0.0215204135 0.0510840639 -0.0640305132 0.0755029991 -0.00855264068 0.0736318156 -0.0241390392 -0.0832302421 -0.0563681684 0.00873538107 -0.0679773167 0.0827572867 0.0789934173 -0.0225836113 0.0699874535 0.028265059 -0.00815811008 -0.0933376923 -0.0801547319 -0.0719431266 -0.00572412461 0.0720269606 0.0244031549 -0.015359953 0.0580677316 0.0420207307 -0.0650304332 0.02103284 0.00636316836 0.0384361371 0.00978093594 -0.0281313583 -0.0429699644 0.073401086 0.0299663469 0.060821943 0.0736074522 0.0385925695 -0.0754020289 0.0112764761 0.0567057058 -0.0267475992 0.0723095611 -0.0445367172 -0.0882048011 0.094133012 0.060952343 0.0774770901 0.0580935106 -0.0803556144 0.0290362835 0.0871645585 -0.0535980947 0.015937902 0.0262050033 -0.0838574022 0.00954962522 0.0348115787 -0.0023118332 -0.078396365 0.0481466129 -0.0783613399
0.0844784081 -0.2840119 -0.0813268274 -0.152577072 0.0251572579 -0.140330195 0.00602576882 -0.477133155 -0.254700392 0.203830525 -0.0399521627 -0.00328136887 0.108294286 -0.06453453 -0.52124387 -0.0357421897 0.298648417 -0.0570969321 0.199868664 -0.426231205 -0.216627195 0.388649821 0.241116896 -0.0619960316 -0.0662954375 0.0252965391 0.0618934408 0.082732819 0.0651248544 -0.226655155 -0.155979872 -0.0683099106 0.0122957323 -0.0518306233 0.141680703 -0.426267445 -0.35490799 0.0513688922 -0.00499183824 0.0945095494 0.0164469425 -0.0627095178 -0.309981287 -0.283093512 0.0615903586 -0.0855738297 0.0875349343 -0.214334577 -0.198492408 0.145195335 -0.0552696139 0.087971665 -0.0889968127 -0.0323926397 -0.0114700049 -0.0262692422 0.00400573062 -0.262800306 -0.0756274983 0.00779404538 0.0929615647 0.0842394456 -0.0168193001 -0.38952589 -0.314578801 0.0256924406 -0.00781731308 0.0588384345 0.0742973238 -0.137511179 -0.110626958 -0.504811883 0.15798451 0.0183100961 -0.0352111124 -0.146690294 -0.164410397 0.250415325 0.0376942717 0.00301265717 -0.0645050704 -0.00231081992 -0.0542995259 0.0833261535 0.0274336822 -0.264944553 -0.00534474384 0.0158544853 -0.0128697399 -0.069563508 0.0660688803 -0.53058672 -0.23966825 -0.0698711798 -0.186913803 0.00428571412 0.14131552 -0.382217854 0.0433629602 -0.525212884 0.0927505419 -0.100335337 0.159814268 -0.417414397 0.186529726 0.186649173 0.0731238276 0.0867606327 0.0181710795 -0.0684717596 -0.00448483974 -0.0550236031
-0.134716243 0.0870806351 -0.525092304 0.231094077 -0.0236642491 1.023296 0.0390717201 -0.12857233 0.0117540574 -0.0241421591 0.175247878 -0.0187897217 0.0645196512 0.0203165933 0.0418968834 0.524373829 -0.340382546 0.128987029 0.105090052 0.18347989 0.0988757834 -0.283355504 -0.112845965 -0.0774705857 -0.0157255456 -0.01478073 0.0460065678 0.0778938606 -0.111274868 0.00451374799 -0.0440987684 -0.683405101 0.0699438304 0.364006817 0.115392804 -0.137444153 -0.098785162 0.0411322042 0.0590249039 0.0635985956 0.0263418481 0.0326230004 -0.0489598028 0.569039166 -0.346225202 0.333149493 -0.267414123 -0.0584368519 -0.153670013 0.0272762254 -0.424488813 -0.0763148665 -0.0280436054 0.0825225785 0.0320922956 0.0785897002 -0.0700645745 0.0176263899 0.061947111 -0.631543517 0.125382572 0.244465232 0.139501527 -0.0650868118 -0.139915794 0.254399836 -0.105773807 0.095593527 0.0128554739 0.0495103821 -0.0721604675 0.609604478 -0.268191367 0.367082387 -0.383363396 -0.219877675 -0.146917835 -0.0723763928 -0.341702253 -0.0466706455 0.0617294535 0.0354881808 -0.0549020059 -0.0878394693 -0.0633100346 0.109029628 0.0974047035 -0.624677122 0.0228526257 0.211997688 0.00584124681 -0.182499617 -0.152845532 0.220365167 -0.193717897 0.0526378155 0.0956633389 0.219869509 -0.238577485 0.385115594 -0.131466478 0.492165715 -0.451231211 -0.249064818 -0.533636332 -0.150541559 -0.462884843 -0.00892332196 0.0847483501 -0.0164046884 0.0556341782 0.0188010409
-0.013870948 0.065336898 -0.0225316063 -0.0447203703 0.123157978 -0.0183343831 -0.0703672767 -0.0351302736 0.141340405 0.132175401 0.0198944733 -0.0102935424 -0.00452477345 -0.0138012208 -0.0527388006 0.0161887538 0.0806049258 0.0290143769 0.010083708 0.0662731603 0.10748978 0.0617789961 0.039730832 -0.0306019895 -0.0282293744 -0.0246842671 0.0568792075 0.0463213325 0.0194036607 0.101410672 0.16430825 0.0652261153 -0.0123483613 0.0139461085 0.151942447 -0.0394229777 -0.0140738282 0.0800708905 0.0308189746 0.162765473 0.0688930452 0.0882479474 0.108096376 -0.0859422833 0.165355101 -0.0433786362 0.108217843 -0.00933805015 0.00907579064 0.122508146 0.0511924215 -0.0242305398 0.123132259 0.0628778264 0.0229332056 0.178129524 0.0623008311 0.149477944 0.0446648374 -0.0235725325 0.114343792 -0.0186336562 0.0745167434 0.0482480712 0.0316118784 0.0590642169 -0.056671489 -0.0930523574 0.0581469275 0.0160237197 -0.0247805901 0.115428664 0.101562992 0.135193139 0.0228149723 0.0387450233 0.0975461975 -0.0256743524 -0.035178937 0.13400887 0.124807253 0.0507080965 0.0115563208 0.0702233091 0.11754261 0.0518276244 0.0708285049 0.0455627665 0.0233073775 -0.0700729191 0.0600456372 -0.0149593428 0.0667993873 0.016920669 0.022389885 0.12283431 0.0522342212 0.0926692635 0.098546043 0.00846977159 0.0241353195 0.0639650598 -0.0183386616 0.121770836 0.00208953605 0.00889964215 0.0445048176 0.0487052575 -0.0691448152 0.028340552 0.106451154 0.0216414444 -0.012198397 0.135288671 0.0326366052 0.00919390004 0.0528014302 -0.0829802305 0.0313634202 0.0478442088 0.0524180345 0.0483889766 0.150623605 0.0475175604 0.161720634 -0.0433424264 0.0606611148 -0.0145490803
128 128
-0.125898674 0.209968925 -0.159444571 0.24801521 -0.0208601337 0.271476477 0.0096103223 0.074108161 -0.0634719953 0.15112935 -0.160370409 -0.0764888078 0.126844555 0.126352325 0.0536852926 0.0391232632 -0.022397859 0.067223832 -0.0360414311 -0.11499247 0.181523547 0.106744386 0.175352454 0.0200699791 0.199960962 0.0124500692 -0.126816675 0.0922142565 -0.0156015735 -0.0783391297 0.00105570711 -0.205123186 0.0103624361 -0.181282088 -0.244281068 0.202401876 -0.271970302 0.148185074 0.0374017842 -0.192742482 -0.136602551 0.256659895 0.23843655 -0.065118745 -0.0844482109 0.26215148 -0.0222706106 0.0899488032 0.0911872908 -0.126447991 0.0401007719 0.242362529 -0.120419316 -0.0949000716 0.0277971905 -0.0129463598 0.0239753257 0.207647353 0.0839114934 0.134101257 -0.28870514 0.024059901 -0.0884235054 0.0755172744 -0.0482325591 -0.065228641 0.152215615 -0.0133602675 -0.0440704226 0.19923915 -0.0726788715 0.0830243006 0.222420275 0.0578849725 0.056082055 0.15071626 -0.0133418795 -0.0133786658 0.1559228 -0.0655408204 -0.100216024 0.109557621 -0.0405740775 0.171106026 0.102729909 0.00250868197 0.250219613 -0.0478042103 0.202147856 -0.068496637 -0.204463437 -0.0826821402 0.0769473389 0.0150439432 0.249095947 0.0808551162 -0.0533983707 -0.138300642 -0.0123025058 -0.0498102643 -0.107036106 0.246226579 0.237403288 -0.0927191898 -0.0359954163 0.0290231667 -0.230319768 0.151086479 -0.0364291184 0.0265031271 0.115578577 0.0292439405 -0.00822584424 0.00394999329 -0.0147539489 0.0483940765 0.220023364 0.0602351576 0.105478853 0.115297526 0.0376331434 0.167799219 -0.0281200502 0.175663516 -0.119119823 -0.0572938547 0.233745426 0.0454758294
-0.0109202769 -0.00354710175 0.185525209 -0.321488649 0.00856319908 -0.122844063 0.00894331932 0.0390336998 0.0680792704 0.208995715 0.164332896 -0.106317036 0.0542441085 0.188005298 0.0475798957 -0.176270634 0.0352203622 -0.210042447 0.127189845 0.0630489886 0.1410321 -0.128812864 -0.159132123 0.0174488351 0.0518048778 -0.0729275718 0.0612168089 0.220839083 -0.114899278 0.172990799 0.123642869 0.13752152 0.160125643 0.151291385 0.388721645 -0.047108911 0.18868129 -0.0392730646 -0.00207729521 0.183772355 0.0475623235 -0.108791709 -0.134176478 0.0805327371 0.175558761 0.00374417729 0.161837354 -0.073522754 -0.0422625914 0.101099752 -0.0407679416 -0.0979649425 0.210821435 0.15200685 0.0263142418 0.21888949 0.0956408456 -0.20470117 0.180402771 -0.00124296499 0.211621374 -0.0182198267 0.04380228 0.24976097 -0.0728363469 0.0541235432 0.000218422676 -0.0181515887 0.127119005 -0.0790229589 0.381358325 0.0893458799 -0.0898587555 0.237287551 -0.00169516727 -0.141382784 0.240464836 0.20206964 -0.0766912475 0.186441973 0.196407124 -0.0257977024 0.203896269 -0.217771664 0.0741510913 0.13845934 -0.0297503322 0.0785498098 -0.197771192 -0.0566921271 0.275493145 0.0577012524 0.128520146 -0.0534146279 -0.0748197064 -0.0405823141 0.184759691 0.219968244 0.147536874 -0.0633279309 0.228326768 0.00147116813 -0.173078686 0.314858586 0.0670660883 0.108261697 0.285146832 0.117434353 -0.0399638824 0.0497798063 -0.152545229 0.0703890547 0.0659046322 0.200809658 0.205139786 -0.0779303014 -0.119825773 0.0709977821 0.0779664814 -0.0336517058 0.0760366917 -0.188927516 0.213872612 -0.0463825651 0.138496578 0.0815265402 0.0278112981 0.0401508063
0.185874924 -0.00691100815 0.223260388 -0.118736111 0.237292573 -0.0498994552 0.032792069 -0.00718872622 0.13431558 0.306468219 -0.160576671 -0.0818505362 0.193298221 -0.0382307582 0.111668721 -0.0448352471 -0.0351827927 -0.0808742791 0.0502680242 0.0432021059 0.1685967 -0.0177510679 0.0733685121 0.00736767193 0.342507571 0.330370933 -0.0358142778 -0.106958859 0.1636464 0.0928687528 -0.220583856 -0.0839321315 -0.167498946 -0.23448579 0.0330713652 -0.0934444293 -0.141348764 0.0777377561 -0.0432351045 -0.118996531 -0.0860253796 -0.034871079 0.105793364 -0.00480422378 -0.2200872 -0.0998004824 -0.0135259805 -0.0757296979 0.042315729 -0.046630986 0.348451704 0.153126031 0.0074162744 -0.161939204 -0.0850777403 0.121335976 0.131809548 -0.0235811044 -0.0912110209 0.217110366 0.0511446111 0.0748376623 0.109668612 -0.168883532 0.107772991 0.0722177699 0.255546957 -0.0496850051 -0.00467961188 0.161815867 0.143630072 -0.101986386 -0.0265608281 0.00546534453 -0.0415091626 0.119057767 -0.00986286812 0.227101073 0.031171659 -0.000940565136 -0.0252105854 0.305271357 0.143996671 0.164012194 -0.0550197475 -0.0504371487 0.0476437993 -0.0824107677 0.113336027 0.0312968828 -0.25374344 0.0831801817 0.0954104736 0.341028035 0.00871157832 -0.0673018545 -0.15070565 -0.0201442074 0.205492407 0.219012946 0.0437999889 -0.0320771597 0.0128748156 0.0914415121 0.0661472902 0.177637786 0.118640095 0.0262247398 0.240551874 0.0885404795 0.0679564625 -0.159729108 0.13993755 0.158504382 -0.0325446837 0.0574603118 0.0521074645 0.0152609618 0.139644578 0.221789464 0.0734760389 0.114359997 0.0942553654 0.00155072589 0.26829657 0.00952541828 -0.143016547 0.140811801
0.152486861 0.172696829 0.207821235 0.0159513857 0.150453165 -0.165708244 -0.0246657711 -0.00845224038 0.184601486 -0.0685817525 0.0317089856 -0.202687949 0.158858031 -0.109959438 0.0502316169 0.0282034241 -0.0405718312 0.138446704 0.220173106 -0.285213947 0.0597414635 -0.134662271 -0.208174095 -0.085181132 0.124004245 -0.113801993 -0.0730508044 0.0510468893 -0.0742419064 0.208152622 -0.0713865086 0.221169233 0.0227171332 0.042610839 0.249765024 0.0304051954 0.0428709537 0.0435441993 -0.157315642 -0.0431934819 -0.00884231366 -0.116468772 -0.115527466 0.0717796013 -0.102987312 -0.208202973 -0.0633804873 -0.167642012 -0.0730056316 0.0601403899 0.107919745 0.032479357 0.258235157 0.00844266731 0.154234529 0.0796562135 0.0760545433 0.146363601 -0.260832816 0.0553984977 0.234852463 0.112829313 0.184120163 0.0229145624 -0.14425087 0.168776453 -0.0386591218 -0.0670997351 0.0475858189 0.0533642657 -0.0796570703 0.0626475811 -0.277610987 0.10554792 -0.224417478 0.0589197464 0.141213104 0.0686233938 -0.232322961 0.102950096 0.00616013026 0.0812027752 0.0138312262 -0.0615926571 0.0615429878 -0.205965072 -0.212267533 -0.0697339103 -0.0845523253 -0.0709182248 -0.0718339011 -0.0682061613 0.135584861 0.132598788 -0.129796103 0.201871812 -0.0559246428 0.148846492 0.166557267 -0.26549533 0.15695715 0.195964679 -0.178511769 0.192282125 0.0845346823 0.0921185911 0.0727722719 0.0732010379 0.0670136064 -0.0186774731 0.257119805 -0.165182754 0.0816106945 0.143776789 -0.11706686 -0.0201942213 0.153745621 0.0213942975 -0.05506479 0.111367084 0.184204802 -0.201712668 0.0900931284 -0.128099203 0.159136221 0.0868458524 -0.0912876129 0.0425907485
0.0721093118 0.186333463 -0.148819655 0.346636802 -0.0376343727 0.0178714599 -0.0449053422 -0.0243149064 0.152058646 -0.208719239 0.1782929 0.00547407661 0.0195061062 0.0743223056 -0.0363138765 0.129009083 0.124924779 0.181642234 -0.0909539834 -0.0356383286 0.00165053434 0.241164401 0.172430232 0.1991124 -0.129495546 0.035093639 -0.0292810146 -0.0651441067 -0.018115351 -0.0841481537 0.0100180656 -0.132076576 -0.00414808979 -0.00369758275 -0.119891502 -0.0125888074 -0.0185972564 -0.00736696832 0.0980905965 -0.0246186312 0.0253279228 0.203826085 0.281254768 0.0073800683 0.116084278 0.276402742 -0.0454612412 0.0605475195 0.176642403 -0.00239907647 0.094473131 0.174229681 -0.0468108617 0.034237545 0.138656601 0.0480758511 0.0524321981 0.282594234 -0.0587856285 0.0408843532 -0.0763290524 0.0116225425 -0.00686504366 0.130702868 0.212882191 -0.163610518 0.0642522424 0.0615795515 0.133851394 0.108687244 -0.182745546 0.0368844755 0.113149405 -0.175541207 0.065213494 0.163324445 0.0757876113 -0.0392432846 0.30362913 -0.025319906 -0.0878809243 0.133454621 -0.170569658 0.180646405 0.167217091 -0.0795362741 0.0870695785 -0.0807949305 0.092087239 -0.00335896946 -0.0732381716 0.0709446147 -0.0366480872 0.136042953 0.123173036 0.200713053 -0.0165224858 -0.195060953 -0.0655174702 0.14452824 -0.127627715 0.0695034191 0.098765254 -0.0313100331 0.0575506911 -0.129319802 -0.113690294 -0.0107844034 0.00810512621 -0.0770918503 0.261525989 -0.0256075542 -0.0981517136 -0.141316086 0.0300065968 0.0642144755 0.204945594 -0.0820199698 -0.0188328233 -0.0211332161 0.013395383 0.226746678 0.0506090485 0.14552626 -0.0381958745 0.0831985101 0.0556537025 -0.121618167
-0.0763361081 0.0803100765 -0.113961592 0.377682894 -0.113349393 0.217459947 -0.024521865 0.0280553494 0.156303152 -0.0101875206 0.217782646 0.277682513 -0.0621755533 0.1449527 -0.0315442346 0.197645709 0.272289336 0.234006375 -0.0939880013 0.171803117 -0.0238068532 0.320592254 0.0405620262 0.188607544 0.0343551673 0.0100121191 -0.124448441 0.0289912317 0.177059382 -0.0833318904 0.149360925 -0.0913750827 0.210219294 -0.0207066797 -0.14224568 0.0383811407 0.0114936968 0.10535752 0.197787538 -0.0875649154 0.124149293 0.0550615527 0.196643367 -0.0779843628 0.263631374 0.263480961 -0.0187125895 0.190456435 0.304979652 0.0140504986 -0.0961020067 0.206956863 -0.120500475 0.0379374102 0.0364269726 -0.042275127 0.0521767847 0.510132432 0.0441092886 -0.0270134918 -0.222351938 0.00707992259 -0.00394856418 0.21340768 0.107684843 -0.154056698 -0.00886972807 -0.0849628448 0.120086081 0.143324569 -0.015835423 0.165431783 0.19532831 -0.105243698 0.0844817609 0.00541922636 0.136682063 -0.00124681974 0.140176654 -0.0742971748 0.0921043381 0.0431500152 -0.201971099 0.0445921756 0.176980108 0.0180138275 0.0744181424 -0.0221216157 0.220119983 -0.0378909968 0.158781394 -0.0270339586 -0.0835872665 -0.0384800993 0.194489971 0.221342444 0.106780715 -0.189803734 -0.00272532436 0.0969824791 -0.20889847 0.18395637 0.262625873 -0.0530760959 0.0966710374 0.0734473318 -0.102959059 0.0464237109 -0.0578250326 -0.040442884 0.292945206 0.052322451 0.0178209245 -0.178372994 0.173093826 0.1710217 0.186268434 0.0393075384 -0.0632346049 -0.0284702964 0.009772758 0.0985224769 -0.0653230101 0.234323114 -0.174878359 0.0779966339 0.442586631 -0.0427584201
0.0293525849 0.370265633 0.0165720694 0.239279494 0.0217196476 0.0422815196 -0.0258649923 -0.0106933881 0.268851459 -0.21954 -0.161309704 0.0897868276 -0.0408362746 0.0050289603 0.0409631096 0.0284966882 0.103526637 0.0241219774 0.0651446432 -0.185781375 0.0542061292 0.0771462396 0.214486316 0.0674430728 0.115759313 0.278347403 -0.166162446 -0.10836371 0.281521469 0.134635299 -0.164946079 0.00818534102 0.128058195 -0.141373888 -0.00353170186 -0.0490852483 -0.024746161 0.00485667447 0.0559215471 -0.398994088 -0.0258892551 0.00393388094 0.00862050429 -0.00641819835 -0.0484745055 0.0341986045 -0.187880397 -0.0225548744 -0.119119197 0.0963287801 0.141207784 0.0672003999 0.156361923 -0.0476444773 0.083362788 0.164762095 0.00374129158 0.320507079 -0.153028756 0.0714842528 -0.115761839 0.201931208 0.158358976 -0.0954197496 -0.0988981053 0.0687097013 -0.124874569 -0.0268435646 0.0682094991 0.058876805 -0.346192062 -0.130725652 0.0100793522 0.0113606704 -0.050498452 0.183740661 0.117938742 -0.100431606 0.202988192 -0.140414044 -0.083608754 0.172451764 0.0351136811 0.302389324 -0.0571936741 -0.163473055 -0.00487948116 -0.0385296792 0.0971031785 -0.0701663718 -0.215667993 -0.0703790635 -0.0891057327 0.428073287 0.0772106573 0.106371224 -0.0910212621 -0.056230057 0.0836473703 0.0588899292 -0.0772770867 -0.0705078915 0.109016903 0.0489537604 -0.0714146048 0.278949678 -0.144227937 -0.134123981 0.000929599395 -0.131759077 0.599997163 -0.108848244 0.0319464765 -0.0655713901 -0.191365644 0.160122886 0.0274141952 0.0631854758 -0.118037358 0.175451785 -0.0149215627 0.117716849 0.0873643383 0.0853473693 0.181499377 -0.0442277119 0.0597644672 -0.0712886304
0.232142597 0.0717664957 0.313861489 0.1137155 -0.0132449893 0.118212312 0.0725120306 -0.00103710243 0.0956016853 0.0649580732 -0.279243022 0.0341211371 0.0638217479 -0.0407402478 0.164396659 0.243194446 -0.010364607 -0.133608997 -0.199329957 -0.269136071 0.0882366151 0.178647041 0.341341406 0.144069403 0.0311378092 0.367470175 -0.263547868 -0.178855404 0.350395411 0.116329469 -0.161698207 -0.368164867 -0.144429222 -0.147844866 0.0344040096 0.0762262568 0.011579969 0.192758694 0.105930559 -0.155254841 -0.214187428 0.0823119432 -0.0701570138 0.0248036757 -0.0150337825 0.0230169501 -0.0514891967 0.0566376448 0.00389709277 -0.135930538 0.11897295 0.169116139 0.00846289098 -0.107455797 0.132996351 -0.0470360219 0.139705718 0.135144219 -0.210484609 0.0984658748 0.0508519225 0.0662686005 -0.0122413253 -0.212616473 0.183721364 -0.16167596 -0.035186816 0.0784124136 0.139028311 0.110900015 -0.558311701 -0.0332245678 0.232782826 -0.1491061 0.0146003878 0.205427945 0.0358613171 0.0470583364 0.215057448 -0.0251898337 -0.0163323544 0.307265282 0.175473347 0.198990181 0.0692304075 -0.226765558 0.145575002 0.00934959203 0.223312661 0.0413175635 -0.170197248 0.0533368215 0.142262146 0.29286176 0.156809568 -0.0721219406 -0.175454676 -0.0615961887 0.0382323898 0.202032045 -0.0102520371 0.0288885199 0.366700083 0.0914795622 -0.0727434009 0.17572166 0.0340763591 0.0122036301 0.0472334772 0.196013048 -0.252766669 -0.192244083 0.120633624 0.16396907 -0.149394408 0.172142506 0.118841603 0.017734779 0.176416159 0.224540964 0.178436801 0.274445772 -0.0275320858 0.142939374 0.157072842 0.0554425195 0.0211813692 -0.090473935
-0.00955850538 0.100132786 -0.307935148 0.319066495 0.0660682619 0.29523316 0.0120313857 0.0148025332 -0.0131487679 0.0951581672 -0.0706697777 0.150320351 -0.0240843669 0.065284133 -0.0673452243 0.111112311 -0.0227549728 0.224301323 -0.224642605 -0.388968349 0.0350058191 0.139435276 0.125992343 0.237828821 0.160427257 -0.000180639501 -0.0490791239 -0.0615942962 0.10501682 -0.170410395 0.0363732912 -0.294061631 -0.0798173696 -0.460212767 -0.316792041 0.288602829 0.231851548 0.277830929 0.39344579 -0.141439021 -0.182342187 0.248099193 0.0376475453 -0.041439455 -0.0585970543 0.10437832 -0.0225238111 0.336856157 0.204674602 -0.284129411 0.00197519828 0.195871904 -0.1487149 -0.159249246 0.0367455259 -0.141096577 0.0579075143 0.170106038 -0.00289418921 -0.0520435646 -0.445730567 -0.0694350302 -0.0638274103 -0.0492699854 0.0358328335 -0.110250749 0.129912511 0.0712639093 0.183354646 0.169150636 0.21257861 0.150607035 0.162305713 -0.266487688 0.271532267 0.159361362 0.0398626849 0.0423751846 -0.0109975729 -0.0882705674 -0.0362330936 0.0597683154 -0.0461526699 0.115177296 0.148874596 -0.157542214 0.0633697212 -0.0277845189 0.230762959 -0.0222450886 -0.144890562 0.0711670145 0.0124129662 -0.011059898 0.365660638 0.206630602 -0.144592285 -0.214621276 0.128887475 0.055246193 -0.0938313976 0.221974939 0.200170368 -0.140022993 -0.147696272 0.147409365 -0.280917674 0.151096672 0.0418958031 0.152058691 -0.16067335 0.0402584597 0.144252971 -0.149714157 -0.11336451 0.218373105 0.251900584 0.0701809898 0.0944792107 0.19920066 0.188489795 0.268020809 -0.197332621 0.198750809 -0.0704143569 -0.0649391487 0.266690105 0.182189852
0.0726735592 -0.0113734324 0.317733943 -0.429539979 0.217930019 -0.0136634707 -0.0411979295 -0.0702661276 -0.0839184225 0.229109019 0.0952919796 0.0573063828 0.300386667 -0.0669004023 0.128503487 -0.439271569 -0.154103532 0.00241285912 0.22278811 0.244594291 -0.0512057804 -0.183806032 -0.276446819 -0.102057867 0.129754484 0.300645143 0.118802309 -0.0343195237 0.136499047 0.123981334 0.174331725 0.311579794 -0.00886806939 0.105999485 0.0379344337 -0.074369207 0.047784999 -0.170241565 -0.0391867943 0.180486724 0.158872291 -0.0949807763 -0.0646246001 -0.010586001 -0.0523899384 -0.00463441852 0.0347302221 0.0594998635 -0.125562653 0.245878026 0.00594014535 -0.183041573 0.203425005 0.0744500309 -0.104621671 0.106888108 0.0896684378 -0.151485145 0.258996189 -0.0956252143 0.0667386353 0.160314575 0.0282602329 0.0368787535 -0.250858784 0.221425489 0.229543924 -0.0387368388 -0.135708556 -0.0122673912 0.301929712 -0.0316342711 -0.266141295 0.201477468 -0.11195609 -0.0388471708 -0.0583823435 0.242338777 -0.337262928 0.186738223 0.207658976 0.0756802261 0.301775664 -0.146391615 -0.196670294 0.177012175 -0.115479685 0.0180258378 -0.391705215 -0.0974907801 0.270583808 -0.0848079994 0.235194713 -0.0032550483 -0.277441263 -0.0261610169 0.170405701 0.166272104 0.173401564 -0.471268892 0.211987659 -0.24328512 -0.273862511 0.225164294 0.200273275 -0.0716641992 0.211422369 0.0864540264 0.306345463 -0.0848786905 0.00586681254 0.139430553 -0.0512338616 0.243703038 0.148812562 -0.117945448 -0.166698128 -0.0743674561 -0.104494952 0.00221011695 -0.00363730709 -0.361770064 0.176393345 -0.324632436 0.206102178 0.0557565019 -0.214961648 0.200409353
-0.328766435 -0.132022783 -0.368932605 -0.034231022 -0.0233695302 0.223303512 0.0356439538 0.0458101816 0.0701483563 0.0490765162 -0.0265565272 -0.122671634 0.0995671153 -0.0685862303 0.0408624187 0.0530047193 0.100576289 -0.0454395637 -0.108998805 0.0438268594 -0.100512818 0.0413670987 0.0334354639 -0.0405596457 0.033558026 0.057247106 -0.0775628015 0.108850822 0.0291834716 -0.0666267201 -0.027168747 -0.153706297 0.0371476486 -0.183859304 -0.0788233727 -0.109607629 0.0726763979 0.0691775754 -0.0563755557 -0.12866202 -0.0188788455 0.105189778 -0.11385788 -0.0106175318 0.117279217 0.0413432568 0.0617414042 0.242247224 0.13818723 -0.180194169 -0.0324921831 -0.0445161015 0.0572445802 0.0220355429 0.00220247079 0.028252814 -0.0395345949 -0.0702082813 0.110152088 0.148464143 -0.00275029801 -0.156401902 -0.0472661294 -0.00814860221 0.210752368 -0.0566204377 -0.0175937824 0.0501780473 0.2566199 0.123435788 -0.292553663 0.0286888815 0.018223092 -0.0987816006 0.233177468 0.0578622967 -0.123268187 0.0198771097 0.230153397 0.16699852 0.108978257 0.0673942044 -0.0103139775 -0.248466715 -0.166096196 0.0836643949 0.0407628119 -0.022196278 0.0674061254 0.0663475469 0.0379292257 0.00562171638 0.0597082414 -0.0446340628 0.174689934 -0.181403503 0.00527053885 0.00999704562 0.0125159286 0.381582886 0.0864824504 0.246706396 0.0507240333 0.136709839 0.0187139455 0.0183988325 0.199078768 0.102958746 0.0405995399 0.0793509632 -0.32365486 -0.0149892988 -0.0269404482 0.0695789233 -0.106082395 -0.0354706571 0.102406941 0.0117628435 0.17403692 0.00155835599 -0.0527409129 0.309914201 0.0198257491 0.166366369 0.0706790835 -0.0144338384 -0.0834397301 0.0775351375
-0.027439326 0.0108089 0.0783325359 0.0265178904 -0.0113059208 0.0731850937 0.0736461952 -0.0163508877 0.0153031647 -0.0743481815 0.0815501735 -0.0765098482 0.0599764958 -0.0538810156 0.0871591344 -0.0265808702 -0.0567678958 -0.0427244082 -0.0861674696 -0.0444484875 -0.0555639789 -0.0240080804 -0.0191186294 0.0443086699 -0.0367253199 -0.0311733373 0.0187200606 0.0214603096 -0.0624963045 -0.0779623985 0.077009894 -0.0129601434 0.0320232585 -0.0743816495 -0.0338116325 -0.0702913627 0.0279786289 0.041019924 0.0461000428 0.026517272 -0.0414304882 0.0449803099 0.0679991171 -0.0372201018 -0.0678510368 -0.0278690122 0.0780447051 0.0593308583 -0.0346018039 -0.0123509988 0.036134772 -0.0306456462 -0.0181193128 0.0582225546 0.00508289039 -0.0138497055 0.0353830233 0.0148403868 -0.0876524597 -0.0798540115 -0.0641638786 -0.058978308 -0.00642173737 0.0472611561 0.0444275364 0.0527398661 0.0352847427 -0.00983863324 -0.0353994966 0.000115543604 0.0797068402 -0.0501066595 -0.073747091 -0.0299637429 0.0691419169 0.0633491203 -0.045290865 0.0267406255 -0.00471597165 0.0557038411 -0.0110499039 -0.0543994196 0.0802093372 -0.0523901843 0.0351234749 0.0192791075 -0.0183431581 -0.0411572494 0.0705410913 0.0578785613 -0.0418781601 0.0848451033 0.0481972471 -0.0165243894 -0.0109679475 -0.0848780647 -0.0578360036 0.00909508765 -0.0843979344 -0.0874385536 0.0454458371 -0.0418802053 0.0723334476 -0.0532849729 -0.0760841221 -0.0349374078 -0.00914560258 -0.0765984207 0.0822212771 -0.0715059862 -0.0151752681 0.0234396309 0.00329834968 -0.0680247992 -0.00828973949 -0.0836713538 0.0228576884 -0.071194984 -0.029175669 -0.0414715186 0.0836202577 0.0104234442 -0.0410093255 0.0156533197 -0.0846733227 -0.00850661099 -0.0304156505 -0.0108308345
-0.0870479792 0.0314078107 -0.0347093046 0.0200078432 0.0665270314 0.0205790456 -0.0811072737 -0.0545222312 -0.102291785 -0.0156526584 -0.00454697618 0.0345125049 -0.0730095655 -0.0148653165 0.0430117548 0.0410892367 0.0242082458 -0.0350130238 -0.093619369 -0.0164315123 0.000355039781 0.0172796901 -0.0627491996 -0.0586317554 -0.0412339754 0.032695733 0.0413706973 -0.100275382 0.020085372 0.010350869 2.48733795e-05 0.0768335909 0.0240682214 -0.0596620813 0.0479271822 -0.0134387072 0.0440967791 -0.0939850807 -0.0413775928 -0.104353346 0.0150218662 -0.00107438676 0.0783751458 -0.0104825199 0.0398786068 0.0345068537 0.0645586252 -0.0686675683 -0.00756241055 0.0162783097 0.0422020406 0.0108019356 -0.102669328 0.056715548 -0.0062327222 -0.0663618818 -0.0283806138 -0.0878058076 0.0153025547 0.0965748206 0.0334114656 -0.0220414717 -0.104826212 -0.0805712268 -0.0783617124 -0.0673118606 0.0584932864 -0.0412177704 0.0138707664 -0.0433053412 -0.00578584848 -0.110266976 -0.00693055522 0.046040345 -0.0869067237 -0.0464747734 -0.0321894325 0.0343060493 0.009205685 -0.0642239824 0.0457603149 -0.00670522777 -0.0360763185 -0.039677415 0.0217465442 0.0358072296 0.0549793206 0.0400587395 -0.000772876432 -0.0777320489 -0.0202715602 -0.0184851512 -0.0197290685 0.0561136529 -0.0402145796 -0.0186587628 0.0415553972 0.00453165825 0.0379523113 0.0388131328 -0.0424436033 -0.0133898314 -0.105772555 -0.0262169614 -0.0789666399 0.0295404829 -0.0545647852 0.0411195382 -0.0815152898 0.00135041436 0.0100400327 -0.0150621478 -0.0870910436 -0.0783924907 0.0390912555 -0.00647816993 -0.07121519 0.0345574021 0.0431890376 0.012651938 -0.0449101552 -0.0052208174 -0.0950873196 0.0282616634 -0.0604741573 -0.0655362904 -0.0348413847 -0.0742322132
0.0567682125 -0.0248794761 0.183952063 -0.172688887 0.249969423 -0.342983454 0.0590571202 0.0169888511 0.00268553128 0.203696966 0.0721851662 -0.157199427 0.198132411 -0.142795458 0.15743199 -0.0316616334 -0.0188439041 -0.0280692875 0.142963082 -0.0371690653 0.163380191 -0.0439468771 -0.187239632 -0.20743449 0.28944248 0.0409902036 0.0893028453 0.0468892343 -0.0793972388 0.0934944451 -0.140736625 0.287840456 0.0966630727 -0.0566353537 0.0240428727 -0.00636624219 -0.144016087 -0.0493606739 -0.128119394 0.123241566 -0.0231854692 -0.246991038 -0.0849635825 0.0622956231 -0.189740896 -0.425399721 0.159101218 -0.166277379 -0.180155575 0.122603424 0.191622376 -0.243024454 0.146763206 -0.0032291133 -0.101768821 0.113648593 0.0753949583 -0.0439136699 0.0559055656 0.194451809 -0.00412215339 0.168376237 0.181133389 -0.129961714 -0.148107097 0.199098229 0.129256517 -0.0321247019 -0.118762076 -0.0615185425 0.257059038 -0.0940428227 -0.301325738 0.302149564 -0.171116993 -0.0563272387 0.1634911 0.114573404 -0.309378088 0.0995051339 0.182818472 0.166090801 0.0905332267 -0.116002388 -0.0542342924 0.0417175777 -0.155131117 -0.0101910457 -0.138700768 0.0110753141 0.017934626 0.023244299 0.193139717 0.216629282 -0.215783939 0.0361142159 0.149128065 0.248379782 0.155417278 -0.161557615 0.123272844 -0.0813945159 -0.266930342 0.117306285 0.255417258 0.179186493 0.269192308 0.109910078 0.0864778981 0.0510856062 0.0830766112 -0.0509486683 0.0856046602 0.177190617 -0.0150179118 -0.0468502864 -0.0896200165 0.0129492264 0.057643231 0.167937621 0.177711174 -0.379793555 0.0974769518 -0.0479062162 0.153224856 0.0813897923 -0.13382563 0.142438471
-0.00731040165 -0.0248204414 -0.0638634712 -0.0227520093 0.0374697484 -0.0534751453 0.0202456489 -0.0615838021 0.0588002913 -0.091282405 -0.0434896201 0.0587503985 -0.0352955833 -0.0587995499 -0.0283028465 -0.0443796515 -0.0611113943 0.0386521295 -0.00869567599 0.00472075725 -0.0911206901 0.0174690261 -0.047905419 -0.0924332812 -0.0566075444 0.0580910258 -0.100365691 -0.0576039217 -0.112085938 0.0280326251 0.0427035056 0.0019937139 0.0524130426 -0.00649898453 -0.0240971036 0.0699357837 0.0585037544 0.0675809979 0.0295634996 0.0669368058 0.00830079895 -0.0445139781 -0.0802209675 0.00539170951 -0.0497726463 -0.0727314055 0.0223048273 0.0533215925 -0.0872367397 -0.0866716579 0.0317980535 -0.0927152187 -0.102651961 0.0180876814 -0.0979537144 0.0159133859 -0.0677161515 -0.0196236763 -0.101458035 0.0618362427 -0.0309908334 0.0726633146 -0.0184196066 0.00969961192 0.0271877795 -0.0823805928 -0.0433724448 -0.0097241113 0.0414156727 -0.0324973464 0.0873906091 0.0662445575 0.0097730523 -0.110176101 -0.0388413928 -0.0990255252 -0.0965733305 -0.0221355129 0.0710936785 0.0413865671 0.00350909843 -0.071019657 -0.0896868333 -0.0435063764 0.00871284772 -0.0281900559 -0.0735552311 0.0428394601 -0.0892438665 0.00320358272 -0.0457177162 0.0866392329 -0.0971088335 0.0452688485 -0.0276514329 -0.077895686 -0.0532893986 -0.0321366414 -0.0167833269 0.0160772689 0.0378997438 0.00501058716 0.0391083807 -0.0861728787 -0.0649591535 -0.0868731514 0.00854112767 0.07016965 -0.0877569541 -0.0304351281 -0.00868623704 -0.0696961209 -0.0797776207 0.0360181667 -0.0567151457 -0.0735522807 -0.0242638662 -0.0739715099 0.0711001307 0.00798706431 -0.0328538865 0.00702541787 0.0460996591 -0.0114236865 0.0158400591 -0.0821450278 0.037888173 0.0508846864
0.0038716828 0.238815203 -0.0687184259 0.154063627 0.0647318065 0.195774809 -0.0702395588 0.0049586799 -0.0563995317 -0.0675585121 -0.105284937 0.257617414 -0.159139067 0.162070945 0.0068759881 0.221354827 0.12207818 0.0919326395 -0.266468823 -0.093664661 0.107650004 0.252324909 0.074032031 0.280620426 -0.00102190871 -0.0604643449 0.0494075455 0.0439260267 0.171307385 -0.118213877 0.0535741933 -0.29987514 0.0410276838 -0.276192307 -0.177359208 0.245851874 0.243127018 0.0274148919 0.168142363 0.0167206153 -0.0314058922 0.249340013 0.156475008 0.0761871114 0.164719552 0.160139054 0.0614496693 0.183112428 0.190794542 -0.20670937 -0.0757673308 0.141430795 -0.0563032106 0.031933032 0.125593454 -0.0876020268 0.0511085577 0.221033931 0.171593174 -0.00558441691 -0.206924081 -0.052375678 -0.0666396618 0.0113478685 0.224383742 -0.12686111 0.0905941203 -0.0549153015 0.0336098373 0.180505738 0.0896818489 0.0269448813 0.209329039 -0.0912469178 0.242361188 0.112987161 0.137507379 -0.0927141681 0.241883919 -0.0118303774 0.0133925285 -0.0945705324 -0.264074504 0.145019844 0.124754287 0.0773794875 0.0750605986 5.0522387e-05 0.08393538 0.0439218879 -0.0672818869 -0.0493208431 -0.054456614 -0.101177089 0.168335915 0.107851602 0.0104207601 -0.0789990127 -0.0403882749 0.181333423 -0.184165865 -0.0159230549 0.204361826 -0.0178427864 0.00615720311 0.0587971099 -0.147604525 0.00326240924 0.00969025772 0.20053269 0.0955918953 0.0236968677 0.0849968642 -0.0830976889 0.121579178 0.0679125935 0.145641685 0.0420166701 0.0409182906 0.0483684577 0.0600521602 0.219729379 -0.219447494 0.269347131 -0.1347799 0.0127632841 0.304094315 -0.0428494923
-0.133410975 -0.115158841 -0.159937724 0.576714575 -0.0428547487 -0.0383108221 0.065186508 -0.0966568962 0.0740578175 -0.0354105271 -0.156010464 0.0336806439 0.0335160457 0.0302777924 0.0652432963 0.315359294 0.156162977 -0.0166719835 -0.067643702 -0.113264471 0.107723266 0.247276068 0.189094156 0.0573801398 0.0664715469 -0.0461439043 -0.085456349 -0.0963313356 0.114595532 0.0620623119 -0.152346984 -0.134774134 -0.0853624269 -0.103946291 -0.137857229 -0.127531812 -0.120910324 0.164873526 0.104331613 -0.162725031 0.0186198261 0.0314580202 0.0731198117 -0.0855615363 -0.0243029017 0.17664668 -0.0653774068 0.0295020118 0.253910571 -0.0138583696 0.137128934 -0.0772931427 0.0690038055 -0.24902977 0.116607971 -0.0319104344 0.00633808644 0.236840412 -0.224733785 0.139136359 -0.0433405526 -0.00380636565 -0.0490370989 -0.217897296 0.241405696 -0.0102741141 0.0355277508 -0.0140779791 -0.00228621741 0.180454105 -0.0807082355 -0.042439159 0.162570924 -0.100031815 0.129656702 0.181113482 2.81916582e-05 0.0382181294 0.321291417 -0.00689902809 -0.0832579061 0.0135086318 -0.0686595961 0.198793441 -0.025053462 -0.143743202 0.136346504 0.0748189613 0.331117123 0.0787158683 -0.307027996 0.0733987764 0.0153473886 0.0360219218 -0.0525850058 0.0785598233 -0.0981045812 0.0217404068 0.139125317 0.421339124 -0.101281591 -0.00626106141 0.309156299 -0.0300225243 0.0339651704 0.140581191 -0.093009837 0.0268035252 0.025432229 0.038374953 0.295399159 -0.120094821 0.127292618 0.0606599897 -0.0709744394 0.115751758 0.0231861379 -0.0299260896 0.0341912322 0.112039149 0.0852621719 0.356782377 -0.0448021889 0.421127886 0.0311871711 -0.0115266219 -0.0200873073 0.114133209
0.140337855 -0.164297119 0.0848813057 0.103632979 0.24888207 -0.105771899 -0.0549822226 -0.0706933811 0.0941425115 0.0578948706 -0.254795015 -0.0776888654 0.026846014 -0.0136761731 0.282695323 0.00297457003 0.052812513 0.100975975 -0.10463912 -0.046548862 0.264189661 0.0140362885 0.0582289696 0.00105659198 0.114659794 0.0533503108 -0.00326333591 -0.385643333 0.100841068 0.107913792 -0.124613017 -0.108678766 -0.232592106 0.132512555 -0.00671249349 -0.00229815859 -0.206394985 0.0826466009 0.0892281607 0.00591274863 -0.14008081 -0.000986590283 -0.0409288183 0.0509040728 -0.14938587 0.0711642653 -0.0967752934 0.00841973722 -0.114582926 -0.0815299451 0.240891412 0.0561159104 -0.0140667548 -0.176586106 0.141155958 0.0615547299 0.076893419 0.0159818083 -0.0225718059 0.241155222 0.101298697 0.0548017509 0.0436644889 -0.331247687 0.144141391 -0.06162012 0.0637994707 0.0539822206 -0.117766418 0.0527381971 0.0928814188 -0.104517102 0.058670409 -0.0517021306 -0.0981303379 0.0858021677 0.0743269026 0.100154907 0.107356533 -0.0245300606 -0.0665850341 0.161089182 0.174923286 0.174704507 0.0790249109 -0.0833251253 0.131476969 0.0194369033 0.0945579633 -0.0261707809 -0.134797379 -0.0221647844 0.0922591984 0.153718755 -0.0768415183 -0.064679347 -0.209163934 0.126549631 0.144967914 0.0693289265 0.0982077718 -0.0553049333 -0.056629166 0.107147239 0.0143186338 0.199844524 0.176404864 0.0155117847 0.185439825 0.0850620195 -0.0439014137 -0.187243819 0.110502407 0.0265494063 -0.0787725374 -0.00153936865 0.00406245748 -0.0353201404 0.151217356 0.186466277 -0.0118591432 0.0835700035 0.0996313691 0.0877405405 0.223309055 -0.0321994126 -0.242179766 0.0583777279
-0.0142227784 -0.062660262 -0.0457207561 -0.0563007332 0.0823999196 -0.0053980723 0.0769290552 -0.0619641803 0.0259361789 -0.0852531046 -0.0437057652 -0.0476021506 -0.0849612802 -0.0816318095 -0.0650404319 -0.0153827071 -0.0432422571 -0.0815595463 0.00396028953 0.0207956545 0.0130576724 0.0568827912 -0.0127327945 0.0610619932 -0.0160814468 -0.0163531583 -0.0142617095 -0.0548856445 -0.0340329893 0.0182849374 -0.0654311851 0.0213715881 -0.0853570327 -0.0219792575 -0.0304956827 -0.0462886021 0.0555605404 -0.0824607909 0.0264405496 -0.0958905369 0.0406669825 0.0719302073 -0.0195466559 -0.00650311261 -0.018797515 0.0494270138 -0.0134112285 -0.0310723111 0.0651763007 0.0638398156 -0.00650217244 -0.0570108928 0.0398305431 -0.0519790314 -0.0622415505 -0.0666637197 -0.0064159655 -0.0459635779 0.0513811447 0.0554196127 -0.0464216545 -0.0461029373 0.047686547 -0.0640465245 0.0500438176 -0.0146074975 0.0522238202 0.0448361263 -0.0707843974 -0.0744078383 0.0388300344 -0.0539812222 0.011980121 0.0158299301 -0.0828114823 0.00465606945 0.0462059751 -0.0139799351 -0.0544187315 0.0652709156 0.0590950549 0.0176946353 -0.062547572 0.0450291634 0.0164045487 -0.0653318316 -0.075760074 -0.0366473682 0.0783077106 0.00432451535 -0.0142158624 0.0407365337 -0.0595144592 -0.037055593 0.0047119637 0.0711312965 -0.020821752 0.00339080952 -0.0854237303 -0.0878988206 0.00935212243 -0.0131185176 0.0638525635 0.00606208062 0.0687109083 -0.0303531252 -0.0423140116 -0.0214563049 -0.0516077802 -0.00542278448 -0.0807511657 -0.00565879326 -0.000623711443 0.0182696078 0.0765595511 0.0201206598 0.00937635917 -0.0577297918 -0.0394598171 -0.0462184511 -0.074620463 0.0493018925 0.0683278739 0.0526985675 0.060492523 -0.0485507362 -0.053624507 -0.041920308
0.0996607468 -0.285558403 -0.107577719 -0.105548441 -0.103467226 0.135223627 0.0748625174 -0.0843013152 -0.0932401121 0.188138768 0.0362787955 0.101755604 -0.0974861383 -0.0519619696 0.04369675 0.0156422928 -0.0180851147 0.15515767 -0.07389348 0.115713492 -0.0218318179 0.128951371 0.0405951962 0.0175038557 0.0296552591 -0.0327844135 0.200731426 0.277532399 -0.183149889 -0.151933327 0.142965063 0.0916584358 0.11386437 0.049964156 -0.0737697482 0.240885809 0.301375151 0.00724716485 0.221052587 0.117648795 0.112126522 0.215143517 0.164762512 -0.075515382 0.0318231024 0.0349777974 0.135476619 0.125219598 0.125389755 -0.159738377 -0.0267811399 0.138333246 -0.0171576664 0.0647389144 0.108787656 0.00602921238 0.0939946622 -0.21925962 0.263088822 -0.0963046253 -0.133241519 -0.183958277 -0.212327272 0.121645562 0.130372107 0.00429635542 0.0716478005 -0.0294278637 0.0800487846 0.0260370448 0.195267394 -0.000462724187 0.213170573 -0.0610015653 0.19299303 -0.0833512619 0.0173943304 0.122515395 0.217630401 0.0561814867 0.0822045431 -0.145385996 -0.121498033 -0.0558442064 0.0845735297 0.136042774 0.101450123 -0.0508716144 0.0651259795 0.0701242834 0.200654402 -0.0397198424 0.0706588104 -0.116445929 0.0836654082 -0.0170961488 0.0652777702 0.0534848757 0.0734183416 0.182147086 -0.0612367205 0.133141801 0.136427045 -0.00152980851 -0.0114638386 -0.168660432 0.157387659 0.114313342 -0.0711383745 0.0668618008 -0.30363223 0.0974092036 0.0359901153 -0.0352087691 0.12947613 0.0147793535 0.0706646591 0.0142013943 0.0282825343 -0.0323957503 -0.0752116442 0.0443239436 -0.0755320117 0.112418003 -0.204572514 0.0389297232 0.137650564 0.336962283
0.138594732 0.211189717 0.168831021 0.0582869314 0.104609251 0.0857560262 0.0644953772 0.0673145577 0.189220428 0.188679323 -0.113351196 -0.0522620529 0.105103403 -0.0425152108 0.135097921 -0.0249100365 0.0123593695 0.00931672007 -0.103001349 -0.187906161 0.13785772 0.029186124 0.149253055 -0.0450870208 0.261607111 0.380045861 -0.120083764 -0.087242566 0.328915864 0.0147035997 -0.129124731 -0.0628133789 -0.072210364 -0.104174294 -0.15928489 0.197627619 -0.222342417 0.106479235 0.0209135748 -0.0954899117 -0.138717592 0.0759697482 0.080069162 -0.00813154131 -0.0971340314 0.128714621 -0.0344233736 0.0497203954 -0.0448493473 -0.0084955357 0.291101247 0.0932890922 -0.0540390909 -0.0676417723 0.122163363 -0.0512627773 -0.0456936806 0.213536352 -0.104058914 0.149309412 -0.118161611 0.226322025 -0.00706419256 -0.15176934 0.0391036272 0.0297714043 -0.0365211777 -0.03370988 -0.0623450689 0.244787663 -0.179702714 0.00353073375 0.148053929 0.0433255844 0.00315385684 0.23932834 0.134684861 0.0878497884 0.158569172 -0.0993345007 0.00104185799 0.293428302 0.165629476 0.273161978 0.0356722996 -0.0705098882 0.0632197186 -0.00731725246 0.141432479 -0.0145927556 -0.220043927 -0.0316392891 0.0392307118 0.362511307 -0.029537145 0.0960661322 -0.155616641 0.0520045236 0.0795184076 0.195989624 -0.0291407835 0.0588206798 0.052715499 -0.0488788597 -0.0827832371 0.30942148 -0.160713613 0.114424862 -0.0200882722 0.158668131 0.0423406512 -0.186929688 0.167424545 0.0262927655 -0.0924267694 0.176960617 0.157524437 -0.0375663824 0.207058221 0.20890145 0.0222521219 0.259901285 -0.0979390293 0.0628452525 0.281505257 0.0046409443 0.0288930777 0.0418278277
0.352672189 -0.153334662 0.279019713 0.0643220022 0.251570314 -0.0648219809 -0.0694601163 0.0189951211 0.145457998 0.15049693 -0.222738206 0.0424592271 0.169296294 -0.114477761 0.356265575 -0.0911953822 -0.0116115883 -0.0749452859 0.0494605638 -0.138344094 0.119503081 0.0181971379 0.0346055701 -0.0723261386 0.115531214 0.0931762606 -0.230323851 -0.429039687 0.206585258 0.0840025246 -0.226763338 0.0788325518 -0.281795651 -0.134774923 0.181756333 0.0218035523 -0.185150519 0.195113763 -0.064285405 -0.0558819287 -0.269964308 0.10942439 0.119180709 0.0598837361 -0.201592222 -0.0825084299 0.00468051014 -0.00641892524 -0.143476427 0.0267192926 0.0872827321 0.0386847034 0.183545351 -0.208399221 0.0378656499 0.0288192872 0.0655062348 -0.139295354 -0.148165718 0.288313657 0.119944654 0.147086471 0.118537776 -0.362713844 0.0232738797 0.0554774217 0.149874091 0.035531152 -0.0909271687 0.0692060813 0.211656049 -0.165418863 0.0348534882 -0.00488974713 0.00250243256 0.0705858395 0.100292861 0.10299699 -0.00164855458 -0.0708355829 -0.106283523 0.105928808 0.159652054 0.282644242 0.148736209 -0.243332222 0.136150017 0.0288785547 -0.118684486 -0.0417825393 -0.287873358 -0.0517247729 -0.0134108178 0.148546204 -0.183751911 -0.0430698097 -0.190032646 0.185391426 0.174058139 0.116621725 0.117723711 -0.129203826 -0.140924469 0.139167964 -0.0614123605 0.0967786908 0.115436196 0.054448694 0.163633347 0.136105821 0.0778960586 -0.122488022 0.229122281 0.0705178082 -0.289880425 -0.0143551575 0.070395276 0.00951298699 0.265423745 0.138610154 0.0393112637 0.0598810241 0.0949344411 -0.0190978162 0.178688258 -0.0693322495 -0.185250685 0.211081117
-0.254703999 -0.0946233496 -0.0556454062 -0.110366926 -0.300471604 0.106710702 -0.0100391442 0.0385589972 0.214789033 -0.142619625 0.0448649898 0.0339333341 -0.0256773122 0.00985680986 0.0342990495 -0.0763026923 0.0840746388 -0.328111649 0.0388575643 -0.00840239041 -0.171606854 -0.229377106 0.0356025845 0.0781424344 -0.0720929056 -0.0948113874 0.105276711 0.273918748 -0.275545001 -0.0692082644 0.187693402 0.0957997739 0.0913334489 0.192706704 0.194803923 0.0127623538 0.312700897 -0.119176768 0.129710063 0.0243207086 0.177240878 0.0620433725 -0.0940550417 -0.0742709413 0.170939729 0.0769751444 0.0862705931 0.175495178 -0.0472863689 -0.0145638539 -0.147443399 -0.0977439508 0.14864412 0.177396521 -0.038951762 0.108995661 0.0174344666 -0.0703724846 0.0948128924 -0.0520460419 0.238865748 -0.203087717 0.0475774668 0.180642888 -0.138422668 0.152376428 -0.21338439 0.00166153745 0.18143104 -0.204650491 0.0319953114 0.0691358522 0.118198022 0.119222514 0.00815103855 -0.204985723 -0.104333065 0.119201124 -0.0137286028 0.262320399 0.0812330246 -0.169105604 0.069231607 -0.139564708 0.0464300513 0.135517493 0.0336219072 -0.0849000216 -0.0592532977 0.00426697778 0.202438921 -0.0161950141 0.0662383288 -0.0377076603 0.126674771 -0.131724283 0.0445032194 0.0320625007 -0.00214276952 -0.0613700673 -0.0127958441 0.175546795 -0.0609710813 0.0756511316 0.139916286 -0.124050498 0.233024925 -0.0625179112 -0.187816858 0.105861917 -0.421774477 0.171953291 -0.0432559438 0.0693144053 -0.0634209514 0.00451486977 0.0359366871 0.0132342065 -0.055010628 -0.0147813214 -0.0721875727 0.102219842 0.0481465906 -0.124929249 0.0974788219 -0.00744922459 0.0975134969 0.0278427619
0.253733128 -0.197617501 -0.0163062587 -0.0371076725 0.105749115 0.0200079083 0.0456741527 0.065984197 -0.125636339 0.0971251726 0.26847443 0.171055689 0.0438578203 -0.0331524834 -0.0394112989 0.0909362137 0.0237554591 0.326833338 -0.0731380135 -0.10466361 -0.0329504311 0.174006686 -0.022685919 0.073023729 0.0352055728 -0.0495596826 -0.155612975 0.131359786 0.0243870132 -0.0198432747 0.119510099 0.118409231 0.000219779933 0.200375408 0.0292794723 0.102217749 0.184898257 0.12137524 -0.0447700396 0.124644309 0.0426745154 -0.0407315344 -0.151361436 0.044342421 -0.0625514984 -0.00422643544 0.0192297734 0.0247451104 0.0481137559 -0.0397907272 0.1084354 0.131084815 0.00276649813 0.0431069992 0.0975005105 0.0235390067 0.019358702 0.0782773122 0.014136239 -0.0856858045 0.0298157651 -0.150285035 0.0245672613 0.0466821417 0.0693551004 -0.104858086 -0.0219472498 0.0461698622 0.0872378796 -0.156658635 0.0397938639 0.214176625 -0.0775504857 -0.111687101 0.183630273 0.0387235358 0.0128129451 0.0234593078 -0.171700045 0.0647658035 0.0170271527 -0.092545487 0.15171133 -0.114398241 0.0101098521 -0.0275145322 -0.137443244 -0.0821238086 -0.00601027766 -0.0631520301 0.225981414 0.0597989783 0.113122538 -0.100746647 0.0500676036 0.185580119 0.0102730859 -0.0322938822 -0.0206836388 0.0567841902 0.0124611566 0.170495912 0.152369916 -0.00462989789 0.0347597301 -0.185379162 0.173063308 0.0933159441 0.0828985572 0.055155322 -0.140644237 0.0441093892 0.0872807354 -0.0384534746 0.0597212985 0.0549222305 0.199932978 0.0964799896 -0.0748043656 -0.014426101 0.100624137 -0.0503135398 0.0804673582 0.145358741 -0.120400615 0.0208830237 0.0591914468 0.172651157
-0.00178986276 0.243133545 0.148598433 0.103129193 0.185991615 0.0830826908 -0.045259703 0.0554310009 0.141091719 0.114840187 -0.220522955 0.0597610921 0.089470908 -0.218718186 0.144819617 0.042073667 0.0693546683 0.236445114 0.0792971328 -0.259273648 0.198975727 0.0187957902 0.0607714802 0.0706596375 0.180055484 0.336569905 -0.231756017 -0.35839209 0.204308167 0.119799547 -0.262175113 -0.100894973 -0.134393319 -0.145791128 -0.0637473986 0.00136115577 -0.206448182 0.227448732 0.108609959 -0.540316105 -0.231316477 0.11303816 0.121106923 -0.0275639221 -0.307680964 0.00524600968 -0.109727956 0.0727960914 -0.0301308278 -0.120786488 0.369040161 0.123894699 0.0650199503 -0.32612592 0.167083725 0.0367470309 0.0126685668 0.166319907 -0.243541017 0.133625656 0.0323952101 0.290245861 0.0672522485 -0.312980741 -0.0588604882 -0.00246392307 0.00905464962 -0.0629360899 0.0746171474 0.247019053 0.202568084 -0.0797973126 0.079455331 -0.0977110416 -0.0104862284 0.381604016 -0.0168713909 0.0529414788 -0.122952655 -0.218731716 -0.176480755 0.316309035 0.141188592 0.29749167 -0.00140773295 -0.272496462 0.105359443 0.0630526468 0.0216488205 0.00452420348 -0.152108863 -0.0215180963 0.020293327 0.327633977 -0.00359715428 0.13643083 -0.13579683 -0.101681918 0.224048749 -0.055138167 -0.147331461 0.124927118 0.0193976443 0.03089072 -0.00275170151 0.293131411 -0.0885740072 -0.0519968979 0.141946852 0.0302938707 0.323822081 -0.146867916 0.130511269 -0.0607158467 -0.264071226 0.160915285 0.188860402 -0.0482845046 -0.0103183743 0.315754741 0.175961822 0.311985821 0.0930695757 0.0641159639 0.233857647 -0.0657351911 -0.0188374296 0.00503570633
0.182124764 -0.175761193 0.184360877 -0.247578382 -0.00283033494 0.0179258212 0.0140491193 0.0187626984 -0.15916948 0.0132499058 0.16253221 0.0238123704 0.170590758 0.0520688705 0.00621026475 -0.00531819696 -0.0749983713 0.24214223 0.022983972 0.025526084 -0.00857887417 -0.051683858 -0.0200862829 0.0181779265 -0.0791870803 -0.144062206 0.101628155 0.170389131 -0.226024553 0.0680878758 0.145148754 0.125262067 0.107896894 0.296250343 0.0538720712 0.122626498 0.0822255537 0.12993671 -0.0494289324 0.134029686 0.132619232 -0.0100452555 -0.130378723 0.016213648 0.070235543 -0.00903217867 0.0979654267 -0.167917237 0.0376835205 -0.019776877 -0.103913009 -0.103976376 0.0323716253 0.166085362 -0.00180010544 0.138051927 -0.0565066226 -0.00354775833 0.098969236 -0.0391523428 0.194606617 0.0170726497 0.0798670501 0.0503541939 -0.101543091 -0.0553059578 0.0955304801 0.0259500872 -0.158170894 -0.154721484 0.279733539 0.160390168 -0.024226306 -0.153667256 -0.016853977 -0.02010867 0.0337732546 0.080905579 -0.0898399353 -0.00656813849 0.0561431907 -0.138810709 0.0921590254 -0.315184921 0.0208908506 0.121179797 0.0390277654 0.086713098 -0.169934943 -0.0261757262 0.302687705 0.0452288464 0.0929712728 -0.0428367592 0.0209619384 0.0657571331 0.024384452 0.0621879473 -0.156734288 -0.216186583 0.0158353951 -0.0371551551 -0.0417097434 0.100009859 0.145859435 -0.0993392318 0.160610273 0.114116602 0.0844307691 -0.0161294211 -0.0924656242 0.166965395 0.00903872121 -0.116045646 0.181176409 0.0839947835 -0.00876982696 -0.00713214651 -0.0539709367 0.000149202911 -0.0285983328 -0.188822433 0.0880683288 -0.0689774007 -0.0403821655 -0.00371070206 -0.0865727067 0.0741889179
-0.949070871 0.390589952 -0.574566722 -0.0597253554 0.0115546761 0.127042189 0.0711332783 0.0679701343 0.0251445752 0.0512387902 0.000633679156 -0.205282092 0.145563543 0.0693912953 -0.125774503 0.0306467079 -0.0325629227 -0.541641951 0.075164333 -0.126252607 0.0130154034 -0.121425964 0.0964827612 0.0110228667 0.391195029 0.0844611526 0.181392685 0.167441815 0.272385091 0.0890359282 -0.112932749 -0.0891204849 0.16399394 -0.274239689 -0.0660091192 0.235584393 0.171003655 -0.204336405 0.00366556179 -0.601258159 -0.00140378764 0.0706026778 0.134616598 -0.000398501754 0.110150382 0.163123339 0.371742308 0.0992744863 -0.0766175464 -0.192509308 0.0159766208 -0.110925213 -0.0422779731 0.111394651 -0.498412222 -0.044301752 -0.216904283 -0.322397232 0.198628336 0.142355189 -0.189914972 0.0475397632 -0.00836814288 0.074402526 0.120307155 0.0895349905 0.0791941136 -0.0508419015 0.355575621 0.126483828 0.062303476 0.107914932 0.101085134 0.36826542 0.0274266265 -0.163474381 -0.115815423 0.0781778768 0.253322095 0.141718701 0.335531473 0.280252248 0.0517675765 -0.25052616 -0.0513072498 0.149503186 0.0838043243 -0.0409374125 -0.161703035 -0.0499783643 0.105905429 -0.045973327 0.297987372 0.0129858945 0.0913917944 0.0350535586 -0.0768425986 -0.00290270546 0.035436295 -0.0367409214 0.250511825 0.240484804 -0.0886537209 0.116024628 0.115719512 0.212961331 0.124641605 0.00189264258 0.00657080021 -0.0264118705 0.0493582711 0.0703223124 0.167714447 -0.0781029835 -0.282697916 -0.215816572 0.038638521 -0.0213074367 0.00300779147 -0.216465488 0.00102055236 0.0379203632 -0.0270617064 0.144855604 0.000279400178 -0.011694178 -0.0921106115 -0.176595375
-0.251301467 0.0634674206 -0.136784345 -0.117914207 -0.200885415 0.248918384 0.0788957998 -0.0558932982 0.115765646 -0.148909643 0.193751112 -0.0231194235 -0.058048144 0.019972641 0.0797017813 -0.0131430961 0.00979324523 0.2560561 0.15587236 0.192901105 -0.0699674711 -0.0296806134 0.152125463 0.0266284607 -0.0434005782 0.0488788821 -0.0523284078 0.201412782 -0.370699197 -0.110208564 0.222965389 -0.0401793607 0.0709161237 0.144596174 0.0787806585 0.0435251072 0.171144858 -0.0348474234 0.0102755185 0.062418595 0.0185543448 0.101522118 0.0457478352 0.0523649827 0.101846479 0.107856296 -0.0830663964 0.156955197 -0.0828534365 0.129802614 0.0787326545 0.10795328 0.0310987383 0.0901355892 0.151792094 0.0562083237 -0.117431767 0.201476648 0.126741722 -0.141631991 -0.0919067189 -0.0407094359 0.00417338824 0.00503027858 -0.0742571801 0.0222650561 -0.0951904431 0.0810069218 0.171943247 0.123592839 -0.0528564081 -0.0170226395 0.224238247 -0.049982585 -0.000192893815 0.0101496177 -0.0663105696 -0.0358247273 0.0569182672 0.167375937 0.0501253046 -0.0334812105 -0.0176475532 -0.130738705 -0.0730001628 0.104312837 0.22102277 0.0759805068 0.00706988294 -0.0691378862 0.127697036 -0.0158756077 -0.138824761 -0.257150829 -0.155611396 0.0205786433 0.0184768438 0.0321462415 0.0812897906 -0.111614205 0.0399007425 -0.105258487 0.211710289 -0.159143329 0.0390970632 -0.14358747 0.166989312 -0.0671218336 -0.073274523 -0.102686748 -0.0666934177 -0.0736473054 -0.142037928 -0.140375629 0.237104118 0.195117906 0.158181384 0.0249758437 0.0186471585 -0.0386930443 -0.118673496 0.184077874 -0.0269026533 -0.0211576633 0.0612759665 0.0376239046 0.156466126 0.0988248438
0.164784238 -0.0536037013 0.11328762 0.0881119743 0.0289624315 0.0967415199 0.0673604161 -0.0725442842 0.162091464 0.0790808126 -0.169808611 -0.0546324588 0.00126306468 -0.016669929 0.153071031 -0.0472797379 -0.0759498999 -0.257703304 0.0943398178 0.0984913632 0.0902991891 -0.0281718224 0.187963635 -0.071429573 0.144978076 0.176054895 0.0449538082 0.0890282765 0.18329227 0.0769986659 0.0101158684 0.121430911 -0.0379885994 -0.17964156 -0.01354161 -0.0826991275 -0.0817011744 -0.00474697957 0.0937791988 -0.0657538101 0.0423710234 -0.0398428701 -0.138537675 -0.0596995875 -0.0783563927 0.0334579945 0.113722451 0.19158861 -0.161336809 -0.0572157912 0.114332311 0.0522025339 0.0669131875 -0.0842757821 -0.00334515446 0.0238973945 0.222251192 -0.10367699 0.0621006861 0.137395307 -0.0175188743 0.0559039526 -0.107924126 0.0551893301 -0.0790575445 0.227648914 0.16024062 -0.0727736652 -0.0638708472 0.0765819475 -0.243347317 0.0461186059 0.0956632644 0.0452633947 0.0687082708 0.0765446648 0.0454356633 0.164649546 0.111620225 0.0650888905 -0.0246259049 0.0841423348 -0.0330486558 0.260701448 -0.0627948791 -0.00880805962 0.052099131 -0.0184172541 0.0117031364 -0.041654855 -0.00550440094 0.0338244587 0.143749788 0.167730108 0.0262751039 -0.11808908 -0.0323258117 0.0752338022 0.135636061 0.171677813 0.0619855486 -0.134552479 0.0382796377 0.100097619 -0.0361432731 0.220534518 0.0505305566 0.114806466 -0.0294475649 0.179116488 -0.445675224 -0.0317938216 0.177193791 0.192850053 -0.069083102 -0.0559141301 -0.0482089855 -0.0101724239 0.190634146 0.191812918 0.207431078 0.140900061 0.064502947 -0.0027756046 0.277272075 0.0127919987 -0.0189402681 0.273958325
0.0418944396 -0.0347274616 -0.10327547 0.00910527818 -0.0179009028 0.0416795388 -0.083068192 0.00966283306 0.060321603 -0.00694659213 -0.0470588729 -0.0504949056 0.0129005024 0.0312992446 -0.0865967497 0.078712754 -0.0583524182 0.0137177054 0.020636661 -0.0582409613 0.047106985 -0.00545667391 -0.0379594229 -0.0562213659 0.0526130386 0.0338668153 -0.0451579057 0.0102731502 -0.00345522212 -0.089923948 0.0774164349 -0.104824081 0.0212237053 0.0258523338 -0.0161798373 -0.0528658107 -0.0830990896 0.0323383026 -0.011024354 -0.0496989712 -0.0555829778 0.010123089 0.0747813284 -0.0793570131 0.00712851854 -0.0795223489 -0.0842511281 -0.0537973233 0.0628608763 -0.0375452265 -0.00748661393 0.0396020897 -0.00641316967 0.0234315265 -0.0569957085 0.00903293025 0.0533591025 -0.118992016 0.0390191637 -0.0441641547 0.0328304172 -0.0360660851 0.007054104 -0.0617452599 -0.035787683 -0.0705397129 -0.0844291523 0.0248364955 0.0745206848 -0.0877999887 0.0872978345 0.000715292525 -0.0838248581 -0.0459414572 0.0494622253 -0.0957440808 -0.0282590222 0.0670817494 -0.0371752083 0.0383534618 -0.0293315928 -0.0278725773 -0.0758257732 0.0487569757 -0.0982413739 -0.0769465864 -0.0889867395 0.0117069185 -0.058875788 0.0740315244 0.0288596507 0.0561181232 -0.00577689055 0.0439316928 -0.0553382039 -0.0402388312 0.0540746227 0.0170252509 -0.0724474564 0.000533386366 0.0116301505 0.00377703551 0.0827959329 -0.054891035 -0.0983794779 0.0222309027 -0.0167561062 -0.0820796415 -0.0200408474 -0.0941607133 0.0194665641 0.0716091767 0.00850709248 0.0712403134 -0.0466461666 -0.0274587832 0.00133708376 -0.00402383506 0.056465961 0.0548408516 -0.0357290171 -0.0876785964 0.00411945255 0.0533160567 -0.0157549046 -0.0318739861 0.0242346972 -0.0952338576
-0.146140754 0.121853404 -0.271469206 0.159997419 -0.0382947214 0.185064822 -0.0581447519 0.0124715026 0.0719342157 0.0302221682 0.308185875 0.272166044 -0.0275488291 0.115369216 -0.0956426561 0.391398489 0.211291388 0.158975795 -0.238973781 -0.0349467471 -0.128767669 0.277468503 0.156901687 0.351495713 0.0478042513 -0.0418118164 0.110603347 0.228985086 -0.0306628067 -0.149430335 0.0747086108 -0.171614707 0.241301343 0.0820343047 -0.362745464 0.343206257 0.253157973 0.191133261 0.265675396 -0.0716820136 0.186063111 0.137717679 0.450993538 0.0650062636 0.189040065 0.407428741 0.121774904 0.0391749255 0.69282496 -0.118457198 -0.0372055694 0.309291244 -0.212035105 0.185001031 0.127904683 -0.212467298 0.0809868574 0.182783052 0.273224413 -0.134360701 -0.371180087 -0.149896294 -0.192218885 0.285268575 0.224914148 -0.311682343 -0.0475486629 -0.0260660909 0.38931039 0.12346755 0.0417238548 0.203760937 0.16312319 -0.241884366 0.387003332 0.0150130671 -0.0557339787 -0.168216482 0.258782893 -0.00406257575 0.0628889129 -0.0300182402 -0.256603867 -0.107271872 0.205935851 0.148885503 0.128426731 0.0740876123 0.199365705 0.0974084586 0.191918448 0.005383268 -0.118206792 -0.191267714 0.246632382 0.203838482 -0.022951914 -0.287236631 -0.101843931 0.240585342 -0.293514997 0.230254754 0.231636897 -0.0879029781 0.170548216 -0.212962121 -0.068042554 0.197632015 -0.0472061709 0.0320035554 0.0290593915 0.117453068 -0.0798595101 -0.251768798 0.0746298507 0.100791462 0.270717472 -0.0226375461 -0.0412326492 -0.0866788253 -0.103066944 0.263385385 -0.248121783 0.341703832 -0.344671816 -0.0433822758 0.299573272 0.0518565625
0.00986893196 -0.0514617637 -0.0398379304 -0.0743443072 -0.00540161692 0.0596663505 0.0373685285 0.0538795665 -0.0729698464 -0.0371069387 0.0446767509 -0.0189063996 0.0678158402 -0.0540261604 -0.0978665724 -0.0630328804 -0.0371724479 0.038011156 -0.041451145 -0.0507876873 -0.00965234172 0.0699212328 -0.0951760262 -0.0278889332 -0.018524291 -0.058773417 -0.0200461764 0.00436908798 -0.0793031678 0.0637261644 0.0289993323 -0.000761798874 0.0162177738 0.0291724652 0.0698166937 0.0217108503 -0.00245594373 -0.00648919027 -0.0793227851 -0.0912204161 -0.0156469587 -0.0834504366 0.0287385527 -0.0494314246 0.027624812 0.0274663139 -0.0597913265 -0.0217125788 -0.0746553242 -0.0146570578 0.0550377369 0.035974253 0.0572300032 -0.0414189622 -0.0803721175 -0.0482861772 -0.0450823382 0.0512947589 -0.056236852 0.0461118035 -0.089227505 0.0377257094 0.0138986334 0.0517244861 0.0562371351 -0.0745232478 0.0783196017 0.0216758996 0.106488079 0.0441136211 -0.0274624825 0.0287047923 -0.0373196825 0.0492330156 -0.0485975109 -0.0114044296 -0.0764993131 -0.0215713289 -0.0654351637 0.0130398404 -0.0596253537 -0.00543180387 -0.000669759058 -0.00117554097 0.0900040343 -0.0811569244 0.0560294129 -0.0880247578 -0.0634309947 -0.039567966 -0.0728924423 0.0284084603 -0.0420395508 -0.0372863524 0.0536881573 0.0349577926 0.0275969487 -0.0395143516 0.0257700961 -0.0463393852 0.0162034202 -0.076837413 -0.0864654779 0.0387696885 0.0463202521 0.0622527748 -0.0552434474 -0.0188866537 -0.058125142 -0.0565120205 0.00736980001 -0.0172949918 0.044373475 0.0477203354 0.0713932365 -0.021100251 -0.00406320533 -0.0318672433 0.00305515155 -0.0960275158 -0.0172313824 -0.0133414576 0.0144966915 0.0445366353 -0.0145239308 -0.0421011411 0.0795745254 -0.0312804468
0.204779968 -0.204674721 0.126349419 0.217536032 0.233529001 -0.0981515795 -0.056155365 0.0816850141 0.2786282 0.128341451 -0.0604293048 -0.235586718 0.110422969 -0.252878249 0.0185797065 -0.0738574415 -0.0638201833 -0.0190969352 -0.0399820246 -0.346917123 0.17645511 0.0769233555 0.086405538 -0.167168811 0.180653408 0.185167372 -0.184968367 -0.17834948 0.0963223353 0.149739817 -0.195962191 0.0921713784 -0.236190394 0.0397742093 0.168000862 0.0367266275 -0.514327765 0.0174953751 0.00968368258 -0.220895484 -0.197995067 0.0201539937 -0.180276871 0.0158192068 -0.361188114 -0.0220191553 -0.185834467 -0.0344610922 -0.0741354376 -0.0617743097 0.232049659 -0.0908902138 0.119969502 -0.123234883 0.0124596059 0.161815822 -0.0408348627 0.0283882879 -0.186095253 0.105052486 0.189134464 0.0654968768 0.0564010218 -0.219232127 0.0276062097 0.0940970406 0.0726808086 -0.0506200567 -0.0367452875 -0.0564895011 -0.16127041 -0.185324326 -0.11500188 -0.0325939395 -0.0118927527 0.216804579 -0.0246157013 0.00174461363 0.000943380874 -0.0947335511 -0.10942138 0.190992713 0.169958115 0.324067295 -0.00593595626 -0.141305149 -0.0749318823 -0.0578493923 -0.14222455 0.0509856492 -0.231926292 -0.00179769844 0.0627697706 0.152673259 0.0917625427 0.032000456 -0.107845515 0.160145447 0.146973208 -0.11479532 0.099237062 -0.0295298789 -0.119841382 0.0846002474 -0.0824795663 0.194555432 -0.0091206152 -0.0955081508 0.054674305 0.0709902421 0.281771928 -0.143080294 0.289654613 0.144947678 -0.26728031 -0.0235467013 -0.0183150787 -0.0514498465 0.159783453 0.245902643 0.162358984 -0.0405674987 0.0529485382 -0.0726013109 0.27431947 -0.0639579892 -0.108378366 -0.0750008747
0.0119149201 0.0512970984 -0.0391817242 -0.0132137574 -0.0224833116 -0.0493389964 0.0768723935 0.0351347513 -0.0530747101 -0.0819882825 -0.0617518052 -0.0329758897 0.0565648489 -0.0655333921 -0.00604280364 0.0393791646 -0.0301280189 0.0335473381 -0.0457520075 -0.0173005462 -0.0154891284 0.0217461605 0.0481494404 -0.0596301779 -0.0442990623 -0.0760974064 0.0695319474 0.0498377085 0.0589505993 0.0065707285 -0.0528836586 0.000727454084 -0.10519319 -0.0282676015 -0.0778999701 -0.0862887949 -0.101814173 0.00976601243 0.043808803 -0.0545569807 -0.108847603 -0.0591688603 0.0349221639 0.0799413845 0.0377056077 -0.0411659628 0.0642002374 0.0427107103 -0.0102288332 0.0351321474 -0.0765457749 -0.00267848256 -0.0153670348 -0.0313028172 0.0279314052 0.0227993559 -0.00748936227 0.0162910502 -0.0585427955 0.0685910732 -0.0245231576 -0.0704802722 -0.00414269883 -0.0551679395 -0.015248864 0.0023579835 -0.0091848895 0.0494756848 0.0518524349 0.049123574 -0.0654890239 -0.0357428975 -0.023802869 -0.051414635 -0.11170958 0.0419336334 -0.0298257656 0.0499136373 0.0661944821 0.00835787784 -0.0551833622 0.0618918948 0.0351854078 0.0263439305 -0.0406569876 0.00628364924 -0.0933635086 0.0734503642 0.057385046 -0.00307414238 -0.0273700058 -0.00411121547 0.00595222553 -0.00665709889 -0.100895986 -0.0406623296 -0.0415441841 0.0317440592 -0.0832743719 -0.0718135759 0.0510121584 -0.104053445 0.0234551169 -0.0405855551 -0.10540963 -0.101807676 -0.0147968754 -0.0339006782 0.00976091158 -0.00608520815 -0.057108216 0.0487585738 -0.0320982225 -0.00766449701 -0.0404975787 -0.0474343449 -0.0659028366 -0.0530932918 -0.0854004547 0.0147337364 0.0235052779 0.0268917587 -0.113057941 -0.0120805539 -0.0959737152 -0.0353151485 -0.00751400786 0.0230070166
0.0385705605 -0.183672264 0.376311719 -0.511174023 0.180042505 -0.17094852 0.0151189566 -0.0284405667 0.00821557827 0.24496904 0.0753749758 -0.0536997765 0.174124226 0.0985662565 -0.0692097917 -0.273434758 0.0797926337 -0.151673391 0.0825654119 0.223895952 0.0378338471 -0.180551186 -0.290709674 -0.241681173 0.0506246425 0.114857137 0.313928127 0.294380844 -0.174050242 0.005671944 0.234748676 0.270462811 0.0870617703 0.269211441 0.251391649 -0.0624351948 0.00125699956 -0.105377585 -0.176867828 0.150956914 0.141016334 -0.116584331 -0.07663057 -0.0444672517 0.160244465 -0.13144879 0.283364743 -0.0775958076 -0.060813725 0.188401058 0.0116949715 0.0405143797 0.138230681 0.26881206 0.0159823187 0.158204421 0.0268044192 -0.38056618 0.325421989 -0.0706851184 0.381745875 0.104305662 0.139726773 0.261925519 -0.172836617 0.142389059 0.060813237 -0.0120798238 -0.0670970529 -0.193074092 0.478450477 0.131265894 -0.263119042 0.14745681 -0.143406868 -0.216036111 0.0694747195 0.18880336 -0.365460485 0.200854406 0.148449436 -0.155732721 0.266569823 -0.223319575 0.0478575528 0.233987242 -0.133304223 0.00674349815 -0.249412358 -0.0801816285 0.347267061 -0.0317090228 0.0291486755 -0.134301826 -0.289987773 -0.014850257 0.152064472 0.14425011 0.0623609945 -0.247703269 0.189633667 -0.0333927833 -0.390695781 0.21422343 0.102376215 -0.00470355898 0.114718199 -0.000963536208 0.132392734 -0.143165454 -0.0315134823 0.327255666 -0.0930106044 0.0711977184 0.184733465 -0.047463689 -0.0384431444 0.0190617889 -0.089017719 -0.04361099 -0.0519235432 -0.435118079 0.184535012 -0.173422277 0.191503376 -0.080590032 -0.140623286 0.092264846
0.147031516 -0.121700548 0.13669768 0.135239363 0.277526289 -0.389720201 0.0456697047 -0.0321360379 0.129118472 0.202218473 -0.201494798 -0.327486664 0.210671067 -0.226051345 0.0663327724 -0.233410716 0.00438858755 -0.174338147 0.13284342 0.000471168285 0.196606129 0.000555792823 0.0467552468 -0.273432285 0.1758551 0.155591607 -0.116416708 -0.173708692 0.384211361 0.292008698 -0.216772407 0.101682313 -0.234827772 -0.248036638 0.179607064 -0.265763611 -0.562112093 -0.0587590188 -0.330685616 0.0764198601 -0.114540644 -0.176609874 -0.169878319 0.0733391568 -0.393667936 -0.125606298 -0.0638684705 -0.206610039 -0.334951073 0.21643959 0.320515454 -0.328373343 0.239269391 -0.127745256 -0.0544287078 0.0620057434 0.190087125 -0.121432535 -0.365101159 0.235104695 0.130306393 0.312780172 0.144042149 -0.23817721 0.124849893 0.163036346 0.292098731 0.0526875593 -0.055324506 -0.0266211946 0.252911299 -0.200361401 -0.170502245 0.250663966 -0.1673401 0.170969322 0.0980954096 0.20139657 0.0264744703 -0.0785701722 0.00595080433 0.308082193 0.1797221 0.302457422 0.00502619054 -0.0568789877 -0.0900299922 0.00803612918 -0.0113508431 -0.0351043195 -0.577145875 0.0106674209 0.0918977112 0.399536312 -0.0611205436 -0.132398084 -0.0599390678 0.15164642 0.123828247 0.0655787736 0.219022289 -0.162216097 -0.182167485 0.126610219 -0.112298906 0.321825624 -0.0368230194 -0.134832487 0.232201144 0.216134474 0.0774162114 -0.0950454772 0.208300173 0.290113777 -0.186784953 -0.116239414 -0.108036719 0.077759169 0.196390644 0.192764178 0.285892248 -0.158444449 0.133841857 0.00668066926 0.29104951 0.0221292228 -0.387007326 -0.0347831734
0.174987063 0.132389098 -0.0347239077 0.112045139 0.0300133508 0.221673802 -0.04323598 0.0405046158 0.0306038596 0.121636234 -0.172249556 -0.0124959145 0.180416793 0.03281473 0.0390701182 0.209160522 -0.0576745532 -0.0669976249 -0.13962993 -0.10690932 0.0875157192 0.181321725 0.265670419 0.120325059 0.149349749 0.172519848 -0.16415678 -0.185423881 0.376430988 0.0843669251 -0.0921622366 -0.18874453 -0.0962282643 -0.133570179 -0.194650814 0.0523587391 -0.0932312906 -0.00328224106 0.00387517642 -0.169880316 -0.234904587 0.0752148181 0.0997149274 0.0761649087 -0.120933533 0.0539511368 -0.137968928 0.0392840244 -0.00975659769 -0.0191066097 0.233284011 0.0275389031 0.0608659424 -0.199494064 -0.00612108828 0.0531785339 0.187959448 0.140797168 -0.161471575 0.181672886 -0.170321867 0.222657919 0.109778032 -0.172338307 0.111368626 -0.0788861886 0.0600465126 0.0267882198 0.0242002197 -0.0165779553 -0.611444294 -0.0471753031 0.23619853 -0.171289906 0.0835959092 0.234844968 0.023092756 0.0542425588 0.221948639 -0.14169766 -0.0205357112 0.298818827 0.246065408 0.304539442 -0.0375856571 -0.0557774939 0.0381844677 0.0663186386 0.230518296 0.0107820919 -0.0753184035 -0.068712309 0.0932206064 0.166467488 0.31749925 -0.0829446539 -0.133369774 0.1155532 0.105943359 0.184832141 -0.0429697111 0.118588746 0.271505237 -0.00845531933 -0.18633908 0.193657205 0.029642839 0.00907263439 0.123153113 0.250359416 0.0971975923 -0.155937895 0.282535851 -0.108999856 -0.131248116 0.106772877 0.0265891124 -0.0801027566 0.193339586 0.245672002 0.128850013 0.432935447 0.0737106055 0.201519743 0.277489752 -0.0423967056 0.0730945393 -0.0427366495
0.129579887 0.392903864 0.178634554 0.321734488 0.0537626259 0.0299931187 0.0845275223 -0.0498733744 0.0136065716 -0.270317584 0.270625114 0.216417536 0.0189512856 0.0962991714 -0.021935124 0.3175143 0.181752533 0.245858192 0.0757829621 -0.040080443 -0.00262425072 0.375984073 -0.0917200148 0.172210887 -0.113868177 0.0333157405 -0.0280906595 -0.102105193 0.208779201 0.0542474277 0.0935468599 0.0209379587 0.0783432424 0.317608356 -0.101664715 -0.0391252451 -0.148097381 -0.0664724335 -0.15171887 0.127552465 0.0283154324 -0.059049271 0.00180911692 -0.0349598527 0.0805872679 0.143332183 -0.217433184 -0.0596568771 0.212298885 0.220699728 -0.0609607324 -0.0297750365 0.130904883 -0.105087891 -0.0200466197 0.0521854647 -0.0675636008 0.477619201 -0.0935811996 0.0177224074 -0.177999109 0.165615976 0.239973813 0.0313374475 0.0685466081 0.0019840165 -0.0522772297 -0.0319745652 0.132549122 0.115939885 -0.650431931 0.137143567 -0.0184618309 0.0656937584 0.0214320589 0.108669035 0.0257097632 -0.169366449 0.0966807157 -0.0950519815 0.130787745 0.040640831 -0.141418755 0.256378233 0.0864577442 -0.198882774 0.00677913474 -0.0769613013 0.0213821735 -0.0457979254 -0.0544433035 0.0239936709 -0.146520838 0.077354975 0.164071038 0.280552536 0.123544306 -0.0427145883 -0.045601517 0.0366710611 0.00879132655 0.039757777 0.202306047 -0.121219151 0.00738539454 0.0565521456 -0.184345931 -0.151065409 0.0348492116 -0.0748485252 0.508348346 -0.0512135103 -0.084649466 -0.213871866 0.0985718668 0.19014366 0.0167368371 0.0181955658 -0.147479102 0.0197349507 -0.00183160277 0.0853726789 0.0830842927 0.120171681 -0.0972624049 0.0419618562 0.221052304 -0.421298802
0.295856655 -0.0639575273 0.144235015 0.129689559 0.321815699 -0.306035608 0.0207066685 -0.070262447 0.00825817697 0.233523861 -0.203612119 -0.0190455429 0.252285928 -0.318409234 0.101205535 -0.0579280332 0.0211553052 -0.233615875 0.049998153 -0.0639580861 0.150157705 0.0684399381 0.0566470288 -0.141492322 0.218613058 0.204450101 -0.205742061 -0.451868534 0.252685428 0.202319875 -0.226351991 0.146336749 -0.0938386545 -0.0806914568 0.0602307841 -0.175639778 -0.322403967 0.154083788 -0.096819967 0.06078678 -0.146603197 -0.108540885 0.0178500656 -0.055885572 -0.245012507 -0.0551141053 -0.109057933 -0.0257162619 -0.187568113 0.00521372305 0.0404179096 -0.145723581 0.108649336 -0.2618967 0.0595966689 0.19277823 0.180103809 -0.0100263944 -0.266026378 0.180461019 0.230629161 0.328645468 0.154915348 -0.21413298 0.1187426 0.109001704 0.143098637 0.0531452037 -0.034580078 -0.000443267112 0.384014308 -0.187995702 -0.248931482 0.0869176984 -0.0117659308 0.0903467014 0.0549926013 0.109448917 0.0205332562 -0.0894066244 0.00809769053 0.169136822 0.264410794 0.243887067 0.0449699089 -0.105059721 -0.00938606635 0.0788132623 -0.106043041 0.0682203099 -0.293956101 0.0708961263 0.122074336 0.24153395 -0.0714421719 -0.0350262225 -0.0250194035 0.190679014 0.13892141 0.00716830418 0.155937091 -0.046610985 -0.124458313 0.159281462 -0.0256326273 0.266731054 0.0959590375 -0.085601069 0.225197911 0.126857802 0.174458295 -0.116737187 0.178906947 0.102918379 -0.265790761 0.0037030112 -0.0658728704 -0.0516793691 0.274231374 0.136923417 0.195723236 -0.003481152 0.0704224259 -0.0183597337 0.0948741138 0.0770653114 -0.173165977 0.100338057
-0.154383615 -0.203679889 0.0211089607 -0.19654949 -0.317750096 0.142160729 0.073700279 -0.0873875991 0.0512640961 0.00376515137 0.221054986 0.061968796 -0.185231283 0.199709818 -0.129718736 -0.0378225632 0.157465488 -0.0944774225 0.243539587 0.20396696 -0.222724393 -0.0909458846 -0.234555557 0.0525169112 -0.300402164 -0.315319598 0.315270811 0.462249786 -0.108070381 0.0548783988 0.338611841 0.25659138 0.271759182 0.320845097 0.401905745 0.109758303 0.328460425 -0.0529094562 0.092597805 0.193966523 0.326523721 -0.0805358589 0.0753517449 0.0142670572 0.410691112 0.164489463 0.268220663 0.00285858521 0.141601935 0.182823718 -0.172116324 0.017493818 0.134104118 0.374458551 0.0966202244 0.0925539583 0.0982878208 -0.0715496838 0.0947025716 -0.12527822 0.361029744 -0.284018129 0.0807206854 0.433373153 -0.0619480051 0.00630819425 -0.212009415 -0.0443914719 0.0931815952 -0.348419905 -0.068162106 0.134798929 0.0657644421 0.134271652 0.0992739871 -0.204864636 0.0477046557 -0.00682717888 -0.0540614277 0.247547835 0.0739475489 -0.36889565 0.0756161883 -0.41830796 0.0389877856 0.291011184 -0.0298706498 0.0230470523 -0.0637174919 -0.0710115358 0.411733001 0.0103447363 0.120123483 -0.230707839 0.161631867 -0.00485305861 0.107830226 0.182009995 -0.0991546586 -0.104550876 0.209275946 0.140622258 -0.0476079881 0.171869397 0.233458951 -0.24981229 0.256745249 0.0354473926 -0.286120474 -0.133506894 -0.379908353 0.264264673 -0.240649566 0.0120568071 0.267253339 -0.0541167073 0.0967697874 -0.032672964 -0.152908266 -0.192454234 -0.252817482 -0.370907992 0.137729868 -0.0852759406 -0.107490137 -0.0231229588 0.213695452 0.000791895785
0.117468953 0.373563439 -0.0375117362 0.159621194 0.115893237 0.00400230754 0.0505344197 -0.0618523322 0.267020464 0.00535518071 -0.0668325797 -0.00328113837 0.152765155 -0.126984254 -0.00033861617 0.0813712925 0.0310095772 -0.115812741 -0.102128275 -0.302517712 0.147577375 0.187000558 0.190354139 0.0553262122 0.0433752388 0.322862178 -0.118434422 -0.0583807863 0.175012022 0.0463779606 -0.0605314076 -0.0935055241 0.106465124 0.0524807908 -0.162926391 0.0121399863 -0.0488009453 0.107202068 -0.060884323 -0.238917813 -0.134658813 0.0505012199 -0.0622918196 -0.0668965876 -0.0753913596 0.0414155424 -0.127904758 -0.021357337 -0.0212078635 -0.0286547095 0.0894307569 0.0358409658 0.0429818742 -0.151906475 0.0824151412 0.171630308 0.0639805421 0.377160877 -0.0665172189 0.141964406 -0.221973285 0.300946206 0.0983271152 -0.125199065 0.0482193343 -0.058995001 0.00883273594 -0.0886407346 0.0151220253 0.160309672 -0.742302537 -0.0745147243 0.153558716 -0.0539040267 0.0426945202 0.234857053 0.0550017655 0.204394057 0.285933167 -0.128983647 -0.0521552414 0.22461085 0.0175753683 0.495732009 -0.0864214301 -0.0559379198 0.00709065096 0.00799245387 0.185445175 -0.00387495896 -0.21065484 0.0327231884 0.160041675 0.313939899 0.211366802 0.107792072 -0.118924029 -0.071995087 0.185809195 0.263268888 0.00147151691 0.0476864688 0.321455866 -0.10637296 -0.0182316843 0.267537534 -0.117868394 0.0119535923 0.0676770061 0.0761392787 0.614355385 -0.168175519 0.180536032 -0.153326064 -0.253358305 0.0470878631 -0.0546775684 0.044197835 0.142936379 0.0784985051 0.123426042 0.243620172 0.107686162 0.310294211 0.112472318 0.087551631 0.0939174443 -0.0616719909
-0.634662986 -0.0570353456 -1.03331196 0.183343917 -0.196482703 0.193085089 -0.0687566102 0.00236882851 0.144275531 -0.0537765026 0.0390883051 0.229030475 -0.14051035 0.117995553 0.0623563267 0.176646262 0.142064899 0.0676396266 -0.0882775337 0.0363211185 0.0620769374 0.0258654635 0.0700250491 0.211918786 -0.109919861 -0.313573509 0.113967635 0.155356079 -0.145948052 -0.180531293 0.101976454 -0.264435232 0.0855625868 0.0223075431 0.256556123 0.0642113239 0.104473077 0.112075843 0.234485015 -0.200918794 0.0304558948 0.0468621142 0.0858759955 -0.0472143516 0.233098 0.00399128953 0.188698322 0.128061607 0.158917725 -0.126353219 -0.153787926 0.0547653809 -0.0851548687 0.136913478 0.220947891 -0.115610465 -0.021397898 0.06257388 -0.0379597358 -0.0801697895 0.0114385057 -0.44448337 -0.0903279185 0.157846645 0.015886534 -0.205163166 -0.137726814 0.0449532755 0.105410881 0.0871874765 0.00883847289 0.103657208 0.135597631 -0.137225881 0.053056594 -0.00804836582 0.110992685 -0.172100529 -0.0357047319 0.140227705 0.0348632224 -0.100893497 -0.381928682 -0.176674321 0.172282755 0.130523026 0.0498707555 0.0304421932 0.107804455 0.030258894 -0.00887267571 -0.0672164857 -0.0674244761 -0.189091355 0.0268107187 0.196417883 0.0542293079 -0.253667861 -0.0506897569 -0.0679488704 -0.0209194906 0.141330287 0.1330598 0.0243627653 0.0380917341 -0.0706940368 -0.0172407534 0.0957927927 -0.214780971 -0.0656169951 0.0156688318 -0.0263713468 -0.0618639253 0.0078017721 0.114126436 0.131766826 0.222881943 -0.0532225557 -0.000945312378 -0.0335060656 -0.0912621319 0.210272416 -0.141259179 0.0842287764 -0.359932363 -0.00175200403 0.274824619 0.00860292278
0.0774751306 -0.0998908877 -0.0369535387 -0.13338989 0.0107468246 -0.0830278769 -0.0501962639 0.0519063398 -0.0621682554 0.28627947 0.0658641681 -0.0659538284 0.168410733 0.0346319377 -0.163174435 -0.395675302 0.0736624748 -0.170715943 0.12885417 0.0630524158 -0.188983053 -0.488238722 -0.118382432 0.14395678 0.0758996308 -0.170777306 0.18049553 0.100276247 0.030713439 -0.108771957 0.0336260274 0.0281079803 -0.0621906705 0.0856511369 0.160438582 -0.157710955 0.247993335 -0.698767662 -0.0606158338 -0.000673150644 0.0193312764 0.0698375702 0.113117717 -0.00677652657 0.0034915416 -0.243019655 0.116442658 -0.0597401783 -0.176516786 0.0839632824 -0.0852328986 -0.271848857 0.0186237004 0.0905837938 -0.204450995 0.0631377622 -0.197713688 -0.21876657 0.211477697 -0.0176738985 0.210734636 -0.388430893 -0.0211075116 0.0299270283 -0.165680125 0.141167253 -0.319184601 0.0774667189 0.199203283 -0.169821113 0.275698781 0.0569691397 -0.026510613 0.132257476 -0.21472308 -0.429319203 -0.239965647 0.0623067282 0.0151768439 0.0729479715 0.0872741863 -0.256220669 0.279275328 -0.153443977 -0.298543543 0.0992581025 -0.192753598 0.0826644674 -0.480074733 -0.0438192859 0.0295146387 -0.0743661672 0.0837953761 -0.147415802 -0.252261281 -0.298773795 0.0972254202 0.0388378128 -0.106397681 -0.129763052 0.125154227 0.0834128112 -0.047149159 0.22991322 0.216359437 -0.191626877 0.232117429 -0.172405332 -0.0386752822 -0.287328959 -0.659729838 0.117125541 -0.213568121 0.118445478 -0.0457238033 -0.507388532 -0.233558267 0.080676131 -0.1689208 -0.157521009 -0.154051244 -0.422965467 0.118343189 -0.421115458 0.0415983498 -0.0292582363 -0.0486501046 -0.159022525
0.181932375 -0.257863224 0.108505547 -0.214816689 -0.0290168729 0.0547777452 0.0862477869 0.0261625629 0.0250317622 -0.0481506065 0.0944228694 0.0737374201 0.0748765692 0.106452897 0.132486597 0.133100405 -0.0209163278 0.322731227 -0.0946490318 0.11960417 -0.0879793912 0.208124891 0.190693259 -0.28685531 -0.115088567 0.0626003668 -0.202473864 -0.113586761 -0.0473958626 -0.0768450052 0.0928434059 0.0206873883 -0.0955500752 0.0393839404 0.0206532925 -0.020186834 -0.262459427 0.121838391 0.00918189157 0.211123332 -0.141723484 0.00821018219 -0.210198894 0.056120567 -0.0474300198 -0.00791991036 -0.0114593841 0.0584134161 0.050490126 0.000469839375 0.0413736887 0.245333746 0.0782400221 0.0383438021 0.226329505 0.0510146059 0.0731534064 -0.14839606 -0.0516901538 0.0215075091 0.170638531 -0.142736912 -0.0276077799 -0.0765673518 0.208895877 -0.12726742 -0.0825499669 0.0540268943 -0.386313975 -0.0962309688 -0.130553916 0.138838112 0.0277413074 -0.0531717874 0.0438198522 0.121721178 0.118529163 -0.0818141699 -0.189265758 -0.0817830563 -0.120257288 -0.0761808604 0.180446759 0.0841386914 0.125000685 -0.164965063 -0.0875733569 0.0344565138 0.0438042879 0.084000282 -0.034270741 -0.0661343187 0.015202296 -0.0252897441 0.0566922724 0.0514482222 0.109263659 -0.0106211323 -0.0104947742 0.167977408 0.0564184152 0.0662278831 0.0196738597 0.0832832977 -0.0933856368 -0.127081871 0.0745195076 0.0199080482 0.0893158391 0.180395246 -0.185730353 0.0790967122 0.0127993375 0.0769100636 0.187800691 0.150826529 0.242148802 -0.0549059287 0.0427129418 0.0847795531 0.068764098 0.0504826419 0.121057786 0.0472253449 0.0678104162 -0.0426633582 -0.0289958101 0.0773564205
0.0152172083 0.0498585328 -0.0801626667 -0.0309299566 -0.0794214681 0.00791826844 0.0318175256 -0.0448848233 0.0670369565 -0.0047964477 -0.0885412544 -0.110351503 0.0200418178 0.0117530832 -0.0640669018 0.0149774207 0.040849898 0.0689921752 -0.0380585305 -0.0546625517 0.0204708148 -0.0636016876 -0.0923552886 -0.0407472849 -0.000943596824 0.0213662237 0.0549814478 -0.0292466432 -0.0774695575 -0.00973794982 0.0215818938 0.0781539008 0.0404468402 -0.0940687507 0.00902890973 0.0276143942 -0.0403150395 0.0297002364 -0.0271629561 -0.0568024106 -0.0570483878 0.0262928903 0.0469204672 0.0777744129 0.00191646989 -0.0232268516 0.0363883004 0.0420517251 -0.0148402778 -0.0345590897 -0.0632535219 0.0204947572 -0.088485837 0.0195860229 -0.0863929763 0.0708036199 -0.0905496031 -0.0703408793 -0.0347901024 -0.0368725844 -0.025647264 -0.056268122 -0.0246086195 -0.0778841302 -0.0995507017 -0.108005993 0.0590585247 0.0255805198 0.0610155724 -0.0169923678 -0.0292495452 -0.0284899194 -0.0970508158 0.0559930317 0.0455413535 -0.0422066562 0.0120777246 0.0440116003 -0.0529293939 -0.0702381358 -0.072677739 -0.094823271 0.0704265237 -0.00824285578 -0.0283045806 -0.0103381742 -0.0788312554 0.0671326444 -0.103663914 0.0601823144 -0.0676354915 0.0382222757 -0.010114383 -0.0970776677 0.0624247529 0.0385521501 -0.00175014685 0.0302866958 -0.0934107527 0.00212178938 0.0162693001 0.0478889197 -0.103639975 -0.0132892132 0.0476906411 -0.0960920081 -0.071020551 0.0714621618 0.0122362785 -0.023923764 -0.0674217939 -0.0035228401 0.00710099982 0.0645035505 -0.0319263563 0.0215658061 0.0189367123 0.0294134319 -0.0635454133 0.0270293467 -0.0188756995 -0.0699917972 -0.0404725261 -0.0455977023 -0.0326106325 -0.00687506795 0.0485168956 0.0303278696
0.0121277161 0.0423292145 0.0618990846 -0.0708826557 -0.0265862923 -0.0656114817 -0.0442186408 0.0308787264 0.06428653 0.0184992179 -0.0372615829 -0.0468964987 -0.0699677989 0.0093544675 -0.0820846856 0.0708397701 -0.0214498732 0.00910034776 -0.0548270494 -0.047855448 0.021557644 0.0107530802 0.0318667516 0.0575918481 -0.0718901604 0.0656466484 -0.00427966844 -0.0895934105 0.0501721874 -0.0653165281 0.058332704 -0.059794087 -0.0464993976 0.0291573573 0.0694418252 -0.0599087588 0.0313167386 -0.0730866939 0.0668138936 -0.0170118827 0.0327425525 -0.0611852109 0.0266084746 0.0712984875 0.0325467512 0.0540664792 0.0443317778 -0.0202042386 -0.0799554214 -0.00600358518 -0.0806485489 -0.0862716064 0.0232681911 0.0523225293 0.00562984869 -0.0904470831 -0.00885194447 0.0654236302 0.00565037224 -0.0698686987 -0.0331824161 -0.0751794279 -0.00770603586 -0.0594520643 -0.0900811329 0.0137182418 -0.0398946665 -0.0894473717 0.0781433955 -0.0241859257 -0.0760612264 0.016994983 0.0789921358 -0.0556552857 -0.0833030343 -0.0242256597 0.0726804137 0.0730497986 0.0290966891 -0.0294060875 0.0417387858 -0.00945290737 0.00126121973 0.00698950887 -0.0593402348 -0.0545188636 -0.0559475571 -0.0282579437 0.0221484564 0.00454559922 0.0118628088 0.0769971982 -0.00468315743 0.0401156694 -0.0242653731 -0.0714797601 0.0354518071 0.0719821602 0.0431793369 -0.000237927903 -0.0316508561 -0.085867703 0.0585270897 0.0485814512 0.00638819113 -0.016891038 0.0252454188 -0.0653282851 0.0441260673 -0.0841785297 0.0775739923 -0.0598661564 -0.0561333075 -0.00415017502 -0.0325475261 0.0124689005 -0.05451506 -0.0279415473 -0.00835013203 -0.0392402597 -0.0384574495 -0.000672839582 0.00826199632 0.0468270108 0.0417801924 0.0506496653 -0.0420683809 -0.0681099892
-0.303174973 -0.0922445059 -0.339462757 0.236879125 -0.187092513 0.31430161 0.0392014273 0.0661395863 0.193401232 -0.035391517 0.0788876861 0.0846850201 -0.044338908 0.189212233 0.158734575 0.0167785008 0.0962165743 0.120395757 -0.0307530556 0.0696035773 0.0701553449 -0.0413490906 0.157123893 0.187093601 0.116543405 0.0615833774 0.0871256441 0.208274975 -0.0394353829 -0.0233462211 0.0470694229 -0.0971374959 0.174988076 -0.0765762404 -0.150508836 0.137295201 -0.0170185864 0.0658814386 0.137938559 -0.179659531 0.0621693805 0.137464657 0.0621246248 -0.0405676886 0.258171082 0.297832578 0.00743382936 0.175796196 0.0665751696 -0.0603918955 -0.014726826 0.196759507 -0.0494349189 0.0606490225 0.0683288947 0.0103418129 -0.112651393 0.29834044 0.153700098 0.082158871 -0.0939998999 -0.0723770037 -0.00544473343 0.0968980119 -0.0124680623 -0.0926650614 -0.00956070237 -0.00189181941 0.163582474 0.130579412 -0.21839726 0.0697864071 0.198948145 -0.00571193825 0.0528110638 -0.0367936902 0.0741516203 0.0356645286 0.191616327 0.195177078 0.00359216728 -0.023570735 -0.180866331 -0.0339940526 -0.0465844385 0.152584046 0.190425783 -0.0557005368 0.165454537 -0.0493901446 0.0341027007 0.00863995403 0.00558276754 -0.0834959894 0.155708194 -0.07714957 0.0232754014 0.023619527 0.0590183772 0.248393968 -0.0469917469 0.173200369 0.171228096 -0.0561746918 0.093618542 -0.0211905688 0.0385350659 0.183666006 -0.0226412695 -0.00883153733 -0.227273732 -0.0668424293 -0.0734189078 -0.0778923854 -0.0560350716 0.197922468 -0.0136542032 0.00720406091 0.0564404391 0.0255369805 -0.0151756685 0.260325998 0.0109276846 0.161585018 -0.0414894074 0.0163286701 0.189240009 0.211647332
0.0105515802 -0.314919889 -0.0400315039 -0.296082973 0.0243039671 0.0688006729 -0.0355392732 0.0461698659 -0.0187524687 0.245837122 -0.00941512268 0.0434905775 0.147355616 0.0995080844 -0.0546890721 -0.0284041408 -0.0579758808 0.182598665 -0.108100183 0.141144753 -0.0737042725 0.0748764947 0.0917174444 -0.044206094 -0.00577859813 0.0617678352 0.0693749636 0.19857578 -0.245455801 -0.189909577 0.233959466 0.231103823 -0.0152107356 0.315014571 0.0305210929 0.142481491 0.300381958 0.105828129 0.0290292948 0.280559421 0.0502358563 0.11498408 -0.146104187 -0.0766281039 0.00238421327 -0.00039542868 0.307145745 0.198691711 0.0654481351 0.0126075847 -0.103018589 0.0770863891 -0.00281783124 0.156484544 0.0236234963 0.13301897 0.0184701439 -0.341062248 0.330275863 0.05462474 0.163801163 -0.217856318 -0.0931564942 0.119851671 0.0778548121 -0.112867631 0.165368691 -0.0533505641 -0.0566609055 -0.129468948 0.064041853 0.266132563 0.133206859 -0.0322365388 0.120898448 -0.0523831211 -0.021993801 0.176036656 -0.0102909794 0.1397634 0.00350650796 -0.0025327208 0.177381039 -0.214329392 0.0924813449 0.252222419 0.0669886544 0.00116457045 -0.0772225261 0.0259273238 0.183649734 0.068039991 0.229096398 -0.242914826 0.169766173 0.070687592 0.12405251 0.005607008 -0.0817219913 -0.0972414017 0.0691962391 0.0300736893 0.0459412858 0.133950055 0.164011255 -0.130411655 0.27482909 0.0863867551 0.10821116 0.124187991 -0.584777534 0.223048061 -0.0105290068 0.0670325235 0.269827455 0.0767739862 0.167126581 0.0672845095 0.0974807441 0.00476979418 -0.0626701638 -0.126519933 0.00209659478 -0.00844070967 -0.0276154149 -0.0590840206 -0.0173923522 0.15265733
0.361663848 -0.109423511 0.283688873 0.0282088909 0.300959587 0.0791602209 -0.0502437092 -0.0314183943 0.0386615768 0.124199532 -0.168508217 0.0540221967 0.11513827 -0.163312718 0.138269469 -0.0397285633 -0.0912509635 0.0597296171 -0.0527777933 -0.242708936 0.127938658 0.0697804317 0.131069764 0.0646867901 0.0124795651 0.166186765 -0.286805898 -0.437555909 0.150542438 0.153852746 -0.147798583 -0.236120209 -0.18391034 -0.328671217 0.128376082 0.113215141 -0.234898001 0.268388093 0.146927804 -0.174721166 -0.249885082 0.108738303 0.198635384 0.0791738108 -0.267100692 0.140772998 -0.0845442414 0.0394086801 -0.0367520675 -0.15537928 0.212742165 0.0713727996 0.079179056 -0.219220579 0.0237812381 -0.0714317337 0.0774961114 0.0119341472 -0.100356229 0.109605782 0.0545512214 0.186336175 0.142410934 -0.133063614 -0.0234875679 -0.047606267 0.238457784 0.0434094742 0.0711891502 0.0899811387 0.35591042 -0.0359294824 0.224061117 -0.0687882826 0.0347610526 0.24698168 0.00291967695 0.0335683711 -0.0768417269 -0.210076734 -0.163869128 0.211493358 0.0996897221 0.234477252 0.142257929 -0.0765255019 0.0738671124 0.00437094271 0.0268746205 0.0833638906 -0.214255348 0.048701562 0.00839685369 0.173617348 -0.0333095975 0.0119176125 -0.201470181 0.0269785337 0.0415571854 0.18502152 -0.0510615818 0.00245164172 0.0307478085 0.185910359 -0.197513044 0.110223748 -0.147810146 0.0996127799 0.252479285 0.0206531193 0.184144884 -0.0358986333 0.18327488 0.1218981 -0.1822422 0.10990113 0.190313846 0.0376712754 0.247524053 0.160649076 0.0989195183 0.151688322 -0.0664151683 0.16533345 0.238037646 0.00845175982 0.0271295421 0.0424210876
-0.0677817315 0.0510932729 0.0377864093 -0.027821647 -0.00404724991 -0.0421553329 0.0452678576 -0.0859497786 -0.0884644911 -0.0718247965 -0.0311827846 0.0576503389 -0.0790839642 -0.0882289261 -0.0668243244 -0.0276385043 -0.0290526468 -0.0896101221 -0.0554997437 -0.0425060652 -0.107059985 -0.0622847974 -0.0939424112 -0.120808952 0.0267487876 0.0395159498 0.0353880338 -0.0220706128 -0.0956820026 0.0565359704 0.0318624452 -0.116026767 -0.0628011078 -0.0487054624 -0.0278920308 0.0106099052 -0.0600249581 -0.053334333 0.0154612521 0.00275095971 -0.0647752956 -0.00510353874 0.0284355059 -0.0335522108 -0.0358820558 -0.117062382 0.00967831817 0.0125187375 0.0349717438 0.04911834 0.0396069959 0.0499474481 0.055424016 -0.104822114 -0.0594721213 -0.106089599 0.0350918435 0.0212341808 -0.0723257139 -0.0512773171 0.0735838637 -0.004482558 -0.0683543757 -0.0175071303 -0.113841139 -0.120071553 -0.0878363997 -0.0759393871 -0.0744996965 0.00653383182 0.0232663564 -0.0605836883 -0.0747194141 -0.0072813849 0.0146329869 0.0402664579 -0.103371985 0.0123634208 -0.0587063804 0.0353548713 -0.0466587991 0.0272079743 -0.0122831333 0.0314527377 -0.0776401162 -0.0776716396 0.0292359516 -0.052311752 0.03277459 0.0477416441 -0.0429191813 -0.0357320867 -0.0321192443 0.0526938103 -0.0402401127 -0.0867720097 -0.0979391932 -0.0690597594 -0.116790891 0.0066214269 0.0119685391 -0.0570537411 0.0258673653 0.0117691336 0.0138456468 0.0453943498 -0.000601547305 -0.0830270201 -0.0500448383 -0.02140541 -0.0322967097 -0.0255973786 -0.0532234423 0.00636407686 -0.099938795 0.0354336202 -0.0437661782 -0.0702948272 0.0154827153 -0.093445003 0.0439976007 0.0423185006 0.0130145773 -0.0892415345 0.0300251376 -0.0756896064 -0.0347016677 0.0170979146
-0.186085269 0.306355745 -0.269938856 -0.0573723465 0.0316810608 0.039218165 0.0368226543 0.0660871565 -0.140781045 -0.0610891953 0.155319408 0.1530509 0.0648261905 0.0528661869 -0.049247548 0.00647002738 -0.257628322 0.0177122056 0.0722152218 -0.435798079 0.162635311 -0.0623842888 -0.112098739 0.362535894 0.178296238 0.042234309 -0.118544765 -0.050519824 0.219632119 0.160053164 -0.195488587 -0.159912407 -0.0438966081 -0.332864076 -0.245138288 0.219660506 0.426953286 -0.180601045 0.154745728 -0.823132277 -0.0888851658 -0.0637724251 0.0642806143 0.0587784424 -0.0276275389 -0.0760712773 0.228249848 0.195945114 -0.28404215 -0.173477739 0.114414059 -0.0766915232 0.0146660944 -0.285613239 -0.379300207 0.0918681771 -0.202101126 0.0900974944 0.125637606 0.147290185 -0.289101481 0.050784722 -0.0589530729 0.0239244439 -0.153601661 0.176179856 0.00478130952 -0.0559779704 0.370527565 0.171803102 0.00181221962 0.0699410141 0.176313415 0.213643864 -0.0676401332 0.0713064522 0.0166817345 0.0608308427 0.0156020625 0.0446874835 0.0343961753 0.28512603 0.125092641 -0.0433386266 -0.223510563 -0.0220644027 -0.0838053152 0.023662895 -0.0154684475 -0.0431769826 0.189921811 -0.000756695867 0.214224592 0.0870443285 0.130274221 0.0505919904 -0.293342978 0.0493565835 0.00382531271 -0.0572814979 0.18777518 -0.0104674594 0.00804601051 -0.0588349476 0.128692374 0.0679266006 0.0694423467 0.12227606 -0.0946377143 0.00897379499 -0.202647999 -0.183520481 0.0224362873 -0.0184072182 -0.33691141 -0.131912544 -0.0215191431 -0.0143014463 -0.12861082 0.0283752438 -0.0388800614 0.145963714 -0.0489837304 0.0210279617 -0.053357318 0.0745220706 0.0344891958 0.0649117008
0.131616578 -0.0593978576 0.234919935 0.100763991 0.111136056 -0.159229547 0.0455651544 -0.0543842725 0.101861566 0.145182014 -0.312246591 -0.0596089214 0.103716187 -0.23983252 0.0893732011 0.069758147 0.019935701 -0.22384423 0.0150813637 -0.220923156 0.12645787 0.0698422268 0.0795894787 -0.151921898 0.0634373948 0.183407485 -0.118186161 -0.345112324 0.322027981 0.093234852 -0.10837613 0.00174672715 -0.131531268 0.0417769179 0.0321434811 -0.0379694216 -0.139930099 0.147254527 -0.0795335099 0.0300510973 -0.10300111 -0.0462697633 -0.150990859 0.0353475213 -0.21500586 -0.0585995652 0.0344663262 -0.0575742982 -0.108973272 -0.0612964071 0.0912823081 -0.10007821 0.0350281484 -0.248589396 0.091385372 -0.0105293086 0.0716182142 0.0215902962 -0.107317828 0.219274461 0.00304506603 0.247802347 0.131698549 -0.169755161 0.101548903 0.0116495807 -0.010724497 0.0848114491 -0.165214434 0.10351076 -0.063971512 -0.0785664842 -0.143902972 -0.051609464 0.0943981558 -0.00900416635 0.0713246241 0.160790473 0.00899982173 -0.0793723762 0.00548222521 0.22225374 0.11903061 0.164579451 0.146091238 -0.21661745 0.0153812971 0.0436087921 -0.065847367 0.0745816976 -0.30571416 0.0367686078 0.138386622 0.248456687 -0.020305369 -0.0582145602 -0.196275204 0.0177676342 0.199847519 0.229984537 0.116266474 -0.0220280141 -0.00322076376 0.0983899459 -0.148094997 0.242778748 0.0772234127 0.0412428267 0.174309373 0.19762522 0.235618368 -0.100989051 0.138316289 0.128627613 -0.229689345 -0.0277660154 -0.0955027118 0.0735112131 0.123340897 0.112912789 0.0691293105 -0.0934314877 0.0811750591 0.0209673401 0.144671649 -0.0652808696 0.0125036668 0.0729100779
0.365610659 0.029788753 0.430947125 -0.438465297 0.126373589 -0.245937347 -0.0376917869 -0.0770066381 0.0454521105 0.102092654 0.0118814847 -0.171945751 0.161510423 -0.015019997 0.107731007 -0.313235044 -0.124710523 -0.239801243 0.182211906 0.259069055 -0.01558486 -0.35439685 -0.228345335 -0.37479049 0.0746060908 0.138952434 0.173752621 0.0797774047 0.285345614 0.270158291 0.175551444 0.186598852 0.0338263176 0.202593714 0.401120901 -0.327470243 -0.183398113 -0.218275741 -0.350743383 0.264278144 0.102337755 -0.338977188 -0.456825525 0.0618695393 -0.0158420615 -0.266917616 0.100369133 -0.288232654 -0.464450449 0.234178171 0.0148187131 -0.375419348 0.283421874 0.161185607 -0.0283916313 0.201139852 0.0638979077 -0.422822326 -0.0562951304 0.0118132439 0.510508716 0.18454197 0.206869707 0.108349212 -0.232232913 0.189273179 0.0657639503 0.0654614568 -0.33360216 -0.241828829 -0.0574681275 0.0256946031 -0.327049375 0.222889751 -0.490258217 0.0168505795 0.0620601587 0.0542410351 -0.255031854 0.182557434 0.163442388 0.115894921 0.364867359 0.0525231287 -0.0403698608 -0.0107371574 -0.258196563 -0.00210101902 -0.160954982 0.0580433644 -0.0631847978 -0.0100607276 0.250556827 0.217715651 -0.196302384 -0.0885136127 0.097095646 0.321277142 0.0867152587 -0.216935396 0.268198788 -0.213052854 -0.22286886 0.42625612 0.219561845 0.170844674 0.269405425 -0.104297288 0.0472846106 0.0633334219 0.0222514085 0.0602742583 -0.0248459019 0.252105623 0.018755177 -0.340985447 -0.211605653 -0.0342255682 0.152132824 0.0749433711 0.177857041 -0.400179535 0.310750693 -0.273478597 0.197325781 -0.017950736 -0.364340097 -0.195600018
0.0650048926 -0.0481318422 -0.0791945159 0.0596182682 -0.105302565 0.0552378297 0.0747314468 0.00615222007 -0.0602930896 0.0344844833 0.0583584346 0.0497019738 -0.115923993 0.00309409644 0.0733630508 -0.0783138871 -0.076359354 -0.0799379945 -0.0991148129 -0.0970481411 -0.094690226 -0.04664395 -0.0393861979 0.0203405768 -0.0104422886 -0.00800648145 -0.106419034 0.00355333532 0.0392962918 0.0723339543 -0.102135047 0.0311697461 -0.000630911265 -0.0485748276 0.0197571348 -0.0681109056 0.0196575746 0.0136424862 -0.0535818599 -0.0465564094 -0.120071903 0.0230883546 0.0376417451 0.00776654482 -0.105753317 0.0297057834 -0.105632134 0.0388023034 0.0502079874 -0.109347016 0.0796983987 -0.117406338 -0.0401134565 -0.0555017367 0.00509579387 0.0323161259 -0.00546077639 0.0494261943 0.0296992753 0.0453498177 0.0133938566 -0.0267375372 -0.0486599281 -0.0833920985 0.0522538982 -0.0484790839 -0.0470406972 -0.00241965055 0.0210916698 0.00408016471 0.0263268854 -0.0890475512 -0.109196454 0.00958155654 -0.0289500747 0.0496098325 0.042629987 -0.0469242185 -0.0855747685 -0.0910719037 -0.104839519 -0.0434089899 0.0753543749 -0.064851515 -0.0703978464 -0.0834623501 -0.104592755 -0.0616323352 0.0151329227 0.0630148426 -0.032098908 0.0387292132 -0.0899071172 -0.0122921467 -0.101578876 -0.0815646127 0.0222204383 -0.0189340543 -0.0385706574 -0.0360062458 -0.0875390917 0.0514297672 -0.0851731598 -0.0818429664 -0.020478338 0.0296653081 -0.0145146092 -0.00728438329 -0.0412700139 -0.0900380015 0.00288158888 -0.0239028502 -0.0393687189 0.0471153334 0.0148751438 -0.0203424059 0.0100993905 -0.0318237692 0.0202746149 0.0632992089 0.0280584525 0.00640713423 -0.0122905876 -0.0421982445 -0.0779495388 -0.0477040373 0.0433446728 -0.0408893041
0.0602792241 -0.0440200269 0.0355320238 0.00548493769 0.0313900709 0.0505872108 -0.0330342613 -0.0157481991 0.0336676277 0.00665352261 -0.0661734268 -0.0473287664 -0.0502703376 -0.0871297047 -0.0943219066 -0.0391534343 -0.0426457375 0.00979915448 -0.066209808 -0.0771106258 -0.0278665405 0.0260912832 -0.0687182546 -0.0593790486 0.0423634537 -0.0404104292 -0.0873603746 -0.0285356976 -0.0159726646 0.0115052005 -0.0990305096 -0.0475361906 -0.042472627 -0.01090365 -0.0483530574 -0.0145802358 0.0166343022 -0.101158112 -0.0828549266 -0.0157905407 -0.027839886 0.0524560884 -0.0952461362 0.00367816538 -0.0214180034 -0.0204551313 -0.0616726726 -0.0107199121 0.0164262224 -0.118455201 -0.00702387281 -0.119404666 -0.0769024566 -0.0282399282 0.0527089052 0.0616620146 0.0380041115 0.00124211085 -0.057069838 -0.0944926366 -0.0779655948 0.0331050269 -0.0298696812 -0.0408395305 0.0291986056 -0.0882862508 -0.0567574389 0.0206627026 0.0368132405 -0.126199275 0.000968100969 -0.0497717671 -0.0247394852 0.0088386517 -0.0853916183 -0.0284949429 -0.0921540558 0.00448084623 -0.0874716863 -0.0934016183 0.0241067428 -0.102015488 0.0507359095 -0.0204156749 0.0480114259 -0.0164603777 0.00810136925 0.00792278349 0.0496358313 -0.0476831645 -0.00287966779 -0.0627550259 0.0300910361 0.0554344878 -0.0674286634 -0.0914816037 0.00387844723 -0.0178949889 0.000311836135 -0.0330345407 0.0162638649 -0.0286547672 -0.0357183069 -0.0455004908 0.0229294561 -0.00932183862 0.0594991073 0.0402781554 0.00266515347 -0.0248948336 -0.038200777 -0.0741248876 0.0562004484 -0.0818911418 0.0534289591 -0.0774636194 -0.0883025005 0.00162861496 -0.0405229405 -0.0775619373 -0.0382360071 0.0232475884 -0.00935593247 0.0550030842 -0.0174157955 -0.0554287955 -0.094837375 -0.0558957197
0.052718658 -0.0113086849 0.225171417 0.106091343 0.162793607 -0.127260804 -0.0246070456 0.0460151993 0.149803504 0.18340154 -0.18371132 -0.116929531 0.065627344 -0.156555519 0.00503556663 0.157442451 0.0408601202 -0.197601289 0.0406003334 -0.169465333 0.0226128064 0.093510665 0.28359735 -0.078278698 0.239140436 0.206194222 -0.137315884 -0.0699111447 0.293791801 0.183265835 -0.145375475 0.000627150352 -0.0428409614 -0.189984709 -0.144393116 -0.0541776195 -0.127305821 0.017417904 -0.0508151017 -0.0448933877 -0.0754143447 -0.11927107 -0.0236769971 0.0762861744 -0.179514498 -0.0922920033 -0.0758069009 -0.00151698431 0.0683443546 -0.0161812771 0.357744604 0.0348466225 -0.0652339533 -0.188771546 0.0261916891 0.0758327544 0.053846512 0.0432341136 -0.182407513 0.208805814 0.119902566 -0.011738305 0.03995407 -0.196841612 0.0993947387 0.0174971763 0.0983273834 -0.0253890473 -0.0263623931 0.134534076 -0.255887866 0.0198403839 -0.0174414348 -0.0120464191 0.0876269788 0.105440289 0.0487008505 0.119650945 0.0927951708 -0.0133350678 0.0633139089 0.234643027 0.183812529 0.165479019 0.117648669 -0.0181432925 0.0495154038 -0.0756808817 0.186405793 0.0310767312 -0.241012424 0.0559258983 0.179510668 0.330474079 0.00654366426 -0.0486745611 -0.183661148 -0.0555306561 0.191964567 0.122868784 -0.0260727927 -0.0212009735 0.151006237 -0.00755825732 -0.138118386 0.125196919 -0.0342457145 0.0869331062 0.118532181 0.182937846 -0.0262376536 -0.134532303 0.11257825 0.204802483 -0.242956191 0.0502679721 -0.0717387199 0.000551680452 0.0669665933 0.250839382 0.072210215 0.130423307 -0.0218302719 0.044747442 0.254016727 -0.0226354152 -0.0664780289 0.0392659269
0.24804233 -0.11324916 0.239764959 0.00624524849 0.0948090851 -0.367064327 -0.0727367103 -0.0123276906 -0.0228421967 -0.0330003276 -0.081751816 -0.228554517 0.166670799 -0.04695867 0.193025246 -0.100872874 -0.046471782 -0.280731171 0.184439749 -0.128974408 0.104189292 0.0166940987 0.0572879091 -0.382619143 0.0585276186 0.20536904 -0.0675841123 -0.103869319 0.0657613501 0.0992001668 -0.253221452 0.225827321 -0.130651429 -0.193771124 0.292156368 -0.13877371 -0.144211337 -0.0349559635 -0.23613824 0.0892765969 -0.0724753961 -0.234306067 -0.171290964 -0.0377964489 -0.193580821 -0.171288028 0.110247172 -0.0740115345 -0.154205307 0.0924682245 0.0284569114 -0.236927956 0.208682612 -0.0905677378 0.0137838405 0.0505299419 0.0622180887 -0.290427089 -0.132958665 0.200888172 0.22982046 0.193844512 0.161021605 -0.057226032 0.0663703531 0.288968205 0.0389479138 -0.0454251952 -0.189130962 0.00268428959 0.381967157 -0.058033824 -0.212308884 0.1889489 0.00186154875 0.179713026 0.0468376167 0.140837356 0.0135070439 0.0650475249 0.0964626521 0.0873321071 0.29525733 0.166319549 -0.14472051 -0.00519978395 -0.200923011 0.0838023052 -0.143052474 -0.0210777149 -0.151321471 0.0145903304 0.275994182 0.385388225 -0.0765323937 -0.239124194 -0.10587386 0.288872063 0.0961412713 0.0767807141 0.293445826 -0.208442494 -0.19060187 0.23474738 -0.131550506 0.107774802 0.000955553143 0.0975816175 0.118448518 0.292641133 0.0552913174 -0.0477376319 0.0938447192 0.23204422 -0.288367689 -0.0694970563 -0.192971081 0.03890476 0.130196378 0.104941398 0.277530998 -0.139229789 0.105892129 -0.0261947084 0.096568346 0.00538758934 -0.328559875 -0.00334642292
0.0225677416 0.00665714312 0.0831346735 0.0514972955 -0.0241088532 0.0180201605 0.0634862185 0.0190389883 0.0711819381 0.0733692348 -0.0590416491 -0.0738654286 0.0657905117 -0.0870338753 0.0533980839 -0.0813534185 -0.0226368271 0.0319792926 -0.0768204182 0.0460438803 0.0181058627 -0.0721843541 -0.0812371597 0.0021980938 -0.0820882246 -0.0483158976 -0.0301883556 0.0353967175 -0.0446314253 -0.0668519586 0.01994537 -0.0795548111 0.0410421193 -0.0161334891 -0.00269930949 0.0135847619 -0.0464567989 0.0129176881 0.0282910056 0.0591502972 -0.0173918083 0.0338909999 -0.0945205539 0.0281404704 0.0357913487 -0.0613932423 0.0582556315 0.0865010247 -0.0748969987 0.0620459877 0.0478332192 -0.0831016824 -0.0246140789 -0.0654335916 -0.0909055546 -0.0583637021 -0.0475420244 -0.0374475382 0.0408177115 0.0414884426 -0.0576497093 -0.0688493028 -0.0071927458 -0.0488860384 -0.0452743396 0.00105308939 -0.0632796884 0.0262970403 0.015405776 -0.064709425 -0.0166141912 0.0546219796 0.0597535297 0.0746391937 0.00506732939 -0.00694077462 0.0720615163 -0.0697962195 -0.0982694626 0.0499585085 -0.067886427 -0.00848470628 0.0493821539 -0.0468522646 0.00984361023 -0.03657341 0.0142927608 0.0553111956 -0.0201657992 -0.0462231599 0.0438857116 -0.0188258365 -0.0293687768 0.0829936489 0.0357822292 0.0391915999 0.00489751389 -0.0812621042 -0.0549401455 0.00811196212 0.0718330145 -0.086513944 -0.0653881207 -0.0197130144 -0.045906242 -0.100846969 0.0215273127 0.0196460169 -0.0363502353 -0.0607027598 0.0314816013 -0.0386152118 0.0440511964 0.076752089 -0.0439843014 -0.0489123501 -0.0607638061 -0.0371417738 -0.0147203207 -0.0865189582 0.0424847454 -0.0920569524 -0.00510913087 0.0434166193 0.002086872 -0.0599198788 0.0274841785 -0.0750347301
-0.0446990915 0.0304561295 -0.00600329041 -0.0368234441 0.0612926707 0.0274867769 0.0415659323 -0.0520794913 0.0481144227 0.0505717285 -0.0462001413 0.0545027517 -0.006471375 -0.110622458 0.0102072507 -0.106257297 0.00943402201 0.0537074991 -0.088812992 0.0252048038 0.0610977784 -0.0959090367 -0.0521518625 0.0525676906 0.0104279239 0.0305001587 -0.0456535965 0.0438538492 -0.0053524063 -0.0487124324 -0.0713729113 -0.105469964 -0.0831098035 -0.00968094543 0.00557125732 -0.0469676405 -0.10780713 -0.0444006845 0.0324018002 -0.0192805342 -0.0552125908 0.0467710309 0.045038607 0.0419851467 -0.0769334063 -0.0438487157 0.0258051008 0.0567701571 0.0305138491 -0.0911153182 -0.0852832496 0.00203407882 -0.0392649882 -0.028311627 0.0638547093 -0.00877497159 -0.0996326655 -0.0318932682 -0.0697567239 0.0251746401 -0.0119424537 0.0174901076 -0.0976603031 -0.0225367956 0.0183013286 0.0540181249 -0.100958183 -0.0342797264 -0.0408299565 -0.103026569 -0.0725811049 -0.0946540087 -0.021773506 -0.0302562043 -0.0556151979 -0.0536973178 -0.106043898 -0.035197746 -0.0884686559 0.0477256477 -0.076330319 -0.0507759303 -0.063396126 -0.0750770122 0.0640081391 0.00693864468 0.0182627328 0.0137780458 -0.0347284414 0.0419799313 -0.0998090506 -0.0474166907 -0.0560584329 -0.0368229523 0.00258338195 -0.0525228828 0.0403975435 -0.0166985244 -0.106563047 -0.0441867858 0.00236649485 -0.00192663178 -0.0683702752 0.00276131672 0.00480665639 -0.00720928796 -0.0731224194 -0.0816133395 -0.0749740079 -0.0489526242 0.0423342474 0.0636526942 -0.017881684 -0.0606172904 -0.00283544534 -0.10572774 -0.00816380046 0.0694815293 -0.0507491566 -0.0758823976 -0.0673092231 -0.0325421095 0.0282119345 -0.0962899029 0.012850523 0.0709055439 -0.101712272 -0.0909390971
0.145106778 -0.137085468 -0.0972342193 0.202616081 -0.0687496066 0.249671221 -0.0246974025 0.0642584413 0.0871386826 0.0576168932 0.272551358 0.244110182 -0.12107826 0.014302846 -0.132689804 0.197696611 0.170867145 0.171274304 -0.143997073 -0.160638034 -0.151934549 0.136425495 0.149209306 0.159160987 0.0961601287 -0.0712274238 0.0558702163 0.175897598 -0.0741699338 0.0304510463 0.0861153603 0.00847355835 0.192361161 0.212555572 -0.0088408133 0.237074107 0.374971569 0.202887595 0.195451394 0.0290948767 0.0385993868 0.0851299912 0.0775618926 0.0288691372 0.117016137 0.0902831703 0.0523192249 0.014423172 0.26644671 -0.200711653 -0.00197331794 0.121774592 -0.0820953548 0.0952009261 0.125217274 -0.0583289452 0.174417943 0.0985749364 0.308239579 -0.15656355 0.0485048145 -0.205292299 0.0492612794 0.0861643925 0.250739813 -0.19538334 0.0284552388 -0.0560416952 0.0741787106 -0.00644790847 -0.310175657 0.203348204 0.187405333 -0.187895507 0.199944288 0.0551475026 0.0528842993 -0.03143695 0.169697389 0.00907123461 0.0199880321 -0.150239214 -0.0463079736 -0.0959632695 0.0662630871 0.131850317 0.151848152 -0.0150944218 0.179333895 -0.0841438398 0.181154042 -0.0722185597 0.166119352 -0.0618585087 0.290780485 0.0835833028 -0.0452869423 -0.148088798 -0.101580255 0.263366818 -0.0612876676 0.194922388 0.32878682 -0.0117924744 -0.0443168879 -0.141869366 0.17488569 0.193925992 -0.0491015017 0.0142280487 -0.306317389 0.057933677 -0.00684194686 -0.114375137 0.0887896046 0.0397710018 0.225187778 0.0739866197 -0.0453521311 -0.132006869 0.0646950901 0.133824557 -0.0851113498 0.305950165 -0.202676877 -0.0174412206 0.216101676 0.0591793843
-0.0718568191 -0.189876914 -0.406458735 0.142461374 0.0575525835 0.0625769272 -0.00570029719 -0.0666359738 -0.0169162452 0.0403134488 -0.0822141916 0.172152892 -0.0250939894 -0.0625691712 0.0547279082 0.178838268 0.0305691902 0.0576725267 -0.0602130517 -0.269093156 0.0942377076 0.171317741 0.175249428 0.0141658615 0.058799576 -0.0580686256 -0.221813291 -0.00435202988 0.209178805 0.111178234 0.0390010402 0.0165126473 -0.0530965514 -0.139709502 0.0640959367 -0.0160660781 0.00900745299 0.161712185 0.068174541 -0.157907099 -0.00629830547 0.069176279 -0.200933665 -0.032589525 -0.125642568 0.0110749407 0.0490732528 0.0526809581 0.104434289 -0.21384789 -0.0184656754 -0.0925813541 0.14520593 -0.125306651 0.082408227 0.0022662133 0.196588188 0.0262572486 -0.0948248133 0.112048186 0.126106143 -0.135184109 0.104538746 -0.114714779 0.341882616 -0.0134837907 -0.0508485585 0.0165263098 0.0544922948 0.0221841652 -0.64200443 0.0187749285 0.125298694 -0.0945790634 0.224537015 0.22067067 0.00803483091 -0.0159119144 0.205179647 0.0548446439 0.041033987 0.17709823 0.132530361 0.151643559 0.0946118534 -0.166482776 -0.108057484 -0.0426873267 0.0920743346 0.00912632421 -0.203666687 0.0784844831 0.229486927 -0.0124182142 0.276434422 0.0107968198 -0.185692728 -0.0478846058 0.0696504936 0.363260657 -0.100221582 0.0574749373 0.216064006 0.105505265 -0.0911038071 -0.00336212455 0.00484995311 0.0926413238 0.019714484 0.235462576 -0.190513611 0.0256005153 0.0313103162 0.019995762 -0.0787475184 0.0989397913 0.0803029016 0.0842979178 0.0844482258 0.00850715023 0.0539810099 0.164494589 -0.0334432013 0.183874413 -0.0746561736 -0.0234540254 0.103727907 0.0524009578
0.206503674 -0.0403250605 0.327730358 0.0836597309 0.156399429 -0.201354712 -0.00316770887 0.0846625268 0.101482011 0.195962638 -0.106698401 -0.13128601 0.0842568055 -0.283571452 0.155989692 -0.0062789428 -0.0172466617 -0.214193135 0.221560478 -0.228341892 0.23684445 0.109179862 -0.147320464 -0.14296481 0.221063286 0.210532695 -0.254194081 -0.306979805 0.156674176 0.0283385478 -0.206551805 0.370492816 0.0178717691 0.165868998 0.0685601532 0.0635649264 -0.296579093 0.00709568569 -0.0646963194 0.055206228 -0.0642163455 -0.045695249 -0.0238089375 0.0315062031 -0.277805656 0.0129164057 -0.236624867 -0.0537985787 -0.119543836 0.216427043 0.0305930246 -0.0204633679 0.134115249 -0.0893005356 0.0751472041 0.141055807 0.138413727 -0.0565456189 -0.211326078 0.0322897881 0.0261964481 0.205739006 0.214607254 -0.241565391 0.0238534529 0.323540032 0.165751502 -0.0643081591 -0.0410657674 0.0653609261 0.094095014 -0.268777549 -0.200188667 0.116595745 -0.0404094681 -0.0275351107 0.13619554 0.111422166 0.00230883015 -0.0826313123 0.0203257818 0.101271167 0.050055258 0.208076969 -0.0324762389 -0.0993993282 0.0113961482 0.0703860149 -0.163018003 -0.0758251101 -0.344602406 -0.077708073 0.134995863 0.266862512 -0.000286090479 0.0449245125 0.0249306615 0.241649747 0.174465343 0.00974287 0.0491324402 -0.0409357436 -0.162505195 0.145380244 -0.00879984628 0.194936037 -0.207048535 0.0172936711 0.161096498 0.119880579 0.357832998 -0.0833785087 0.204861328 0.135768324 -0.22469838 0.0386786945 -0.00346185127 -0.0153351594 0.051547695 0.073450543 0.257823378 -0.0753956661 0.14665997 -0.0461666696 0.122618854 -0.0564786717 -0.0527380928 0.0307023078
-0.297706813 -0.258778125 -0.318767339 0.097796008 0.096425496 0.0409080423 0.000403043727 0.0362037644 -0.0374208763 -0.00215961621 -0.131063476 0.0279284716 -0.0938129649 0.0315593854 0.165091276 0.092385374 0.0281307157 0.031904038 -0.0267345216 -0.159272477 0.12215171 0.103193313 0.320586175 0.00449999422 0.0793444887 0.173285112 -0.0343899317 -0.0917542949 0.348248422 -0.0206435993 0.0230957903 -0.162573293 -0.125244796 -0.234512657 -0.0114501156 -0.146270499 0.0807772726 0.107055135 0.0423216 -0.102003194 0.0163088366 -0.120389514 -0.179063857 0.0276417285 -0.0108886603 -0.0655282512 0.0734154806 0.0384665728 -0.0355450064 -0.289072722 0.062790446 -0.18137607 -0.0634965971 -0.0635765642 -0.0447112024 -0.0450668782 0.278921634 0.0240717698 0.0404068492 0.235209405 0.0591771454 -0.193222761 -0.0453770496 -0.10577473 0.299457222 -0.0175010115 -0.0704446733 0.00848409999 -0.00433085207 -0.0671639666 -0.431208253 0.137296677 0.181563765 -0.0768868029 0.184033871 0.0746192336 0.0808550417 0.107796863 0.276822358 0.00245656585 0.054290235 0.201599449 -0.00100464537 0.0103213275 0.0857940987 0.0109314714 -0.00956203509 -0.0219129175 0.163328066 0.0717133135 -0.0768533349 0.0238493085 0.229436934 0.128680423 0.0596627928 -0.215838522 -0.194738656 0.0210955963 -0.0668046176 0.40164423 -0.0152645661 -0.165155545 0.282074302 0.119077034 -0.0999974012 0.0736668929 0.184236899 0.166800231 0.0762244985 0.200263739 -0.48677057 0.0391470827 0.19755213 0.154495284 -0.096843943 0.0362883508 0.0664175004 -0.0754964203 0.188039586 0.0625728369 0.114558853 0.347276032 -0.0713572726 0.0564308912 0.0731363371 0.0269998312 0.0502175912 0.0619275235
0.108779304 -0.0137876105 0.113134906 -0.0679477379 0.0144887874 -0.0807843357 -0.0493615232 -0.0737002194 0.0175281297 -0.0623172373 0.0856127068 -0.136972845 -0.0560048036 0.00099210476 -0.019491097 0.0493480302 -0.00838438049 0.0507643521 -0.0247752871 0.0708117038 -0.0950297639 0.067408517 -0.0308015924 -0.0316032209 0.0555348024 -0.078489922 -0.042700842 0.0263077319 -0.0755442083 0.0458483472 0.0258781109 0.0400601923 0.0123156346 -0.0992170051 -0.0370799452 -0.0269999839 -0.0949423835 -0.0722490326 -0.118982367 0.0733102486 -0.0852677226 0.0730895996 0.0131025175 -0.0819778442 -0.109786414 -0.0828053504 -0.0166756995 -0.0886639059 0.0287167747 -0.0290006958 -0.0305370782 -0.00680580828 0.0937812254 -0.0224035643 0.0649669245 -0.0505155511 0.0198153853 0.0621421523 0.0547550581 0.0131504312 -0.0819119588 -0.0556933694 0.0771126002 -0.023993466 -0.0743246228 -0.0607756302 -0.0938477889 -0.0127504766 -0.112267911 0.0551268384 0.00897143316 -0.0630557835 0.015743468 -0.0337336063 0.0436403863 -0.0614607707 0.0293227993 -0.0205577631 0.061972402 -0.0455732308 -0.0417232625 0.0165230297 -0.0223628432 -0.0772496238 -0.00787681341 0.00947683584 -0.0542750694 0.0215153024 0.00642086053 0.00215403875 0.0558232069 -0.012630187 0.00706735114 0.0311869327 -0.0134993317 -0.0807895958 -0.0480727442 0.0744750872 -0.0843678936 0.0092028873 -0.0372074284 0.012784359 -0.0765809417 -0.099898167 -0.101020023 0.00955129694 0.00392993493 0.00705646211 -0.046053417 -0.035130132 -0.0050986791 -0.042913802 -0.0689991415 0.00216424558 -0.0804135427 0.0588328354 0.0339921564 -0.00453186035 -0.0372559018 0.0120994914 0.0184963811 0.0763911009 -0.0569042116 -0.0763118118 -0.0375328772 -0.0515520312 -0.0677789524 -0.0376035683
0.129739255 -0.147967756 0.199438602 -0.467791021 0.0790992156 -0.227244347 -0.0370497927 0.0400408953 -0.0435021743 0.19626683 -0.0293894894 -0.147117615 0.158988476 0.0347277224 0.117208913 -0.130916104 -0.0559249297 -0.0589920394 0.235225022 0.236633882 -0.0265090466 -0.19751659 -0.19781588 -0.271793365 0.0385505334 0.12891227 0.167592317 0.0852855518 0.0727283359 0.18288365 0.0956072435 0.141300812 0.0577794872 0.156669125 0.20844008 -0.00500441622 -0.109305553 -0.227285609 -0.228369564 0.284364402 0.183221355 -0.298452199 -0.325946659 -0.0329705104 0.050154265 -0.283049971 0.131067023 -0.0944467485 -0.209482998 0.29818055 0.100307643 -0.170824751 0.0822160915 0.102389753 -0.0282526296 0.206611872 0.0582125485 -0.176421806 0.150996983 0.0926171765 0.151268914 0.125111297 0.103011996 0.153596774 -0.152224496 0.117533512 0.129661113 0.0776358396 -0.204413161 -0.237307429 0.116319425 0.105530277 -0.335135162 0.285001189 -0.131789863 -0.141581446 0.14348802 0.163762495 -0.347808242 0.101005457 0.243632734 -0.0538172312 0.252157599 -0.238501549 -0.0629743263 0.103233762 -0.179125935 0.0689766631 -0.189111516 0.0646714121 0.253497541 -0.0292717144 0.172665611 -0.0419568494 -0.279521674 0.0121352747 0.125097364 0.206907064 0.093130812 -0.220593944 0.191183954 -0.25422138 -0.375570446 0.15430966 0.119489856 0.128847644 0.163611814 0.0931829736 0.0780576095 -0.0232335366 -0.0126750497 0.0668066069 0.15420191 0.261568457 0.0981367603 -0.168846145 -0.093232803 -0.00301594404 0.0405874252 0.0742098913 -0.102048777 -0.598877728 0.152627498 -0.208146721 0.107106924 0.00860407948 -0.203530416 -0.0207445659
-0.0370805897 -0.0306541771 -0.0725628808 -0.117359146 -0.143229976 0.24842 -0.0201584771 0.0643118322 -0.0909620002 -0.0538075455 0.280553162 0.277466923 0.0169707648 0.252320439 0.0211200323 0.0403174795 0.277279645 0.149919733 0.0757024214 0.39582786 0.0156614408 -0.103433095 -0.0793065876 0.194576755 -0.0190124344 -0.122402206 0.313769519 0.0084517682 -0.124583922 -0.228365362 0.163516626 0.0391916633 0.145771056 0.158614889 -0.0699241161 0.307466298 0.13729997 0.100498408 0.0551765189 0.0608101487 0.105559707 0.268274337 0.387045681 -0.0721507967 0.144647703 0.289733827 0.149457127 0.0983122885 0.0918032676 0.134568349 -0.234414145 0.377501011 -0.107803278 0.0516322292 0.183718339 0.00597298751 -0.114954874 -0.0134222992 0.219124541 -0.231767654 -0.134005174 0.025600737 -0.146824673 0.213369057 -0.0924640968 0.0210403074 -0.0816338211 0.0307977162 0.211024269 0.108051337 0.298973233 -0.0226517934 0.200571746 -0.0389273055 -0.104025699 -0.124803171 -0.0439927951 -0.00333861308 -0.0984680057 0.214263812 -0.0201164056 -0.194772527 -0.0997981504 -0.179774553 0.0266401954 0.252181232 -0.0170604978 -0.0750050172 0.0893767029 -0.0596555099 0.294197381 0.0706480369 -0.154900223 -0.282530993 0.0152614042 0.197199047 0.32682994 -0.00403762562 -0.0375053734 0.0400977246 -0.0578628443 0.0175396558 -0.0937721282 0.119249545 0.0796204135 -0.284526765 0.187134191 0.0514420196 -0.127346158 -0.0788893402 -0.0744451806 0.179828271 -0.193925932 -0.242756516 0.210139081 0.191962078 0.147652209 0.0307682455 -0.196702436 -0.110912517 -0.1100927 -0.0409633182 -0.0455563143 -0.0130559029 -0.276993901 -0.032718312 0.0765252709 0.17476441
0.0428854041 -0.0546871871 -0.284187287 0.339532226 -0.0302108191 0.0856715366 0.0711754486 0.0286761951 0.0631605089 0.0906658247 -0.251918197 0.212690383 0.0215459242 -0.0435363874 0.16821675 0.203099892 0.169931993 0.0482613854 -0.154124364 -0.226200387 0.132063702 0.280572206 0.350737333 0.066178292 0.197817817 0.113877222 -0.043818526 0.00488010189 0.194870323 -0.057002753 -0.0594404526 -0.0970055088 -0.112101816 -0.0797476321 -0.21795553 0.0833940879 -0.0335364118 0.125854 0.246882588 -0.152254105 -0.142369851 0.110159107 0.132054746 0.0650208518 -0.0361933969 0.137561038 0.109634072 0.158932045 0.310083658 -0.0573212355 0.137680173 -0.00195169158 -0.00100911933 -0.150210321 0.153491154 -0.135261178 0.278829038 0.056908235 -0.0434153192 0.212119758 -0.228704214 -0.00561747653 -0.0793481842 -0.0474326387 0.229665324 -0.0270064306 0.0992601514 -0.0927132666 -0.118539065 0.108774662 -0.136911392 0.0282457378 0.192748651 -0.068732582 0.290865123 0.137818038 0.130199 -0.00423369603 0.263581812 -0.00696152961 -0.0172745269 0.108302981 -0.138191 0.226393878 0.125790596 0.037131317 0.160841212 0.060691379 0.371972144 -0.0526329651 -0.4264009 0.0466717705 0.152913556 0.169842392 0.232771575 -0.0444280207 -0.139451995 -0.0981379375 0.130878702 0.407356888 -0.181884333 0.082146354 0.26113078 -0.137829646 -0.133017108 0.0615524165 0.0499247611 0.101089917 0.105096236 0.113768399 0.0928627253 0.0600155629 0.189558059 0.102073677 -0.00304903113 0.145294055 0.076629892 0.0150982719 0.19246307 0.108099282 0.143758252 0.403273404 -0.0733087957 0.263033122 0.0613928773 -0.0588860065 0.176755756 0.286473274
0.0200037267 -0.177798703 0.0360397696 -0.244542792 0.0303464588 0.0800181702 -0.0573503301 0.0270242821 -0.0271043163 0.160972595 0.158925548 -0.0559439138 0.0554937348 -0.0424357317 -0.0623568632 -0.18891938 0.00566419074 -0.0216825828 0.0175226592 -0.0949341282 0.0749298856 -0.224790484 -0.083733432 0.0226673931 0.191736564 0.0102523947 0.132985026 0.220569864 -0.282789201 0.105396397 0.094513163 0.295396447 0.00511737261 0.230438918 -0.00185766851 0.114322536 0.223255962 -0.0912192166 0.00816733669 -0.118310355 0.113657951 -0.053282313 0.0325482488 -0.0587555692 0.102710687 -0.0358233117 0.160070673 -0.039796479 -0.0278040804 0.0135603193 0.135890529 -0.112243399 0.11590746 0.163538456 -0.0656422973 0.0332201459 -0.0774726123 -0.291293174 0.0970042422 0.0498097986 0.370495439 0.037904419 0.0206376314 0.163253859 -0.108404644 0.193093866 0.179675877 -0.04080889 0.0649784133 -0.179032609 0.703298807 -0.101466641 0.0654821843 0.0755864531 -0.110742904 -0.0765588135 -0.000453058427 0.215448037 -0.218741179 0.0372757837 -0.00613883836 -0.0795562342 0.205341026 -0.236940816 0.0361195691 0.12910001 0.0742227733 0.041609101 -0.145665139 0.070920229 0.302581191 -0.0531350896 0.0331731103 -0.097331427 -0.226574183 -0.0157415941 0.135965183 0.207669437 0.0716307685 -0.109939225 0.0637854487 0.0186212007 -0.153496876 0.23277995 0.173019707 -0.0880907774 0.121520773 0.0447356068 0.0314078145 -0.200504765 -0.621271074 0.167844206 0.127033845 0.134484231 0.0349994525 -0.0724249631 -0.12692517 0.0106604183 -0.104940511 0.0275677145 -0.0875859633 -0.105282508 0.0827314481 -0.121236339 0.0514847226 -0.0139726847 -0.121814691 0.308673322
0.0582546331 0.0482557863 -0.0408472344 0.0540908612 -0.0732203498 0.0428598821 -0.0058125495 -0.0245692153 -0.0562356599 -0.0102842487 -0.0179194547 -0.0146145821 0.0403643996 -0.0836821496 -0.0686388239 -0.0401586033 -0.0856405795 -0.0740727782 0.031402912 -0.00503297662 -0.0681656152 -0.0883544385 0.0476781316 -0.0970775411 0.0438320525 0.051414948 -0.0961412638 0.0145406015 -0.035437461 -0.0374977104 -0.0154692931 -0.0987080112 -0.0769407898 0.0195032582 -0.0316672958 -0.0808729082 -0.0122378469 -0.00871225726 0.0120748263 0.0380885825 -0.104026332 -0.0430414602 0.0593286343 -0.0722504333 0.0717367679 -0.0871225744 0.0492812023 -0.00234530587 -0.0535857417 -0.0269572008 0.0189626496 -0.0280115232 0.0285389479 0.073737897 -0.0753555447 -0.0299632698 -0.0681117848 -0.0524673611 0.00620885007 -0.0211544894 -0.00826401357 -0.0379428118 -0.0188370328 0.0331921317 0.00977704395 0.0247227233 -0.0598520152 0.028252976 -0.0701838955 0.00450499495 -0.0531426743 -0.0424407534 -0.0156237716 0.0224436559 0.0788445622 -0.0482698567 -0.0950243473 -0.0476682372 0.0253585186 0.045203343 0.048975762 -0.0214894265 0.00460067112 0.0653028414 -0.0745877549 0.00412726542 -0.054984957 -0.0111227855 -0.0123717394 0.00564523228 0.0454487391 -0.0373262055 -0.023254782 -0.0329271704 -0.0207825545 0.0570814796 0.0676853433 0.011052195 -0.0387351289 0.0340587385 -0.0668158978 -0.0651089102 0.0565997325 -0.0314605385 -0.100666821 -0.0677229911 -0.0568965562 0.0772146806 0.00570238847 -0.0443944074 0.0220435634 0.0282703862 0.00274681766 0.000932066585 -0.051633276 0.0662277341 0.0657068193 -0.0568317585 0.0250306707 0.060665682 -0.0826198608 -0.04622823 -0.0747503266 0.0533351041 0.0763083696 -0.0208476037 -0.0870843679 0.0400512554
0.0146155776 -0.12043424 0.144739389 -0.057514254 0.149522454 0.0879646763 -0.00725718727 0.0125295138 0.195475861 0.0322529189 -0.253933847 -0.0526103377 -0.0742435902 0.0985031202 0.169494346 -0.0357626081 0.13900584 -0.137640163 -0.103096694 0.0309439451 0.0887582302 -0.0307996292 0.0467840172 -0.0270223618 0.104055911 0.167442575 -0.0147448378 -0.160967201 0.235442713 0.0645555332 -0.0385556519 -0.0697209537 0.128547415 0.00300563918 -0.12367364 -0.148671597 -0.229286313 -0.0638563037 -0.0927091837 -0.0150427539 -0.101893507 -0.00995907187 -0.00520326942 -0.0112432092 0.0882217363 0.0872929767 -0.155256733 -0.0301506445 0.0446936525 -0.0491912663 0.18785733 -0.0688510984 0.0114021339 -0.261489809 -0.00327521423 0.0956805646 -0.0702707618 0.202770889 0.0167586096 0.262997299 0.0248577632 0.077044867 0.0479078181 -0.199144155 0.167848885 -0.0303793736 0.0193693917 -0.0540243648 -0.0404567011 0.0221216921 -0.239268437 -0.0157365091 -0.000431352062 -0.0397602171 -0.0693361834 0.143011495 0.0616197437 0.0940419957 0.206771299 -0.0765051022 -0.0169746727 0.228563935 0.105779544 0.0253458265 -0.0484942757 -0.209468409 0.243523568 0.0411534533 0.0961551145 -0.0769302174 0.0935000032 0.00992683321 -0.0886798501 0.18338573 0.0256232824 -0.154705286 -0.225899085 0.0252227783 0.11676161 0.15563263 0.0248765014 -0.146107182 0.0961875245 0.0561851077 -0.0508756228 0.260828555 0.0692504793 -0.0087436093 -0.0113801463 0.123188615 -0.495026737 -0.213634267 0.116012231 -0.00394240255 -0.0335091203 -0.028034009 -0.0734354332 -0.0554721467 0.207963303 0.196994305 0.0794170052 0.129152924 -0.0538795777 -0.0688484982 0.313766807 -0.0647403151 0.026830025 -0.0278113447
-0.171872959 0.317213267 0.00702348305 0.103458062 -0.0372308232 0.0240962114 -0.0140901301 -0.0221724194 0.0371269882 -0.125367731 0.0370343253 0.105676897 0.0930693001 0.0149479872 0.0137323886 0.050228931 -0.0621196292 0.0702813715 -0.0514173806 0.19450824 -0.0184268244 0.0550465249 -0.0948446319 0.125175402 0.00360193569 0.0497662127 0.119561493 -0.0433595143 -0.0704116076 0.0833637118 -0.00372427283 -0.100897133 0.0488598049 -0.0212878063 -0.0775262117 0.0126991402 0.0391954407 -0.110144049 -0.0352514014 0.0981194749 0.102072626 -0.0194084905 0.174326807 -0.0157904029 0.181398556 0.205292806 -0.196840063 0.114586718 -0.05848331 0.0593075044 -0.124108337 0.0440089442 0.0201768018 -0.0363889709 -0.114929289 0.0856920853 -0.132381067 0.0869482905 0.102724299 0.0316361673 -0.225732729 -0.029118022 0.135516047 -0.0513893515 -0.176119551 0.103768162 -0.058172334 -0.036789488 0.149735212 0.00922215916 -0.249349266 -0.132353172 -0.149632707 0.179270163 -0.185199007 -0.00843282044 -0.0530409887 0.0957444608 -0.166170254 -0.0369717143 0.104460202 -0.0953588709 0.0260531325 -0.0256744027 0.0023917458 -0.029840773 -0.0577475429 -0.00090097636 0.024323266 -0.047984194 0.014398939 -0.0601181984 -0.00399505673 -0.0146463402 -0.00945261121 0.209388629 0.0920065343 -0.0246508196 0.0592272393 -0.288504571 0.125776559 -0.0385564454 -0.0100781806 0.0382619351 0.0033588782 0.144456699 -0.0951537788 -0.073044166 0.0280810874 -0.0830572695 0.382535934 -0.104986683 -0.0261584539 0.00583104976 0.01326699 0.0604311116 -0.0489093065 -0.00637758523 -0.134792373 -0.125173464 -0.073857598 -0.101969942 0.10660176 -0.0870552883 0.111922957 -0.0520088412 0.148483098 -0.10128171
0.0332459658 0.216224417 -0.134655654 0.279851466 0.0946315154 0.371113151 0.0543964505 -0.0558201186 -0.116484165 0.129055038 -0.303019851 0.169905171 0.0687593594 0.0495048501 0.28121686 0.0735086873 -0.036966227 0.108653411 -0.245405391 -0.184048966 0.127540201 0.0761221349 0.0482396148 0.265037268 0.135482997 0.132617921 -0.260172367 -0.108465418 0.203633413 -0.163900658 -0.311734825 -0.287076384 -0.345390409 -0.402059436 -0.188078076 0.260853052 0.0823502019 0.19065854 0.241650701 -0.216519982 -0.323310167 0.171553135 0.226093173 0.0799285248 -0.0550058968 0.379433304 0.040156018 0.312457889 0.282097697 -0.183816969 0.135968909 0.328081936 -0.12739642 -0.14645189 0.063063018 -0.120340973 0.0174404532 0.122045003 -0.0857730657 0.249330312 -0.433332711 0.0207897257 -0.0504219197 -0.172107711 0.0576144978 -0.224779636 0.155317962 0.0273738317 0.0924010798 0.217245817 0.0296669621 0.281954765 0.324689567 -0.175052792 0.282397121 0.124919757 0.0920128748 -0.0444965102 0.0802511871 -0.140861362 -0.162384376 0.306755722 -0.0654420033 0.0906723067 0.0820361897 -0.224306405 0.292433023 -0.0534332059 0.315006614 0.0086934045 -0.282380104 1.25989318e-05 0.0128937447 0.038728416 0.228363171 0.150069132 -0.251779437 -0.0700790063 0.0673878714 0.106013656 -0.155074611 0.199656293 0.0792833939 0.000165863385 -0.221204966 0.0376834497 -0.285943568 0.149215341 0.0207083542 0.116428897 -0.076315932 -0.0940406322 0.0917964354 0.00524753472 -0.0679038018 0.200906724 0.35854888 -0.0897952393 0.24532932 0.228848621 0.158096358 0.193126202 -0.200095057 -0.0556670167 -0.0898781344 0.0067518428 0.276178181 0.0898680165
0.164595276 0.378247201 0.199694112 0.046477396 0.224769935 -0.129938975 0.0257782154 -0.00233029155 0.146254718 0.145962924 -0.179314524 -0.0603389107 0.161103427 -0.0842040479 -0.0396318659 -0.0850945413 -0.0235061254 -0.139709219 0.240196228 -0.121459611 0.0661924109 -0.0116855418 0.177375957 0.00919950288 0.120797306 0.209687158 -0.0104297707 -0.175471261 0.189854056 0.205797449 -0.0628416464 0.130907804 -0.000456821144 -0.124970384 0.109961942 -0.0319117382 -0.0434703827 0.0906806067 0.0205775835 -0.060426034 0.0140702017 -0.0899543017 0.0941371545 -0.0637919009 -0.0726296902 0.0319543891 0.093232803 -0.218202829 -0.108665146 0.183360234 0.16509001 -0.0303339064 0.0224515144 -0.0229413155 -0.0418484658 0.191668749 0.113465957 -0.1519925 0.0366056599 0.064053379 0.0949657336 0.0939652547 0.217471361 -0.0123056471 0.0434769578 0.0980455056 0.1826884 0.0322461426 0.0824967548 0.0818735287 -0.0412660502 -0.044133611 -0.191495523 0.262933671 -0.0608520582 0.233485594 0.0770374238 0.0941064432 0.156778798 -0.135789469 0.130712539 0.215922639 0.105973214 0.174277723 0.12345016 -0.156543925 0.0415908732 0.076941587 -0.0346297659 -0.0633177832 -0.330686271 0.00137931854 0.146321297 0.28225708 0.0108923297 0.152391955 -0.123557709 -0.0150411511 0.0788442641 0.231462792 0.170166537 -0.0891289264 -0.0994440541 0.161582574 0.0280622561 0.194165736 0.0645588562 -0.068162255 0.116971061 0.177651823 0.27188012 -0.0650304109 0.0735906437 0.110429741 -0.118898101 -0.0234874263 -0.0602241568 0.0148654813 0.144694269 0.108523972 0.107814096 -0.0813352689 0.165555209 -0.114278868 0.0887116417 0.049037613 -0.158483908 0.0159792136
0.117180213 -0.195332423 -0.103766859 0.346309125 0.226009324 0.216183335 -0.0563926399 -0.0637912601 0.0273096301 0.170942366 -0.18462503 0.249148905 0.158811301 -0.12547411 0.245461851 0.190352738 0.00974162389 0.244131625 -0.0922657251 -0.254174799 0.13346684 0.298275352 0.152456298 0.0939061344 0.119337663 0.163100839 -0.351194203 -0.158999443 0.226630822 0.0411936119 -0.206795573 -0.115992747 -0.231501296 -0.148556709 -0.219095752 0.098770611 0.0288142469 0.295900285 0.169624761 -0.209473059 -0.103527814 0.0513563193 0.0568101853 -0.0478563979 -0.155176476 0.0940801054 0.0280230287 0.139527425 0.324802488 -0.156859845 0.059937682 0.070163466 0.0489307083 -0.343855083 0.011864732 -0.149437055 0.173343763 0.053291522 0.0069055045 0.0602542832 -0.277869046 -0.0360888131 0.0140305627 -0.15084514 0.372121751 -0.0700423345 0.121695146 -0.0775590464 0.105815679 0.0907540619 -0.0787995458 0.0453405418 0.350718647 -0.088877745 0.300697625 0.154223189 -0.0619263947 0.000297084247 0.223601848 -0.00435685925 -0.00893589389 0.0829541162 0.00359094166 0.29618299 0.00588300591 -0.093355462 0.0341513753 0.0551170483 0.316146463 -0.0519584864 -0.309144437 0.0174407884 -0.0297743697 0.222985044 0.362398148 -0.0351332314 -0.237850904 -0.00503609469 0.0170231164 0.306874603 -0.0664171427 0.0511187762 0.193969771 -0.00473712152 -0.157399714 0.0722273663 -0.153102323 0.113515638 0.208193555 0.058103364 -0.0862553641 -0.118061334 0.103123568 0.0433264896 -0.160129577 0.260692239 0.227058291 -0.0283413976 0.0670906603 0.181553423 0.166325718 0.336079776 -0.0588639453 0.325768858 -0.0885163099 0.0582202598 0.127387494 0.276921779
0.0487645417 0.0127899591 -0.0400039777 -0.026614951 -0.0592786819 -0.0282110497 0.0364956073 0.0664899126 -0.0554370806 -0.0947997421 0.0699058026 -0.0501627997 -0.0375957377 0.0248892326 0.0128011126 0.00841534883 0.0792981908 -0.0681865066 -0.0364384837 -0.0152199548 -0.027948793 0.0783466846 -0.00339336949 0.0146830482 -0.028369071 0.00573223736 -0.0552644432 0.017837761 -0.0238794759 -0.0659449771 0.0869144872 0.0185668096 0.0209384412 -0.0347643979 -0.00372037548 -0.0693693608 0.0016944448 -0.0156840105 -0.0174900014 0.0192292873 -0.0622254461 0.0435926504 0.032660611 0.010703288 0.0531522706 -0.0660036355 0.0680276155 -0.0306419265 -0.0461123139 -0.0105728135 -0.00547776092 0.00981540326 -0.0204294175 0.013411263 0.0101878289 -0.0222447645 -0.0678253472 -0.0904658809 0.0671431124 -0.0502641089 -0.0308896489 0.0352194943 -0.0619960353 -0.0592567585 0.00120625598 -0.0058045378 0.0745249316 -0.0931652933 -0.00967219193 -0.0701714158 0.0822234601 -0.0523742624 0.0503757372 -0.0786338672 0.0757107139 -0.0715121329 -0.0264619682 -0.0325188376 -0.0131040523 0.0341286696 -0.0801131278 0.0144389803 0.0389334261 0.0353731699 -0.0424911045 -0.00183334295 -0.0934861004 -0.0741337687 -0.0710923746 0.0351080075 0.0617884994 -0.0382195525 0.0526074879 -0.0231018215 -0.0129838279 -0.0885635316 -0.0327479877 -0.0286888741 -0.022784058 0.0732331797 0.0487240106 0.0231373142 0.00892495271 -0.0103252148 -0.0275475569 0.0419091769 -0.0781211033 -0.0725854114 -0.0809948593 -0.041940432 -0.0342489704 -0.0926515386 0.0576365888 0.0564890206 -0.0535469539 -0.0805675983 -0.0232255794 0.079055585 0.00768685248 -0.0667466074 -0.0227998346 0.0671520829 0.0747336969 -0.028611023 -0.0478658341 -0.0208755359 -0.01370202 0.0672607422
-0.0709516779 -0.0799069405 -0.0199031327 -0.0914603844 0.0704986826 -0.0202172901 -0.000932532595 -0.0803842396 -0.0706751049 0.0428295545 -0.0441532433 -0.0811413601 -0.075179331 -0.0670227036 0.0348243266 0.0539245978 -0.00341989286 0.0454940349 0.0496801622 0.0276056211 -0.0105198976 0.011160247 0.067384243 0.0380132869 -0.0348783396 0.070541434 -0.00428501144 0.018671209 -0.0356695838 0.0498015173 0.0735975951 0.0622138865 -0.0603738427 -0.0799354091 -0.0898250639 0.0171687454 0.0748302415 -0.0582198948 -0.0345138684 -0.031546738 -0.0937905759 0.0637219623 -0.00576941203 0.0548791066 -0.0457892939 -0.0611101352 -0.0684666932 -0.0976796672 -0.0804953799 0.0533381142 -0.047496289 0.0547959767 0.0448266268 -0.0404676348 -0.0591917783 -0.0681150854 0.0315075405 0.0693019181 0.0138552282 -0.0390031748 0.0476889387 0.0678076819 -0.0148088876 0.0180488676 -0.0150892213 -0.0297819134 -0.00570864324 0.0696268007 0.0419832729 0.0192854684 -0.0481164046 -0.0543035828 0.00830133539 -0.0871968344 -0.0229012072 0.0724254772 -0.0765888169 -0.0410759635 -0.0591682792 -0.022217162 -0.0200989153 -0.05123467 -0.0737658441 0.0700410604 0.00776365399 -0.0694350675 -0.0306662451 0.0182657763 -0.0170258004 0.0223235674 0.00151514623 -0.0581988655 4.9173821e-05 0.0468957163 0.0511845611 -0.0739147961 -0.0383232385 -0.0380305164 0.0143582774 -0.0323354006 -0.0540932715 -0.0452134274 -2.80877175e-05 -0.0248497855 -0.0107520903 -0.0509227403 0.0410987884 -0.00415420858 0.0738196 -0.0683074519 -0.05889735 -0.0538200065 0.073963657 -0.0349689499 -0.0384927727 0.0642288998 0.0282316059 0.0314589664 0.0512863882 -0.0685807914 0.0221423265 -0.00663235085 -0.0312041808 0.00799751747 -0.082185626 -0.0452004075 -0.020713523 0.0135205723
-0.0972770676 -0.226803243 0.16440624 -0.431442946 0.0367200486 0.241516069 -0.0200177655 0.0188385826 -0.227243468 0.157850027 -0.212800935 0.00170463929 0.185347766 0.158971637 0.144935384 -0.0753432214 0.0967159644 0.0382427163 -0.159536198 0.326214164 -0.00595168537 -0.0566183142 0.233005166 -0.186496988 0.128717154 0.0171486251 0.163933858 -0.0606577061 0.0351165645 0.00958536007 0.0770940855 -0.371755153 -0.168934017 -0.50981319 0.108762242 0.0286355019 0.0289587975 0.169169053 -0.0445699058 0.221765637 -0.211022899 0.00657901028 -0.0400975943 -0.0869141147 -0.0739969611 -0.15909791 0.391442239 0.126522183 0.00727328472 -0.0452555306 0.0705603659 0.121653453 0.0173464157 0.0166646596 0.0549211502 -0.0268925838 0.059419021 -0.469662964 0.12861225 0.179862484 0.116074055 -0.081704177 -0.0814786628 -0.0583304949 0.331598252 -0.0922806039 0.0121452417 -0.0229222085 -0.0234265588 -0.0448394567 0.082555607 0.398195773 0.126911908 -0.153504312 0.168221265 0.0784928575 0.129140735 0.0404682606 0.173349589 0.0372676328 0.108311236 0.0483274534 0.150912762 -0.285654545 -0.0030479657 -0.0671902075 0.162563026 -0.0249917731 0.176533088 0.00653820531 0.0516489446 0.0492084399 0.0783767328 -0.0559835099 0.0441424847 -0.259420753 -0.0769075677 0.0118036438 -0.1013202 0.349244833 0.0680525601 0.0629484728 -0.0214683507 0.164024428 -0.0373380184 -0.0912306011 0.274602205 0.0190695599 0.073119998 0.268848509 -0.784517944 0.115123674 -0.0562958159 0.197537556 0.201244697 -0.109437607 0.0198417902 -0.0715959072 0.334019035 0.092528969 -0.165499568 0.224993229 0.0807486102 0.0491400473 -0.00247664959 -0.0117653236 -0.141637072 0.218082756
-0.184978858 -0.205812678 -0.188035339 0.129543915 0.0546097197 0.305512786 0.0300459247 0.0642991066 -0.0664347857 0.131129831 0.0938415527 0.231128767 -0.00682118302 0.404345751 0.130818278 0.193442687 -0.0128390072 0.308636904 -0.0680460557 0.176293448 -0.00500670727 0.18037948 0.106171697 0.100118823 0.0767550543 -0.0103019942 0.0861570835 0.0858150274 0.129103571 -0.00488116313 0.284561425 -0.287622631 0.00672631385 -0.214506641 -0.117400065 0.253692865 0.160851613 0.174163058 0.291783035 0.133868888 0.122727998 0.168272287 0.117442198 0.0559226647 -0.0503605306 0.133516625 0.372805953 0.296365321 0.351427853 -0.117411233 -0.0872732177 0.318526298 -0.106027849 0.0495480001 0.0399398394 -0.147079378 0.116079055 -0.00550414342 0.26998657 0.175067633 -0.292420805 -0.182563454 -0.0141164921 0.0973668173 0.155259252 -0.173274428 0.0147385616 0.0733589828 0.0847311243 0.0569555983 -0.316658139 0.362466365 0.278038412 -0.133993313 0.30077976 0.0881206989 0.0408533216 0.0073586069 0.225930989 0.00144551229 0.0999213308 0.131010115 -0.105526298 0.00172827195 0.181392461 0.262576312 0.166836292 -0.0585199893 0.0734642521 0.00632669311 -0.00727152638 -0.00037021935 0.0158060789 0.00945156626 0.349138737 0.0851408914 0.121685825 -0.15787062 -0.0748096853 0.238037184 -0.116919868 0.143410474 0.116394401 -0.126350388 0.174739525 -0.0804806948 0.0169961471 0.0693643168 0.0518804863 0.15078254 -0.232819214 0.169191211 0.0239162203 0.0106767984 0.291037828 0.14820388 0.250476986 -0.0267491695 0.258766234 -0.0609780625 -0.0291124284 0.168074146 -0.080684416 0.20065999 -0.0978804454 -0.0220655948 0.210059375 0.187581554
-0.100971103 0.231839955 -0.171219349 0.54973644 -0.0546231121 -0.0150014581 0.0537971929 0.0246997327 0.243642867 -0.184093729 -0.000431867695 0.191093415 -0.070725292 0.118474662 0.0439008698 0.502682328 0.32004261 -0.129613891 0.0460604653 -0.0267315973 0.0314584188 0.457957536 0.119780116 0.0474998765 0.00758230686 -0.0608796589 -0.0857598186 -0.01169373 0.171326071 0.0784495324 -0.0511990674 -0.060904853 0.206659406 0.0198178813 -0.013601277 -0.0315949433 -0.0709239915 0.0767412707 0.0296759941 -0.134668842 0.0417423323 -0.0158717502 0.0448877998 -0.0471573584 0.231583521 0.134394944 -0.126179487 0.122244172 0.246497571 0.00134546706 -0.0430573709 -0.0603004061 0.0477339402 -0.0882064402 0.171162978 0.0063540889 0.011490236 0.326257139 0.0215390399 0.101944484 -0.0888064206 0.0537524484 -0.0280731712 0.0441148281 0.449660718 -0.0188598875 -0.0478802621 0.091530703 0.109966211 0.182208315 -0.627301574 0.00902976189 0.0737485811 -0.0176637415 0.0901503786 0.0584897883 0.045127999 0.0182454512 0.278600156 -0.0915964395 0.0846043155 0.120255597 -0.104718015 0.255602568 0.0998798311 -0.177048251 -0.085766606 -0.0450529046 0.205001041 0.0214070305 -0.217231661 0.0313377231 -0.0462912917 0.0700317919 0.124994352 0.201250046 -0.0561160967 -0.102984644 0.165776312 0.372867703 -0.0124677345 0.0311760101 0.224873722 0.00464581884 -0.0421057157 0.0490865111 -0.0522564165 -0.120374635 0.0420406424 0.0605765618 0.526921391 -0.0677423254 -0.0137514314 0.0110404603 -0.18940039 0.0735466927 0.129038587 -0.0469994918 0.0299565997 0.00496972306 0.0751673952 0.237740055 0.0358356796 0.293815732 0.020983234 0.0301402137 0.189111561 -0.30469507
-0.48057127 -0.1500967 -0.189842388 -0.156032115 -0.154833376 -0.0251283254 0.0691171363 -0.000267023803 0.155336395 0.0393011458 -0.00593129173 -0.0278254692 0.0105484985 0.147243604 0.152610525 0.0756286085 0.165137038 -0.0691373423 0.109349139 0.075311169 0.0581165366 0.0434004031 0.0129781673 0.00369281438 0.042506244 0.0262008812 0.0251446944 0.204907104 -0.286449224 0.159934908 0.125135243 -0.0160835423 0.166682169 -0.00325499917 0.136317298 -0.028883554 0.0155638661 -0.0880588666 -0.0189449396 -0.0391053297 0.119145393 0.000959414232 0.0533819385 0.00966720283 0.203225791 0.12227051 0.137731612 0.0779978409 0.053002201 0.174854696 0.0293810219 0.0713047236 -0.0342420116 0.166530102 -0.0117386356 0.0989675447 -0.055404637 -0.134999484 0.108790398 -0.0847418755 0.0653522834 -0.0103473123 0.0228773039 0.11150372 -0.0346504413 0.121410847 0.0689541847 0.0719753504 -0.0418371633 -0.039996665 0.371831596 0.05992046 -0.059037704 0.0615449548 0.0198328607 -0.0390466973 0.0651324242 -0.0120976595 -0.108729117 0.110251375 0.118260764 -0.019042585 0.0355345793 -0.232001781 0.0923005864 0.136431038 0.0414682552 -0.0507413484 0.0470039584 0.0919462517 0.0166199207 0.0389997289 0.0459361561 -0.12807256 -0.125129953 0.104925916 -0.0433375016 0.039666269 -0.0440048873 -0.0863481537 0.17073679 0.0843111947 -0.0536242761 0.0806472674 0.0515589453 -0.0780467018 0.0722255036 0.116044477 0.0118934922 -0.103695802 -0.0793995634 0.0633924603 -0.091367811 0.104554281 0.103511482 0.0472421646 0.0387131236 -0.0600610077 0.0853746459 -0.082506001 -0.101638436 -0.156506509 0.0445993096 -0.141362906 0.0486551113 0.0317857638 -0.0444628596 0.07412377
-0.0490326509 0.00501066027 -0.0363855958 0.0459586866 0.0373433083 0.0270911437 0.0175728388 0.0696312562 0.0632785633 -0.0199484583 -0.0963375941 0.0731540471 -0.0557118393 -0.0579544865 0.0321093127 0.00819745474 -0.067638807 -0.000233176339 0.048161637 -0.031157095 -0.0662310719 0.0167748909 -0.0577221662 -0.0820938647 0.041888129 0.0228410773 -0.0477590449 -0.0218419749 -0.0570036136 0.0379622728 -0.0667276382 -0.0858126581 -0.0526583232 0.00555412518 0.0267285053 -0.0868032724 -0.0504818931 0.00543126091 -0.0354685374 0.0300124399 -0.0714064986 -0.0376852378 -0.0160081964 -0.0446451753 0.018792633 -0.082861498 0.0753127486 0.0209458638 -0.00831199437 0.0615907945 0.00735969981 -0.0882205889 -0.0494207516 0.0363562182 -0.0277133118 -0.0298897754 -0.0707976446 0.012557188 -0.0554059893 -0.0508349985 -0.0493382141 -0.0750995874 0.0123863816 -0.0238497704 0.044538781 -0.0512851551 0.0398735069 -0.0215342753 -0.0888193175 0.0595828854 -0.0441681668 -0.0796794295 0.00875529926 0.0375188328 0.0297576189 -0.0223365109 0.0336680375 0.000472119893 0.0558425151 0.0705805197 -0.0238364786 -0.0298140217 0.065139547 -0.0404114053 -0.0500265211 0.0619180724 0.042242337 0.0832817182 -0.070490174 0.0612434819 -0.0361295938 0.0802918002 -0.00175143918 -0.0165809914 0.0512162074 -0.0629640147 0.0575927906 0.026399387 -0.09532772 0.0403800122 -0.0126571925 -0.0371961109 -0.0521162301 -0.0985832214 -0.0293112174 -0.00369466143 -0.0417044647 -0.0510939807 -0.0231654588 -0.00252204156 -0.0328540914 -0.0482842103 -0.0655620992 0.0477785654 -0.095690839 -0.0133053409 -0.00848220289 -0.0800827816 -0.0435970761 0.038550932 -0.0608738922 0.0679790974 -0.0467416309 -0.0249716584 -0.0110571738 0.0465419069 -0.0866900831 -0.0363392383
0.0890232101 0.282537818 -0.0928022489 0.0913526341 -0.148231521 0.266084373 0.08050441 0.0760043561 0.0203066673 -0.0215651076 0.172460034 0.194167569 -0.205038756 0.116642341 0.0679932609 0.117314346 0.269636571 -0.0154110631 -0.142964557 -0.0537404306 0.0252483152 0.105778269 0.130756393 0.158841312 -0.0527046993 -0.154946551 0.202955306 0.260320604 -0.106840812 -0.0455949567 0.148784786 -0.0313531943 0.215671405 -0.0123060821 0.00451562367 0.0302983392 0.316810966 0.264760464 0.287048191 0.0297851302 0.0635441989 0.225116581 0.293786824 0.00539865345 0.373399734 0.0620077066 -0.0233339369 0.152675048 0.16952166 -0.016466435 0.00993743911 0.13979356 0.0275654253 0.252578527 0.176005438 -0.0203586556 0.0828812048 0.0757858753 0.244879439 -0.0292407759 0.0106822569 0.0277743936 -0.081744045 0.225151941 0.0546878241 -0.180909231 -0.0168089978 0.0721277967 0.252989084 0.145090356 0.373540372 0.00362010975 0.371983498 -0.163285688 0.0605874993 0.13764742 -0.039568156 -0.0358690061 0.179000795 0.0798885971 -0.0120714046 -0.132109955 -0.209600031 0.041251149 0.14241752 0.0884599984 0.195715711 0.0637370721 0.195990667 -0.0585178696 0.347958893 -0.0609744973 0.0394593738 -0.20083715 0.00885235984 0.0761488229 0.188937619 -0.23550117 -0.0336002335 0.125781596 -0.251025826 0.00901463069 0.256243765 0.0673181787 0.0184028652 -0.124908835 0.169839606 0.123983897 -0.121204458 0.021450337 -0.067476362 0.129998788 -0.1104303 -0.165839151 0.182277337 0.134297699 0.11631456 -0.0775392652 -0.0470996089 -0.0430272147 -0.0685077533 0.422894597 -0.0779859871 0.253364384 -0.168682829 0.00457914919 0.263392895 0.189027891
-0.484117359 0.0815906003 -0.211564735 -0.193610623 -0.270005763 0.124133751 -0.0459659174 0.0307725277 -0.126070127 -0.172671571 0.487039983 0.203207389 0.0223673824 0.324936688 -0.334758431 0.240126804 0.141203597 0.11373245 0.0255961586 0.289922029 -0.206236005 0.186853006 0.0310785454 0.18422024 -0.201723546 -0.375703961 0.260946125 0.297905773 -0.0808659121 -0.250626266 0.37949723 -0.131241024 0.215584129 0.0792524591 0.169261903 0.124346942 0.29980737 0.0297539681 0.136625692 0.253102064 0.286067545 0.130446911 0.162415177 -0.0842455924 0.341309547 0.173486099 0.371243507 0.206065983 0.133972555 -0.0521224067 -0.474337786 0.264332414 -0.0400295481 0.255596727 0.0860333666 -0.0290758796 -0.0394675136 -0.0478346199 0.242693365 -0.246893361 -0.0324199311 -0.544481993 -0.113416836 0.398996323 0.14316681 -0.116543226 -0.0535290949 0.0340587161 0.177419916 -0.0261764601 -0.145041764 0.39323166 0.101560816 0.00331595889 0.126961619 -0.201296285 0.00421944819 -0.114607282 0.14458099 0.173365608 0.231166258 -0.164859489 -0.33376652 -0.338527262 0.0380952694 0.181702331 0.0404866412 -0.0321620293 0.0547552109 0.0264913999 0.294776499 0.0724347159 -0.0102725672 -0.565923631 0.0894035846 0.145971432 0.215416312 -0.0524755567 -0.1964522 0.130423382 0.042259261 0.104085252 0.0420486666 -0.107388377 0.238500684 -0.190167576 0.12392325 0.159583554 -0.307051122 -0.134742096 -0.0782488137 0.242566153 -0.304599583 -0.0732935593 0.360913068 0.197344661 0.152298048 0.029901091 -0.28372398 -0.309033751 -0.15188162 0.104957007 -0.0170652345 0.0358320996 -0.38986811 -0.0453640968 0.175427407 -0.112801895
0.315334111 -0.0197360422 0.327757567 -0.217204601 0.134062067 -0.277601272 -0.00673214113 0.0416347682 -0.0931480974 0.0348047987 0.0604392774 -0.335371912 0.226711035 -0.0392660052 0.236531883 -0.378508985 -0.0384317525 0.0382562503 0.189417928 0.154062599 0.190903261 -0.277121961 0.0308096968 -0.329014152 -0.0204699915 0.225596935 0.0805505738 0.0661413446 0.203345552 0.238840789 0.102360629 0.206821382 -0.0368393511 0.109424539 0.333456606 -0.0744167417 -0.229987144 -0.108197518 -0.201761842 0.191848561 -0.0242630336 -0.266317785 -0.293378592 -0.00435139984 -0.0819739997 -0.158118293 0.143728271 -0.224027619 -0.479682744 0.0738042071 0.0093477862 -0.144652486 0.161730394 0.0592023246 0.0278244894 0.123153761 0.0366936512 -0.274813205 -0.120463319 0.0678532347 0.441992313 0.12947692 0.0377233177 0.0233088937 -0.206168681 0.212616488 0.216179907 0.0132736089 -0.312666714 -0.0607914776 0.0710165501 0.0833445638 -0.192054644 0.130244508 -0.469124079 0.083374545 0.107517168 0.0929598659 -0.124962792 0.0576011725 0.0659185871 0.221396208 0.437575758 0.00927817542 -0.00214457256 -0.074096933 -0.0463273227 0.00341439247 -0.098078832 0.0322786048 0.0690873861 -0.00901805609 0.228788972 0.0411973633 -0.346900195 -0.077925548 0.15576309 0.263181269 0.0766935721 -0.143820271 0.309481859 -0.1064597 -0.222438842 0.257615745 0.0170181319 0.0417860597 0.0859600827 -0.0103972536 0.131108359 0.0983256772 0.226220846 -0.00144535094 0.131033078 0.178241551 0.130894572 -0.192373261 -0.115368873 -0.0599264875 0.0624902919 0.089172408 0.0823079795 -0.377407402 0.22643134 -0.0588276498 0.146122634 0.0786032006 -0.290305376 0.0958446786
-0.0345058963 0.278721094 -0.0374897905 0.249470219 0.252761811 0.270632714 0.0628583133 -0.0324106887 -0.129465207 0.164512873 -0.335405529 0.192013696 0.0713306889 0.0116764512 0.198250711 0.307688624 0.0838791355 0.0206358712 -0.231605574 -0.343506217 0.154113397 0.150257468 0.220840633 0.201356262 0.201340601 0.209222078 -0.226801395 -0.249223098 0.278212845 -0.0680743903 -0.243225276 -0.279902548 -0.158966884 -0.393242389 -0.171067566 0.27189219 -0.111383334 0.23088479 0.107269295 -0.230174229 -0.311070651 0.193938002 0.274287939 0.0550027564 -0.117082074 0.19885464 0.00653661136 0.217988506 0.174796343 -0.205010816 0.0726920739 0.202913046 -0.0530162305 -0.299275577 0.181599885 -0.22587952 -0.0195469465 0.202992901 -0.0202771686 0.229266524 -0.559890509 0.126298457 -0.127576008 -0.305539787 -0.0414472222 -0.118058227 0.144497722 -0.0255518053 0.0478212237 0.258225888 0.140568703 0.158711269 0.296630681 -0.184353158 0.118810028 0.22271955 0.19518438 -0.151140079 0.0181093235 -0.226051569 -0.0796654373 0.215503186 0.0827341303 0.20186013 0.210353717 -0.319409043 0.24380894 0.0251471624 0.285181999 0.0214080475 -0.50338614 0.0260533392 -0.0321943387 0.0858473703 0.138796747 0.218879312 -0.287847072 -0.122640163 0.0579349063 0.0868275836 -0.102544062 0.225752771 0.227402419 -0.184688181 -0.206804574 0.274557024 -0.292914599 0.140065297 0.0730038434 0.219036579 0.256545395 -0.161962926 0.175044268 -0.170469612 -0.150714606 0.154635474 0.232777581 0.01574062 0.181700096 0.20938468 0.226135775 0.229514569 -0.148560494 0.19632107 -0.0678731352 0.0447551087 0.170736641 0.107926212
0.291230321 -0.0470308997 0.0382432006 0.0540294871 0.39798516 -0.0770346522 -0.000560662826 0.0394006856 0.211298883 0.0311011933 -0.343457758 -0.229789689 0.027656069 -0.343469888 0.156843111 -0.143102169 -0.152654365 -0.1069327 0.0555973649 -0.449601501 0.253734559 0.0151986945 0.028164126 -0.212376863 0.250323087 0.324993938 -0.488984615 -0.376432389 0.307271719 0.190072566 -0.331878453 -0.0196234006 -0.255871564 -0.245538369 0.18255505 -0.124286287 -0.556050003 0.0522483066 -0.121118188 -0.197134763 -0.332131386 0.0379784368 -0.0623486787 -0.00809805095 -0.498881459 -0.0431416184 -0.254276067 0.0544909611 -0.254576147 -0.0218001008 0.315946192 -0.109859988 0.207718119 -0.137904704 0.115121029 0.0565223694 0.0428089052 0.0843337551 -0.316156417 0.206370011 0.190341011 0.323723584 0.0883696154 -0.460588574 -0.0317715816 0.0910074115 0.235172361 0.0371006466 -0.00652903831 0.139269739 0.19384335 -0.380736858 -0.127768293 0.0188780092 -0.116738208 0.318057269 0.13647674 0.0908352211 -0.0896613896 -0.257953435 -0.0927743092 0.154491276 0.185642272 0.397761047 -0.0840412006 -0.36904946 0.0504882447 -0.0717717931 -0.151914462 -0.00923725218 -0.318524659 -0.0372680984 0.0878732875 0.306161016 -0.0665103421 -0.0161022097 -0.195718959 0.158428803 0.300080866 -0.17286551 -0.0751361251 -0.173826575 -0.161569685 0.0713448748 -0.152740031 0.38841635 -0.132768735 -0.0048416364 0.178761706 0.0824191123 0.438944429 -0.279374689 0.311219484 0.17687346 -0.259053469 0.0857683793 0.0122264326 -0.0109894332 0.215400323 0.226790652 0.260206193 -0.110601678 0.0792287365 -0.0494781584 0.237063363 0.045216687 -0.10634169 -0.095225051
-0.0163790472 -0.0174283795 -0.135606483 -0.0207837615 -0.0757632777 0.258242488 -0.0765247792 0.0196413845 -0.101698406 0.165146679 0.151147872 0.204483047 -0.0551535785 -0.0540563427 -0.0932576433 0.23603043 0.097866632 0.316134393 0.0597080626 -0.0471845642 -0.120196775 0.250030398 0.131358325 0.258261859 -0.109360322 -0.158319414 -0.0017105781 0.224404797 -0.430926323 -0.0689109042 0.191800371 0.132545382 0.172844753 0.176466212 -0.0443826504 0.20449838 0.416142642 0.00651881564 0.235353813 0.16138503 0.112381421 0.196291581 0.333671689 0.0204985514 0.237726018 0.141784802 0.0989207178 0.04976831 0.382741421 -0.10951817 0.033470124 0.214461043 -0.058219783 0.193773404 0.139887571 0.0279237144 0.105038978 0.122912541 0.112788625 -0.0772376284 0.0450805463 -0.0144446082 0.0378119051 0.158387765 0.154275104 -0.0610688888 0.124055237 0.0403892659 0.0645038262 0.0298770275 0.418274522 0.0435169563 0.304085344 -0.0538861863 0.274469644 0.0343438461 0.0541088805 0.14865911 0.0496713147 0.0142486487 -0.0112404963 -0.236130983 -0.077082321 -0.230388492 -0.0198409371 0.165170193 0.113607094 -0.00145842135 0.0987527743 -0.0519459732 0.444150299 0.012253724 0.0410416201 -0.183455154 0.120240197 0.0466376171 0.196789563 0.115938023 -0.0557751358 0.0476682372 -0.00671637617 0.240366012 0.227892026 0.0990069807 0.0942399576 -0.292979777 0.235745996 0.193570122 -0.0702258274 -0.0698481947 -0.237859145 0.203564137 0.00667882012 -0.14857626 0.229609907 0.00416726386 0.131144717 0.011142374 0.0127088474 -0.14034614 -0.0630870759 0.0217208229 -0.0752272978 0.205393776 -0.186804086 -0.0594685599 0.131981492 0.134532645
-0.202169716 0.010123603 -0.0555353388 -0.249345317 -0.229945093 0.166376308 -0.0748819858 0.0529361628 0.0601010546 0.139937893 0.0627306327 0.120373994 -0.0232529733 -0.0384593345 -0.0897449255 0.116762131 0.170200363 -0.0912345871 0.049016539 0.19674094 -0.147567123 0.0687211454 -0.0562071204 0.19816348 0.0380867012 -0.0767406598 0.138352945 0.235044748 -0.262918115 0.0603251383 0.199963942 0.192272678 0.199222252 0.382474393 0.00389181566 0.104727916 0.18041423 -0.073611103 0.142033726 0.0694645271 0.101441398 0.0284717679 0.134871498 0.0718104467 0.208085895 0.197334915 0.0990946218 0.056549076 0.0880569145 0.0325689018 -0.00413745549 0.141376585 -0.112098634 0.211520553 -0.00787575729 0.042128481 -0.0101272669 -0.0026763177 0.268429786 -0.111387849 0.227613226 -0.104919046 -0.0622333288 0.231373325 -0.129390612 0.0102065234 -0.00312417466 -0.0758161917 0.162010923 -0.010311502 0.175697163 0.066274941 0.0196448825 0.0915792808 0.112008847 -0.120774567 0.0962241516 -0.0231078286 -0.0396327786 0.185680121 0.0434894823 -0.0996737331 -0.0175501443 -0.217026174 0.126445681 0.159092739 0.0405417979 -0.0106533095 -0.00965362322 0.0538343899 0.336160243 -0.0405216962 0.0872378349 -0.105112508 -0.0438468158 0.0097750742 0.136528984 0.131037697 0.0208973549 -0.152464792 -0.0621795282 0.0683243796 -0.0271616541 0.147139937 0.0547661036 -0.110111192 0.162008703 0.0496549904 0.0205306262 -0.130100176 -0.341993213 0.0913147777 0.025998557 -0.00559132919 0.0657700971 0.0154336477 0.07931301 0.0325672701 -0.0966250077 -0.0345064625 -0.176729351 0.0880365744 0.0910792947 -0.0415618047 -0.000205278804 0.0598975047 0.173934653 0.112162992
0.0351113304 0.34766975 -0.297081411 0.405720145 -0.0047987923 0.226466104 -0.0798088163 -0.0750073418 -0.0930092856 0.0687510446 -0.0844758749 0.172695696 0.0107591674 0.166051626 -0.0200385395 0.19218944 0.0837670639 0.277483702 -0.245091736 -0.334016323 0.165832698 0.166359574 0.244849935 0.216404319 0.18728894 -0.0769146606 -0.0899690464 0.00158997066 0.102410674 -0.147588059 -0.131564885 -0.286501884 -0.0066850828 -0.310868323 -0.242149279 0.252570778 0.105340444 0.187695235 0.281592816 -0.285262346 -0.143730193 0.218374521 0.25170964 -0.0782097876 0.0334395654 0.30277589 -0.0410851426 0.222471565 0.311145395 -0.232425138 0.0317616165 0.259534061 -0.195401877 -0.0458857641 0.115920618 -0.195812926 0.022838708 0.214320272 0.0244458243 0.0356047228 -0.491176754 -0.062330842 -0.0639881343 0.0126272924 -0.0178285595 -0.207161129 0.211337104 -0.037063688 0.172334149 0.105752587 0.137663931 0.185334429 0.19729875 -0.363938123 0.124473535 0.130633131 0.00516473548 0.0268533174 0.194922924 -0.237661958 -0.00578090223 0.11755427 -0.265793175 0.200104654 0.0600668825 -0.136143208 0.159535259 -0.000302821398 0.133225173 0.00629521674 -0.0145966588 0.0244157463 0.0331210271 -0.0916046724 0.32328704 0.156437114 -0.132825121 -0.364099562 0.123645052 0.124982953 -0.227901727 0.237204373 0.324288577 -0.0955542997 -0.139716923 0.126662314 -0.287629515 0.036071308 -0.0790944919 0.197323412 0.0741880611 -0.0918544084 0.143196955 -0.148192286 -0.17924042 0.0960598812 0.190484285 -0.0584538765 0.115327932 0.132292971 0.156294748 0.32368812 -0.146387562 0.228105396 -0.170672715 -0.0557929873 0.27534914 0.0403256863
-0.211722538 0.0804859251 -0.290282518 0.259414852 -0.0977919251 0.19687745 -0.0860575438 0.0315035172 0.0858353004 -0.188341707 0.247873247 0.227064744 -0.0125704631 0.0422321111 0.0513160005 0.153580278 0.172751561 0.309882879 0.0191726536 0.0668898225 0.0167595707 0.342592001 0.0378940776 0.269090414 -0.0987123102 -0.0680264756 0.0663856938 0.154163644 -0.118389241 -0.0180436857 0.194836497 0.146413088 0.36652413 0.191244215 0.0726990029 0.131920174 0.088235423 0.0618285164 0.126430437 -0.109719388 0.126826137 0.109857216 0.294616312 -0.0753845125 0.377508849 0.165538073 -0.0328801535 0.00982177071 0.103114754 0.121296674 -0.0986365527 0.126761958 0.0779090002 0.12206731 0.130661741 0.148421109 -0.0339763723 0.374466062 0.0720332712 -0.0361951403 -0.115348689 0.0639980659 0.0367454067 0.0832948834 0.201310948 0.00122010522 -0.0861993954 -0.00963045564 0.243780583 0.140411556 0.180885077 -0.016859062 0.119245864 0.0983439684 -0.0481601618 0.022497125 0.0236777607 -0.103913076 0.0944481343 0.0499866158 0.0274339672 0.00829747226 -0.0555197448 -0.119625054 0.0841864794 0.116951473 0.00479126396 -0.0214202702 0.178164214 -0.00673639541 0.217466861 0.0173825398 -0.0857133865 -0.0588357709 0.0232740585 0.192307323 0.174817547 -0.0232269913 0.0141988192 0.0592884608 -0.0573921874 0.0579149537 0.138977453 0.0336580686 0.162237018 -0.123482198 0.0716829821 0.227007121 -0.0685941279 -0.161106125 0.185165524 -0.000135482056 -0.158605814 -0.157782555 0.0247188993 0.328765392 0.173585787 0.0385142341 -0.206756294 -0.0867112875 -0.0676260069 0.105732523 -0.046479553 0.124230258 -0.0612386838 0.00491616875 0.237699568 0.0308617968
-0.0851039365 0.0090829106 0.0293172076 0.0183664151 0.078943111 0.0481792688 0.0573713705 0.0443253592 -0.0614979416 0.0872372687 -0.0882096365 0.00234890892 0.0443113148 0.0367658362 0.0704046637 0.0458349325 -0.042744495 -0.0797940344 -0.105754629 0.0590584241 -0.0971727446 -0.0960018113 -0.0207840316 -0.0180364903 0.0237428863 -0.0858111456 0.0600380227 0.0300569031 0.00877331011 -0.0389534682 -0.0896739587 -0.0513444021 0.0547094718 -0.00329455175 0.049347613 0.0229465384 0.0606300831 0.0473799258 0.0261661969 -0.0202694274 -0.00864640996 -0.0982332975 0.0574971735 -0.0744434148 -0.0898069218 -0.0028388449 0.000840464607 0.0400320366 0.0587691814 -0.11457631 -0.0951824784 -0.0945716649 0.0417242534 -0.0706434324 -0.0653091818 -0.051829733 -0.0289214104 0.00446718186 -0.0643849075 0.00446515158 0.0425057821 -0.00268812967 -0.0289648343 0.0101421969 -0.0479169115 -0.0566300824 -0.110855073 0.00331295282 -0.0882359743 -0.0268583428 -0.0621742383 -0.0798673481 0.0683397874 -0.0904982835 0.0348738469 -0.0969659016 -0.101303786 -0.081495963 -0.0936096907 -0.052187331 -0.0340711698 -0.0658901408 -0.0745299235 -0.0355932899 -0.0378013365 -0.103686571 -0.0224191342 0.0555254444 -0.100720406 0.0346322581 -0.108230703 0.0247132704 -0.0807553008 -0.0261400547 -0.0909369811 0.0425792634 -0.00967595633 -0.0257213861 6.48562709e-05 -0.10741917 0.0448723398 0.0624226816 0.0221942887 -0.0978055969 0.0110703949 -0.0658762604 0.0145221511 -0.0973795876 -0.0196835492 -0.0789923221 -0.0451152585 -0.00364752649 -0.00627772557 0.000266414863 -0.00695696892 -0.0217907112 0.0335733928 0.0721874759 0.0390109867 0.0598581322 -0.0796962827 0.0319788232 -0.00133257546 0.0165726561 -0.0422978587 -0.0680167004 -0.0696127266 -0.0869603306
0.184585109 -0.282719493 0.387926131 -0.413506776 0.076604642 -0.223657399 0.0747926384 0.0182211138 -0.0456394702 0.239257783 -0.0663285479 -0.232406333 0.125231966 0.0101668583 0.0844979286 -0.392472178 -0.205971226 -0.182626963 0.265364945 0.202807873 0.151952177 -0.305241019 -0.179173455 -0.296452314 0.0475546271 0.162844092 0.310518742 0.169823095 0.252907962 0.204473987 -0.093258433 0.315609604 -0.162807912 -0.00503091235 0.373219907 -0.125438169 -0.244010106 -0.250570387 -0.156349242 0.259990305 0.187393993 -0.244591996 -0.147997245 -0.031143222 0.0128953643 -0.174668998 0.121910743 -0.229232624 -0.420449793 0.285942554 0.0504959188 -0.267621815 0.170086265 0.153855026 -0.0534967929 0.231503874 0.147828758 -0.25112614 0.0863523707 0.165998593 0.249665678 0.0823591277 0.117995679 0.117237784 -0.0874757096 0.33217296 0.200770751 -0.0485981591 -0.436360747 -0.149378181 0.285359979 -0.00602977723 -0.266652614 0.202634379 -0.31248194 0.0195813719 0.142331526 0.141063109 -0.078232497 0.145141706 0.0622610562 0.178027019 0.252533674 -0.0525839441 -0.227397993 0.159303188 0.0165452361 -0.0513472408 -0.229214922 0.00926172454 -0.0110776071 0.0644300506 0.138803989 0.236360207 -0.415239245 -0.187807783 0.121548541 0.35456425 0.13323012 -0.249584824 0.304446816 -0.383453518 -0.275156528 0.232295766 0.135385558 0.220358834 0.152039021 -0.00540486304 0.154656723 0.0806888342 0.0156448875 0.11296542 0.146640822 0.342700511 0.0188616067 -0.289274544 -0.205587775 0.0203471966 0.141518652 0.0473189317 0.0887890607 -0.360343784 0.186592385 -0.159820125 0.250598192 -0.0401739962 -0.385775149 -0.029673161
-0.00173840555 0.0148792733 0.265379667 -0.240377724 0.107981265 -0.249827221 0.00963358954 -0.0612773784 0.159122676 0.119198285 0.048615776 -0.141678065 0.0650621653 -0.094492659 0.0895813406 -0.172120392 -0.0686910897 -0.158551827 0.208377779 0.0545410849 0.0376148932 -0.306964248 -0.207716018 -0.249363244 0.125145748 0.0913378149 0.0338299759 0.231070861 -0.0131622208 0.221900761 -0.0400711335 0.229481295 0.175660118 0.150507897 0.174336284 -0.0678878874 -0.132937118 -0.0843618214 -0.199955225 0.0455271639 0.0592745505 -0.340177864 -0.44127062 -0.0764533579 0.108907185 -0.385094434 0.0742590949 -0.166101784 -0.389086664 0.197927043 0.150338203 -0.132921219 0.105920218 0.16966787 -0.0954722017 0.180619031 0.133791447 -0.168657452 -0.0615898892 0.158094645 0.275379658 0.0230593998 0.0761142746 0.122807339 -0.1956442 0.160585076 -0.0844445899 0.078446053 -0.0729726031 -0.104529083 -0.108132392 -0.0868526846 -0.274610907 0.225381166 -0.356083691 -0.137362793 0.103842221 0.165401325 -0.275777519 0.179401502 0.184342757 0.225240991 0.291755408 -0.0411979817 0.0210726615 0.0199958067 -0.0554412641 0.0674013421 -0.22490488 -0.0218377542 0.0736590922 0.0697682127 0.219544172 0.103770532 -0.0790704936 0.0295946151 0.123313785 0.232360497 0.142932653 -0.321683437 0.303760588 -0.130656809 -0.327300966 0.227748439 0.0957729891 0.245104328 0.120795928 0.0793123022 0.0171595514 0.10095989 -0.0119213704 -0.0632098988 0.163661718 0.169015884 -0.167943135 -0.178596124 -0.0625669509 -0.0250154231 -0.00977967959 0.0566686504 0.0348428711 -0.298649222 0.0500154383 -0.227858022 0.182849661 -0.0728868172 -0.184529111 0.0671924353
-0.0517175049 -0.251154572 -0.131635666 0.152673244 0.0835954025 -0.120558336 0.0409151576 -0.0660919547 -0.0737277344 0.196379855 -0.0406286307 0.0351788215 0.0820597485 -0.0201181304 0.0630236939 0.0695002824 0.123245947 0.0800688043 -0.109991416 -0.116320483 0.103939421 0.139141828 0.0920758173 -0.0442046374 0.186346158 0.0899963453 -0.215468988 -0.000471333216 0.147249699 0.0703194886 -0.0140957851 -0.0408801027 -0.0977379754 -0.106241241 -0.0441262722 0.017750904 -0.0226738583 0.184784427 0.0529993512 -0.0761336759 -0.0687429234 0.0614584573 -0.047582671 -0.0811604857 -0.00136768492 -0.0382252596 0.0993176177 0.0476669818 0.191748217 -0.200290188 0.141376913 0.0415021963 -0.0947974548 -0.0169681199 0.0262717679 0.0100396108 0.0652541444 -0.125322685 -0.0369749442 0.131509215 -0.026370598 -0.0491451621 -0.0485555865 -0.0305220671 0.182670102 -0.124568202 0.147074893 0.00482962467 -0.112861834 0.0259205122 0.119372159 -0.010390792 -0.0487060323 -0.196024582 0.0417840406 0.100430191 -0.0341996886 0.0327631831 0.0723155066 -0.103173949 0.077231288 0.0454917774 -0.126367494 0.0804595426 0.153233305 -0.0571167171 0.0388004556 0.05552461 0.107488081 0.0204818603 -0.064585574 0.0147742331 0.0669404492 -0.0148321604 0.00262289052 -0.017563425 -0.183221847 -0.0984591544 0.0758153126 0.184308454 -0.0274115223 0.0090168817 0.126854092 -0.084069334 -0.00167561544 0.08989878 0.0560028255 0.139921576 0.067698732 0.0314710289 -0.0748549104 0.0368705355 0.154420853 0.115759134 -0.106781371 -0.0291699227 0.0518950522 0.0475383028 0.100659944 0.0873637721 0.136190221 0.200532034 -0.0552928634 0.214779437 0.068697989 -0.0215079188 0.0369253121 0.226365149
-0.0114850709 0.0161743499 -0.164342225 0.217614338 -0.0321606658 0.0421866886 -0.0390001684 0.042095162 0.179276302 -0.0218509976 -0.147778958 0.161792234 -0.0954635888 0.0425372869 -0.00066919066 0.292838186 0.145712212 -0.00211593881 -0.0271975473 -0.125415549 0.101698294 0.353376776 0.28674835 -0.0177202318 0.110124893 0.140952811 -0.0900329351 -0.0966929942 0.173594445 -0.0817157626 0.00173409772 -0.0664522499 -0.13399443 -0.0315096378 -0.147063345 0.0904068723 -0.258364886 0.166958585 0.0782601684 -0.0988469124 -0.0352453403 0.134215638 0.134714156 0.0456761047 0.0851438642 0.0807929337 -0.0700052306 -0.0632531419 0.436411142 -0.0371734165 0.0331453085 0.0467308834 0.00848054979 -0.0436122678 0.0929358304 -0.0163523201 0.0656552836 -0.0234893057 -0.00546994666 -0.00186008879 0.00539289322 0.00855915155 -0.0573015027 -0.20180887 0.39563331 -0.109081633 0.0267283693 -0.0233583245 -0.0978586748 0.120079011 -0.358447134 0.173066974 0.193656519 -0.128273338 0.388969064 0.197645858 -0.0027073496 -0.0977136418 0.384126753 -0.0801434591 -0.0667132586 0.160503566 -0.0306984652 0.231999695 0.146189779 -0.126951322 0.15527156 -0.0686013103 0.344621927 0.0569109954 -0.549756587 0.0537591651 -0.0128877172 0.0215390008 0.0211780965 0.0478157103 -0.0576565042 -0.103584826 -0.0220536999 0.452188402 -0.14700304 0.234870061 0.262586504 -0.0298557263 0.0390483439 0.0823498741 0.0537267402 -0.0223573912 0.0215988588 0.015894236 0.0305372868 0.0270215608 0.14352788 0.0741502196 0.0564570613 0.0846657902 0.124871843 0.0213474315 0.198376089 0.167927787 0.124715798 0.323586285 0.0571030229 0.266558707 0.00660773553 0.0583485141 0.0205855761 0.116187476
-0.198491618 -0.0276768971 -0.389312953 0.413650781 -0.0208314378 0.321048409 -0.0327296071 -0.0337511413 0.220415071 0.134407982 -0.00390794966 -0.0575780943 0.0419810601 0.158362165 0.10051246 0.00136810681 0.23788479 -0.0617035888 -0.139335543 -0.0536394157 0.0160676166 -0.0160355922 0.0374312215 0.120485954 0.0263830721 -0.0347615443 0.120761149 0.216526553 0.089246951 -0.143439725 0.216747031 -0.22378467 0.0543145016 -0.297117084 -0.0634322986 0.120290898 0.184422895 -0.00599874603 0.110489994 -0.168314129 0.00952895638 0.155184835 0.121581525 0.0287583545 0.205413893 0.281902105 0.14923349 0.191332042 0.263699919 -0.0930306017 0.0420178287 -0.00338172494 0.0521850027 0.15385592 0.105926238 -0.0811840072 0.146419495 0.100808315 0.108787097 0.0662799552 -0.109820098 -0.123918802 -0.0948292464 0.0575141832 0.203928918 -0.085386537 0.0811801627 0.0279833879 0.189155519 0.00948106498 -0.236187801 -0.0864121765 0.145245135 -0.0698552877 0.255305946 0.00673728576 -0.0171318948 0.143826306 0.363302886 0.218047753 0.148878604 -0.0472035073 -0.190250874 -0.0430616252 -0.0784235597 0.151851863 0.0453027114 -0.070300974 0.244212434 -0.0173926093 -0.0985683426 -0.0684733242 0.141933724 -0.0739107206 0.362559855 -0.0556047559 -0.039894022 -0.139415517 0.0594488457 0.319376856 -0.0767526031 0.389527678 0.216775686 0.0300368592 0.055641409 -0.0550256856 0.15536733 0.218891457 -0.077291213 0.0917428061 -0.551676512 0.124190971 0.169630766 0.0103130639 0.0733507723 -0.0263595935 0.069564119 0.0154074589 0.0692975447 -0.0688525587 0.139614999 0.302800447 -0.0703000203 0.225979224 -0.0840276182 0.0562946424 0.250311583 0.132956177
-0.483853012 0.0795612782 -0.337127239 0.0139926439 -0.23739624 0.224760428 -0.0133412443 0.0160424486 -0.0616388842 0.0142614115 0.09001562 0.201425925 -0.0221680477 0.218750611 -0.0638234988 0.0807110891 0.0453569368 0.0192550868 0.100423373 0.192555994 -0.141651243 0.0553576909 0.0267608147 0.155199558 -0.0964883342 -0.230553746 0.185856387 0.227338895 -0.217898846 -0.184528217 0.214791268 -0.0539259985 0.215657249 -0.0139613934 0.0548838116 0.0366342701 0.155964106 0.0915221497 0.180630311 0.074820593 0.149012014 0.270865679 0.268854916 -0.0440132245 0.217049688 0.227810472 0.242520854 0.200432777 0.103468694 0.0951826274 -0.234593377 0.225042388 -0.0953375623 0.285079211 0.128505319 0.0554326661 0.112736776 0.00478276191 0.360301375 -0.263864279 -0.204747722 -0.066570282 -0.0634744242 0.246053517 0.111073956 -0.130755186 -0.014532947 0.00799620617 0.161674857 0.137893438 0.0939007327 0.111181945 0.29894805 0.142265722 -0.0117630251 -0.24268727 -0.111856468 0.0159439202 0.202284858 0.152086571 0.101045586 -0.109677754 -0.326981634 -0.220012218 0.287074953 0.136903331 0.134771466 0.0384247825 -0.0102780517 -0.0354990214 0.182505578 0.0673270747 -0.154313982 -0.381324112 0.0228927415 0.197038636 0.0746481419 -0.207871348 -0.121152051 0.0636577532 -0.124101743 0.0515517145 0.163221434 -0.129771531 0.198149875 -0.26036033 0.105585188 0.115897335 -0.125878349 -0.0921683386 0.00710816123 0.243320718 -0.225292653 -0.101859376 0.164895371 0.235065401 0.270334899 -0.0702832267 -0.0275858864 -0.275327355 -0.0473864637 0.023938559 -0.0204527825 -0.040076334 -0.21799171 -0.0623873249 0.0910095423 0.146519825
0.392310888 0.101044714 0.241145357 0.211981818 0.00504010776 0.118931592 -0.033351507 0.039708484 0.143378466 -0.115076721 0.0712873787 0.146570429 -0.207425684 0.166707024 -0.105656095 0.265350819 0.215824172 0.138537839 -0.153748691 -0.0616476163 -0.0171991643 0.149464816 0.144111171 0.0979363099 -0.207799837 0.052368965 -0.085026443 0.0358045176 0.117294699 0.0330187902 0.153282329 -0.11449828 0.121797495 0.0904945135 -0.0689229816 0.0521249063 0.133640006 -0.026828941 -0.0400043018 0.254273355 0.139517128 0.0966284201 0.0472140424 -0.0814032108 0.197029129 0.315055251 -0.0348005556 -0.0209674574 0.198378146 -0.0165665038 0.103013135 0.0736831725 -0.0876502991 0.0958316103 0.0871865079 0.0500683635 -0.0867015496 0.331316859 -0.0428288952 -0.0800147131 -0.0243078917 -0.046260938 0.109739959 0.119622484 0.228276774 -0.0685462356 -0.0904707611 0.093175225 0.170883283 0.121135734 -0.262785316 -0.0385330953 -0.00994622335 -0.0908355191 0.0443765596 0.0761408657 -0.0432144478 -0.225427762 0.214814067 -0.10893818 -0.0229643881 0.0272263363 -0.283475608 0.326604933 0.0259007681 -0.127099007 0.148218423 -0.0712313876 0.0365927964 -0.0699243397 0.0898358673 0.0204945505 -0.0565156266 0.0955520123 0.0822377428 0.105129331 -0.00468226476 -0.146633044 -0.159146935 0.254771501 -0.153244033 0.0104847141 0.149194032 -0.0516932942 0.00896523613 0.0248413701 -0.0451962836 -0.0118718045 -0.00597709697 -0.19317393 0.260636866 0.00211168663 -0.0123154549 -0.054856848 0.122610241 0.0256199352 0.0804963931 -0.0495379381 -0.133754358 -0.0628629401 0.0175630841 0.142856285 0.00476808008 0.24651517 -0.0748315156 0.0802655593 0.133202657 -0.21459204
-0.211310267 0.0156465787 -0.0313812122 -0.214217663 0.0214013793 -0.163621321 0.0621487685 0.0230466295 -0.0712446868 -0.0210009813 -0.0435100719 0.125632197 0.18527016 0.0335748866 -0.0808304846 0.0767940581 0.0524784103 -0.0164210983 -0.0691514909 0.163670391 0.0320727825 0.219772115 -0.0972769484 0.051374685 0.0291376449 -0.0278747175 -0.00977427419 0.0648108646 -0.139203221 0.00237101316 0.139168203 0.0354865603 0.116865173 0.175053388 -0.00168666034 0.133816406 0.00890836027 0.0530504435 -0.0721093863 0.185407162 0.133851916 -0.0640646443 0.000327279209 0.0552019998 0.150678173 0.0946654156 0.0560463145 0.0850880966 0.0288279019 0.083626397 -0.0615338981 -0.0503936112 -0.00966959726 0.166438818 -0.0140808988 -0.00436978368 -0.0520842969 -0.04967485 0.114023812 -0.115139976 0.0147342887 0.0415337086 0.108132057 0.0229629911 0.146006346 -0.0578845106 0.134961411 0.00400907965 0.0324771106 -0.0382356383 0.0533074476 0.149042621 -0.0587718748 0.157920465 -0.0416809991 -0.0836944208 0.102540106 0.0053610676 -0.0536103435 0.024699606 0.157757908 0.00633524219 0.120721653 -0.250080049 0.0923775509 0.0417344049 -0.00401060656 0.0678114966 -0.0980375409 0.0777656585 0.170110673 0.0175800622 0.054497771 -0.18230392 0.000234127569 0.176244289 -0.0336635821 0.0305829775 -0.103628427 -0.0113019906 0.111310266 0.00721401349 0.0613717474 0.0103545403 0.0736761391 -0.101136833 0.0946121812 0.108370051 0.0969229266 -0.0544749796 0.152010441 0.164993912 -0.0466506705 -0.145003602 0.199463904 0.089736633 -0.046137251 -0.00771026639 -0.0625649095 -0.0719140321 0.0261676908 -0.231113449 -0.0570616536 0.0658999681 -0.17096822 0.010879375 -0.0289980676 0.0251777582
0.377032429 0.178064585 0.319781333 0.365802288 0.0927728489 0.0138148433 0.0340783633 0.043558564 -0.0645546168 -0.21346885 0.0245853066 0.092750065 -0.0751074627 -0.0790317431 -0.120019451 0.182597697 -0.0517613329 0.0481808037 0.0271111373 -0.320296913 0.0198975746 0.247330457 0.192265108 0.039181374 -0.115800135 0.0561360493 -0.191648394 -0.243199959 0.191284463 0.11382395 -0.141823441 -0.154904887 0.118546598 -0.107386433 0.0252671484 -0.0581174269 -0.157977298 0.0458475649 0.0295060687 -0.0287748501 -0.0902551636 0.0689046681 0.0327005237 -0.00502187014 -0.110077202 -0.023080498 -0.180888385 -0.0970890522 -0.0160580166 0.0150722973 0.0719597936 0.0406940319 0.143937141 -0.153464392 0.0812074095 -0.0469936095 0.215756655 0.304890811 -0.152627677 -0.058381442 -0.0671173409 0.238814756 0.263214409 -0.0155054396 0.165518925 -0.0221528653 0.00958587788 -0.0511020236 0.0629192516 0.00950638857 -0.374433905 -0.155527309 0.0130776111 -0.101199232 0.00404253416 0.320754141 0.109560862 -0.0599480942 0.199981466 -0.04874672 -0.169992208 0.208218113 -0.0330584198 0.460621744 -0.0272312947 -0.24425219 -0.0887277052 0.0814607367 0.114783421 0.0361045934 -0.1222919 -0.0389591567 -0.0191302635 0.246198684 0.110610008 0.0693694279 -0.0285370313 -0.0685814917 0.0424138978 0.0552075505 -0.0558073893 0.0183239169 0.354818702 -0.00887318142 -0.0620443784 -0.0213155989 -0.182640523 -0.102063075 -0.00189116714 0.079512015 0.452384174 -0.0878439844 -0.0904143378 -0.00234939763 -0.186058268 0.101798527 0.104813918 -0.0805421919 0.0285390224 0.0105751418 0.214963779 0.230131462 -0.0213321336 0.119605191 -0.0606827922 -0.0651805848 0.125978678 -0.0363952443
-0.166682571 0.145624056 -0.0736855641 -0.0224307962 0.135755196 0.31628865 -0.0512294322 0.0282442551 -0.0780273452 0.16291061 -0.0763473138 0.0492790602 0.0993395373 0.118170314 0.1334005 0.139736801 0.176832214 0.179975405 -0.0275651999 0.0946707726 0.0638653785 0.22409749 0.191367984 0.0548482426 0.194883123 0.0697231293 0.127469108 0.0616874285 0.254707158 -0.0412590392 0.0294439085 -0.119816519 0.0389064811 -0.0947135687 -0.14476119 0.242095187 0.0594814532 0.174533829 0.0860205218 -0.0134330979 0.0261575524 0.185765639 0.0520448051 0.00496704876 0.053135097 0.165135026 0.155611172 0.0848414078 0.19285728 -0.137317762 0.0778275356 0.195535108 -0.120916925 0.081057176 -0.0159447845 -0.128296018 0.069515042 0.0453042351 0.064285472 0.134546399 -0.227582976 0.00909157004 -0.0488892198 -0.000922198 0.267474234 -0.102082804 0.00220917724 0.0496384464 -0.0153629687 0.0907771289 -0.0776787996 0.285685331 0.0499556176 -0.0872852728 0.323397875 0.0939583406 -0.0109067513 -0.0272586066 0.197563469 0.0432617106 0.1124672 0.13520366 0.0844714418 -0.0431031846 0.12315359 0.0844233632 0.133398518 -0.0805084035 0.108045869 0.0288862064 -0.19527255 -0.0472651944 0.031436909 -0.0992542207 0.305462241 0.0156311449 -0.0871308148 -0.0341841318 -0.0995691419 0.246307477 -0.0232607443 0.312194228 0.0233461503 -0.00509303249 0.0181711148 -0.0215708204 -0.0871039107 0.128338218 0.0839414001 0.183393165 -0.16859062 -0.00643426878 0.0644385815 -0.0526407808 0.0176241342 -0.00435659708 0.222496569 0.0492032766 0.24288097 0.0357100219 -0.041670341 0.073646605 -0.0872902349 0.15935497 -0.129579097 -0.0173919946 0.189435363 0.0974680111
-0.515778422 0.186955348 -0.126908734 0.0948788226 -0.261774391 0.240854517 0.0544831529 0.0763842911 0.246919498 -0.0990390554 0.106028825 -0.0655396581 -0.0333963409 -0.114498258 -0.0669312477 0.116467118 0.0411507152 -0.272648156 0.0872607008 -0.107952788 0.112647712 -0.066365689 -0.0612513274 0.0819898769 0.0824537575 -0.130232364 -0.113323234 -0.0498874113 -0.401184052 0.144534692 -0.109903596 0.0369921625 0.145616561 0.154900938 -0.0162423197 0.11657919 -0.169386581 -0.0329847336 -0.128544599 -0.409314483 -0.012894352 0.0814667642 0.153815851 -0.0133728907 0.135572672 0.263064444 -0.170289934 0.0938621983 -0.122355402 0.078115508 0.112416461 0.0524569564 0.0202238597 0.048393745 -0.0509166121 0.0996909663 -0.272561044 0.203092799 -0.0874383897 -0.193799019 -0.0342018306 0.209661752 -0.0367507339 -0.0435017645 -0.231188476 0.200925723 -0.0933197141 -0.0313764028 0.126296863 0.0608976856 -0.241519749 -0.145872161 0.111621857 0.158075929 -0.104297698 -0.101929337 0.0451999344 -0.0754062533 -0.138519228 0.160267413 0.124552183 -0.104576603 0.0263830833 0.00357178086 -0.0908233151 -0.0471670106 0.0853645578 0.0486701056 0.158254728 -0.0187113136 0.119916983 -0.00654443353 -0.0433179475 0.0139348023 0.0234080143 0.117981479 -0.01463742 0.177815661 0.301485956 -0.234410778 -0.0126245543 0.19901441 0.105137356 -0.0395995751 0.0835340694 0.189346671 -0.165148303 -0.0680183545 -0.0270532612 -0.328931212 0.394051343 -0.145186633 0.174366459 -0.0978582948 -0.0825083181 0.139661133 0.130216911 0.0588864088 -0.22764571 -0.0491545275 -0.105922863 -0.011236731 0.0536475889 0.137441725 0.142204016 0.0200487599 0.0964606479 -0.0126593132
0.267536312 -0.193603858 0.27899617 -0.113852382 0.164718315 -0.10619092 -0.0634453744 0.0668577701 -0.00590598863 0.231608361 -0.0525928885 -0.0648818016 0.0573954992 -0.0796072036 -0.0535380244 -0.0342317112 -0.0817029849 -0.0603474006 0.0471478663 0.0930209085 0.113107249 -0.0657053739 -0.08168751 -0.063793093 0.0723643973 0.0327224918 0.0507318489 -0.0848291665 0.155564085 0.0247329827 -0.0483499393 0.0457484946 -0.0541702546 0.0346144401 -0.0547936708 -0.0353733264 0.0552827306 0.108707719 -0.157677069 0.270401865 0.0896546245 -0.0645962283 -0.119605839 0.0820769444 -0.00349255465 -0.0920351595 0.044023674 0.034427125 0.0578815192 0.0377583914 -0.049795974 -0.0158807896 -0.00425012363 -0.0262140799 0.0395639315 -0.00718493713 0.0540645309 -0.144335672 0.00257511158 0.0406072922 0.0443310887 -0.0381205752 0.0768912211 0.0251688473 0.100572161 0.0996311083 0.136540592 0.0294247493 -0.151826531 -0.028269615 0.249205217 -0.0354591571 -0.255304754 0.180556729 0.121102564 0.00738813495 0.0272325017 0.0943089724 -0.144064009 0.0541306138 0.160151854 -0.00869751535 0.0620015301 0.172486708 0.11226581 -0.0211791787 -0.112877361 -0.077661261 -0.0436839461 0.0540194958 -0.00626439089 -0.0408940315 0.137479156 0.177396551 0.109262638 -0.0524324588 0.0516225696 -0.0217338447 0.201744735 -0.0709761232 0.0391372368 0.00314230798 -0.194530815 0.00200361689 0.0175215285 0.0667622238 -0.0332717933 0.00991473813 0.139096901 0.0625072271 0.0688204169 0.13414596 0.0985161513 0.111763529 0.0644861609 0.0931209773 -0.0941803977 0.0371003523 0.0448400527 0.167643219 0.129903197 -0.34781146 0.0124125499 -0.0726318434 -0.0930915549 0.0727748796 -0.0414336696 0.166323617
-0.0348100699 -0.0169694163 -0.160135642 0.142842844 0.107135847 -0.0691952929 0.0769667253 -0.0586574376 0.116837814 0.0822889581 -0.228202969 0.0765404776 0.113292374 0.00694924314 -0.00256475876 0.159677505 0.131139472 -0.0836257711 -0.100782141 -0.106195331 0.0740669668 0.126868904 0.199722022 0.0113523277 0.110648394 0.220222726 -0.124622263 -0.0365300402 0.371067345 -0.0155858006 -0.0886477977 -0.168979481 -0.0369714834 -0.0615855381 -0.142974228 0.0576358065 -0.26707685 -0.00310412887 0.101594493 -0.128852338 0.0246619638 0.133685544 -0.0932166278 0.0818843767 -0.0796207041 -0.131336823 -0.0355149694 0.170005858 0.0307838749 -0.138174936 0.111730747 0.14302063 -0.0307564177 -0.0247059464 -0.0342743658 -0.0943889394 0.133485347 0.146296173 0.0963887125 0.125359342 -0.118648961 0.0809415355 0.0953731537 -0.110504366 0.261888981 -0.0443387404 0.0991673172 -0.0778660849 -0.087973401 0.19234927 -0.53099817 0.0740380585 -0.0710729137 0.00577332778 0.159951463 0.102338962 0.0327110104 0.0232317988 0.163595796 -0.0378515609 0.0949617475 0.255304217 0.0163829811 0.339079559 0.102552138 -0.00480986713 0.0356511846 0.0191562697 0.146611989 0.0609649383 -0.144799054 0.0776804313 0.176580727 0.207668886 0.0897974893 -0.130181685 -0.00299224909 -0.104934014 0.0628289655 0.417555451 -0.0644327626 -0.123234048 0.192224517 -0.045732908 0.00854114164 0.225287229 -0.0734868348 0.115340412 0.124736883 0.303062767 -0.0595873594 -0.0186842103 0.173227742 0.132880822 -0.11185427 0.156446353 0.0804272071 -0.0645289347 0.207327873 0.226283312 0.0752619505 0.172256142 -0.00304135261 0.156747028 0.114626475 -0.0554421358 0.114574857 0.155064374
0.348642945 0.0780211091 0.454654366 -0.124844328 0.133062109 -0.400186211 -0.0221431181 -0.0292499978 0.192721546 -0.0534679592 -0.14806895 -0.346790284 0.207647726 -0.00723299105 0.0488486141 -0.205744877 -0.15427725 -0.458879143 0.301952153 -0.0156091359 0.10180264 -0.0816558301 -0.125110582 -0.394086331 0.0268752072 0.0984505638 0.0307722483 -0.0313307308 0.27403748 0.310883135 -0.13377355 0.233051285 0.0858202577 -0.153785154 0.450373203 -0.254000306 -0.194549426 -0.0260432903 -0.392809898 0.323691368 0.110052466 -0.312498391 -0.304609179 0.0430622026 0.0390572846 -0.283029616 0.0394811332 -0.221244007 -0.476141751 0.262419105 0.00364443474 -0.395130336 0.366970092 -0.0120220901 -0.0301219504 0.120395608 0.158249497 -0.341979265 -0.0688775107 0.140658095 0.343364984 0.267003387 0.223813429 0.00713966833 0.0499970689 0.325658143 0.0795082599 0.0579042733 -0.266074508 -0.184254691 0.217176557 -0.0286250804 -0.432949215 0.400218815 -0.31229353 0.0655201897 0.199199498 0.231546417 -0.149818495 0.0325463712 0.0959382877 0.200664386 0.301105767 0.114595465 0.0236980654 -0.156084999 -0.22576642 -0.00277928263 -0.314279884 0.0846413374 -0.263621867 0.0577215478 0.148305446 0.293431878 -0.387602627 -0.104941934 -0.0393715613 0.279877633 0.209798142 -0.103997812 0.347057819 -0.309940219 -0.313935906 0.312616825 -0.0153769022 0.337861091 0.0214576367 -0.0671888962 0.062165983 0.158629373 -0.00509265997 -0.00845980272 -0.040613912 0.525771856 -0.0774603561 -0.0967740938 -0.212258637 9.4683317e-05 0.24910751 0.0595613979 0.306016743 -0.382475615 0.231832698 -0.213847145 0.394912928 0.0626190528 -0.472021967 -0.1870033
0.219102353 0.0728515685 0.302640527 0.112597086 0.0799866691 -0.137698531 -0.0695689917 -0.0496155657 0.0320101008 0.121506706 -0.147046953 -0.219035968 0.103933096 -0.124003612 0.196847156 0.0185371526 0.020195581 -0.305575073 0.030922059 -0.0234243236 0.0319614746 0.0897834674 0.147495195 -0.183745041 0.226341739 0.250877917 0.0395451672 -0.1193249 0.228902772 0.157598525 -0.0562348217 0.237301812 -0.0805722028 0.102414347 -0.0175990146 -0.0931952447 -0.12798205 -0.0719143748 -0.296829343 0.0813974962 -0.158416882 -0.113783814 -0.0102905855 -0.0878940374 0.0713196844 -0.0726860091 -0.200379357 -0.153520644 -0.0717465878 0.133177698 0.117620349 -0.15873307 0.0303448252 -0.14083612 -0.0329581946 0.112279877 0.146330208 -0.0936887711 -0.0841056779 0.180818439 0.0988767445 0.315396935 0.0506288856 -0.244284391 0.0875417739 0.20192951 0.160191953 0.0737215132 0.00352094648 0.0512861647 0.143268541 -0.132360145 0.00718061905 0.0851818994 -0.0820602551 0.176397353 0.20366998 0.115951166 0.193861231 -0.0304588955 0.0199824851 0.149394035 0.235044256 0.0406602062 -0.0907962248 -0.0186026189 -0.132598951 0.050689362 0.0446842276 0.0724346787 -0.134209886 0.0330138803 0.0968038291 0.283763677 -0.155949101 -0.178445414 -0.0942263231 0.264761925 0.232487321 0.0606834479 0.150922447 0.00717050955 0.0522315241 0.0994476527 -0.166819513 0.118949868 0.0557713173 -0.0874265805 0.116537221 0.0747408569 -0.12860249 -0.0109996134 0.109424964 0.0999553725 -0.181554139 -0.0470611863 -0.242388055 0.092746973 0.0661494285 0.0410420485 0.169807106 0.210377976 0.240949214 -0.0289587379 0.0947046578 -0.0418807529 -0.0816571862 0.0968661159
-0.252631247 0.182890058 -0.185839579 0.0227870271 -0.0917978659 0.122477509 -0.0619319007 0.0391346179 0.217647001 -0.0929396302 0.0225705635 0.154453963 -0.180372357 0.0461325571 0.0402472951 0.055702325 0.230717927 -0.334360212 0.0520478413 -0.0203436203 -0.053034734 0.0678697154 -0.100081913 0.153591752 0.109472103 -0.126710594 0.178706661 0.236068726 0.102952592 -0.0987936407 0.141164169 -0.0228472091 0.220255211 -0.00317373942 0.0598679483 -0.040614441 0.246361002 0.0175302047 0.123980016 -0.0616608299 0.0854077712 0.0246877354 0.166070446 -0.00988519192 0.255542964 0.160493791 0.0597558804 0.110733286 0.151461884 -0.0339412503 -0.0831664503 -0.0753110796 -0.101436645 0.168477118 0.00734028779 0.0223113392 -0.0255798679 0.140021861 0.124700055 -0.106142595 -0.0336317383 -0.157127514 -0.118114449 0.173774704 0.0777834877 -0.0754453763 -0.163904175 0.0464554429 0.193125635 0.0996330678 0.07229238 0.147777259 0.10774868 0.0889406651 0.110125646 -0.0824442506 0.0495268852 0.0522244573 0.119505592 0.191082403 0.205748752 -0.0233887229 -0.015724292 -0.134212613 0.00215841341 0.0576181337 0.0604146123 -0.0155833215 0.0511590652 0.0713840872 0.132298648 0.0162079409 -0.0276466217 -0.161212087 0.0374257863 0.0973845869 0.0390589684 -0.0804348961 0.0321683325 0.100608125 -0.074017331 0.128464639 -0.02982275 0.0115517508 0.0367405079 0.0659282133 0.164985433 0.0562375709 -0.184648618 -0.128373653 0.152217209 0.143024877 0.0350023285 -0.043365363 -0.096811071 -0.0916205943 0.0174288508 -0.0794265941 -0.0633171573 -0.0774914846 -0.100462213 0.0555620641 0.0564046651 -0.0368362144 -0.0568970963 0.048677139 0.202169225 0.00816067029
0.379316956 0.108877487 0.137081355 0.180804312 0.227953807 -0.108283259 -0.0902527645 0.0362819433 0.101543196 -0.0081237508 -0.313649237 -0.0957240984 -0.0501096658 -0.170861557 0.184996545 0.141120881 0.0894666389 -0.134369925 -0.0762382522 -0.319881588 0.129254878 0.211021602 0.151521742 -0.0787680745 0.092776902 0.348164439 -0.278440744 -0.413821042 0.501334906 0.196037963 -0.255613804 -0.123816729 -0.108982071 -0.0770593584 0.00373729574 -0.0887456536 -0.14959991 0.161164135 -0.0414234027 -0.135918021 -0.0952579081 0.0523598231 0.0603581592 -0.0429021306 -0.272040308 -0.0809351727 -0.181440979 -0.0442440324 0.065470688 -0.107273079 0.132011101 0.0701154992 0.10497129 -0.334332168 -0.0273624901 -0.0651630685 0.15984723 0.152624622 -0.161619559 0.22550115 0.0643492788 0.338068336 0.0668920577 -0.285243154 0.200051337 0.0424394421 0.0745264888 -0.0355548523 -0.050353568 0.140207425 -0.0785519555 -0.154045552 -0.0170894209 -0.110495053 0.0621915162 0.268829167 0.130088627 0.0661322027 0.035808336 -0.228392571 -0.00683002593 0.214396343 0.0474163592 0.287243396 0.108082019 -0.12323536 0.0396853238 -0.00989512354 0.178291351 -0.0528265275 -0.338400602 0.0849989429 -0.00793080684 0.29624036 0.0447468013 0.000629843213 -0.186127722 -0.0334907509 0.140381336 0.245461062 0.0520127751 0.0187845044 0.200543195 0.0138173681 -0.231756404 0.296594799 -0.121958889 -0.0217455067 0.165629789 0.151992291 0.225559682 -0.150529861 0.309500515 0.154322833 -0.279988319 0.108201422 0.0489030965 -0.0759867057 0.200605109 0.141971648 0.282862425 0.151237592 -0.000750431267 0.14982672 0.170289248 -0.0633278787 0.033331316 0.0436592363
-0.0626151413 0.303574115 0.0991600156 -0.636051774 -0.194734693 0.0313852318 -0.0196873974 -0.00522575295 -0.0170524884 0.105473533 -0.0478932969 -0.019337479 0.00133839075 0.129076377 -0.00922361575 -0.126279816 -0.0616090223 -0.000820623944 -0.00575662544 0.147244841 0.0508757904 -0.0105747301 -0.118085735 0.0193183087 -0.038701538 -0.0081802886 0.0317249633 0.0301384386 -0.189554423 -0.0327919833 -0.0013880711 0.0336870737 0.167249128 0.0229475722 -0.0181667991 0.186374784 -0.0668182299 -0.0937779248 -0.0489391126 0.196441635 -0.0205861907 0.0668238476 0.173318923 -0.0213650391 -0.0475520529 0.193182096 -0.0381198414 0.175849944 -0.121863253 0.10334184 0.040519435 0.258839339 -0.111324295 -0.0423565879 0.00326137524 0.0137011362 -0.134567425 0.018296605 0.11438325 -0.147930011 0.114065215 -0.0627709031 0.0483304262 0.117083967 -0.0750539973 0.0708318353 0.0712080374 0.00991082843 0.0593976341 0.159207255 0.0745682344 -0.0915831774 -0.0899427161 0.0976234525 -0.136026919 -0.173092619 0.0976853371 0.00987888966 -0.050161358 0.0470807999 0.124046393 0.0304807257 0.00755952206 -0.105644025 0.0652566254 -0.0237430092 0.0348889865 0.0828984603 -0.0762273073 -0.0638050884 0.0621411055 0.0599480197 0.0253848657 -0.164887458 -0.224590212 0.219609812 -0.000969620654 0.0753809065 -0.0675804019 -0.174585253 0.0828103721 -0.0370562673 -0.163086325 0.0552001968 0.105894201 0.0311293155 -0.0310647953 -0.0593830459 -0.00809087791 -0.117663562 0.46444577 -0.0163054504 0.000821792346 0.133922011 0.190676376 -0.00896559842 0.169049427 -0.0725375414 -0.0767732263 -0.0989651307 -0.142149612 -0.29219979 0.0169570744 -0.0766602755 -0.00754166115 -0.0620607696 0.145112678 -0.0118136359
0.567269206 -0.472885996 0.33353734 -0.424338996 0.0329990722 0.219870627 0.0634121895 -0.0617015958 0.0445714481 0.112732075 0.0367602296 0.0921195745 -0.102866948 0.0522804521 0.258798987 -0.0409185588 -0.0183751564 0.275723994 -0.0169599131 0.289659381 -0.095911622 -0.0115218982 0.0428779498 -0.223506987 -0.31686148 0.13401641 -0.105799064 -0.107744217 -0.078050077 -0.0259277318 0.157776505 0.0417944305 -0.152164906 0.270458579 0.0794516876 0.0965668112 -0.451177716 0.243603751 0.0953865796 0.706291914 -0.104464449 0.177770793 0.0332080685 -0.0160557181 -0.122042246 0.0444126949 -0.143399268 0.00197498035 0.147884771 0.101897374 -0.0825621709 0.294053435 -0.0563404262 0.0416420698 0.5601933 -0.033349108 0.0440201461 0.0476800054 0.0064415345 -0.0325413533 0.127793327 -0.0540562607 0.00956536271 0.103407808 -0.0317572989 0.00734901428 -0.0487834252 -0.0158998929 -0.553307056 -0.200290903 0.298072189 0.0479626171 0.186299786 -0.264249772 -0.0406429358 0.224794909 0.170030773 -0.148861736 -0.211872995 -0.128920421 -0.204434022 -0.0538599901 0.101543322 0.332448304 0.277957112 -0.015052042 -0.0379001871 0.0266592801 -0.0331336707 -0.00366348657 0.143137202 -0.0353448726 -0.184054419 0.156900972 -0.169154495 -0.00750693306 0.062413305 0.0457521863 -0.0864637569 -0.182438999 -0.097880654 -0.155120566 -0.00159357546 0.0591264144 -0.0463063978 -0.0692460313 -0.182728127 -0.0637428761 -0.0198877268 0.233623669 0.033560127 0.136027738 -0.0975498334 0.199917942 0.290408134 0.201277882 0.324786752 0.0279895719 0.169776052 0.266681522 0.0856114551 -0.193086267 0.145319 -0.107237361 0.0448734462 -0.0845665932 0.0251214523 0.231317982
0.152913243 -0.0896874294 0.213662103 -0.0386490896 0.144386634 -0.168738678 0.0125822993 0.0391438529 0.196240053 0.125372857 -0.229119539 0.0301233903 -0.0213381108 -0.246914893 0.205614015 0.013607393 0.0113868276 -0.137408584 -0.0232061185 -0.221173212 0.0635514781 -0.0262949131 0.00925385207 -0.036338117 0.10541679 0.164405122 -0.158691257 -0.406997412 0.181009606 0.0829489976 -0.205504715 0.0399473868 -0.248841137 -0.0424268655 0.0326362588 0.0221781805 -0.208195746 0.0212068167 0.00179396046 -0.0642674118 -0.17985411 0.0309616327 0.0332297049 0.0433432534 -0.274902016 -0.041248817 -0.0230046511 0.0822973624 0.0669919699 -0.0312022287 0.0935945958 0.0476861894 -0.000409946544 -0.176367 0.0622682534 0.143362299 0.168300956 0.0514567047 -0.22001949 0.035534773 0.231023297 0.108542025 0.11634022 -0.159946173 0.0615231507 0.030302586 0.0770076737 0.0124407047 -0.0875207409 -0.0129253371 0.0120692039 -0.16550447 -0.167461738 -0.0198261347 0.114555456 0.162494376 0.154850155 0.0647781715 -0.125164688 -0.0951709896 -0.0927967578 0.0627898946 0.200610071 0.261766136 0.109079815 -0.200163677 -0.0565080531 -0.0677533671 -0.0738544315 -0.0217714291 -0.345154256 0.021809496 0.177147225 0.0723149776 -0.025363937 0.00766400993 -0.129585385 0.147911146 0.0971589014 0.0441568121 0.0153052472 -0.0554353595 -0.136042476 0.163521186 -0.0457299165 0.13242279 -0.155581862 -0.0539474413 0.164723337 0.164884374 0.187590212 -0.109631516 0.0850646421 0.097358264 -0.22242564 0.0570003614 0.142064914 0.00730411708 0.0727441758 0.19959034 0.0989677534 -0.0905866399 0.0470811278 0.0735028535 0.169143751 0.059242852 -0.00291041727 0.0203816127
0.0722082034 -0.0617128164 0.06210443 0.320915848 -0.146013319 0.050418891 0.078539677 0.0576258898 0.0016270075 -0.166730896 0.263990164 0.120759994 -0.0121964486 0.248073131 -0.0178855117 0.306523085 0.236115679 0.198228329 -0.0764750466 -0.00648960564 -0.0308109466 0.245336771 0.122051984 0.0843998492 -0.194108814 -0.0897205919 0.0201466437 0.0175139774 0.0512943752 -0.0666763932 0.233896032 -0.0631408915 0.147188038 0.189686999 0.0102182906 0.00401204731 0.0217808727 0.0958374292 0.148286745 0.173521966 0.267497212 0.154021278 0.118302114 0.00397874415 0.214875847 0.130495384 0.18725431 0.164489031 0.273731858 -0.077111192 -0.132076979 0.0983247235 0.0413758792 0.0875154585 0.229946345 0.0340726599 0.019691864 0.184446082 0.0083849458 -0.044950027 -0.17768763 0.000465789868 0.0964681208 0.0653942153 0.234063908 -0.098180078 -0.00809134915 0.0415543057 0.109550215 0.0542652905 -0.152565703 0.262361258 0.161180347 -0.0692721456 0.261495233 0.146321848 0.00128038309 -0.0265668593 0.208242521 0.0955278799 0.129346937 -0.0980119109 -0.119703323 0.134511292 0.198598891 0.151631773 0.0929149464 0.0095486939 0.179031044 -0.0528240353 -0.0295073576 0.0224110559 -0.00867359526 -0.0442301929 0.272634 0.126240402 0.0448765755 -0.217561752 -0.101264291 0.153668389 -0.138735667 0.0896963105 0.240920126 0.0224871263 0.0576349907 -0.0708064809 -0.14424096 0.0592185259 -0.077331163 -0.0246495977 0.258933127 0.176341683 0.0475700647 -0.109678946 0.158159658 0.165304154 0.189806223 0.015561142 0.000380050158 -0.159512416 0.0687478706 0.0186959077 -0.112411685 0.150237873 -0.118641376 -0.0607855618 0.275530666 -0.0640895218
0.122537725 -0.179351211 0.261577755 -0.00150359585 0.0381747596 -0.263714939 -0.00943188556 -0.00757877668 0.176529363 0.00792473182 0.129359886 -0.107189812 0.132908493 -0.0701821893 0.17627719 -0.178423643 0.0486164168 -0.080447264 0.236195192 0.0838239416 0.060038209 -0.227818191 -0.112348378 -0.238271952 -0.0970884189 0.0757950544 0.203350693 0.168717667 -0.207608879 0.186211631 0.241165131 0.144593626 0.0957259238 0.228897691 0.204219267 -0.240699351 -0.112702928 -0.0603947118 -0.0619759858 0.153906643 0.231158912 -0.341974974 -0.384738594 -0.0613223687 0.114812545 -0.23059018 0.0786940977 -0.297884583 -0.185141891 0.130884454 0.208560124 -0.302092582 0.113028102 0.252974838 0.162847251 0.19897081 0.194610193 -0.0711066797 0.0151079372 0.0531722941 0.36847958 0.15375337 0.0864518434 0.170617729 -0.250506938 0.15963544 -0.0419816114 0.00887359958 -0.236454546 -0.314185113 0.130819991 -0.0463175587 -0.257503957 0.0220643431 -0.208249986 0.00367425429 0.0610488057 0.174436763 -0.2370231 0.132855684 0.161061972 0.082361564 0.18653731 -0.112484865 0.147735253 0.0916344672 -0.202712148 0.068647705 0.00777996099 0.0201808903 0.137974218 0.0450788513 0.0610920452 0.0639376491 -0.165980101 -0.137053713 0.142498761 0.182052493 0.0786189735 -0.37055105 0.196794644 -0.0997963101 -0.0341843367 0.173485473 0.222707525 -0.0514465794 0.257531643 0.00357000739 0.027143877 0.0395672284 -0.146362767 0.14941144 0.0843581706 0.162160277 0.047224924 -0.120656952 -0.229193106 -0.0257993899 0.110503949 0.0686656386 0.129117459 -0.445988029 0.193003878 -0.173298791 0.204590753 0.0269500762 -0.19618018 -0.0570753701
0.244525179 -0.239665121 0.416053891 -0.165479943 0.00584167428 -0.213132426 -0.0365260243 -0.0134025551 0.0755079985 0.134480476 0.123029485 -0.0422594398 -0.0934924558 0.00872100238 -0.0138777765 -0.136142805 0.0176513642 -0.174894899 0.220696077 0.28093797 0.0135388263 -0.12946327 -0.23357591 -0.22634609 0.0855821893 0.0905028582 0.254313588 0.169556424 0.022982467 0.0407066755 0.0486970581 0.296276599 0.0236438215 0.317973554 0.244013548 -0.0316302925 -0.0892310515 -0.294031471 -0.0679536834 0.225415781 0.220249131 -0.243335024 -0.228633329 0.0211150944 0.194582865 -0.115689613 0.0810851976 -0.111764841 -0.0813557282 0.339990675 0.0253704265 -0.237722993 0.073949784 0.253265917 0.0370946899 0.0402198881 0.0965437293 -0.189818218 0.0104702665 0.0543143414 0.419653833 0.0804093406 0.0208319221 0.0635866895 -0.283443987 0.231201321 -0.0654611513 -0.0627098083 -0.291038185 -0.289696753 -0.0677254051 0.100628175 -0.424562842 0.165914252 -0.102915525 -0.202787057 0.0725465491 0.0437687635 -0.113614723 0.135978833 0.155684128 -0.0960636362 0.539934754 -0.170401365 -0.090022184 0.12475618 -0.150153771 -0.0353608057 -0.28470397 0.0455949008 0.124749601 0.0860104486 0.0438162833 -0.0452519543 -0.0932528898 -0.139330611 0.254813612 0.192843392 -0.0337771475 -0.54282105 0.177695453 0.0537100732 -0.333348244 0.124049455 0.207143098 0.109895289 0.155737296 -0.0390880965 0.173398599 -0.0591371208 -0.159550846 0.133353084 0.170213476 0.0471082106 0.201643407 -0.165051773 -0.271940917 0.00523702893 0.0162064154 0.109600872 0.00616324134 -0.64663744 0.183219165 -0.250620395 0.0476239696 0.00058683008 -0.0400968231 -0.120003499
0.18039909 -0.0114740366 0.0568430088 0.115887649 0.130276799 0.0951100662 0.000619309547 0.0713031888 0.103877984 -0.0777235255 -0.187494725 -0.0287751146 0.0623807274 -0.125328824 0.0901829824 0.142355025 0.0385683738 -0.0100051714 -0.0825673193 -0.161761984 0.00650126114 0.112043329 0.286583632 -0.0585886426 -0.0337030441 0.319511056 -0.167573363 -0.133182913 0.22209394 0.127357677 -0.0710164383 -0.277782768 0.0352369547 -0.242572486 0.0162444655 0.00307767 -0.0641460866 0.0773013607 -0.000242355687 -0.121424027 -0.0689243674 0.0933054686 -0.0189386215 0.0748523995 -0.0322376527 0.0380027816 0.0360055603 0.142840132 -0.0618831217 -0.135732189 0.20194912 0.0524090677 0.10211648 -0.102680318 0.0604928061 0.0513962619 0.0766840205 0.141597286 -0.106739186 0.255765498 -0.015255155 0.025631547 0.0546649396 -0.089428924 0.103651717 0.0167239644 0.0360089689 0.0244120676 0.03485284 0.110276498 -0.510827184 -0.0828834325 0.155511022 0.000317446771 0.0732207745 0.249055177 0.0427816026 -0.0108628217 0.242687792 0.00781692378 -0.118798129 0.213108331 0.195943996 0.338410646 -0.0800130814 -0.184038118 0.0728303343 -0.0717220604 0.107549869 -0.0730912611 0.021273803 -0.0338852219 0.0254973546 0.308692366 0.160814136 0.00707730185 -0.244849294 -0.0173784066 0.0421809405 0.157195359 -0.0394773372 0.0414520763 0.303622216 0.0460689776 -0.0457294993 0.170340225 0.0448663831 -0.0633091554 0.00580424024 0.291812956 -0.291784286 -0.163501009 0.139455512 0.141441673 -0.148180351 0.0766105056 0.112936743 -0.0217254143 0.179920718 0.0828506276 0.0774276033 0.272081107 0.0689762086 0.181628928 0.205121621 0.0444041118 -0.00383571093 0.10239207
-0.907595217 0.240993261 -0.327540755 0.226322651 -0.0163584296 -0.0627560094 0.087538138 0.000861741311 0.107064679 0.0299100261 -0.0771718025 -0.157018259 -0.0282818489 0.110113047 -0.0425523818 -0.00841950625 0.0522748157 -0.344296336 -0.0820169002 -0.0693760812 0.0325546078 0.00727182021 0.0222997703 0.0292492472 0.241873488 0.152448848 0.131711185 0.113333076 0.080432646 0.0297750123 -0.111860067 -0.15605548 0.141907051 -0.194356874 0.0259236302 0.0273088291 -0.0398746878 -0.260585487 -0.178755343 -0.604251683 -0.0272806846 0.075455904 0.1223462 0.013610743 0.272202969 0.262143463 0.154422477 0.00928088184 0.0644498393 -0.0746714026 0.0817513615 -0.266326934 -0.0214035604 0.123985805 -0.276537955 0.0477119721 -0.072756663 -0.18151857 0.194757655 0.125094041 -0.0731663853 0.177460775 -0.0646621585 0.14040193 0.123847708 0.0403640419 0.173606455 -0.0670461655 0.277528763 0.170711264 -0.0155525878 0.137570083 0.0704222471 0.301118314 0.086414896 -0.116426528 -0.0622965135 0.0996311158 0.124314345 0.0814199448 0.0960372165 0.0866703093 -0.0675773695 -0.314376533 -0.108659029 0.0377636664 0.209131271 -0.0162893906 -0.0270872675 -0.0265367925 0.0252590291 -0.00229208171 0.0600131452 -0.0201665312 0.103372134 -0.0939506367 -0.11133635 0.0423731729 0.0716137365 0.0077050766 0.177549794 0.100757986 -0.141995072 0.156347662 -0.0298054311 0.13625735 0.165175751 0.0971091539 0.0224449616 -0.208545759 0.0547482148 0.0444626361 0.17036368 -0.0778147504 -0.224927306 -0.0971899703 -0.154548377 -0.0305506084 -0.0407785811 -0.190057948 0.143694282 0.280080229 0.073856622 0.109578483 0.0744501799 0.0395376459 -0.0639771968 -0.276622802
-0.0248533636 -0.055575721 0.11244487 -0.303366184 -0.122071259 -0.140579417 0.0638243929 0.00464876695 -0.0864613429 -0.0510479771 0.311857074 -0.0444950387 0.114974394 0.197074741 -0.0401437879 -0.185242459 0.0748184547 0.216527224 0.147365183 0.164355323 -0.167863637 -0.121649593 -0.0805940479 -0.151064619 -0.13339597 -0.114017896 0.156933814 0.320494801 -0.478526831 0.113139458 0.274458349 0.249612927 0.282461286 0.444812983 0.271346211 -0.0606661104 0.23560974 -0.122856796 0.0294300467 0.29370895 0.268198758 -0.0931206867 -0.10097973 -0.08453428 0.234138474 -0.0148678171 0.160704747 -0.203996927 0.0124534704 0.196635053 0.0624344051 0.0346252173 0.0627167076 0.356007665 0.00665233424 0.260777742 0.0682455748 -0.0118495943 0.0482931808 -0.00831322093 0.311221123 0.0388319381 0.230837733 0.277562529 -0.203582093 0.0543362126 -0.0324830189 -0.0806838423 0.00105782878 -0.251540214 0.13865754 0.0990628228 -0.0524934418 0.160370588 -0.181721061 0.0369961374 0.0910295323 0.068088159 -0.197317451 0.133216277 -0.0052760914 -0.150285587 0.0497597642 -0.197048351 0.0949516296 0.195238903 -0.0733237788 0.0320563763 -0.0644507334 0.041692853 0.598951936 -0.0140304565 0.0232446902 -0.113021404 -0.0880065486 0.100677244 0.242584556 0.324335277 -0.0470851101 -0.271312803 0.0966277495 -0.0610111654 -0.115732238 0.141266853 0.225396499 -0.164554849 0.173388988 0.0242946688 -0.112363055 -0.0598350801 -0.188664138 0.117919877 -0.185066774 0.0336704664 0.273459166 0.0498288721 -0.0567770004 0.0235530287 -0.121831067 -0.0484464131 -0.170697033 -0.10529007 0.159515902 -0.116046138 0.082852304 -0.0656886101 -0.0217515621 0.0669532344
-0.104127385 0.0754531249 0.110944979 -0.173338532 0.00398984365 -0.123236492 -0.0841077417 0.0322235785 0.0616982877 0.12157622 -0.000712936337 -0.0566131137 0.23643446 -0.0994363874 0.0847510174 -0.149448887 -0.121033266 0.114595555 0.192988127 0.19497931 0.0667845011 -0.0963553637 -0.119375214 -0.0185367297 0.0839231908 0.101031207 0.0369783901 -0.0994508788 0.0256559681 0.230880842 -0.129681066 0.206112906 0.0292381793 0.13873066 0.0633779019 0.0690496489 -0.141997337 -0.145191923 0.0248232521 0.0868328139 0.0598503985 -0.0299814977 0.121788666 0.0224549547 -0.146673724 -0.112555556 -0.0371895581 -0.00699682347 -0.246640399 0.182979375 0.000210497426 -0.0136469835 0.225115106 -0.0833824202 -0.206708983 0.238062844 -0.00780986156 0.206610084 0.124351621 0.107454196 0.0412281603 0.235796764 0.176752657 0.0485830866 -0.127512783 0.322193742 0.116099045 0.0662937611 -0.093342483 0.137259305 0.0110448385 -0.153990343 -0.122752331 0.372981578 -0.0354183614 -0.0676486492 0.0857188255 0.120329358 -0.106111005 0.195949256 0.152631968 0.00386984297 0.0541846976 0.121795133 -0.116975822 0.131452307 -0.0661696047 -0.00729812682 -0.158682719 0.0529473163 0.108920753 0.0291361883 0.179273367 0.185270026 -0.130061582 0.0979305729 0.08284574 0.293281704 0.0454977714 -0.209774747 0.240296364 -0.309730977 -0.169408366 0.0403172597 0.216364428 0.185188934 0.0683557913 -0.0487164333 0.144418195 -0.0109999022 0.200340748 0.00492178043 0.0576103628 0.217099488 0.133485332 0.134329364 -0.113004617 0.0186638311 -0.0444766246 -0.0484296307 -0.0759472698 -0.304881126 0.226191372 -0.125577092 0.028342355 0.0647268668 -0.0820385814 -0.0532757565
-0.10305804 -0.00178908953 0.0259781368 -0.0965986475 -0.0934990644 -0.0164042618 -0.0502358787 0.0157717858 0.0516925007 -0.100810453 0.0296337605 -0.0693926811 -0.0824822411 -0.0731100962 -0.00355528714 -0.0624628328 -0.0792951435 0.000153957924 -0.0490852259 -0.00626970176 -0.0966405049 0.0256236661 0.0653745383 -0.0272290148 0.0636001006 -0.039773345 -0.0936883762 0.0628152639 0.0521920919 0.0252322666 0.0347867906 -0.065033704 -0.0634186119 0.0187132824 0.0348008424 0.0683682784 -0.0485986248 0.0199252609 -0.0546884984 -0.00873493124 -0.112913534 -0.0887208655 0.00364529085 -0.0602222197 0.0650778934 0.0458539873 -0.0333397649 0.0494624414 -0.0921468064 -0.0212875437 -0.0262304638 -0.0529351123 -0.00729252957 -0.0692537948 -0.0480749197 -0.0751252249 -0.0852786005 -0.0739515126 0.0289064161 -0.0658996403 -0.0411603786 -0.030779114 0.0273269434 0.0553715825 -0.0775594562 -0.068730168 0.0129951593 -0.0876247436 -0.0632815659 0.00220275833 -0.0311120488 0.0220374484 0.000652405026 -0.108560704 0.0708363056 -0.0720151216 -0.0316397399 0.0305548105 -0.0977806374 -0.0835594907 -0.0305001531 -0.0958667547 0.0318935663 0.0292135235 0.0143537372 -0.0788333938 0.00625990331 -0.0164901316 -0.0495451167 -0.0941820368 -0.0740694478 0.0512733683 -0.0612621866 -0.0107194632 -0.0190762803 -0.0681568682 0.0357710756 0.0481642224 0.0430059657 0.0540982783 0.00384364743 0.0439825356 -0.0820055678 -0.0585811064 0.0450555459 0.0428114571 0.0259714033 -0.0760580301 -0.0283890106 -0.0961417109 -0.0747810975 -0.0741552263 -0.0401199088 0.00980869401 0.0131485621 -0.0156461149 -0.0477241538 -0.0871246383 0.037758071 0.0444852747 -0.0423395671 0.0148906047 -0.0285341833 0.0736372992 0.0346748903 -0.0680282786 0.0044693891 0.0309692658
0.0732581541 -0.0641230866 0.0692693219 -0.0147751374 0.0463842712 0.0469869748 0.0105802678 0.0740624145 0.0183290001 -0.0951509401 -0.0743666962 0.0260509234 0.066878207 -0.0349740572 -0.0960461423 0.0459639356 -0.0607694834 -0.00358752906 -0.0901768059 0.0759689957 0.00415315852 -0.0687845871 -0.0246853437 -0.023035368 0.066835627 -0.0393565334 -0.0337795466 0.0353127159 -0.0220346954 0.0116632087 -0.0389781594 -0.0215722974 -0.0186334234 0.0522358865 0.0462914035 -0.0732598156 -0.00694637001 -0.0458437912 -0.0747162551 0.0487300009 0.0241435561 0.0670279413 0.0611626059 -0.0504368916 0.00735463761 -0.0466638505 0.0219866782 0.00402870448 0.0590700246 -0.0303244144 -0.0229652431 -0.0310647581 0.0756238103 -0.0745081529 -0.088171944 -0.0451347679 -0.0715769082 0.0553201959 -0.0544822551 0.0471228808 -0.028380014 -0.045441661 -0.0391481593 -0.0833758414 -0.0766408443 -0.0961496979 0.014880674 0.015584372 0.0617093667 -0.0795196965 -0.0679626688 0.0600805357 -0.022638604 0.0221135132 -0.0962571502 -0.055170171 0.0447686315 -0.0265135281 -0.0486873202 -0.0645711347 0.0738382563 0.0255390927 0.0554886311 -0.0304118004 0.0189010836 -0.0700306892 -0.0315124728 -0.0103630275 -0.0737374872 0.0390497148 0.00654094853 0.0391769037 -0.0583274029 -0.0334468707 0.0142455809 -0.0171122402 0.00320066512 0.0231015105 -0.0192462076 0.0707019046 0.061857041 -0.0511055738 -0.0954751149 -0.0518467873 0.0682414547 -0.0204388406 0.0258408543 -0.0857972428 0.0617541596 0.0569434501 0.00566238118 -0.0809589326 0.0186381079 -0.0949730724 -0.0524332933 -0.0491928197 0.00548196631 0.075694032 -0.0326962844 0.023142565 -0.0122103086 0.0623983555 -0.0500911064 0.0667772591 -0.0277296212 0.0180372521 0.0066076573 0.0625479221
-0.0749690235 0.198184922 0.00410652393 -0.222261474 -0.263407499 0.127682388 -0.00646248274 0.029662516 0.0432218537 -0.143895805 0.147047773 0.121694259 -0.125002041 0.154515073 0.139094412 0.153148666 0.294016033 0.0470697954 -0.0541540124 0.191420987 -0.0449982919 0.110364594 0.035302002 -0.000627601054 -0.00777451694 -0.0080834087 0.247464344 0.162999555 -0.120997943 -0.098193869 0.152955115 -0.0592735037 0.282485098 0.086720705 -0.10008426 0.156089485 0.172280654 0.0157113336 0.00545151019 0.0450089574 0.0688729808 0.168111548 0.284424365 0.0381460264 0.347386062 0.208640411 0.0511641279 -0.0192295406 0.178228945 -0.0204506628 -0.0382806249 0.0803784207 -0.0548830181 0.164494634 0.227781892 0.0867706314 -0.0936442465 -0.00932932086 0.0548453666 -0.0103509268 -0.145844787 -0.101674482 -0.122407675 0.0762044638 0.115649424 -0.184591249 -0.239316478 -0.0148158316 0.183569595 0.165808648 0.22049199 0.0949904248 0.117978759 -0.149706304 -0.0378851481 -0.111678235 0.112549417 -0.0885366723 0.187731564 0.171263412 0.0522812568 -0.00578367058 0.0514987148 -0.215997025 0.189111471 0.187790155 0.241911262 -0.033966355 0.185957268 0.0895217434 0.391172022 -0.0810439736 -0.115727223 -0.192104355 0.0368357264 0.143444806 0.0340520628 -0.137149721 -0.0433192328 0.258573771 -0.156072319 0.172671109 0.0419888906 0.01930934 0.107076757 -0.170555547 0.247010708 0.0330783725 -0.0591913909 -0.0717223957 -0.183636293 0.166315213 -0.208533272 -0.109728478 0.0882086009 0.0991395414 0.156285644 0.0764302388 -0.0487658381 -0.135861725 -0.0659036264 0.0694372952 -0.0163448583 0.134566069 -0.0948485807 0.0572666004 0.148370653 0.0787657425
0.216454193 0.0910710841 0.0371508785 0.114168167 0.0214596316 0.109409653 -0.0584691092 0.0202425048 -0.150946662 0.0259344392 0.114480458 0.195016384 0.0523125939 0.179414868 -0.170318544 0.0831751674 -0.0191389378 0.252628893 -0.19362624 -0.158671796 -0.134994045 0.275959909 0.227088809 0.22943227 0.0546781868 0.0352849402 -0.0304649826 0.0072544734 -0.063929148 -0.0763503164 0.0613049977 -0.169119298 -6.62587117e-05 0.00894040521 -0.17562139 0.0340288021 0.271272719 0.109119751 0.0916946083 0.215424404 -0.00777695747 0.0456295647 -0.0480426736 -0.00247509778 0.0322783217 0.158985749 0.0378652327 -0.0309279803 0.318374991 -0.136594579 -0.0590936355 -0.0165128503 0.0258541461 0.1074396 0.0540954843 -0.0227369387 0.0667620897 0.130516157 0.0544231832 -0.0741421431 -0.0841038823 0.0162619669 0.0219701547 -0.010807734 0.184631094 -0.22551991 0.167949066 -0.0209477153 0.106145032 0.00115084369 -0.348778814 0.173782513 0.136464775 -0.210255921 0.234394953 0.0197423268 -0.0197273251 -0.0109810857 0.242528453 -0.104217388 -0.0704235137 -0.0923352763 -0.0304618552 -0.0494992808 -0.00495691597 0.0897041708 0.141425535 -0.0777996778 0.201613307 0.0138813388 0.10825374 0.0252819732 0.0485416055 -0.0896951705 0.227507666 0.0481947474 -0.0783791766 -0.160926044 -0.0539907441 0.236110806 -0.0516187325 0.23913753 0.200121254 -0.117253684 -0.00693952572 -0.121883638 -0.139841393 0.0291903298 -0.0337264277 0.0667769462 -0.0990558118 0.0445311852 0.0806457698 -0.0946372226 0.231813237 -0.0367886499 0.0938168541 -0.0656907931 0.068284139 -0.042644538 -0.0418017209 0.0635932386 -0.126721561 0.207643792 -0.174306184 -0.0625755712 0.187666968 0.0388210602
0.370481461 -0.0689470246 0.00326671614 0.297185361 -0.11637225 0.0613909103 -0.00438996218 0.033562649 0.143211678 -0.109414645 0.0490527451 0.025149392 -0.147664815 -0.0236750375 -0.219234496 0.291881561 0.209003896 0.0482418239 -0.120672062 -0.242628708 -0.0659299493 0.173911393 0.141705677 -0.123230577 -0.113945581 -0.0544633754 -0.104613207 0.0157751478 -0.0139958672 0.0817611665 0.000899365696 -0.00544090709 0.260538399 0.370220035 -0.153353259 0.0481850356 -0.00531865144 0.0602126606 -0.0575249903 0.200633585 -0.0125159565 0.0189236384 -0.0950779021 0.00477858633 0.166142106 0.102455631 -0.173019573 -0.00472503761 0.0585040264 0.0164135974 -0.029206885 0.0270493831 -0.0444539525 0.0072116456 0.111638941 0.0115127992 -0.0697873458 0.281156391 -0.0565275699 -0.157575458 -0.111825854 0.133023694 0.149587944 0.0960166827 0.145054534 -0.135831401 -0.0884577781 -0.00366055127 -0.0208873898 -0.118663184 -0.609927714 -0.025865186 0.044355575 -0.103771679 0.0365434512 0.106988072 0.036105264 0.00207466516 -0.0250257254 -0.060161408 -0.0156797729 0.0386789069 -0.236474425 0.317810386 -0.00263134902 -0.0274783634 0.104897052 0.0547890738 -0.0162416827 0.0701758936 0.0679406449 0.0799966231 0.00502553629 0.137567908 0.172797278 0.0913925469 -0.0215721726 -0.0894704238 -0.0551963374 0.0529207997 -0.121325254 0.0272068307 0.326724619 -0.153869882 -0.0836905837 0.088693887 -0.0944391862 0.047918044 0.0500946455 -0.0897326618 0.656071365 -0.0708922222 0.0508718528 -0.148571461 0.0162748806 0.191014588 -0.0399634093 -0.0190119985 -0.228908107 0.0543671064 -0.0288003776 0.0367685072 0.0321541391 0.248128653 -0.152186453 0.0723352358 0.215771317 -0.152638391
0.0346919149 0.0118710836 -0.0219231024 0.0137451971 0.0377108976 0.0234976169 -0.000993221998 -0.0401468314 -0.0918504074 -0.0625906289 -0.0931224748 0.0361405127 0.0142082144 -0.0917237625 0.0047116885 -0.00183723809 -0.0352256186 -0.0244571548 0.0251834318 0.0216863547 -0.0700122565 0.00790187903 -0.0902407542 0.047239352 -0.0274963826 0.067783542 0.00786917843 0.0436043888 -0.0936307386 -0.0566505492 -0.051514864 -0.0314847156 -0.0231234543 -0.0638188943 -0.0547257476 0.0200774912 -0.0584062189 -0.0173883066 -0.0993306115 -0.112082541 0.0408934504 -0.0404936559 0.0130529925 0.018864654 0.031176284 -0.0242237914 0.0405729227 -0.0532522649 -0.0197770577 0.0333506092 -0.0376863368 0.0354721844 -0.022155337 -0.0472292043 -0.0267092418 -0.0993635803 -0.0338308401 -0.108061209 -0.108428881 -0.0239318199 -0.0398683734 -0.0308919847 -0.0167903993 0.0548075698 -0.0473706126 0.0466245301 0.0251165591 0.0581651255 0.0435879193 0.0367051028 -0.055867292 -0.0587837994 -0.118148349 -0.0390720628 -0.0502433851 0.0283264518 -0.0998966098 -0.0643396974 -0.00489732902 0.0180534907 0.0363677368 -0.0131935095 -0.0283429436 -0.0740484744 -0.0502139851 0.0240223277 0.0323221982 0.00605802983 -0.109610297 0.0811667517 -0.0986745507 0.0606142208 -0.00802191347 0.0872636214 0.0126226861 -0.0966219306 -0.0665485635 0.0741859674 -0.00936399028 0.0296862945 0.0580777787 -0.0132500017 0.0340814255 -0.0806751773 -0.0758746043 0.0482012182 -0.106825151 0.0697840378 0.0703333765 -0.0888006538 -0.00384257734 -0.0236392748 -0.0692601204 -0.0672719702 0.0299970489 -0.0186953433 -0.081239678 0.0852978602 0.0446578674 -0.0622419603 0.00446709711 -0.0901915506 -0.0862408578 0.0103242425 -0.0162441507 0.0493382439 -0.110099755 -0.0813918039
0.118111387 0.0553951971 -0.168590933 0.541453838 0.157895565 0.0738638565 0.0237963218 -0.0291692689 -0.053671591 -0.0239537489 -0.371696442 -0.00569578074 0.152900472 -0.211221144 0.315836608 0.274505764 0.058813788 0.0555260107 -0.139861524 -0.291783392 0.190852165 0.225386366 0.318985403 0.00124098256 0.0854305625 0.259569496 -0.357100517 -0.260773957 0.141010955 0.0768034756 -0.152814358 -0.179171979 -0.105638869 -0.0118363006 -0.138912663 0.0109641664 -0.236170858 0.239485368 -0.0121755274 -0.375656009 -0.233036235 -0.0499628447 -0.0206320062 0.0803010687 0.00481251627 0.164764062 -0.139146015 0.0448867083 0.101499915 -0.0803068727 0.150588259 -0.0401417725 0.0442695357 -0.336049139 -0.00682396349 -0.110688679 0.192351148 0.180575684 -0.114349984 0.286335677 -0.3733491 0.225193799 0.08752013 -0.241535664 0.251675457 -0.0955195129 0.149061948 -0.0277515743 -0.0193294305 0.0622758567 -0.1803893 0.0364133939 0.360161126 -0.140877098 0.17291528 0.201767609 0.168634012 0.00529389037 0.274896801 -0.185461149 -0.145706773 0.342570066 0.020464072 0.179334611 -0.0478918776 -0.285213083 0.0783838853 0.0762724504 0.463064253 -0.0584450811 -0.322421968 -0.00584892184 -0.0416957512 0.300459683 0.287558675 -0.00205864711 -0.193869635 -0.0126327258 0.0203069989 0.214633301 -0.0699322969 0.0434915721 0.296672583 -0.0434636325 -0.075945273 0.0554244444 -0.161110431 0.0929376855 0.173285812 0.144455522 0.150785178 -0.163983896 0.077207759 -0.0167692471 -0.202478752 0.150689766 0.072742559 -0.0635236949 0.250622123 0.113679536 0.175791532 0.338105589 -0.00699480763 0.341851473 0.024409024 0.0228359029 0.0942884684 0.0288092867
0.00826401915 0.185543016 0.153937399 -0.103785865 0.0380835868 -0.286414474 0.0297711436 0.0290109478 0.134700745 0.0951325297 0.248713583 -0.0523597486 0.0949158818 -0.0445084907 -0.0173044521 -0.0334382318 -0.0308202729 0.0526056066 0.233565688 0.130092293 0.0173311625 0.0412959382 -0.199145898 -0.0252459906 0.178952023 -0.059402369 0.141509622 0.108702838 -0.173597008 0.232987255 0.0791582689 0.244953111 0.239705041 0.352379322 0.0851003081 0.0312363021 -0.0667764172 -0.018220393 -0.0610079989 0.0381708257 0.110372737 -0.147509322 -0.0965665951 -0.0476736277 0.0699354634 -0.0465664454 -0.0854997337 0.0325747058 -0.151950032 0.100181676 0.0680558085 -0.0955892131 0.223001629 0.023081392 -0.0547952764 0.245295838 0.00515541527 0.0740388259 -0.0295934156 0.104419909 -0.00465187011 0.224635109 0.218096614 -0.0917988345 -0.134254023 0.154436797 -0.00521292444 -0.0780600682 0.0435172096 0.135148287 -0.0250728261 -0.0762559772 -0.385405391 0.299915254 -0.243827492 0.0147997802 0.128223151 0.164624169 -0.23320359 0.16583927 0.111893192 -0.0647630915 0.233898297 -0.0789214 -0.0774948671 0.107564896 -0.0949318558 -0.0728671178 -0.209787622 -0.0319488235 0.200119793 -0.0679371655 0.0979297757 0.0468440913 -0.0880861357 0.063868098 0.0532133766 0.15748018 0.0656823739 -0.0995274708 0.27259323 0.0227978881 -0.224048302 0.159564093 0.19334133 0.213339403 0.103676081 0.0653800815 0.0623012744 0.0401696041 0.413864076 -0.0951147303 0.0786304101 0.0839693993 -0.0751773119 0.0201254096 -0.165948004 0.0120503558 0.00814462267 -0.0346989036 -0.0724673048 -0.275136918 0.121290907 -0.0930982828 0.00929167494 -0.0790461153 0.00058747828 -0.0783938169
0.230019391 -0.288125485 0.10585326 -0.285831869 0.0253385138 -0.228453115 -0.0624637753 -0.0770836174 0.0853442177 0.113462493 -0.00430078246 -0.640941083 0.245479718 0.0814481154 0.126645312 -0.399815977 -0.127597719 -0.000236456224 0.129594222 0.114897504 0.109440565 -0.120090418 0.112628005 -0.376385063 0.0327862836 0.129759923 0.0321887732 -0.188879117 -0.0552998111 0.130918339 -0.0490823202 0.0959103554 -0.209277228 0.0105559463 0.189592525 -0.160174236 -0.409045756 -0.164055064 -0.36559993 0.136591867 0.0186632425 -0.103943788 -0.191080317 -0.0820378363 -0.339569688 -0.0369567014 0.110115066 -0.206467718 -0.307234228 0.177031323 0.189581394 -0.22638236 0.0589231774 -0.0861202031 -0.119216226 0.0777068138 0.14895907 -0.226889491 -0.271517664 0.19674477 0.272627413 0.136170581 0.173047751 -0.11347349 0.0301675163 0.0865077525 0.246471912 -0.0497327857 -0.140385509 0.0233774688 0.135824859 0.0902881399 -0.0510415696 0.171890035 -0.084032923 0.0176862422 0.183276489 0.0840087309 0.263179511 -0.00748911547 0.0745478645 0.191529483 0.139652178 0.109810144 -0.165698037 0.0834124386 0.166766286 -0.079917416 -0.0921055526 -0.0246895179 -0.247768596 -0.05117267 0.180233821 0.243567258 -0.210051253 -0.118329123 -0.0218785685 0.203303292 -0.0731402636 0.15758875 0.223244116 -0.235810414 -0.145377472 0.0761505514 0.0955995396 0.0060401489 0.181106985 -0.143642828 0.115753137 0.200622827 -0.110297538 -0.0084930649 0.0878996253 0.297343314 -0.00674393959 -0.257538527 -0.185414881 -0.0632283688 0.205755562 0.0283704158 0.115070634 -0.150762185 0.0660659447 -0.0240839217 0.280109614 -0.0182932615 -0.492936999 -0.00328836823
-0.783472002 0.206337705 -0.39023307 -0.243742034 -0.245265275 0.0690909028 -0.0295408405 -0.0811610743 0.171221688 -0.0679824948 0.035242144 0.106934108 -0.151757419 0.0396858938 -0.121029243 0.0955204442 -0.00758111244 -0.280818999 0.153324723 0.089568682 -0.0130937332 -0.00279360078 -0.133223251 0.0971627086 -0.153051078 -0.0678534359 0.134104714 0.223330021 -0.155452088 -0.0696906969 0.0710490942 0.108861737 0.322066814 0.21059747 0.0275578126 0.033089228 0.0899336413 -0.0533040762 0.110787317 -0.0670073703 0.202381313 0.0440193601 0.124398097 -0.0832775757 0.210085705 0.26386717 0.0578180179 0.0681791306 0.109374829 0.146699846 -0.191570312 -0.048809655 0.002720305 0.0497478358 -0.181078881 0.145125985 -0.0129067535 0.10173808 0.0177152809 -0.111352257 0.0611497834 -0.0194216017 0.0843822733 0.138882115 0.021068139 0.0287480727 -0.0926261619 -0.0861994624 -0.0688643083 0.0804707855 -0.151745334 -0.122658558 -0.0872354731 0.278566271 0.040079467 -0.31005007 0.0200767741 0.148416534 0.0797724649 0.194008619 0.148044124 -0.202385128 -0.133007541 -0.245006248 0.174017861 0.223665506 0.0914480761 0.074319534 0.00580603862 -0.045618996 0.298837453 0.0167242587 0.10237395 -0.0844936669 0.0801617354 0.0981958359 0.166884139 -0.00131717336 -0.0186789352 -0.102291659 0.118914641 0.0885329917 -0.219383448 -0.0311552547 0.19635874 0.109310381 0.15310955 0.0464666151 -0.0478875488 -0.207709789 0.468073487 0.16078417 0.0301996693 0.00504248915 0.0976669118 0.0762708709 0.0169337075 0.043546591 -0.0961856991 -0.11413382 -0.290589005 -0.338598013 0.114229202 -0.0914666578 0.00225587888 0.0826119855 0.199858576 0.0469143651
0.0529362299 0.0653590336 0.125751033 0.0908998325 0.115627423 0.0161516424 0.011313891 0.0176690519 -0.109768994 0.00966562424 0.0646261051 -0.0783926696 0.0236220434 0.0379959121 -0.0189584903 0.0696734339 -0.0174114835 -0.0112545937 -0.0737442598 0.0725979507 -0.0707691908 0.0923013538 0.0951127335 0.10082566 0.0949963704 0.0427511372 -0.0171608701 0.0970406905 0.0264686178 -0.0406144857 0.0723130256 0.00675050728 -0.00178482244 -0.0202284679 0.149750963 0.13569206 0.0333719887 0.0523520522 0.0664469004 0.0339533612 0.0125525994 0.0970524997 0.00316925556 -0.0473647527 -0.0890351012 -0.0913365856 -0.00947473943 0.120514758 0.0692611188 -0.0231036972 -0.129228815 0.0493219309 0.0855600387 -0.104085729 0.00214384822 0.107136525 0.0438843593 -0.0581808724 -0.0420560092 -0.00915952958 0.070379369 0.135242254 0.0742609203 -0.0853237659 0.03454566 -0.00312518352 0.102841944 -0.0310012661 -0.00919467397 0.0765977129 -0.0288532451 -0.0292321034 0.0812293664 0.00826871209 0.0289525744 0.0234313104 -0.0540308878 0.114667803 0.0809619203 0.122612044 0.045778241 0.0937599242 0.109074347 0.0585083775 -0.0118817994 -0.00178145349 0.0931455046 0.0614601932 0.0673288628 0.128311545 -0.0978227928 0.151424706 0.0177129656 0.0671740845 0.024728585 -0.0153842419 0.107202739 0.116708137 0.00908701029 0.0820875987 -0.0318576433 0.0426989645 -0.00880144257 0.0453350134 0.10511554 0.0977716446 0.105583429 0.0103725446 -0.006604244 -0.0270742327 0.0669851527 0.180333793 0.103637122 0.121220753 -0.0281366967 0.154902503 0.0254810918 0.0291701052 0.0573503524 -0.00774213113 0.105661653 0.0122876717 0.103657342 -0.0299951304 0.00401596399 -0.00174416695 -0.0114534684 0.0512645692
20 128
0.0198932309 -0.0810851231 0.0790031254 0.135256365 -0.0143743493 0.0835004076 -0.0321711972 -0.0290855505 0.0702731758 0.0275034439 -0.142671138 0.0607712492 0.0140218446 0.105761334 0.0450249724 -0.0521352664 0.0255192388 -0.10265246 -0.0221284311 -0.136450082 -0.0618096963 -0.0910972878 -0.122001581 0.208571255 0.182795689 0.101905324 -1.41781187 -0.179093093 -0.126615316 0.0753027648 0.0645125285 0.00236089062 0.068236962 -0.0663658828 0.0197309833 0.0803295299 -0.0288623516 0.180317149 -0.0100969775 0.046960026 -0.0576713048 0.240010902 -0.530383706 0.176764518 -0.0852611586 -0.0719634145 -0.0305636115 0.0679564252 0.125714585 -0.0585167035 -0.69879657 -0.0171815641 -0.0217325464 -0.00636113435 -0.00149628054 0.0721721277 0.0801449716 -0.0323943943 0.003052491 -0.0170848016 0.201123595 -0.0344601907 0.0651993006 0.0443662181 0.0384590253 -0.186136961 0.0311052874 -0.0333030671 0.0508886501 -0.182582334 -0.0232656281 -0.152364105 -0.0203548018 0.191187516 0.030214591 -0.000926005305 -0.0279474575 0.00727403862 0.0819169283 0.118904561 0.0751459599 -0.261359394 0.104607448 0.0676949173 -0.0932688862 -0.0462539904 0.0361659303 0.0814062431 -0.0390984155 0.136742055 -0.0750851333 -0.116435714 0.00731574232 0.175804242 0.0111293662 -0.118435636 -0.0147512574 -0.0552022606 0.24830015 -0.00348670222 0.111051798 -0.499577761 0.0503432788 0.155256733 -0.137445629 -0.120935775 -0.128141552 -0.0412212722 -0.0223569404 -0.0821714625 0.109830633 -0.0285129882 0.0680113956 -0.0624121577 -0.0879100263 -0.995518327 0.135387942 0.0890739188 0.0544384718 -0.0131180473 -0.273339689 0.020259602 0.0817227215 -0.0379862674 0.124294572 0.167618245 -0.0697706789 0.0736660361
0.108575344 0.0561155081 0.0422199033 -0.277500838 -0.0957456082 -0.013562982 0.0746398643 -0.126248598 -0.00719644176 -0.0245950241 0.0548329577 -0.041324161 0.0787464604 -0.0712234527 0.0172267389 0.0334082395 0.068542473 0.183234677 -0.0316851884 -0.0088720005 0.0652287453 -0.118733458 0.169200584 -0.305688679 0.135915518 -0.125033453 0.2348627 0.0864432082 0.120596215 -0.0664687827 0.012638134 -0.103791922 0.012838861 0.057290066 -0.0459452495 0.249620408 0.0760984719 -0.232445478 -0.157092452 -0.100859977 0.0614876933 0.250232577 -0.25580442 -0.496282607 -0.062905781 -0.0446420982 0.171861142 -0.138399005 -0.172858238 0.066920951 -0.340364248 -0.136743471 -0.144592717 -0.0217090435 0.00487090647 -0.00965131912 0.0443840548 -0.0511279404 0.0271202475 -0.167087093 -0.137835011 -0.0943031088 0.0626751781 -0.0106028039 0.0370125696 0.0829635188 0.0346530601 0.0395229384 0.0303581413 0.277867377 -0.0102607794 0.114360318 -0.0934373885 -0.140736938 -0.0144547652 -0.0787938908 0.05923694 -0.0390926301 -0.0215242356 0.201446906 0.0687400848 -0.0079419259 -0.0690018684 0.0546279065 0.200658053 -0.0250476487 -0.0618101321 0.123953536 0.0463770777 0.0614570417 0.106968671 0.131294861 -0.0192482006 0.00568093779 0.04818739 0.0821111351 0.107266098 -0.197616979 -0.0161346551 -0.181580111 0.00859727059 0.478690147 -0.233829871 0.0465095714 -0.109488592 0.0868859291 0.139449567 -0.143484637 0.198148042 -1.18114173 -0.157589361 -0.117045127 -0.0946735516 -0.0102951815 -0.0367932692 0.359625429 -0.0916471109 0.118405201 -0.0295885522 -0.0223707799 0.0628933907 -0.225976691 -0.305899471 -0.0134465871 0.0643099099 -0.0354420803 0.281612605 0.356198609
0.0924483016 -0.0681657791 -0.267677635 0.103023998 0.268949181 0.162799969 0.285345465 -0.0528167486 -0.107961439 -0.0265060626 -0.254660904 0.0429544374 -0.0861291066 0.0310643259 -0.0888299942 -0.0535861216 0.0253389683 -0.188481867 0.0775063485 -0.254967511 -0.0626167282 -0.144041762 -0.0833551958 -0.108338572 0.240855306 -0.0728022531 -0.195550799 0.102168605 -0.202311724 -0.0671436414 -0.0205761194 0.0370054841 0.0422678553 -0.032407172 -0.0471275933 -0.0719166473 -0.0463736318 0.620492637 -0.0928288028 0.0543672517 0.25082773 -0.0639514849 -0.260975152 -0.226661995 0.0262241438 -0.0129056489 -0.0119603239 -0.382433146 -0.126338556 -0.0635111406 0.142582208 -0.119396999 0.137059718 0.0519435331 -0.0354810171 -0.179178506 0.0146381818 -0.00463299733 -0.0143535724 -0.143672734 -0.106928922 -0.028919585 -0.359309971 0.0360752232 0.087968871 0.175585061 -0.250963658 -0.251691222 0.0628144145 -0.102782525 0.516792715 -0.0345561169 0.0533427931 -0.200056866 0.0563428588 0.0140196392 -1.24045181 -0.216728851 0.285653561 0.00346713443 -0.0663103089 -0.0857678726 0.101550944 0.0776048601 0.273981333 0.245030761 -0.108392753 -0.0973941311 0.0367429517 0.206070095 -0.0604203306 -0.0116328495 0.0429346561 -0.275124997 -0.133957013 -0.205311805 0.0337840393 0.241392359 0.104535833 0.352532506 -0.25694418 0.309823513 -0.0135891596 -0.155657724 0.187298179 -0.114043802 0.0589302182 0.0870741382 0.267501116 -0.0961124897 -0.024547115 0.0693754032 -0.126672074 -0.0710854977 -0.0179343335 0.0706731603 0.0725955516 0.190396428 -0.0304057486 -0.0141248172 0.0490950197 -0.115053467 0.36292991 0.00658248551 0.124983497 0.155986786 -0.186393708 0.248803228
0.0287649166 0.600362718 0.00472227763 0.0330637582 0.00746794278 -0.0569660068 -0.0886929035 -0.0204635244 -0.177339137 -0.15311639 0.0791999102 -0.012233533 -0.0200095642 0.854717612 -0.0544565357 -0.0912686586 0.00479818415 -0.0412461981 -0.0125364158 0.137874186 0.0064035356 -0.0488889255 -0.238086373 0.106437489 -0.203450173 -0.132618263 0.181203932 0.151490211 0.135476723 -0.0305425208 -0.000200772338 0.107879624 -0.055946108 -0.0210839119 -0.443911195 0.287691832 0.0555957742 -0.00744035328 -0.057706669 -0.443475872 0.0226344429 -0.0271318704 -0.24175036 0.0394493304 -0.0593781099 0.036942903 -0.02476836 0.324937463 -0.0996493027 -0.0604717359 -0.391254336 0.0656336844 -0.337906033 0.00694770738 -0.0557437204 0.0312195271 0.378592849 0.0486571118 0.00573383272 0.0752409324 0.130353644 0.0654330552 0.00776885357 -0.0295252968 -0.220546633 0.151834592 -0.084574379 -0.300553948 0.016463438 0.118653305 0.719772577 -0.115584493 0.100060433 0.00680108648 -0.00380784692 -0.0248685014 0.163801044 0.0331680924 0.0146521972 0.254335999 -0.030367991 -0.072536774 0.0258265156 0.209412992 -0.219725862 -0.207838088 0.0621502064 0.514205873 0.012911628 0.138700172 -0.060283713 -0.239812046 -0.00626115035 0.118127115 0.0525306314 -0.125002652 0.284241855 0.132418007 0.521476984 -0.0255997777 0.0510295965 -0.262417108 0.262052089 0.0999843255 0.346970052 0.0207283814 0.00447697332 -0.112711884 -0.0173859783 0.537034512 -0.0322744437 -0.0121938586 -0.310987473 -0.262012243 0.107513048 0.0181467347 -0.405919313 0.960803568 -0.0544788167 -0.0259628464 0.151731431 0.157053187 0.0695877001 -0.0639487505 0.0305617284 0.626668274 0.284357399 -0.116117999
-0.464383096 0.0536606498 0.0973020047 0.0263296925 -0.313318223 -0.211652875 0.0732195377 0.0683044344 0.464873701 0.00351455854 -0.361798435 0.0109239444 0.0620323159 0.116239712 0.032846041 -0.206167087 0.0531195179 0.11067646 0.0681999475 -0.206717759 0.0385607742 0.0265313983 -0.283388585 -0.113376111 0.0977904499 0.0732838884 -0.22222586 -0.0267456472 0.105423823 -0.0644329041 -0.70925349 0.0365829132 0.0696150064 -0.0323111452 0.12249925 0.16899772 -0.0350944176 -0.221607968 0.121557213 -0.438949585 0.0475510024 0.0193037894 0.919694602 -0.0122085446 -0.0436121263 0.0174300298 -0.345293611 -0.115287535 0.0232495945 -0.028232947 -0.165993258 0.145897806 0.132578149 -0.067455329 0.0312711 0.124883294 0.127234891 -0.018121317 -0.009675093 -0.383754909 -0.0040597273 0.0935670212 0.0586783327 0.0195628852 0.118553966 -0.210473448 -0.0999986902 -0.0235140193 -0.00994954072 0.0641768798 -0.0400224142 -0.714984536 0.0347527377 -0.0711889639 -0.070481509 -0.0458347164 0.0602645352 -0.299408883 -0.0969238728 -0.0171375182 -0.0329695754 0.0349985436 1.06605875 0.126252085 -0.690728247 0.201702446 -0.123926312 -0.153159931 0.364042103 -0.249633089 -0.0406810865 0.178886458 0.143243015 0.0977661461 -0.133002222 -0.494433522 0.369298249 -0.25547573 0.0634447411 -0.0217825305 -0.381728411 -0.175145149 0.0727573931 0.0641040131 0.143897563 0.0675311312 -0.0420869924 0.0973032266 -0.0463901125 -0.116252415 -0.00322615937 -0.169764251 0.121927783 0.0737789944 0.103319116 -0.103116073 0.0462920777 0.0531414263 0.0457246192 0.0439853743 -0.119851626 -0.66136539 -0.0209913924 0.022683356 -0.0040347171 0.124368332 0.147849619 -0.178953439
0.136915162 0.13891153 0.121971346 0.0595895387 -0.20983237 -0.254086405 0.0742444545 0.0601554923 0.263554811 0.139431521 -0.0572512448 0.027362071 -0.0584424958 0.0289815459 -0.0770030245 -0.724789083 -0.410557896 0.0420669578 -0.0161635447 -0.367082626 0.124361761 0.0671660155 0.102057926 -0.194160745 0.0430380851 0.0033324433 -0.149978489 0.00525897508 0.10504467 -0.0769383535 -0.282293171 -0.015352672 0.147950739 -0.0680409744 0.173597142 0.0481794737 -0.0196400415 -0.163405836 0.0213218108 -0.0144688701 -0.0254742857 -0.073949419 -0.24255465 -0.0356397815 -0.0419756956 -0.00805502478 -0.115082368 -0.0259120204 -0.000727866078 0.0114599271 -0.11585623 0.0833817646 0.223769769 -0.0534962937 -0.078993775 0.0961054564 0.0644182041 -0.0467950702 -0.0494301394 -0.205173269 -0.193719417 0.0912467241 -0.177250162 0.0798913911 0.164840937 -0.374894649 -0.476773322 0.0222831387 0.0467695184 0.149123192 0.101060353 0.415637046 0.0822977722 -0.610765517 0.0490964875 0.0186717771 0.0758555457 -0.0439860821 -0.394270927 0.0354202725 -0.0360066071 -0.391577542 -0.0909411609 0.153523192 0.385723323 0.177817345 -0.351702094 0.0285779946 -0.131315514 -0.286527276 0.00759084523 0.178720564 0.149566114 -0.249636471 -0.508776128 -0.0299723968 -0.142379522 -0.310150534 0.00574149471 -0.139006883 -0.081503123 -0.0985881984 0.0278992262 0.02084364 0.169540823 0.0247238874 -0.501194656 -0.114914954 0.102998704 0.0138866045 0.149766639 -0.254402608 0.0209392738 0.16696693 0.142830044 -0.223697752 0.0868627802 0.14234212 0.0204993002 -0.0299604349 -0.550843835 -0.269630611 -0.0961949006 -0.00504340464 -0.789162397 0.139985502 0.0834517553 0.00752983056
0.155839369 0.178873658 0.176883593 0.185842365 -0.511568785 -0.311973006 -0.110169858 -0.399809718 -0.048177287 0.026064435 -0.489991874 -0.0223766491 -0.0234558545 0.165389493 0.0135922199 -0.0704938471 -0.382564068 0.101850621 0.06062999 -0.0728814378 0.00534554152 0.152718827 0.102279782 -0.0618037023 -0.298282504 0.0878875852 0.0094089862 0.0483707301 0.123665661 0.0492828935 0.147334576 0.029100107 0.0990266427 -0.00814495049 0.159732014 0.0132806636 -0.516198099 -0.154020369 0.0406587869 0.0212996807 -0.201250166 -0.0404254794 -0.136467382 -0.0643013343 -0.0860277489 -0.00392635772 -0.0792284161 0.0411238447 -0.500149608 -0.0647890568 0.239068806 0.00235718954 0.171388745 -0.0506212637 0.0548198223 0.0697330311 0.153695941 -0.0445519276 -0.0111124888 -0.264856875 -0.48647216 0.140084624 -0.810143352 -0.0507567413 0.131659299 -0.223647714 -0.224910289 0.100625962 -0.00452374713 0.131040186 0.0496567488 0.438277185 0.0715811849 0.0930809081 -0.0584380329 -0.00567893637 0.0758104473 -0.238021627 -0.156810045 0.140621945 -0.052928444 -0.487091154 -1.2044785 0.0623489544 0.60344243 -0.306461096 -0.0515727401 -0.00771237165 -0.127410814 -0.152071476 -0.0528478995 0.15794459 0.18074958 -0.014181206 -0.258661121 -0.305280656 -0.789824784 -0.0473306254 0.00418271916 -0.341448724 -0.0415823422 0.0226462744 0.144944891 -0.135325894 0.113828033 0.0297630094 -0.230344325 -0.802232921 0.035962943 0.0412855111 -0.00437118672 -0.391973019 0.160535529 0.142100394 0.0548493825 -0.230970949 0.134570181 0.187244117 0.0222656839 0.0110625196 -0.214105561 0.00899550691 -0.255164891 -0.031167591 0.414399207 0.150616616 0.167611003 -0.0123109212
-0.724308431 0.0649599582 0.186171606 0.0629770979 -0.157897741 -0.357964665 -0.101863332 -0.393429339 -0.0945726782 0.233888686 -0.104415387 -0.0534617901 0.00656614546 0.142721415 -0.0689457655 0.0164033193 -0.408798039 -0.396875739 -0.0683642551 -0.0179715734 -0.261531442 -0.0252475869 -0.0234557632 -0.0260917339 -0.0639524311 0.0753372908 0.0459587984 -0.0633449703 0.0808061361 0.0174676999 -0.526195765 -0.0259707756 -0.637096107 -0.0433256328 0.190404966 -0.0496400706 -0.111049794 -0.366453707 0.207607925 0.0690367445 -0.424213171 -0.16156517 -0.081329003 -0.212730154 -0.0581240393 -0.0296143051 -0.256831735 -0.00796548091 0.246080741 -0.0886508152 0.325790495 -0.381159782 0.183976859 0.0530297458 -0.0603288449 -0.168733031 0.14078483 0.0041383137 0.0492660776 -0.0673963055 -0.118294023 0.199626222 -0.216873929 0.0956192613 0.145440817 0.0604783408 -0.328829676 0.208666861 0.0631888136 -0.265348643 0.142042056 -0.329881907 0.175944954 0.108330473 0.0022273215 -0.0836187974 -0.0423187017 -0.737231255 -0.472588122 0.0245695747 -0.0857260153 -0.170801237 -0.598838151 0.0527814925 -0.591881275 0.117538497 0.105250672 0.131447122 -0.0656499341 -0.0168392919 0.0254025459 0.1275208 0.0493418351 0.00505560962 -0.660800934 -0.363580883 -0.176693618 -0.0382791348 0.0892221704 0.0416632853 -0.411942303 0.184350982 0.0754795372 -0.517778277 0.121801943 0.206965461 -0.00757145835 -0.0221182201 0.0589941032 0.0527501553 -0.380597323 -0.532380939 0.0685641393 0.0980189666 -0.382009417 0.165378049 0.0789966062 0.142137229 0.0579653755 -0.0138461599 -0.106382094 0.121907048 -0.102368884 -0.0689151436 -0.332113743 0.119192965 -0.00270146294 0.0519695356
-0.146994486 0.195716217 -0.353195846 0.0551748462 -0.0994281098 -0.0866668522 -0.291362315 -0.154819146 -0.107487805 0.165297404 -0.085443832 -0.0383043103 -0.012857182 -0.0252263453 0.0674740374 -0.348606467 -0.191816747 -0.399082571 0.00768731954 -0.00604437385 -0.408748358 -0.539415181 0.118837684 0.0227342285 -0.341332018 0.0975896791 0.139499456 0.0267763752 0.0856353641 0.0684632286 -1.01870286 -0.0662889481 -0.651861131 -0.0479915366 0.177345529 -1.17354155 0.0390501544 -0.22946173 -0.683422089 0.0115691582 -0.452161252 -0.508879125 0.0451322868 -0.130101591 -0.0274621695 -0.0763018206 0.0319230184 -0.0278849117 -0.196599677 -0.0112981917 0.0249302965 -0.226255491 0.0962789431 0.0702561364 0.064090997 -0.454890102 0.142856121 -0.0362533294 -0.0778905898 0.0339337029 -0.107424274 -0.0967619717 -0.0543867052 -0.0454259329 0.0196866132 0.0238518789 -0.548980057 0.147917584 0.0121064903 -0.0828332081 0.00140210788 -0.119078167 -0.0610374138 0.115421697 0.058436837 0.0274175759 -0.564665794 -0.375473529 -0.222099185 -0.0332819372 0.0401534177 0.0416944213 -0.120116152 0.173575103 -0.18430458 -0.157169193 0.0131727597 0.0625477806 -0.0221365523 0.104584172 -0.0753175989 0.130515575 0.114595249 -0.0961057693 -0.455813795 -0.0742989108 0.00794485398 -0.187784627 -0.0290502813 0.0243777018 -0.354055911 0.0913412273 0.000763038173 -0.477004439 0.119365677 0.0492619723 -0.0344431326 -0.552209675 -0.0381068848 -0.0776445121 -0.271585166 -0.158668891 0.143606842 0.106896915 -0.0599503927 -0.0795918852 0.143807188 0.100620545 -0.00678303558 0.0695055947 0.0431239381 -0.00752423378 -0.198281541 0.0792593956 -0.185440183 0.184319198 -0.287596762 0.0311799515
0.0701018348 0.130707175 -0.299535096 -0.00595925841 -0.310344726 0.0852228403 -0.46620965 -0.255813301 0.311230958 0.0301004704 -0.0369775966 0.0137763098 0.0788851976 0.0407826565 0.0697530434 -0.512979746 -0.21450901 -0.262779802 -0.0625431687 0.117920451 -0.259686857 -0.316480756 0.0709724352 0.113731571 -0.317825824 0.11824894 0.0529077947 0.0637668893 0.00437696651 -0.0498278327 -0.239087507 0.0451774523 -0.0515059978 0.0369507149 0.16595307 -0.949560106 -0.12933825 -0.322713554 -0.49820447 0.137345523 -0.398869008 -0.408661306 0.0976084843 0.118273094 0.0743182451 -0.0280890558 0.068561919 0.0675771162 -0.0139897401 -0.089782618 0.0217975248 -0.301833689 0.0817089975 -0.0221781097 0.0227352753 -0.135250688 -0.353987455 -0.00622863462 -0.0425262749 0.0349061266 -0.118405357 -0.578253627 0.0403274633 -0.120355785 0.0944411159 0.192455485 -0.0362691768 0.143513247 0.0340848044 -0.261981189 -8.05933087e-05 -0.122819409 -0.320371598 -0.0906919017 0.0256442111 0.0123825632 -0.0418731831 0.0203777011 -0.115682468 0.0339614749 -0.0976856053 0.141917527 -0.0440385267 0.0580541641 -0.217297494 -0.126288012 0.00947130751 0.197971672 0.164353609 0.131494224 -0.0593023635 -0.00613478804 0.114654571 0.0139981965 -0.22588186 0.00605826639 -0.000782082905 -0.0900260359 0.035067115 -0.122141607 -0.044364363 0.0520839952 0.0401553288 -0.0830422789 -0.129966378 -0.290306658 0.0621585362 -0.119390205 -0.0302231461 0.100453816 -0.35687089 -0.0505405664 0.0545665324 0.0807654485 -0.168460742 -0.134635851 0.093080543 -0.024057325 0.0153570147 -0.0516633876 0.0761066601 -0.257384807 -0.099326767 0.0468735285 0.261866897 0.152467847 -0.791799724 0.00914802495
-0.0365735181 0.0378924385 -0.231612936 -0.251983047 -0.0803352073 0.116487712 -0.294416308 -0.102696329 0.213681713 0.042693533 -0.0279050767 -0.0345896743 -0.00702914363 -0.0508507788 -0.0721076429 -0.0224874057 -0.173519939 0.0104983011 -0.00560888555 0.154699698 -0.355040073 0.0568929613 -0.000536584412 0.0706235021 -0.0346107036 0.0748433694 0.0367561951 0.120143175 -0.322294027 0.0123932371 0.0650326982 -0.0500149354 0.297080815 0.0401711278 0.151760593 0.120627016 0.105249591 -0.196286559 0.0603399836 0.186853051 -0.188745722 0.0213955641 0.0945983231 -0.269177347 0.0428599156 0.0768660977 0.0657337382 0.171964154 0.252446413 0.0400496833 0.0032527789 -0.286202997 -0.0393101089 0.0281874239 -0.0783775523 -0.168552339 -0.448628604 0.0412514582 -0.0669512451 0.00409698253 -0.33324784 -0.0405707471 -0.483472615 -0.0873918012 0.00987390615 0.182448968 -0.206959933 0.0665680394 0.0181707889 0.042015221 0.0289137848 0.328414649 -0.305340439 0.0404998958 -0.0299177617 0.034169849 -0.115182646 0.114647411 -0.123074181 0.0798527673 -0.00749244681 0.0427117012 0.063567847 -0.066099748 -0.149932459 0.0343889184 0.174304456 0.0560782403 -0.23829937 0.137844458 -0.0135029377 0.0176273976 -0.0781860948 -0.196860015 -0.265705705 -0.0105812624 0.0875630081 -0.0296310075 0.131494865 -0.120310985 0.0554742739 -0.0778563991 -0.0657150075 -0.473792911 -0.89196223 -0.376388431 0.112356208 -0.0856690556 0.104436062 0.199379206 -0.091900751 0.0784569681 0.0121903485 -0.00404105429 -0.187402174 -0.0931420997 0.0709974244 0.0534943938 -0.07758113 0.0652329996 0.0643726438 0.0475467145 -0.365198225 -0.0602663234 -0.000198994006 -0.0354887247 -0.104275718 0.108852193
-0.0444922596 -0.000539403176 -0.242684439 -0.184822977 0.0713041946 0.104586817 -0.342426836 -0.179599404 -0.338970035 -0.190997079 -0.0312790982 0.00659217685 -0.0365347154 -0.183985054 -0.00504218508 0.0837308466 -0.0301330797 0.119320475 -0.0911547765 0.0441677198 0.07178507 -0.0911435038 0.104831859 -0.00173037464 0.210467771 0.0857023448 0.0350016728 0.103830598 -0.324265927 0.0648872554 0.0838211104 0.0331071578 -0.196139559 -0.0871574804 -0.0319060273 -0.48818481 -0.343280375 0.0136122089 0.00221214374 0.191259071 -0.444339186 0.1315552 -0.455459595 0.0582828894 -0.0778284594 0.00754683185 0.0628690347 0.170402288 0.250495404 0.0377780274 -0.0414415896 0.166133374 -0.921552181 0.0608421899 0.0139570786 0.0201775394 -0.487959832 -0.0414532833 0.0382872187 0.141021892 -0.138869092 -0.0840147138 -0.411921471 -0.0161431916 -0.110802002 0.0758230835 -0.0411359705 -0.00418709125 0.0731504709 -0.0337697342 -0.0282542687 -0.232665539 -0.353093475 -0.373271137 -0.0430234522 0.0344642513 0.0953255966 0.0767125189 0.013462564 0.130580559 -0.0874218345 0.181228325 0.129642799 -0.84842217 0.557209849 -0.127343595 0.161244139 0.172266781 -0.124097213 0.164599568 0.0585126802 -0.594054282 -0.182582468 -0.101810217 -0.00492078671 0.0470957868 0.0370031931 0.0940037519 0.165458664 -0.186131328 0.100349575 -0.0285461526 -0.365793467 -0.276396245 0.0617561825 -0.147862881 0.0527365096 0.164926201 0.0039871945 0.0739479214 0.0685043409 0.128348187 0.13695915 0.16010195 -0.493676871 0.0435710624 0.114668012 -0.19444555 0.0100596249 0.0338065699 0.16844596 0.116951853 -0.257837236 -0.0265025888 -0.203018785 -0.0387912877 -0.0990002006 0.0404687747
0.0270784628 0.0537386797 -0.223565802 -0.0772603601 0.142676771 0.0751436129 -0.296156675 -0.541149437 0.0166932475 -0.5830217 0.117570736 -0.0227002054 0.0218384173 -0.222306624 -0.0343202092 0.00584999798 0.0923658907 0.10557799 0.0359155983 0.0255281366 -0.455845833 0.294183105 0.0678730384 0.0702010319 0.0354383811 -0.0452458337 0.00684013078 0.0743114203 -0.119993635 -0.0160025302 0.124488667 -0.0393588506 -0.0844080746 -0.0626162365 -0.100232303 -0.133295581 -0.511641622 -0.0407623574 0.215142429 0.135449305 -0.364769429 0.16883409 -0.562741935 0.106529377 0.0146852359 -0.0167403705 0.0782085732 0.0660394728 0.388525248 -0.00033850316 -0.375081718 0.178121403 -0.807219923 0.00206004758 -0.0508017242 -0.29217726 -0.157455206 -0.0443681479 0.0196844283 0.152574986 0.134713978 0.173936874 0.0690382197 -0.0297189504 -0.484812796 0.0417497084 0.0303119216 -0.014342783 0.0509371348 -0.117106222 -0.0368470363 -0.0851532891 0.102369085 -0.0481070392 0.0690616667 -0.0765495598 -0.063760981 0.004448344 0.155176133 0.145394519 -0.0260412637 0.167917982 0.197715238 -0.510912657 -0.399498284 -0.307518214 0.16484414 0.137464643 0.105135083 0.158760622 0.0420749485 -0.424105436 -0.48453182 0.087593697 0.0467622839 0.105605938 0.156857938 0.103941843 0.0523314327 -0.418045372 -0.0604125783 0.13549155 -0.219818845 -0.115600899 -0.388372928 -0.384412616 0.165467307 0.0748445615 -0.00821807422 0.0615031049 0.131176338 0.158527702 -0.365011394 -0.662961721 -0.374819487 0.144721687 0.0963065922 -0.228695586 0.0451158434 0.0502127185 0.0407037213 0.0584261864 0.0412645563 -0.0638603121 -0.295636326 -0.0630424842 0.0640807822 0.0883085057
0.144907549 -0.206864402 -0.311296552 -0.432127774 0.0167942047 0.101762161 -0.168258876 -0.00716066454 0.121522181 -0.0597882904 0.0729924589 0.0865466222 -0.0627408624 -0.580540061 -0.00143730268 0.129803941 0.0826820359 0.349302888 -0.00355578307 0.118260033 -0.13743329 0.34805423 0.0347038619 0.0633426383 -0.461869985 -0.0934699327 0.0693891644 0.117561355 0.0101957293 0.00246519619 0.0960463285 0.0613261946 0.221939489 0.0217736121 -0.501869559 0.437131733 0.0614225902 0.0587579012 -0.0567534566 0.0208982583 0.00772315124 0.139648885 -0.173553407 0.0706901178 -0.0133179752 -0.00777477957 0.132085934 0.0969435424 -0.537480593 0.0392639302 -0.0701621622 -0.248875424 -0.186212167 0.0239284672 0.0457712598 -0.247140154 0.120684907 0.00361750578 0.0425886959 0.125990778 0.118916154 -0.212726548 0.0394190475 0.0115976213 -0.32949397 0.0845436826 0.0998454019 -0.228733942 -0.0711368695 -0.193883494 0.0253253579 0.0471200868 -0.311005861 0.0578833036 0.0239104349 -0.0713554174 -0.096019879 0.103250891 0.10685581 -0.0518827513 -0.0539407209 0.0837317407 0.181949466 -0.185946062 0.0554309823 0.0791790634 0.0876358822 0.0101405131 0.101372458 0.112921469 0.0436512306 -0.244285434 -0.461212248 -0.0507305712 0.0547948629 0.107948728 0.081521593 0.0266972817 0.0663694516 -0.0854518041 0.0399051756 0.0872038081 -0.196123019 0.0171012953 -0.0783161148 -0.273532361 0.0541687757 -0.529833853 -0.00295224995 -0.0767915025 0.187751487 0.0873042643 -0.562317312 -0.388098598 0.0170771312 0.00633093109 -0.133790791 0.110125236 -0.0714954436 -0.0203136113 0.0307928156 0.0873548388 0.0906742811 -0.0273039322 0.0445700325 -0.00167427131 -0.0505100302 -0.0229311138
0.116814651 -0.216071859 0.0170201492 0.236524224 0.147385284 0.143463328 0.0558613054 0.120161526 0.0947348624 -0.20255293 0.0177193526 0.0438674912 0.0355742127 -0.263717681 -0.0225359611 0.116022788 0.103137352 -0.430246592 -0.0372600295 0.0158662777 0.0671250001 -0.557994723 -0.132789895 -0.052422341 0.0842429474 -0.318506271 0.0150298793 0.0725581497 0.0673758164 -0.0109824613 0.118716925 0.0463809855 0.302977026 -0.0198455211 -0.0613490343 0.087546736 -0.0119147999 -0.0211329386 -0.631704271 -0.113340892 -0.0143431881 0.0353965722 0.0334479995 0.101366803 0.0147338575 0.0690243244 0.116145164 -0.0913497359 0.0580381602 0.0652066097 0.215938523 -0.31429562 -0.121307969 -4.37903764e-05 0.0470027812 0.0185513403 -0.385378361 -0.0913399532 0.0869791284 0.0362924375 0.0269265827 -0.416696757 0.0900215134 -0.0295019876 -0.385869324 0.0757827684 0.117383979 -0.237698242 0.0781270936 -0.167990625 -0.137373447 0.168658078 -0.120458834 0.0952954367 -0.072567381 0.0105016055 0.0645459667 0.104575664 0.0601061769 -0.0325712897 -0.0285413358 0.131812915 -0.0366961397 -0.167901367 0.0821684375 0.569993675 0.0542591698 0.0233501941 0.157761753 0.0793069154 -0.0522077456 -0.286245495 -0.123097114 0.0953363702 0.0875074863 0.0620342344 0.0445124097 0.0939017087 -0.0704642385 0.00075148663 0.0546892621 0.0400036611 0.0895638913 0.109089606 -0.17784752 -0.311250627 0.0178917833 0.0449331924 0.0347096175 0.109739035 -0.415774345 0.00812125206 -0.16143468 -0.343170792 0.0729105547 0.0659089312 -0.41242075 -0.236938909 0.0933068544 -0.0901564881 0.0460653268 0.00380091299 -0.0245461054 -0.000799283443 0.112855412 -0.355868757 -0.179888323 -0.0836820751
0.0881612301 -0.335453957 -0.0405166373 -0.220768064 0.0550424829 0.113695808 0.0370732881 0.181834549 0.098978065 0.0564761683 0.00146280858 0.0359329879 0.0330405943 -0.205914155 -0.0477577448 0.0924629569 0.0965176597 -0.00389844924 -0.0541290529 -0.0437170528 0.0519246273 -0.115577646 -0.288620442 -0.111632593 0.0491232499 0.0114468336 0.0938640982 -0.106121816 0.112495728 0.0430714823 0.0977636427 0.0376021191 -0.513120115 0.0127037987 0.0596729144 -1.00747108 0.116616942 0.129238546 -0.144119918 -0.741147578 0.0634244978 -0.162334606 0.0309082326 -0.0427679904 0.0510908403 0.0240338668 0.0365512408 -0.112269208 0.121692687 0.053568434 0.1573717 0.111248396 0.162362263 -0.0313559249 0.0188412219 0.0890278816 -0.61350137 0.0331884027 0.0746340975 -0.000601564243 0.0403071754 -0.00380497496 0.111300036 -0.0194744561 0.0379677229 -0.00196573441 0.146056399 -0.0433587208 -0.0240332149 0.0820801854 -0.161088169 0.160292417 -0.0671874359 0.0633830801 -0.0090347873 0.0290944204 -0.0414504781 0.0283573084 0.0668845847 -0.16744329 0.0409422331 0.0806751624 -0.14304018 -0.450800568 0.208466858 -0.776002049 -0.0301234964 -0.049569115 0.150079116 -0.0433858298 -0.0451684706 -0.199648261 -0.244827375 0.102098636 0.11326506 0.0795650184 -0.095367685 0.0714110732 -0.155175403 0.0848428458 0.0777508765 0.0560879894 -0.00963866897 0.154441968 -0.427441597 -0.107994244 -0.0434090681 0.222672194 -0.169979826 -0.127201468 0.0630060434 0.107779801 -0.1894041 -0.0411027297 0.0880779326 0.130123079 -0.178514227 -0.0716450438 -0.0532123558 0.053209912 -0.0307757761 0.00516024185 0.144870803 0.0472225957 0.100936025 -0.139472425 -0.184502035 -0.0404040441
0.0384210721 -0.230953291 0.102433294 -0.0834608749 0.0739159584 0.0100357821 0.0629569739 0.113927945 0.133639723 -0.298757315 0.115307085 0.020140484 -0.0154873384 -0.00258222292 0.0336184539 0.139790922 -0.0067835357 0.0504327603 -0.0134129431 0.0051946654 0.0510405302 -0.0184150133 -0.164075181 -0.0737357438 0.122404329 -0.0955533385 0.0683327243 -0.08820609 -0.0239382628 0.051024612 0.0440565199 -0.0544615537 -0.0539419912 -0.0293485299 -0.0613983087 -0.326981425 0.1356121 0.135099292 -0.0671052188 -0.578420758 0.153528139 -0.606398761 -0.067839615 0.042851381 -0.0335682034 -0.027827356 0.0676455125 -0.0736149549 -0.0284578577 0.0060812044 -0.0439477414 0.134324193 -0.287394822 -0.00914939586 -0.0331550576 0.0606712401 -0.0592162274 -0.0415983684 -0.0848019794 0.0633178279 0.0543616451 0.0968599096 0.0479649343 0.068272844 -0.111982636 -0.0982887819 0.0904493108 -0.0717042834 0.052607771 0.0458908118 0.0829811618 0.00909630395 0.0983328074 0.0895224214 0.0325126164 0.0774307102 0.0472376831 0.0869903564 0.0759239942 -0.0686559379 -0.0313764215 0.0853541419 -0.88303566 -0.429979295 0.121345185 -0.201833442 -0.00304051372 -0.113733977 0.15471068 -0.0714423731 0.0427870527 -0.41447559 -0.11100658 -0.000519542547 0.0197190605 0.089795962 -0.0909025595 0.0106565924 -0.00759112462 0.073626928 0.164132163 -0.214386895 -0.048236046 0.0902357325 -0.656970143 0.0254297499 0.0866176039 0.0821174458 -0.430659682 -0.162157089 -0.0166017152 0.102028847 -0.0551655591 0.0633547679 0.0519884638 0.0298654884 -0.156737924 -0.227813154 -0.035329517 -0.0711594746 0.0827123821 0.134970963 0.112504587 0.0214165766 -0.011842126 0.0457935333 -0.631038964 -0.387067795
0.0357639156 -0.204835817 0.101738408 0.0441271402 0.0567397662 0.00804801285 0.0443180054 0.0201576073 0.113993779 -0.113006957 0.0969450921 0.0349290967 -0.00559484167 -0.0785121769 -0.0421408899 -0.0370487161 0.0886975974 -0.024236735 -0.00962313917 -0.0165903848 0.124712318 -0.016121503 0.00326451217 -0.0395436995 0.105763815 0.06453491 0.012412223 -0.308181703 -0.0274509564 -0.0508117341 -0.0539862178 0.0194428228 0.100808956 -0.0549489483 -0.378157049 -0.0539763756 0.142695889 0.0747874454 0.0457649007 0.109115675 0.131616905 0.115563929 -0.0182730854 -0.00957547966 0.056288328 -0.01896571 -0.00179891312 -0.243380934 0.138642862 -0.0759906545 0.243245274 0.0371774323 -0.608630121 -0.0230044909 0.0221234504 0.0477785096 0.0586104877 0.0718725175 0.0117662326 0.043804545 0.0856581852 0.0909852535 -0.0088130869 -0.0467358604 -0.158614486 -0.332837105 0.031780526 0.180185005 -0.027591994 -0.0157613512 -0.154634595 0.0806458071 -0.0071569453 0.137047037 0.0641370863 -0.0374059416 0.00692088902 0.0550934486 0.0329535231 -0.208359063 -0.0973887146 -0.0634340495 -0.323701948 -0.17835398 0.122933 0.0231663417 -0.0303114243 -0.1073355 0.0978101194 -0.1108777 -0.082390219 -0.251669586 -0.216220096 0.11825712 -0.00160785241 0.0694327205 -0.71761179 0.0950584486 -0.15297015 0.148652509 0.0392824858 -0.251415759 -0.0110635413 0.0259877332 -0.148603827 0.0695694983 -0.0891412571 0.127043813 -0.0750684664 -0.0825397298 0.0635807663 -0.00496935332 -0.362139523 -0.110019125 0.0536777675 0.0728556961 0.0557132885 -0.214905471 0.0292107668 0.0433147252 -0.115101345 0.115588948 0.103070334 -0.0820147768 0.0928638726 -0.032541845 -0.0971838385 -0.0289138127
-0.0647951141 -0.214415044 0.106298968 -0.0023850936 0.0124886474 -0.0542282276 0.102084719 0.0671418086 0.0413153805 -0.0534430444 -0.120726541 0.061144717 0.0221817009 -0.069450967 -0.0372006148 -0.067303963 0.106866449 0.0792384446 0.0538234189 -0.242686093 0.138252124 0.118764021 0.17893365 -0.104192302 0.1151703 -0.0817794353 -0.205026194 -0.243847743 0.0874251425 0.0584018007 -0.72131598 0.0674606711 0.075882636 0.00758128148 -0.281260967 0.0171111897 0.138441429 -0.0457903296 0.0969883725 0.136751115 0.0880770162 0.212639585 -0.0602173731 -0.00701656891 -0.0237000454 -0.0170712825 -0.0354448929 -0.23352997 0.0483361259 -0.0931641087 0.103013791 0.0974888206 -0.0201071464 -0.0489491038 -0.035629943 0.12094558 0.0956994221 0.0570816733 -0.0790621638 -0.0283644255 0.0693387762 0.088010475 0.0184842218 -0.0914278775 -0.0765265822 -0.315174758 0.0875855833 -0.18244493 0.0575745702 0.0660529435 0.0107338559 0.0242195427 0.0824413002 0.0679926053 0.0024907731 0.0313094966 -0.043095313 0.0293887015 0.0423689261 -0.0913551003 0.0282653328 -0.0854177326 -0.163682267 -0.0484316051 0.146632478 0.151894256 -0.222198993 -0.268057972 -0.0926867947 -0.0891534686 0.0383241996 0.0159321725 -0.0710050315 0.00989577081 -0.0363743454 -0.0497301184 0.297288746 0.0259265266 -0.0692764744 0.0662751421 -0.0496872999 -0.37819013 -0.0498434231 0.0768899247 0.0774581954 0.0501958393 -0.0712384135 0.0511980467 -0.0218524821 0.012252545 0.0817225054 -0.0217867326 -0.0512634553 -0.235444665 0.0470116027 -0.0635113716 -0.445110708 -0.0551054478 -0.0858881176 -0.0438745916 -0.22874181 -0.00934790075 -0.00210121088 0.00559070846 0.107680686 -0.00497848727 0.063558206 0.115745835
-0.144716084 -0.122654319 0.0667623058 0.0978859663 0.0419337526 -0.175660625 0.0820279419 0.133129746 -0.631942093 -0.0425095409 0.0997820422 -0.0792047083 -0.0333411694 0.0172864478 -0.0517870039 -0.513278961 0.0688594282 0.111776032 0.0860427693 -0.100663893 0.120924957 0.122858189 -0.44352144 -0.0955093876 0.139455646 -0.149263665 -0.405419528 -0.260862738 0.0841893852 0.0533543192 -0.257493764 -0.0142052313 0.135175064 0.0478321537 -0.117052823 0.132622465 0.0441709533 -0.0113033364 0.104948476 -0.270784855 0.0308892913 -0.0913550183 0.0457645543 0.053434737 -0.0269867219 -0.00508873397 -0.0947939754 -0.191477835 0.0552358627 0.00906602666 -0.41913563 0.116163775 0.112620667 0.00751049723 -0.026630884 0.131428897 0.153950125 0.0486065187 0.0243510753 -0.186799496 0.0650169775 0.158500388 0.110514276 -0.0265304502 0.0115315095 0.463900626 -0.0376201235 -0.0804886892 0.0313228257 0.0578963421 -0.065826878 -0.08640524 0.0664763153 0.107567757 0.0512034968 -0.043146681 0.106869012 -0.172496811 0.0565142967 -0.0909061134 -0.0289863963 -0.271210372 0.688352466 0.0799026415 -0.0622143783 0.145171613 -0.273688376 -0.371875703 -0.605538547 -0.0452903137 -0.0043399483 0.0192841366 0.0762955919 -0.055224251 0.026079895 -0.173177436 0.43277356 -0.0464078747 -0.114293657 0.0355766565 -0.0498256125 0.153398946 -0.0167653244 0.0179785341 0.148638129 0.118791759 -0.324590236 0.06269449 -0.198693812 -0.1365695 0.085154593 -0.109283097 -0.0170080755 0.016876502 0.11814931 0.0304051861 -0.211987853 -0.0347580276 -0.0134248147 -0.0290676616 0.100618869 -0.339357078 -0.00431182561 0.0629119202 0.0924671367 -0.000854007376 0.0852636695 -0.238425061
0.0264353584 -0.0768395811 -0.0272959638 0.0800316855 -0.0591670237 -0.0713317543 -0.0400670394 0.0496270657 0.00019547905 -0.0896304399 -0.0387189947 0.0324697383 0.015136187 0.0184394959 -0.0842336044 -0.0902263299 0.0381812491 -0.0561845601 -0.0842084736 -0.0729770735
test 112
0.00200000009 -0.0209999997 0 0 1 0.25 1 0 -0.454959989 0 0.00400000019 1 0 0 0 0 0 0 0 0 0 0 0 0 0 0 0 0 0.00200000009 -0.0209999997 0 0 1 0.25 1 0 -0.454959989 0 0.00400000019 1 0 0 0 0 0 0 0 0 0 0 0 0 0 0 0 0 0.00200000009 -0.0209999997 0 0 1 0.25 1 0 -0.454959989 0 0.00400000019 1 0 0 0 0 0 0 0 0 0 0 0 0 0 0 0 0 0.00200000009 -0.0209999997 0 0 1 0.25 1 0 -0.454959989 0 0.00400000019 1 0 0 0 0 0 0 0 0 0 0 0 0 0 0 0 0
-2.42350841 -2.73023438 -5.90190601 -1.62760699 -40.1776161 -47.541523 -45.5599709 -91.7674789 -96.5835419 -51.9673042 -25.7841015 -19.0889874 -18.049881 0.124215089 18.9082203 22.1392155 23.9067516 21.9318295 7.3657198 -18.0857029
