history 4 5
buttons 5 Left Right Jump Down MouseLeft
actions 15
aims 16
layers 3
128 187
0.0852348208 -0.00128807221 -0.18926166 0.0570647977 -0.010692521 0.00318800099 0.0174392648 0.506337404 -0.450205743 -0.0683462396 0.0949657634 0.0146859717 -0.0701890588 0.0993804634 0.159604475 0.29122436 0.0350020453 -0.214013413 0.0833855569 -0.0964485556 0.118520796 -0.060087733 -0.257406533 0.0547219664 -0.011786893 0.00773788989 0.0662149787 -0.0678379759 0.0467977151 -0.0675328225 -0.030893134 0.16843386 -0.0282168593 -0.016484281 -0.032201536 0.367940485 -0.478064597 0.0449838974 0.102794312 0.0670504794 0.0181964245 0.0947004631 0.177450299 0.116244845 -0.0767039806 -0.1753553 0.00388070312 -0.0551856756 -0.130058497 -0.0209558569 -0.317937791 0.0726982057 0.0290228948 0.00987897068 0.049030818 -0.0430574901 0.100138418 -0.110966817 -0.052589573 0.000895445002 0.0522547103 0.0573351346 -0.0244289413 0.462192446 -0.391401291 0.0452901013 0.0288017206 0.0510896705 0.0585458428 0.200814411 0.125113025 0.0760527849 0.00712087099 0.0174477529 0.0286638085 0.0452121496 -0.0604995079 -0.214693099 -0.423417896 -0.0457487926 -0.0681512356 0.0649729967 0.0556030124 -0.0729464665 0.103582166 -0.070840396 -0.0475055501 0.0156649742 0.0446016267 -0.0391970575 0.0456960909 0.463742703 -0.376320511 0.18154709 -0.260055393 -0.0111327283 0.0557070225 0.115076944 0.0731005967 -0.202814534 0.0859602541 0.108396828 -0.202553481 -0.291907847 -0.281947821 0.14015609 -0.247867033 -0.0564071871 -0.00402928144 0.0109796897 -0.0299478211 0.0433920622 -0.232526332 0.293979913 0.0712210312 -0.226395294 0.0276152771 0.0176821202 0.0781080052 0.0312551223 -0.0490303859 0.0460455269 0.00201409985 0.0450204499 -0.0712940097 -0.0852124691 0.0199559219 0.0552556664 -0.0494845919 -0.0453610159 -0.0113736829 0.0510674492 0.050379131 -0.0173725821 0.0688351169 0.00515594333 0.0353953205 0.0195492972 0.0229600389 0.0627664104 0.0790550634 0.0782159269 0.0355490297 0.0293447133 -0.0458257087 -0.0145067563 0.0782656744 -0.031385757 0.00550376065 -0.0378899612 -0.0297635328 -0.0362671539 -0.0170086846 0.0906056687 0.0565785095 -0.024749415 0.0679823905 -0.0492535345 0.00429167971 -0.00598925399 0.049195163 0.00535994256 -0.0270997491 -0.0253789686 0.0246405527 0.0350315422 -0.013851135 0.0324438289 -0.0395919047 0.0278936848 0.10246136 -0.00994744711 0.053171359 0.0395582356 -0.0352721028 0.0885025635 0.0124675669 -0.0462644473 0.0783451647 -0.0262271352 0.0657506064 0.0058147395 0.0457725264 0.0701136664 0.0847020596 0.0809732899 0.00320441974
-0.0662305877 -0.0969604328 -0.00340596098 0.0730120316 0.103836007 0.0492950007 0.0592239834 0.296353668 0.506990612 -0.0733865649 -0.183150336 -0.0214680675 0.101400383 -0.210900754 0.0805129707 -0.193341777 -0.190678179 -0.0369382687 -0.0416684262 0.0132904649 -0.132233843 0.127903044 0.219427466 -0.00054436177 -0.014455907 0.00917501003 -0.0166982152 -0.00051382184 -0.0402103551 -0.0924394354 -0.0717957541 0.0265332013 -0.00550299697 0.04860989 0.12830317 0.372137368 0.550228477 -0.0833468437 -0.118156619 -0.0310316831 0.0737630278 -0.0783918276 -0.026041232 -0.0353316218 -0.00193443848 -0.0404162556 0.035009481 0.173265636 -0.182324708 0.0846232846 0.336386889 -0.0309931636 0.0215083808 0.0241460353 0.0548621118 -0.0235408172 -0.0502347127 0.0031343603 -0.0322619118 -0.0107928589 -0.00907753222 0.0677934885 0.0435296483 0.308141559 0.560326695 0.0877876505 -0.115283377 -0.0232326072 0.0573241077 -0.0398824885 0.0607271083 0.0990642682 -0.0528196692 -0.121376432 0.0852727145 0.191753075 -0.0190874897 0.0658260882 0.274296552 -0.0204352736 0.0216039792 0.060113132 0.0198827237 -0.0345998146 -0.0826201588 -0.100067846 0.0358656421 -0.0879234225 -0.0159209538 0.140237421 0.0084728729 0.332152694 0.570342541 0.110695802 0.0508104824 -0.0405766964 0.126373693 0.256005883 -0.00840937532 0.399461448 0.191474244 0.00681567844 0.0515530668 0.193677813 -0.0141018312 0.0796053931 0.351729989 -0.0164464749 -0.0450778082 0.0505707636 -0.054437682 0.0299577042 0.0525482595 -0.272429466 -0.0857503861 -0.168716043 0.0737189651 0.01523297 -0.103277616 -0.0616418868 0.0187360719 0.0854985714 -0.0274068154 -0.0476847216 -0.0703549162 0.0160018541 0.0297539588 0.0131683303 0.089565888 -0.0971750841 0.0129043283 0.0865447447 -0.0186594948 0.0416156724 -0.0521029085 -0.0434646867 0.0622138493 0.0290022641 0.0476554148 -0.0161505509 7.77661917e-05 0.091114983 -0.0490340069 -0.117253125 -0.108835131 0.0504796281 0.10218671 -0.0545312278 -0.0493575744 0.0220929421 0.0631057769 0.120407067 0.0424188077 -0.0986919552 -0.0501487181 0.0532774515 0.0979753509 -0.0492588505 -0.00123289111 0.0292626433 0.0155982757 0.0114599727 0.00947805308 -0.0644349977 0.0659075305 -0.0160748828 0.0865628347 0.00206096587 0.0345095024 -0.0102208378 0.0231472254 0.00839114562 0.00835323241 -0.041399695 -0.0612362362 -0.0420576632 0.118205048 0.0294612553 0.0768282041 0.0644193888 -0.0480941199 0.0121508185 -0.00740902871 -0.052973289 0.042083431 -0.0263424404 0.0282388944
-0.12238612 -0.0798465461 0.0678207874 0.0757148266 0.0800019652 0.0428386852 0.0902986825 -0.482664227 -0.331387937 0.0611248948 0.22126089 0.120336235 0.0567920431 0.105417594 -0.0921850875 0.119660035 0.00271689077 -0.198319316 0.0644547567 -0.0771569312 0.0796713978 -0.0765966997 -0.180512786 -0.00832280517 -0.0423177108 0.0565204471 0.0467640609 0.0054358393 -0.0879555494 0.030558113 0.0874705017 -0.100982174 0.0974610746 0.0647314191 -0.00137950166 -0.424291462 -0.413628966 -0.0345995463 0.212144911 0.0512749441 -0.0263443403 -0.0363009162 -0.0147608351 0.00536349649 -0.057382226 -0.0155634657 0.0389139205 -0.108837731 0.0409575701 -0.0332711935 -0.31813392 -0.0668338016 -0.0130855665 -0.0543441065 -0.0312023386 0.0263472646 -0.108105943 -0.00750183873 0.0297422167 0.0296486039 -0.0189122036 -0.0467655882 0.0412430391 -0.520761013 -0.344600111 -0.16765134 0.0633443817 -0.0223016459 0.021675529 -0.00606370112 -0.130853161 -0.0152529394 -0.115887165 0.0231693704 -0.0190358292 -0.108494528 0.0632548779 -0.047907196 -0.21763508 0.0369447693 -0.048269026 0.0610308051 0.00393018126 0.0346781388 -0.120707616 -0.056716118 -0.0669783726 -0.0652486235 0.0477733724 -0.086621061 0.04858502 -0.416335225 -0.377234012 -0.234129369 -0.112464927 0.0277428087 0.085290581 -0.0867776871 0.0455956161 -0.3676669 -0.199275404 -0.0656214505 -0.0567667931 -0.115806177 -0.0207601674 -0.0397488475 -0.381398916 -0.0362207182 -0.0602341034 0.0381607711 -0.0074513033 0.0562788099 -0.183204159 0.397853076 -0.192584962 0.551242292 -0.000877039507 -0.0142339952 0.114655785 -0.0921892151 0.236106887 0.00960277114 -0.0222510118 -0.0342620909 0.0539023355 0.118668079 -0.0479609482 0.124763206 -0.00722860033 0.0660281107 0.0308291279 -0.0186044388 0.104646519 -0.00143281941 0.0121804737 -0.0347210169 -0.000239307177 0.0792870447 -0.00144399377 0.00882500689 -0.0336808749 0.0466833115 -0.0435606539 0.0649856105 0.0742106587 -0.0342836529 0.0445393063 -0.039918337 0.107163861 -0.0250711367 -0.0351873413 -0.0157622974 0.062438637 0.0598202273 0.0267485771 -0.0170477144 0.0921936855 0.0784573704 -0.00737962034 -0.0336977132 -0.0019703838 0.0175584089 0.0332679339 -0.0189751759 0.00386164617 0.0533718355 -0.0210815184 0.0685978755 -0.0307531673 0.00389044406 0.0622117966 0.0762952268 -0.0116140023 -0.0152508076 0.02690362 0.0998472571 -0.0532320552 -0.0331972763 0.0478915274 0.0057097543 0.0422553904 0.00889309496 -0.0119789885 -0.0166175012 0.105055392 -0.0119185951 -0.0575425066
-0.0518145524 0.0239926782 -0.0139370821 -0.116291106 0.0792128816 -0.036650423 -0.000217049615 0.514145195 -0.45640251 0.0561736487 0.0795239806 -0.0225283634 0.0190302152 0.146999016 0.153395131 0.0356395654 -0.0564538129 -0.103098102 0.180405647 -0.0802555755 0.0528324507 -0.211708069 -0.235789701 -0.00553717464 -0.0369283222 0.0147813484 0.027770713 0.0581594855 0.0503743291 0.0321568847 -0.0414685048 0.0688841939 0.0803091526 0.0519568063 0.0447905138 0.387298852 -0.416918278 0.134468004 0.0958845317 -0.0591330193 0.053104002 0.00305762538 0.0946161523 -0.0726731941 -0.0455346741 -0.00592615968 -0.0882044584 -0.121421553 -0.0328259915 -0.074560076 -0.504158258 0.0609638542 -0.0322580114 0.025939323 0.0636048764 0.0368792713 0.00112404604 0.0980685577 0.0276921839 0.0735485554 0.0812837556 0.06158733 -0.0584350228 0.428287119 -0.530018389 0.221158519 0.0210173186 -0.0612031408 0.076116614 0.0467214584 0.0734073743 -0.115648977 -0.0106058316 0.0498843715 -0.0577868111 -0.0553964898 -0.0244825557 -0.288474858 -0.526043892 -0.0432996154 0.0104913041 0.0233415887 0.00517769158 -0.0474120304 0.0652809143 -0.0140816234 0.0189894661 0.0378849655 -0.00843438413 0.0682844445 -0.0169645455 0.4947263 -0.528426766 0.19535929 -0.177142978 0.0196385458 0.157188103 -0.147062674 0.0309076943 -0.385397881 0.0217445735 0.103278056 -0.191991791 -0.223915935 0.0649089217 0.0617134273 -0.217923775 -0.0225200318 0.058864668 -0.0707381964 -0.0105393678 -0.0128445365 0.186975867 0.00586757995 0.458848715 0.0787094459 0.0177658703 0.0995192677 -0.0124944858 0.212515146 -0.0152274808 0.0159889925 0.00292512076 0.0361814536 0.11122667 0.0016953235 -0.0341894701 0.0312680937 0.0340707563 0.0540840998 -0.0312324427 0.0755677149 0.0770222694 0.0253435429 -0.0620908961 0.0364449881 -0.0237681866 0.0327765085 0.0187581033 -0.0388019048 -0.00274023274 -0.0331321023 0.0535042919 -0.0332157388 -0.0130519979 -0.0211101435 0.0947897881 0.00339675369 0.048079256 -0.0248988457 -0.0640884191 -0.031690713 -0.0160025861 0.0893939063 -0.0361119881 -0.0057406514 0.0513339601 0.0788891315 0.0741296038 0.0446630418 -0.0666120574 0.0186594389 -0.0376406275 0.000330963841 0.00848354679 0.0445964411 -0.0287932474 0.032485351 0.00902172457 -0.0165789332 0.0467740297 0.0126553876 -0.00255671958 -0.00167850719 0.04367112 -0.01200628 -0.0253302269 0.00525169959 0.00655685738 -0.07312534 0.00819208473 0.0851694793 -0.0261184555 0.107311033 0.0636742935 0.053228166 -0.0122554237
0.0021259475 -0.171140239 0.032461796 -0.311461031 0.0707596019 0.243484348 0.0279080551 -0.14144212 -0.491420507 0.114877358 0.754062712 -0.0588847063 0.103507534 -0.166327983 -0.658372045 0.460080385 0.761580706 -0.38879469 0.185455233 -0.30246678 -0.549139261 0.422771513 0.438512683 -0.0640656799 0.0400882214 0.0380662084 0.0453539193 -0.0466220602 0.0810331032 -0.177268341 -0.0252379049 -0.409776092 -0.0493230633 0.285033941 0.0287279431 -0.154996008 -0.548007786 0.11008133 0.67489934 -0.0773302913 0.102530748 -0.283823192 -0.361790448 0.0828685611 0.480317771 -0.152737826 0.101491407 -0.299350619 -0.569596112 0.260642558 0.174610078 -0.0129336901 0.0325315669 -0.0312572755 0.0582973063 -0.0513119325 0.0168759171 -0.0482844897 -0.0930767357 -0.482683241 0.0312182866 0.244753167 -0.0132006481 -0.202800542 -0.540520728 0.108194046 0.660804391 0.0276149455 0.0722265542 -0.307568967 -0.201030508 -0.215953231 0.287845731 -0.158326358 0.274091423 -0.364232481 -0.577787042 0.363704175 0.280977845 -0.0276251584 0.0171400681 0.00275546312 0.0463546142 -0.014801342 0.0296147857 -0.122350439 -0.229644582 -0.410515785 0.031251736 0.18607755 -0.00363950967 -0.173234388 -0.61993432 0.176285744 0.428447127 0.0263364222 0.14714849 -0.641250491 -0.113462821 -0.607763231 0.0983612314 -0.184968233 0.442454755 -0.433701187 -0.517664611 0.416557521 0.469376236 -0.0636436716 0.00117240846 -0.0336305648 0.0482664332 -0.0680843219 0.106141508 -0.0193727594 -0.11961621 -0.0510525405 0.101193435 -0.0293054562 -0.0337660089 -0.166076019 -0.0249909908 0.0466817394 -0.00254301005 -0.0213071238 -0.215649754 0.015944263 0.0299249087 -0.0103042312 0.0593431182 -0.104007408 -0.034963619 0.0286425352 -0.0296197701 -0.0555658005 -0.229384676 0.0382585488 0.0765473843 0.0591680408 0.0432173386 -0.228470087 0.00519301603 0.102570385 -0.0136434548 0.0758340508 -0.123087302 0.0406649858 0.00523950625 0.0549984686 -0.0631884113 -0.132363841 0.00817428716 0.0577880554 0.0756719112 0.0750370622 -0.033075884 0.0166323259 0.0862271637 -0.0304955319 -0.0496062115 -0.065029487 -0.0631512851 -0.00574047398 0.00289135776 0.0308826305 -0.0662828684 -0.0173994657 0.0957446471 -0.0091835754 -0.0617218576 -0.133176878 0.0278132018 0.0383262672 -0.0157853812 -0.0680128112 -0.206940174 0.0201266594 0.0720223561 -0.0940125659 0.0286390726 -0.265008003 0.0475419983 0.0451283678 0.0619691797 -0.101861499 -0.329878509 0.0834058225 0.0841631517
-0.00358880009 0.491360158 0.111678734 0.0247398727 -0.0726316497 0.0901060551 -0.0525251701 -0.087790437 -1.14327526 -0.116756678 -0.550885558 -0.142304882 -0.258492827 0.184111461 0.475241125 -0.535930455 -0.368508697 0.13954711 -0.250234812 0.135148078 -0.125709847 0.377825797 0.447667956 0.0243295059 0.00328525901 -0.0522620492 0.0157362372 0.0665855706 -0.123047493 0.359188646 -0.125829309 0.0188468825 -0.0480877459 0.0747288465 0.0467830673 -0.0269935466 -1.11829758 -0.0170777068 -0.653352559 -0.117498346 -0.190160722 0.32912451 0.228745162 0.0264835432 0.162841842 -0.0389784276 0.085361287 0.394684255 -0.120720893 -0.132181421 0.465195119 -0.0550303683 -0.00620491803 -0.0245653205 0.0427695438 0.00630488992 0.0134619586 0.438646734 -0.206015319 -0.0204802826 0.000407806336 0.127721041 -0.0281437971 -0.0551515073 -1.11755157 -0.09306667 -0.922239959 -0.0796768144 -0.26403597 0.504415751 0.161127225 0.562517285 0.104923852 -0.000674012059 -0.0670087263 0.44475317 0.0550824143 -0.180128232 0.315290958 -0.00516067445 0.0408994257 0.0632529855 -0.00533430278 -0.0423128977 -0.0144267622 0.466185212 -0.214647397 -0.182991505 0.0287274048 0.235883638 -0.0736927465 -0.104333811 -1.0354259 -0.121601768 -0.996628881 -0.023419952 -0.195582613 1.00928688 -0.0660964772 0.88436842 0.325497746 0.367634863 0.030528808 0.505873561 0.30776605 -0.446440816 0.279527724 -0.0188507959 -0.0418927893 0.0351342112 0.0109017417 0.0506373942 0.0276240651 -0.356037855 -0.481140763 -0.465142876 0.0929754004 -0.0127170188 -0.0886807516 -0.367420167 -0.121329434 0.163854182 -0.0286827534 -0.0344512761 -0.284667313 -0.0361405872 0.148576915 -0.0449926928 0.00157420069 -0.270817161 -0.0599482656 0.0618719235 -0.129255146 -0.0139871864 -0.186242059 -0.0249308459 0.0517816879 -0.00506221922 -0.102765024 -0.151313111 -0.0679642707 -0.0204748586 -0.0301591847 0.000577585772 -0.273235679 -0.0184889659 -0.0118416734 0.0116253486 -0.0387917608 -0.314643562 0.0023556971 0.0680649728 -0.00993897486 -0.0209142473 -0.324814558 -0.0743317828 0.0800924301 -0.012792143 0.0477106348 -0.325331986 -0.105908468 0.0307038352 -0.0373618826 -0.0168973338 -0.373117059 -0.0399667732 0.00827344134 0.111250438 0.0568119772 -0.451698929 0.0396758839 -0.0405962542 0.0241518226 0.0467505604 -0.363565624 -0.0435470827 -0.0598251149 0.0783210695 0.0773530826 -0.459629565 -0.103607669 0.0148055069 0.066982016 0.0203738287 -0.460447133 -0.156588435 -0.0655215979
-0.130567178 0.00417785393 -9.89286928e-05 0.0729486719 0.021212481 0.0127833243 0.100376345 0.162092894 0.442128092 0.133598328 -0.0397271328 0.12144582 -0.0130128833 -0.0409598015 0.0943543017 0.24552235 -0.0935740247 0.210495576 -0.0831710026 0.0668863058 -0.128633395 0.00606087362 0.145142511 -0.0700694397 0.0173279196 -0.0566141233 0.0363487601 -0.0625267476 -0.03920082 -0.0712266937 -0.121155508 0.0373358391 0.125861764 -0.0836839899 0.0390161537 0.278726429 0.488431275 0.109848902 -0.097165674 0.0304088015 -0.0451115184 0.148923337 0.0648866966 0.193857834 -0.0834966823 0.224578723 -0.222352237 -0.125762984 -0.132995039 0.209264517 0.200265497 -0.0520917028 -0.0225611515 0.00127214938 0.0199061036 0.0021944046 -0.0994203687 -0.0467873663 0.0500301234 -0.0386000499 0.12480247 -0.0981848687 0.0249903295 0.145655796 0.490935296 0.166365325 0.0285842549 -0.0110800434 -0.0300695375 0.210979834 0.0896230787 0.376931161 -0.0878716409 0.0788655728 -0.104618631 -0.123545915 -0.0801305622 0.172780275 0.305397362 0.0657725334 0.0679977685 -0.0665505454 -0.0483722314 -0.0302356854 -0.127245232 0.0715871602 -0.00689783413 -0.146680802 0.0312825479 -0.0444324762 0.10147021 0.133176252 0.436591297 0.0623156354 0.148719877 0.0869892985 -0.0911442786 0.262245744 -0.0472060703 0.650210977 0.111549564 0.0646719038 -0.11761342 0.0863218978 -0.164043456 0.15316394 0.308575928 -0.044305943 0.0597130358 0.0718244612 -0.0288288556 -0.020482529 0.227265537 -0.563227594 0.0109329419 -0.376367569 0.145509988 -0.0487694591 -0.166000664 -0.00999818556 -0.165649191 0.0179915857 -0.0399203226 -0.0440648943 -0.0867691562 -0.189726368 0.134903073 -0.0296162833 0.138036147 0.0382447951 -0.108158596 -0.00103093334 0.0128697166 0.108876333 0.0391961373 -0.194298312 0.101720028 0.0660083443 -0.0809839517 -0.00334998779 -0.0822697654 -0.00240384927 0.062158335 -0.0458514392 0.0187084842 -0.0873718262 0.104285054 0.0912219137 -0.124399722 0.0580241829 -0.234918967 0.00257004495 -0.0220704582 -0.13352257 0.0468501188 -0.131834656 0.0887338296 0.0307239145 -0.108671822 -0.0251455586 -0.178032786 0.0594714545 -0.0134812137 -0.0494206175 -0.0378152207 -0.0990656614 0.0187379103 -0.0940526053 0.0992350578 0.0420503467 -0.187803715 0.0216765143 -0.0796302184 0.00282268645 0.00599764287 -0.185826406 0.0919123664 -0.0880388096 0.0342618637 -0.00815639272 -0.0984967276 0.0916770473 0.025962567 0.0291520935 -0.040967647 -0.14557521 -0.0340303183
0.0664831474 0.0196588561 -0.0675633103 -0.0235749222 -0.0372270457 0.0115605881 0.0605749488 -0.466495991 -0.520175278 0.0827525482 0.212984338 0.00371509674 -0.0323896259 -0.0436087437 -0.310542047 -0.350535601 0.350699544 0.0466243103 0.0162079148 -0.294152886 -0.213924408 -0.0329258442 -0.119910456 0.0547243059 0.0298609585 -0.0368796363 -0.024959296 0.0328076184 0.0375714041 -0.0349700265 -0.0456691496 0.0440691002 0.0341191739 0.0130634336 0.0780813843 -0.422489822 -0.487882048 0.0902397409 0.0743623897 0.0145400995 0.0340179019 -0.0956297219 -0.141217485 -0.371010393 0.22620748 0.148485363 -0.026381176 -0.280970544 -0.160374016 0.151521757 -0.23571752 0.0403132662 0.0694942325 -0.0457768515 0.0388105735 0.0244657844 0.109550826 -0.0249777045 -0.0913038999 0.0988849103 0.0769634396 -0.0447266325 0.060965687 -0.474080741 -0.479180783 -0.00166063558 0.0339759998 0.0157618746 -0.00150405127 -0.0591327772 -0.168841884 -0.499439329 -0.040288493 0.170484453 -0.145987377 -0.134945169 -0.137290865 0.0705816895 -0.198745623 -0.0451828465 0.0523254275 -0.00503581017 0.0688719302 0.0417016819 0.131172612 -0.0122371847 0.00187060318 0.231429562 -0.00885789376 0.0315515697 0.00763872778 -0.390430659 -0.506950378 -0.142915204 -0.146759033 0.0282417238 -0.000354690361 -0.139399827 -0.110734992 -0.83895278 -0.214803249 0.11233855 -0.086063318 -0.274604887 -0.0835960209 0.225744918 -0.121480808 0.0431226268 -0.0730642304 -0.0428960174 0.0130695328 0.000407829881 0.0106217982 -0.0541716293 0.0550896972 -0.142105103 0.0408946685 0.0804721713 0.0373313725 0.0196601599 -0.0968103632 -0.0268167611 0.0259912387 0.0844971836 0.00111170008 -0.0966290757 -0.00850593951 -0.00543412939 -0.00423824554 -0.0470123664 0.00256704981 -0.00600670185 -0.00174698338 0.0561955422 -0.0558361076 -0.0799980462 0.049610883 -0.00625367509 0.0513529815 -0.00854298752 -0.146622702 0.0790565014 0.0810851902 0.092736654 -0.047655724 -0.0538622737 -0.042347528 -0.000149860847 0.0255734287 -0.0705518126 -0.0448683873 -0.00937746465 0.013689884 0.00950239878 -0.124491051 -0.0717059597 -0.040149387 0.0471292809 0.0771045536 -0.00229337392 -0.0563369505 0.0234978031 0.0135241272 0.113076009 -0.0058996561 -0.0652072281 -0.0452405959 -0.0513344184 0.0178649034 -0.0138909603 0.014145893 0.0842358172 0.0639088005 0.063377887 -0.107535891 0.117077589 0.0693489388 0.0488058627 0.0291541666 -0.00556915719 0.081041947 0.0563347414 0.0343337096 0.106023721 -0.123651773 0.0712230727 0.0492584705
-0.0308227353 -0.0685998276 0.0433053076 -0.00854898989 0.095406957 -0.037711408 0.0571844727 -0.471969485 0.5693959 -0.0583594516 0.0091391243 0.0725381225 -0.0401685648 0.0295847878 0.0624544695 -0.14880465 -0.198751822 0.169738278 -0.211651132 0.0318455212 -0.10740719 0.0630374774 0.166124165 -0.0359213352 0.0507549569 0.0411837846 -0.0180168785 -0.0288929977 0.0296800248 0.061926458 -0.119321786 -0.000511061284 0.0285820458 -0.0470838174 0.0944365934 -0.452658147 0.659053266 -0.0997971669 0.0370953344 -0.0133750113 -0.0597682185 0.0866526961 0.03952609 -0.0322746299 -0.0136111742 0.0790390074 0.029425906 0.174683511 0.101890266 0.0342050381 0.332325876 -0.0547609553 -0.0401188023 0.0272190943 -0.0316457339 0.0175879076 0.0609168373 0.0252882428 -0.0647923499 -0.0257163569 -0.00744659035 -0.0789246485 -0.0229625292 -0.505460262 0.610269189 -0.128082454 0.0123711964 -0.0448273905 0.00820160098 0.0798881352 -0.0421375781 0.00248712185 -0.105872929 0.106371798 -0.0284282062 -0.000798401481 0.203643218 0.0565904826 0.362443805 -0.0205322094 0.0312589034 -0.0479692481 0.00733213127 0.0298653618 -0.0166546758 0.0202158522 -0.0497745275 -0.048578959 0.0641085729 0.00988037698 -0.028459575 -0.408306092 0.635190189 -0.217719495 0.313573539 0.0513177142 -0.0680563971 0.223501772 0.0776803792 0.343288511 -0.152588725 0.0449745245 0.12092182 0.193376124 0.170943365 -0.0580103174 0.207385004 -0.0124237984 0.00373598933 -0.00773413479 0.0169776306 0.00259890407 0.197506577 -0.0550905317 0.159843236 -0.0878978893 0.004467797 0.118143156 -0.0890037343 0.0999822617 0.0308137089 0.0241382159 -0.0250179172 -0.00837273244 0.0659757704 -0.0109697664 -0.0197719503 0.0494606681 0.0617657639 0.0761946216 0.112559222 0.0599827245 0.0138897737 0.0508154109 0.00163677975 0.0498818941 0.0838885084 0.0288240388 -0.0333754867 -0.0413421392 0.0872427747 0.0922223628 0.12370351 0.0163071249 0.06677486 -0.028178677 -0.0202654079 0.0146927126 0.0732320696 0.0242077969 -0.00251785992 0.0576244406 0.034781035 -0.0311102979 0.0550421141 0.0396438539 -0.0184084605 0.0104558086 0.0676856041 0.0834939182 0.0171380807 -0.00168708269 0.0641448349 0.0321502909 -0.0375080109 -0.0270359199 0.0519089662 0.0941995233 -0.00219643628 0.0642450452 -0.0306792185 0.106496878 0.0924069285 0.0334290378 0.0609807707 0.0143808741 -0.00640373724 0.0354706943 0.0413548984 0.00883744098 0.047749117 0.0090505043 -0.0257394668 -0.0207454823 -0.0500173792 0.0714488775 0.00506972196
-0.153669268 -0.116119243 -0.0517060012 -0.0646375269 0.100962155 0.00611510687 0.0980333835 0.449974388 0.454683453 0.0566537976 -0.259061188 0.108493209 0.133088738 -0.137763634 0.0779548287 -0.354987651 0.00793293398 0.363917321 -0.243931904 -0.0585735776 -0.282999426 0.275627941 0.286401391 0.0298957154 -0.053209357 -0.0155180134 0.032485418 0.0550901294 -0.0845937505 -0.129435971 -0.0404509082 -0.0833642185 0.0767672881 0.0337868258 0.0910858214 0.452256531 0.392270654 0.0691676214 -0.165436104 0.0306525957 0.0596968532 -0.150437027 0.0206838492 -0.0999267474 -0.00205690879 0.188753009 -0.140788019 -0.017371377 -0.0833255798 0.218898863 0.459806293 0.0395855457 -0.00605017692 0.0190932751 -0.0305565596 0.0620720685 -0.0676443502 -0.14919287 0.0667718425 -0.202705324 0.0572681166 -0.0611384585 0.044253245 0.401546031 0.413712025 -0.0351082906 -0.109682485 0.0347748436 0.107446827 -0.0873746127 0.0149244899 -0.0510904416 0.022637045 -0.0153917735 -0.000988816959 -0.0165533014 -0.0406176858 0.0891732499 0.326670915 -0.0412667505 -0.0228233822 0.057567507 -0.0359008051 -0.00439718366 -0.0306891017 -0.0578822233 -0.0840462223 -0.332974941 0.0327042192 -0.050290823 0.095385775 0.375197738 0.501824975 0.0530203842 0.133234367 0.0740450546 0.0960810259 -0.0297391191 0.00980481319 0.325890124 0.129595414 -0.0222413931 -0.107906863 0.0956744775 -0.191766202 0.0119796405 0.345887601 0.00496805459 0.0582951903 0.0581896007 0.0383737534 0.0292651057 -0.0860548466 0.103661224 -0.212410331 -0.151860058 0.0728161559 -0.0081155356 0.0346576497 -0.170929387 -0.0740136504 0.0138869341 0.0250958055 -0.0237239338 -0.101584136 -0.109251723 0.119035915 -0.0395408049 0.033568792 -0.0145521564 0.0127728917 0.0745540857 0.0419849753 0.0580022782 -0.0310750585 0.0184521638 -0.00490928581 -0.0368077308 0.0195705704 -0.035512913 -0.014672216 -0.0234525036 -0.0397938304 0.040216811 0.0258663129 -0.0478530414 0.0799755976 -0.0819278508 -0.056698028 -0.0747622624 0.00223065377 0.0641170889 -0.0787071809 0.060262695 0.0267631728 0.0181818642 0.102539197 -0.0441892594 -0.027294917 -0.0518149026 0.00446201582 -0.00833453238 -0.0612079911 0.0336582698 -0.0105918488 0.0646136403 0.0133921606 0.0104534188 -0.021033708 0.00547252502 -0.0310714133 0.0986020938 0.0251295306 0.0631942078 0.0125967134 -0.00699384464 0.108637974 -0.0632909089 0.0697822496 0.0451121703 0.0783544853 0.0127890445 -0.051461447 0.0106846448 -0.00815876387 0.0184788667 0.0776956156
0.268624932 -0.0817003772 -0.0718509704 0.164772823 0.0559249409 -0.0891696364 0.0435664803 -0.410820484 -0.47568357 -0.199824601 -0.0338302292 -0.0338007994 0.0416849218 -0.141852409 -0.0526387133 -0.174176514 -0.0957984477 -0.29978019 0.00936908554 -0.306222707 -0.183844909 0.338415354 0.22105369 -0.00552473962 -0.0716279 -0.0241594166 -0.0278695971 -0.0155538507 0.233008653 -0.0368977822 0.0896707848 0.154747799 0.00612874283 0.0195223447 0.0458000153 -0.383013219 -0.443336725 -0.14686808 -0.252614915 0.0828380361 0.0806920677 -0.181170329 -0.0631927624 -0.264318585 -0.0185781177 -0.056567017 -0.02305598 -0.146615654 -0.236836508 0.155451879 -0.088378951 -0.0411500856 -0.005722709 0.0571892411 0.00628761202 0.0508096367 0.20230031 -0.0563732199 0.0594342463 0.10161522 -0.0311371274 -0.0371568352 0.0425723568 -0.301643014 -0.375644386 -0.161062136 -0.240013346 0.0640495345 0.0367630981 -0.170910686 -0.279063523 -0.333631188 0.0211485252 -0.048095677 -0.0976125672 -0.12811166 -0.252580792 0.110701762 -0.064004235 -0.0466520153 -0.000230379403 0.012075834 0.063839972 -0.0226636678 0.161718443 -0.130660444 0.168178037 0.0441889241 0.0137403142 0.101354733 0.103782579 -0.319164902 -0.461210907 -0.177079722 -0.5305776 0.00111986825 0.0617304854 -0.275202334 -0.302444994 -0.686421454 -0.00081936788 -0.0399747528 -0.0215008091 -0.363496512 -0.132488385 0.150102124 -0.0802688822 0.0633370727 -0.00969396532 -0.0368049182 -0.0561883524 -0.0429638475 -0.166479722 0.0728757605 0.148079485 -0.00159778958 0.0677188486 -0.127375454 -0.00581588643 0.135495171 -0.138346776 -0.00741499802 0.036118228 -0.0456756651 0.00765189808 -0.0554591492 0.0355444551 0.0105305901 -0.0583474375 0.0956221893 -0.0661495253 0.0433345921 0.0259250384 -0.0032983101 0.0891987234 -0.118004344 0.0212261155 0.00864004809 -0.0735522136 0.101066269 -0.0863258764 0.061883688 -0.122736156 -0.00672460673 0.0682285652 -0.0206431057 0.0216098521 -0.0444017649 -0.0707621276 -0.039661888 -0.0708813518 -0.0177034903 -0.0620978065 -0.0533872135 0.0311663859 -0.026233701 0.0859901458 -0.0817753226 -0.0533818491 0.0566467009 -0.0123493802 0.0935692862 -0.0398532636 -0.0450393595 -0.000473512191 0.0296135582 0.0499133505 -0.0367202163 -0.00110095739 0.0123306485 -0.0204242989 0.018467091 0.0418816432 0.0293077566 0.0509781241 0.00558731053 0.0662963688 -0.0253454316 -0.0586827919 -0.00255487766 -0.0719251037 0.0485076159 -0.00530683668 -0.0386039577 0.0128638707 -0.035856694 0.0782723501
0.129243463 -0.166842759 -0.0807444528 0.0417866632 0.086101383 0.0374089181 0.0737153888 0.0436734073 0.745895624 -0.0446547344 -0.0301047359 -0.013659752 -0.0449036807 -0.150271684 0.0591655634 -0.383820474 -0.0386517346 0.29238531 -0.214226812 0.169860244 -0.0976226702 -0.0281362943 -0.00189565995 -0.0284870714 -0.0489525869 -0.0609808117 0.0583565831 -0.00923477113 0.0661108643 -0.139669284 -0.0196149386 -0.0498480126 0.0277705081 -0.0870001018 -0.00606439449 0.0843750313 0.604941845 0.0124895144 0.0576075502 0.0602046847 -0.00257258117 -0.114470512 0.078352578 -0.277791589 -0.0436623655 0.0490642861 -0.0972021967 0.169961005 0.165630564 0.0022806467 0.225274235 0.0543664098 0.0459436253 0.0131342486 -0.0200011358 0.00308303535 0.135858342 -0.0947486684 -0.0238649119 -0.0124801686 0.0161311831 0.0077613024 0.0528517552 0.0114624789 0.687505603 -0.0168651287 0.120578937 0.0111427335 0.00853342749 -0.00456782989 0.0428101681 -0.00312395254 -0.114109725 -0.127750203 0.0407467261 -0.00586220156 0.144430682 0.00829457957 0.313277215 0.0591856986 -0.0625566319 0.061276406 0.0341212675 -0.0482582487 0.142266437 -0.16302079 -0.022724973 -0.115844496 0.0509390384 -0.010777289 0.0339661054 -0.0556034036 0.642094493 0.111185685 0.451930404 0.0660560057 -0.0384901762 0.0880262256 -0.118653603 0.306786448 -0.0595816858 -0.128011674 0.0165147372 0.316308588 0.11666736 -0.136752844 0.180830076 -0.0606788136 -0.0193609782 0.0202527493 -0.00484310091 -0.00767979771 0.172454566 -0.0825657398 -0.337903857 0.508602381 0.0707772896 0.053830523 0.0536567792 -0.0930448547 0.12696676 0.0241643954 0.0252009835 0.0519481823 -0.0824868679 0.0936202407 -0.00487429183 -0.00323968055 0.0802448392 -0.0518837981 0.0277355723 0.0787984133 -0.00811561104 -2.39626825e-05 -0.0369351692 -0.0133682499 0.0248497557 0.0336482786 0.0551415756 -0.0498755947 -0.0670637712 0.0444310158 0.0130682653 0.0649856776 -0.0749444216 0.0429573618 0.0841384456 0.00645199092 0.0858973786 -0.088683106 -0.0116915302 0.00965230912 -0.00187177665 0.0411605202 -0.0491480455 0.0689122528 -0.00158295431 0.11924684 0.0883246884 0.049078282 -0.0119327828 0.0135485251 -0.00176419399 0.0953003541 -0.0403798223 0.0194056202 0.0477662049 0.0523165129 -0.0210822709 0.0626271591 -0.039748393 0.131613836 0.00310828374 0.00473509589 0.0104646273 0.063975215 0.0464748442 -0.0491724052 0.0837868825 0.0933758169 0.107234739 0.132218987 0.0520840734 0.0234896131 -0.0345889106 0.0178014282 0.0109279035
-0.0111427493 0.0611843653 -0.0157078169 -0.00883131288 -0.0207193736 -0.0619311556 -0.0214661714 0.0635942444 0.0631048083 0.0546906851 0.00479442952 -0.0165613238 0.0257933456 -0.0243240632 -0.0296363607 0.0625668466 0.00417493284 -0.0493759997 0.0616173893 0.0121374577 0.0391272828 -0.0635117516 0.0135703459 0.0447283089 -0.0105497018 -0.0415658578 0.0585062057 0.034013018 0.0282202642 0.0355633423 0.00706897117 0.0250702295 -0.0356734879 -0.0430459678 0.00843687449 0.0126979705 0.0319169573 -0.0108830407 -8.34499297e-05 -0.0235429015 0.0050980472 -0.0561148226 -0.068158932 0.0273639187 -0.0400374345 -0.00615166873 0.0202729627 0.0102567822 0.0471423566 0.00958577543 0.0181044936 -0.00654568523 0.0107942969 0.0268139839 0.0498884618 -0.0692889392 -0.0230286978 -0.0475588627 -0.0231540799 0.0302886646 -0.0889754742 -0.0655233338 0.0228557903 -0.0499583483 0.0557174049 0.0183883682 0.0258616731 0.0401134193 -0.0819217488 0.0535507202 0.0237149969 -0.0490032658 0.0177927315 -0.0203805268 -0.0293525644 -0.00791992992 -0.0344769321 0.0639451444 0.0629407763 -0.00780104101 -0.0648475289 -0.00447358936 0.00483154505 0.0488797873 0.00979128201 0.0389967151 0.0272451844 -0.0522323847 -0.0650471374 -0.0653589368 -0.0200608652 0.0161164887 -0.00468308013 0.0669154674 -0.00635125022 -0.0656485185 -0.00199639052 -0.020593442 -0.0100249648 0.0708566308 -0.00209820271 0.0638796985 0.00976581872 -0.0272049271 0.053613916 -0.041655384 0.0024195537 0.0164371058 0.0328220055 -0.0674715415 0.00358730555 -0.018934086 0.0414118022 0.0104188668 0.0293091759 0.0439684689 -0.0358584113 -0.0106866909 0.044482246 -0.0589397624 -0.0505469888 -0.0141369943 -0.0229655467 -0.00999627449 0.0645976812 -0.00847717375 -0.0818373486 -0.0272398293 0.0529732853 -0.0160652772 -0.0320646763 0.0134298904 0.00186047587 -0.0644747913 0.0608993918 0.0411797613 0.0440745316 0.0248080138 -0.0246551335 -0.0238721855 0.0354390815 -0.033662606 0.00714446092 -0.0708594322 -0.0361484252 0.0271629319 -0.0230916943 -0.0546425544 -0.0637865141 0.0464767441 -0.0147028789 -0.0913364664 0.0510654412 0.0355856642 -0.0437402576 -0.0533705503 0.0511771999 -0.0191812795 -0.04398036 0.0420808271 -0.0152323358 -0.0144771878 -0.0440958738 -0.0619383901 -0.0485654622 -0.00802958757 -0.0724268332 0.0660734102 0.000791467726 -0.0279954337 0.0289013609 -0.0843188688 -0.0374040082 0.0274666697 -0.0621334836 0.0364468321 -0.0133399023 -0.0609740205 -0.0725738332 0.0231119096 0.0345649272 -0.0341052078 -0.0646631569 -0.0421466231 0.00777221471 0.00266044587 -0.000767734018
-0.169075295 -0.0857426003 0.167025477 0.171882898 0.09740486 0.0371132568 0.0102880094 -0.213202909 -0.754772782 -0.206145167 -0.291874439 0.0419363566 -0.0387967378 -0.159981057 0.34132877 -0.692314327 -0.26589036 0.0579756461 0.178808436 0.0201003924 0.270784765 -0.194004208 -0.374450028 0.0579284132 -0.0376617461 -0.0545591228 -0.0114089921 0.0695838034 -0.174389243 -0.0815411583 0.0863252357 0.0964098498 0.000785376003 0.103270873 0.0522445589 -0.161319241 -0.710876048 -0.285221279 -0.375550002 0.0884381458 -0.0417536609 -0.141833171 0.170491308 -0.785669804 -0.210862726 0.375122756 0.0437972993 -0.160170138 0.0972491056 -0.119930699 -0.441166788 -0.0228086747 -0.0058106333 -0.0637211055 -0.067072399 0.0314357057 -0.201496437 -0.140512854 -5.46552474e-05 0.0249613002 0.0579780564 0.101191126 0.105888784 -0.216559812 -0.706400037 -0.24110274 -0.435133785 -0.000718989293 0.0550965667 -0.11517743 0.18224673 -0.959449708 -0.119520918 0.307117701 0.00461960351 -0.190102428 0.000210097031 0.0192611776 -0.187155023 -0.00837494433 0.0233449489 0.0570444018 0.0198555291 -0.0607070476 -0.220028684 -0.0880004019 -0.0639833659 0.0509615764 -0.000979997683 0.0524486117 0.0611293055 -0.198204234 -0.713860512 -0.300611824 -0.839523494 0.103771426 -0.0113399616 -0.364599407 0.213036031 -1.16547215 -0.34216401 0.246385813 0.140880898 -0.253997028 -0.0542040356 0.011474452 -0.219510213 -0.00234758109 -0.0493482426 -0.0615475923 -0.0649318174 -0.0511706509 -0.0339845903 -0.024463648 -0.105132975 -0.0141374823 0.0359907746 -0.0699551031 0.0690045357 -0.0211400185 0.048880402 -0.0561005622 -0.0403348505 0.131911084 0.028700646 -0.0262822844 -0.0149553427 -0.0585666895 0.0534640811 -0.0535178334 -0.0162729956 0.0442401879 -0.0808755979 0.0689022318 0.0291127544 -0.0248234123 0.000935330347 -0.00895932596 0.00834531151 0.039765913 0.00947603304 0.0338817611 0.0102261407 0.0619400032 0.00738277892 -0.055229485 0.022543123 0.0172630958 0.0188305508 -0.0701052323 0.0391628444 -0.0245936308 0.0108756302 0.0317607932 0.0536968857 0.0632464811 0.0369264148 -0.0228656754 0.0973982811 0.0496964715 0.00553978374 -0.069664672 -0.0239357576 -0.0136945229 0.0649296492 0.073745437 0.0297777914 0.0284285899 0.0729118362 0.10003978 -0.0200121179 -0.039969407 -0.0702174231 0.0509973913 0.0429735705 0.0163277332 -0.0686640814 -0.028861165 -0.00369869685 -0.00328803202 -0.0075000762 -0.0909666568 -0.0238702577 -0.00912567414 0.017352242 -0.0505279265 -0.0917342976
0.0732050836 0.00331439241 0.00513964472 0.135931686 0.11966531 0.0620044805 0.072065033 -0.26001063 0.598017454 0.0254821181 -0.137129933 0.0302450731 0.0757576525 -0.230740413 -0.0426799953 -0.311546981 -0.0936815292 0.334195435 -0.238539591 0.0675494522 -0.181073546 0.149390355 0.242118075 -0.00829856098 0.000757470727 -0.0120479017 0.0217021927 0.0602214634 0.0231923796 -0.0287274793 0.0579608865 0.0423897244 0.114636876 0.0108257569 0.150308907 -0.258325189 0.566034913 0.0366059989 -0.107133165 -0.00514279399 0.127572566 -0.0270830113 -0.0346628577 -0.187454477 0.0118386736 0.141239926 -0.0426081903 0.115132779 -0.00596109871 0.0705271736 0.394216806 0.023461774 0.018306613 -0.0039454475 0.0230838209 0.0196946785 -0.0455783084 -0.0377119705 0.0639583245 0.0333669968 0.0729157627 0.0164000876 0.0179709941 -0.229284629 0.509718955 0.0665868819 -0.119386733 0.0277984329 0.00693139667 -0.0333112888 0.052147124 -0.137229174 0.0513858646 0.0240722969 -0.0436493047 0.0414234139 0.0490262769 0.170695797 0.485109299 -0.046283409 0.0312018171 0.0415242538 0.0363216549 -2.68220901e-05 0.0329806805 -0.113234177 -0.0237576663 -0.0119975172 0.0714056939 0.0431756526 0.134960622 -0.144606113 0.510055363 -0.0932155475 0.124915414 0.0444361381 -0.00514386548 -0.00359093631 -0.0569739863 0.124150112 0.034980651 -0.0783849806 -0.00374774286 0.286887556 0.0729528368 0.0303874817 0.263157815 -0.00940369815 -0.0214103535 -0.0522733405 -0.05875393 0.0506348982 -0.095364213 -0.204619169 -0.103762165 -0.103894949 0.0433003381 -0.102379672 -0.097397767 -0.123931728 0.0242530704 0.134143248 -0.0133992787 -0.048155047 -0.028580213 -0.0922489762 0.101339169 -0.0244912449 0.0259120855 -0.0234574974 0.00285724015 0.109666377 -0.00517473742 0.0285194349 -0.00527074514 -0.00809409376 0.0109565062 0.0379791558 -0.007953519 0.0431172028 -0.0432542488 0.062066786 -0.0197032969 -0.0685187876 0.0326006562 -0.0601373389 0.0688863844 -0.0690778792 0.0357832611 0.0759217292 0.0175563116 0.0554200374 -0.104175858 0.0098502636 -0.0386919416 0.0147379916 0.0252978466 0.000514543499 0.0554428138 0.037179932 -0.020285558 0.0908903703 -0.092739068 0.0473968536 -0.0222830288 0.0328178033 0.0442928597 -0.0293411631 -0.0259589739 0.0502962582 -0.0462170728 0.043641746 0.0389592759 0.0259691477 -0.0479056612 -0.0723026842 0.0213157162 0.0709492192 -0.0327295475 0.06090042 0.0550281554 0.0274522118 -0.0270806924 -0.0447634868 0.0246415641 -0.0142368926 0.0620537661
0.0111435922 0.100877099 -0.0461118855 0.165908173 0.0473121777 0.0610540994 0.0445437059 0.232032374 -0.390289605 -0.00761488732 0.169100285 -0.0506113768 -0.0111063849 0.0733783618 0.0950004235 -0.0960787311 0.205827281 -0.0394048803 0.354089946 0.0219541099 0.203237623 -0.245424032 -0.300865769 -0.00619249046 -0.0365755111 -0.0175566934 -0.00210781395 0.0328020304 0.0478127152 0.114152573 -0.028161902 0.155241385 0.0500158183 0.0938516483 0.0203131959 0.28529346 -0.501634836 0.00217012991 0.150506482 -0.00442545256 0.0105388649 -0.107242055 0.195563123 -0.23667033 0.0113579892 0.0350599699 0.169850171 -0.235479966 0.0939436629 0.0259147175 -0.288208634 0.0290092677 -0.0477798283 0.0315756723 0.055219695 0.00470789522 0.0172360912 0.0237464476 0.073316358 0.182419151 -0.00197555334 0.129565775 -0.039231427 0.231750086 -0.480303466 0.0558692962 0.065081507 -0.0486504138 0.0504155047 -0.146046072 0.132716328 -0.399071664 -0.0555253439 0.116379164 0.140694633 -0.26703161 0.0135603612 0.114060313 -0.198204309 0.0198173523 0.0731004775 -0.0253321566 0.0498394966 0.0629909486 -0.0824217051 0.0541454665 0.0412892401 0.288633853 0.0701800734 0.0488547161 0.0855807066 0.257086247 -0.469382256 0.212169766 -0.135477945 0.0845409408 0.0600983128 -0.269543827 0.24221532 -0.671825707 -0.0707293376 0.0467592403 0.0386649407 -0.362442791 -0.226473138 0.280195415 -0.0757304505 0.0446824059 -0.0674681067 0.031316109 0.0481587052 -0.0670208186 0.22040759 -0.255382329 -0.155189514 -0.41896829 0.0500086807 0.0834453702 -0.0457028225 -0.0859712139 -0.19069086 0.0313040577 0.0641020983 0.0803735927 -0.0529654287 -0.0447056442 -0.00393031258 0.0279673859 0.036561247 -0.0700290948 -0.0341817662 0.111989215 0.0215593055 0.0872940421 -0.0115471426 0.0142047191 0.0770323873 0.010677156 0.0187221002 -0.0281024482 0.0333735794 0.103549875 0.0401015542 -0.0448323488 0.0146412086 0.0139387231 0.0332887545 0.0504791774 -0.0968659595 0.0668501109 0.0171981361 0.0355393291 -0.0196589418 -0.00673830882 -0.0455260798 0.00958332233 -0.00667895563 0.0017405859 -0.0801073611 0.0394320153 -0.000882531516 0.0827210024 -0.0327703767 0.0530808419 0.0157834832 0.0222999062 0.0649523586 -0.109445795 0.0246770848 -0.0310788658 -0.0363913141 0.0706527978 -0.0484854542 0.0184858218 0.0277320556 0.073513642 0.0542456843 -0.0499543585 -0.0697438568 -0.0823297948 0.0446523055 0.0108990008 -0.0802570134 0.0233126823 0.0583629422 0.110790282 -0.00240802602
-0.0238494445 -0.155402839 0.0184004512 -0.157843411 0.0898566842 -0.00464936718 0.0117770564 0.326380283 0.455452442 -0.0505340919 -0.14269799 0.0545220301 0.125498354 -0.144431919 -0.0749682933 -0.166745782 0.291112274 0.288197011 -0.124068581 -0.017963225 -0.239343956 0.265084445 0.237555191 0.0612660348 0.0730415881 -0.0199655145 0.0288868621 0.072922796 -0.00961818732 -0.0722597912 0.00717614265 -0.173234925 0.0567823239 -0.0768526942 0.103224702 0.354204714 0.479230136 -0.0665877312 0.0202224664 0.00220291666 0.117589712 -0.0500790402 -0.0887329057 0.0246730782 0.185515776 0.029419262 0.000784460281 0.0341617875 -0.096257247 0.0805599242 0.438227564 -0.0253268331 -0.0263186321 -0.0183796883 0.0512469709 0.0218962952 -0.067669332 -0.146021694 0.012371283 -0.103533603 0.0349888131 -0.00420841947 0.102288403 0.409756988 0.479717821 0.0355702378 0.00863299333 0.0130011048 0.124337316 -0.0724492297 -0.01363145 0.14081651 0.197809637 -0.0278623924 0.0845374614 0.0309899189 0.00537453406 0.15193674 0.425538003 0.0402539149 0.0682709515 0.0555036068 -0.0639870912 -0.0286678709 0.0105478158 -0.130470976 -0.0313674659 -0.194913715 0.049244415 0.00176156871 0.0637651458 0.435553372 0.437360585 0.103025086 0.29539457 -0.0248899739 -0.00516397599 0.126993775 -0.121255226 0.577738881 0.434810907 -0.0813779086 0.0960750654 0.296969116 0.107747085 -0.0789822489 0.208615929 0.0563630164 -0.0659780353 -0.0196861811 0.0115320534 0.00697612017 0.0137698697 -0.0792463794 -0.0881039202 -0.022360662 0.0681141093 0.00241360953 -0.03032225 -0.0406942256 -0.0479709618 0.0511760339 -0.0162611138 -0.00874363724 0.00230484107 -0.0161794908 0.108999766 -0.0504985452 0.110980704 -0.0370162539 -0.0109275477 -0.0162085071 0.0202117544 -0.0120983301 0.0299458969 -0.00403319113 0.109269395 -0.036702808 -0.0336823948 0.00760688586 0.000427233055 -0.0363048948 -0.0343039893 0.0861435458 0.0134214461 -0.0228865296 0.0165384617 -0.0232158992 -0.019337235 0.0672758445 0.0282291714 0.0659766495 -0.081937708 -0.0584489554 -0.0576766841 0.0383088924 -0.034322761 -0.113795288 0.0131943831 0.00374855171 -0.129025608 -0.0341055654 -0.0430389978 0.00288327131 0.0318775885 -0.0359586067 -0.0277348142 -0.112328812 0.095241785 -0.0359779298 -0.110642925 0.0609666146 -0.05434829 0.0804326385 -0.00207618647 -0.0842375532 -0.0184747986 -0.00122918421 -0.00365411839 -0.0299477912 -0.0364113972 -7.29321619e-06 0.0130515192 -0.0151336137 -0.0147970002 -0.0478141606 0.0717963129
-0.10653045 -0.0269714016 0.108120568 -0.0417601578 0.0993691906 0.169277906 0.141178519 -0.243697599 0.522966743 0.0520342253 -0.0558954105 0.084889777 0.0135031724 -0.148340493 -0.0725132376 -0.287121356 0.210289702 0.133979738 -0.146268815 -0.0645547062 -0.280800313 0.263046235 0.332926512 -0.018080961 -0.0649325028 -0.0514296442 -0.00694435835 -0.0111243427 -0.106730856 -0.0088297734 0.123147517 -0.0167662371 0.141294405 0.0534681603 0.0557050407 -0.261936396 0.522808909 0.034463346 0.000816766638 0.10407389 0.113269821 -0.159127519 -0.0181479082 -0.0894825384 0.210511476 -0.0834022835 -0.00909978524 0.0647479817 -0.0154926963 0.205152214 0.520983994 0.0265044868 -0.00249414891 0.049863264 -0.0266172923 0.0297750309 -0.0806032643 -0.0221923515 0.125222474 -0.00150400784 0.0618599579 0.0823268145 0.038545765 -0.188384891 0.554538846 -0.0338032134 -0.047484722 0.00620774925 0.122997992 -0.0730650425 -0.0347454399 0.0712695196 0.212460652 -0.140138626 0.0146898748 0.0703016892 0.0329909399 0.167642966 0.392109334 -0.0471020192 -0.00394013524 0.0333755091 -0.0245036595 -0.0472078398 -0.103545807 0.0473108143 0.0854122639 -0.114128806 0.0339881778 0.0434875414 0.0897209868 -0.241732299 0.501269221 -0.109027237 0.156692058 -0.00949149672 0.00553679327 0.00864077173 -0.0146595892 0.355593979 0.221824095 -0.196817338 0.180996522 0.174638823 0.134052709 -0.0339308344 0.261259437 0.0237805173 -0.0425596982 0.0375087336 -0.0404574499 0.0575851202 -0.251061201 0.162381932 -0.317948371 0.303026199 0.140356377 -0.178219765 0.0555977225 -0.192967519 0.120519884 0.0738842264 -0.0400536619 -0.008688692 -0.0987180173 0.0157315508 0.139134854 -0.0166965462 0.00972986314 0.0263519641 0.0295360442 0.057436347 0.0806314573 0.0268845838 0.0277215634 -0.0195112452 0.00424060319 -0.0418004803 0.0447103605 -0.002719966 -0.0734462589 0.118767984 -0.114220396 0.0678822398 0.0290231984 0.0283980202 0.0445406921 -0.0123966672 0.0171829108 -0.0866575763 -0.0289674234 0.0908770114 0.00109053706 0.0223421697 -0.102630831 -0.0698574111 0.0385336503 0.0159815103 -0.0308481622 -0.0137707451 -0.0254317001 0.114264056 0.00619405694 -0.0214432701 -0.0923582613 -0.0298995618 0.0596112981 0.0419831388 0.0225198809 -0.098791495 0.0225473009 0.044481039 0.0705026612 -0.0545134954 -0.00468644872 0.0336966105 0.0927133486 0.00998631772 -0.00261759595 -0.0561313294 0.00644240854 0.0117114093 -0.0276934039 -0.0901662484 -0.114548631 -0.0987562835 0.0683827177
-0.100831389 0.0185434036 0.148963451 0.154279947 0.10275986 0.0163196828 0.0306376033 -0.501054168 0.285717458 0.151316196 -0.113980256 0.122466639 0.0407074057 -0.12516892 -0.149671331 -0.109019563 -0.0864970908 0.144460753 -0.103692509 0.227701783 0.142040312 -0.0750126541 0.123257704 0.0598488748 -0.0391792729 -0.0161666945 -0.065837577 0.0167866051 -0.0390641727 0.0348238908 0.162319064 0.167366341 0.0548574217 0.121027485 0.0682857707 -0.514380813 0.230390623 0.0122843757 -0.134882241 0.0876797065 0.0486969166 -0.0359576233 -0.187968001 -0.117324814 0.00248203613 0.123798966 0.0807445794 0.244942248 0.277022839 -0.076708734 0.224336281 -0.0452797785 -0.0686916038 0.0233906358 -0.0277436562 -0.0369030498 -0.076692462 -0.0112564676 0.0764150545 0.114861228 0.0346035101 0.107558556 0.0779912993 -0.426745355 0.267565221 0.0745547637 -0.119849265 0.106731877 0.0546757281 0.0398167893 -0.187988758 -0.227008894 -0.0690375566 0.088782154 0.141837806 0.135690376 0.280108243 0.0439361036 0.329403698 0.0393701941 0.018050395 -0.015240442 -0.0465143919 0.0625433773 -0.143826842 -0.0363994017 0.0817764848 0.137054354 0.0884427205 0.0949475914 0.0152670834 -0.456006557 0.280793667 -0.139641106 -0.068419978 0.0595942773 0.032603126 -0.0727183595 -0.238630325 -0.128121138 -0.107314624 0.0235891156 0.0878295451 0.0967013389 0.272181302 0.0644465685 0.216140389 -0.0373869054 -0.0162377767 -0.0309936069 0.00235087425 -0.0527869016 -0.37627238 0.0882650912 0.154539391 -0.203411281 0.069687739 -0.228688106 0.0289415177 -0.0429033041 -0.111452878 -0.0206099264 -0.149256438 0.000421668199 0.00953299925 -0.0517270938 0.0387638994 -0.078799352 -0.0223623719 -0.0181657728 -0.180554181 0.0783957392 -0.141674638 -0.0139581515 0.0617760681 -0.0886877552 0.0214276724 -0.239831582 -0.0456491858 0.062809065 -0.0758087635 0.0846615285 -0.281471878 0.00633073878 -0.0484203994 -0.0701327771 0.0218037385 -0.365017146 -0.00170616817 0.0314767621 -0.0820908695 0.0499975495 -0.269573301 0.0114407428 0.105752863 -0.00341324229 -0.0208793618 -0.307636678 -0.0139467027 0.0485118739 0.0236268565 0.0957609341 -0.18495971 -0.0658022463 -0.00205302099 0.0132838013 0.0163839962 -0.106910281 -0.0197919142 -0.0548573993 0.0311132725 0.0626705438 -0.227380857 -0.0687714443 -0.0400574729 0.147239298 0.0157395601 -0.188935846 -0.0486520305 0.0422562361 0.063111268 0.050838884 -0.215650946 0.0188227333 0.0318327174 0.0739707276 0.0445511006
0.0552742779 -0.085296154 0.0210298803 0.00843682792 -0.00550055644 -0.0694438219 -0.0273403954 -0.153986052 0.438099563 0.0719495565 0.00882901251 0.0204915386 0.0872791186 -0.0351079404 -0.0839072317 -0.297610372 0.0142753925 0.370596677 -0.175285548 0.127956733 0.0273288265 -0.00729768211 0.0527082793 0.0722060204 -0.0631714016 0.0622262508 0.0196915418 -0.066651918 0.121954769 -0.046993982 -0.0214707162 0.00571612222 -0.0166169144 -0.100824848 -0.0266052093 -0.130805254 0.485812247 0.100770243 -0.0037782758 0.0134301623 0.0407409333 -0.0259175897 -0.116311364 -0.136199743 0.162111118 0.130987108 -0.115413979 0.0187123176 0.0727350414 -0.0877075568 0.261735082 0.0526990443 0.0173505247 0.0594162643 0.0352117941 -0.0688875094 0.0525366589 -0.043502558 -0.0155091984 0.036895033 0.0206933599 -0.15897657 0.0443722866 -0.215013653 0.568847179 0.141700849 0.113380104 -0.0264458563 0.0688255206 -0.115526438 -0.214517161 0.113173828 0.16217801 -0.0501222983 -0.0159114543 -0.044464305 0.154025078 0.0524553545 0.228882819 0.0537816882 0.00350627303 -0.0133200064 -0.0398867354 -0.0434306487 0.0481451117 -0.0705377534 0.0746681094 -0.158287272 0.0310059469 -0.135225624 0.0879520848 -0.107026771 0.448456347 0.133590221 0.264647603 -0.0231713951 0.101883426 -0.0511234142 -0.326658964 0.511262953 0.325185329 -0.125134155 -0.0248318408 0.257835209 0.265950322 -0.054883074 0.151230514 -0.0283829868 0.00620687753 -0.0473027453 0.0610651672 -0.0386692584 0.275642723 0.0430044085 0.179494128 0.188151523 0.0438464023 0.119896375 0.0347183906 0.0508926809 0.123796724 -0.00854400545 0.0184459668 0.0762913302 0.0700459555 0.106059715 0.0315789953 0.0199836083 0.0179999396 -0.000844935072 -0.0304299425 0.1003161 0.00425544381 0.0714034364 0.0410941951 0.00885787886 0.0541560911 0.0325078405 -0.00730201975 0.00862414204 -0.026601037 -0.0147509528 0.127642632 0.0467708074 -0.0357814357 -0.0651991144 -0.0207831021 0.0855215266 0.0255138353 -0.0239358786 -0.0481651947 0.105991058 0.00430295058 0.105251968 0.0604308173 -0.0267228279 0.101948805 -0.00712131616 0.14095588 0.0271206517 -0.0572843179 0.0620280914 -0.00158155186 0.0334047228 0.0429414846 -0.0588632524 0.0268683173 0.0496939495 0.126204744 0.0210611597 -0.0628397539 -0.0111582819 -0.0742613673 0.0471307226 0.0300366301 -0.0413861759 0.0440692827 0.033088468 0.12280222 -0.0484898612 -0.116155855 0.0537284054 -0.0195790436 0.0642919019 0.00496684108 -0.0380530655 0.0434994139
-0.0288125332 -0.0772184059 -0.0847154036 0.114042714 -0.0511265472 -0.116528057 -0.00119267229 0.12832436 -0.55415827 -0.179407984 -0.0192505326 0.000729467894 -0.00393538317 0.148746893 -0.0628982335 0.37199387 -0.00658163056 -0.246703103 0.153451428 -0.00451038126 0.144817814 -0.221424222 -0.331332743 0.0272761062 0.0493693128 -0.0382616296 -0.0169902518 -0.00208434463 -0.000298946106 -0.152528435 -0.0762221217 0.0175082926 -0.0928245485 -0.0935638323 0.0176438857 0.175404713 -0.638830364 -0.0822581127 -0.152516961 -0.051935222 -0.0286615267 0.0962084234 -0.10100802 0.226104066 -0.133533657 -0.0705352575 -0.0789770484 -0.158877194 0.0453705005 -0.0386001505 -0.435641021 -0.046162419 0.0520300716 0.0507746786 -0.0290969685 0.0080242902 -0.027669942 -0.044941742 -0.0459034629 0.0420362279 -0.047441259 0.00463066204 -0.077868171 0.121628657 -0.621201158 0.0229304079 -0.278767675 0.0192053504 0.0636446998 0.023150811 -0.121869527 0.0133622997 -0.154720858 0.0223921612 -0.0554896221 -0.0986777693 -0.078102693 -0.217980981 -0.485017568 -0.0725888535 -0.000861100852 0.0461730957 -0.0421190113 0.0401790217 -0.0855632052 -0.154997841 -0.0526937544 -0.0116253356 -0.0858106539 -0.00812023971 -0.0219795872 0.216816455 -0.617141783 0.100145578 -0.583865404 -0.0759647489 0.101558581 -0.0878192186 -0.149309352 -0.320357591 -0.277982235 0.0829329267 -0.190183148 -0.201960072 -0.0940283909 0.00570369326 -0.458888173 0.0665584058 0.000700362027 0.024691619 0.00116229802 0.0114112049 0.0573521964 0.351748466 0.00213022786 0.000505199772 0.0170868356 0.0202066116 0.164342642 -0.00276354048 -0.0738251358 -0.0206571892 -0.0447750725 0.0351614393 0.00869891327 -0.0560405329 0.0216562673 0.0456255414 0.0215294752 -0.0237847865 -0.00513442792 0.0334471501 0.0873016715 0.000455111905 -0.0446567051 -0.0555888824 0.06654571 -0.0132658565 -0.0360620767 -0.0154731963 -0.107124507 0.0115072299 0.0833946019 -0.0127194505 -0.0284190606 -0.0526387431 0.0424827971 0.045628123 0.0921299607 0.0913041905 -0.0817134604 0.00410635909 0.0800959468 0.0508895181 0.0307154767 -0.0457679629 -0.040697176 0.0876051709 0.029919032 0.030993171 0.0824602023 0.0123383049 0.0796979964 0.138900042 0.0678245574 0.0155582903 0.0690275207 -0.0542486422 0.02663761 0.0926640183 0.0159699935 0.0211522169 0.0150639862 0.0036403886 0.0862081721 0.0852388814 -0.039061211 -0.0869956687 -0.0265735313 0.127773449 -0.0576499142 -0.033363279 0.0126553122 0.011322313 0.165881917 -0.0249181706 0.0136933383
-0.098207213 0.0645192936 0.0370315611 0.0104816454 -0.0215666145 0.0118969539 0.0476622581 0.375112534 -0.625347912 0.0377870724 0.0440708287 -0.0613772236 0.00652534422 -0.0249772985 0.223645449 -0.327057272 -0.102333076 0.170853227 0.035528101 0.0176088121 0.262505233 -0.370082766 -0.434674621 0.0386279374 0.0168773159 -0.0501814224 0.0696199387 0.0494751632 -0.156965807 0.0978502631 0.107565239 -0.0744682029 -0.0257217605 -0.0637795627 0.0606980994 0.380123407 -0.541288435 0.0500733517 0.0361063816 0.0141215408 0.0284855682 -0.0498820432 0.184638366 -0.517321289 -0.116404079 0.196481407 -0.0978287458 0.0183748826 0.177616253 -0.133729249 -0.548739851 0.00073094666 -0.0712105706 -0.0237710476 0.0616447628 -0.0656536072 -0.0768875331 0.00596019905 0.0659386888 -0.132297471 -0.0317072794 -0.0532008596 0.00276678731 0.374923199 -0.629425406 0.167866483 0.0171346311 0.067154102 0.151586905 -0.0205242038 0.142356858 -0.696221054 -0.0183620937 0.352062255 -0.000158155337 0.0429205932 0.212263122 -0.266621172 -0.515720725 -0.0536359996 -0.0596435294 0.0571873933 0.072140947 0.00638131052 -0.141400561 0.111119457 0.0253160577 -0.099911958 0.0821058527 0.0318428427 0.0463543013 0.38918367 -0.64898479 0.178462505 -0.240505442 0.0302607641 0.0850819424 -0.134923175 0.076173611 -1.08890498 0.0488161594 0.360367149 -0.240439489 -0.189937681 -0.0124457637 -0.109296404 -0.417791754 0.0611755252 -0.0444099158 0.00982180983 0.0585822314 -0.00921275467 -0.142885953 -0.0316064097 0.128828436 -0.083530724 0.0269292668 0.0200272631 -0.00106302334 0.091133073 0.0284496136 -0.00641380437 -0.0145642748 0.0254231039 -0.0468321815 0.064658612 0.01449004 0.103022084 -0.0349428318 -0.0461169071 0.0567351468 -0.0201223809 0.0850504935 -0.021785954 0.0197524913 0.0981957167 0.0679636374 -0.00274564768 0.0310480166 -0.0500457846 -0.0279067177 0.0189457983 -0.0864259973 -0.0546473972 0.00734599167 0.101886839 -0.00339484564 -0.0622241572 -0.0597443804 -0.00713773118 0.0469305515 0.0135966698 0.0132473893 -0.0643006861 -0.0234845709 -0.0332065597 0.0883423463 0.0238500014 0.0443999022 0.0606921464 0.0385230184 -0.0326646976 -0.0656350479 0.0156585369 -0.059015356 0.038557332 0.0554317497 0.000716149923 -0.0621426702 0.0670455471 0.00729130674 -0.00633907923 0.0303918365 0.00287920795 -0.0193504319 0.0421066061 -0.0236509871 0.0785804838 0.0729393959 0.0625964105 0.0517184921 -0.0470615216 -0.0210484825 -0.0364754088 0.0231177751 -0.0623937584 0.0797225758
-0.00454933615 0.013138867 0.0195457283 0.122833878 0.0168899596 -0.0457779132 0.0707501248 -0.345963687 -0.624255419 0.0359273776 0.0380362831 0.0472356975 -0.0649172366 0.00974309444 -0.23779963 -0.17418775 0.0992738232 -0.111971788 0.129306123 -0.392538518 -0.142399505 0.296644658 0.114122741 0.0153397247 0.0179636404 0.00268710405 0.0177571699 -0.00612252951 -0.0167720187 -0.08507514 0.0271721575 0.0570441633 -0.0179552566 0.075508222 0.0990386531 -0.453404278 -0.59809041 0.0138369491 -0.0490666963 0.0433313884 0.0251604356 -0.0692253038 -0.251619011 -0.203567937 0.197474733 -0.0349105224 -0.0369981602 -0.173558041 -0.356325209 0.133668125 0.0273540653 0.0128158033 -0.0442384779 -0.0337460525 -0.0111160427 -0.018067196 -0.067167744 -0.0833368376 0.129838303 0.0490470864 0.0445166901 0.0642187521 0.0399371646 -0.327431083 -0.548351288 -0.097126089 -0.177050203 0.0539723188 -0.0431856476 -0.124900192 -0.369063944 -0.343587816 0.260201097 -0.00236754934 -0.103010185 -0.207341477 -0.344690681 0.161105245 -0.0359328613 0.0445987582 -0.0647609532 -0.046325434 -0.0458149388 0.00962646306 -0.0561359264 -0.0989528745 0.21421501 0.0397377685 -0.00632886402 0.061543189 -1.39119074e-05 -0.340643048 -0.532386959 -0.222846627 -0.358745217 0.0744115859 -0.00607234752 -0.338991195 -0.253167331 -0.642808497 0.110096954 -0.000546491239 -0.000325235364 -0.167288885 -0.028746374 0.0554276966 -0.225522146 0.0669382364 -0.050267227 -0.0371812321 0.0322559178 0.0581757426 -0.0287656318 0.136071071 -0.0144985355 0.130543709 -0.0296504293 -0.0339418016 0.0710565075 0.077636674 -0.0525626466 -0.011880734 -0.0575095713 0.030328257 0.0209787916 -0.0487615652 -0.0010554397 0.0349786989 0.00214730669 0.101735651 -0.0177941751 0.0470581464 -0.00324923266 -0.00616532797 0.0355553366 0.0441777781 0.0556822345 -0.0435433649 -0.0850534141 -0.0436676592 -0.0234856475 0.0352769494 0.0373332091 -0.022061795 0.0386104994 0.0432396531 -0.0277750511 -0.0956933424 0.0181895141 0.0293219406 -0.0222563092 0.0396746919 -0.0957687795 -0.00690352637 0.011819887 0.0152518079 0.0157686826 0.0134148272 -0.0342277922 0.0437616408 -0.0338253379 -0.0148972468 -0.0469041504 -0.0869220644 0.0413456559 -0.00450079143 -0.0315249376 0.0488341264 -0.0919000059 -0.0131604876 0.0460314788 0.0091124652 0.0606909804 -0.0194634777 -0.0711651817 -0.00556531362 0.070604153 0.0106760422 -0.0248359423 -5.82023349e-05 -0.0441696234 0.0412483625 -0.0711696297 0.029642934 0.0254783202 -0.053968206 0.0343923457
-0.196045175 -0.0221256893 -0.10373541 0.0348740444 -0.00936028361 0.0303879473 0.0068608569 -0.37853983 0.53462857 0.16217494 0.0845740736 -0.0348854773 0.0996164158 -0.166283816 -0.129811987 -0.241578504 0.123882294 0.124889851 -0.0438826643 0.107697167 0.0746078491 -0.0306070484 -0.000234434177 0.0313231349 0.0694197267 0.0721339434 -0.0615545772 0.00443512201 -0.185498893 0.0409635454 -0.0406891368 -0.0733801126 0.0247414168 0.00722629903 0.0779150501 -0.495087415 0.642016947 0.0603056438 0.0295741651 0.0341607109 0.124847479 -0.18090798 -0.140309811 -0.263687551 -0.0404342115 0.113713853 0.00403053081 0.0800629184 0.205688938 -0.0239245705 0.146904603 -0.0369274691 0.0127728879 0.0672966391 0.0120399371 -0.0362377688 -0.124490753 -0.0662349761 -0.090604797 -0.14810276 -0.0173633303 -0.00722979428 0.0437505245 -0.390491575 0.568451822 0.00387605233 0.147421375 -0.00422239816 0.0667527691 -0.331514925 -0.0826102346 -0.159072056 -0.0680705979 -0.0218816716 0.134336233 0.0565405674 0.408735573 0.0237534754 0.193406343 0.0312327743 0.0218387693 0.0399360657 -0.0587650724 0.0226041526 -0.196432844 -0.038881585 0.00887378212 -0.160913929 -0.0384522378 -0.0697394907 0.0412310138 -0.473418415 0.593783855 0.0123556098 0.364994198 -0.023570748 0.0196481701 -0.358240396 -0.153724506 0.0264140591 -0.0664799362 -0.148350894 0.157616511 0.263210446 0.381557941 -0.170459121 0.0868853927 0.0100070983 -0.0582299158 0.0397752896 -0.0131612867 -0.0612315536 -0.099141866 0.000138673524 0.0311947316 -0.286773622 0.0880644545 -0.0182389319 -0.00836925954 -0.0205206368 -0.2267171 0.0111683179 -0.05569911 0.0770607963 -0.0480749831 -0.142878681 0.0790195763 -0.0342858434 0.0489429981 0.0625309646 0.0262361113 0.0668471381 -0.0180499777 0.0614383817 -0.00443698978 -0.0116869379 0.0298090726 0.0178282633 0.0760964528 0.0210676324 0.0360225551 0.0401259623 -0.00414146902 0.0436531827 0.00274316082 -0.10769549 0.040662121 -0.034138348 -0.0217487402 0.0235227887 -0.0377594829 0.0412056074 -0.0443067774 0.0353344791 0.0672170818 -0.0645524263 0.0590596944 -0.0598861128 0.0560791157 0.0153862303 -0.0514855571 0.0597111955 -0.00827417523 -0.0177012216 0.053821411 -0.0474346206 -0.0230916962 0.0916307643 0.053043671 -0.0128322495 -0.148588017 0.0436489023 0.0186880976 0.0331935249 -0.0863166749 -0.0287347734 0.0287749991 0.0322505906 0.0266524777 -0.0179665852 -0.0560855828 -0.0127621172 -0.0170202702 -0.0231391992 -0.000101436075 0.00405148696 0.00163391652
0.0132692261 0.0163264014 0.122844219 -0.19703798 0.10477221 0.219483212 0.0607033968 -0.358293504 0.440445304 0.175670817 -0.0391299501 0.0247230083 0.0558706 -0.0400867425 -0.136775911 -0.297584742 0.0981561244 0.346900344 -0.0876532421 0.0695945024 -0.0746820644 0.202169999 0.344516009 0.0688435584 -0.00622974336 -0.0600023828 0.0671500564 -0.0154219121 -0.0611089468 0.138694987 0.134359106 -0.0116883414 0.0477654487 0.11508029 0.11994265 -0.331683815 0.523350954 0.0892339423 -0.0551530421 0.0486516766 -0.0492254235 8.1036349e-05 -0.283962756 -0.236195073 0.0565682948 0.255042732 -0.00982483476 0.0757440701 0.0521798059 0.026392024 0.353370339 -0.0492579304 -0.0178589076 -0.0449978635 0.00192401558 0.0574565381 -0.087765947 0.130108401 0.0443931967 0.00730278715 0.0655172244 0.142267659 0.112861469 -0.378052592 0.452793181 -0.0237926859 0.0519427098 -0.0239353068 -0.0467578322 -0.0632276982 -0.206012726 -0.110523745 0.0974193737 0.182954013 0.101191379 0.0129556395 0.0463523231 0.073435843 0.374649256 0.023733072 -0.0226694234 -0.064404577 -0.021988485 -0.0163508691 0.00626615528 0.0573987067 0.148390502 0.100676194 0.0403801836 0.093807511 0.12508738 -0.38390854 0.525474966 -0.0807782412 0.214331046 -0.0300665051 -0.0384758264 0.010940305 -0.225824773 0.33739993 0.130821973 0.0735045448 0.156955212 0.196285263 0.223745868 -0.0334627628 0.246867746 0.0323559344 -0.0222284235 -0.025095176 -0.0344992951 -0.0707296953 0.121425375 -0.127192482 0.314900458 0.0442672707 0.130233467 0.0299840942 -0.0598131046 0.198917329 0.0857802406 0.128117442 -0.0528429858 0.0819378272 0.117799506 -0.0538845286 0.0259368923 -0.091306217 -0.00336567196 0.0164350551 0.0238277167 0.094751209 -0.0261810366 0.032584507 -0.0158828553 0.0345315561 0.0631828457 -0.0251771081 -0.0015430022 0.0496214703 -0.044165086 0.114095084 0.0627846271 0.0453174785 0.0691418126 0.0547833368 0.0272179861 -0.0675433278 0.0297705568 0.0712262914 -0.0126806069 0.0623064749 0.0244033094 0.0397163779 0.0815453976 -0.0204795506 0.0662884116 -0.0569739342 0.0116120437 -0.0194680449 0.000400020072 0.126860097 -0.0329818614 -0.000110285255 -0.021371562 -0.0961896405 0.0470801108 -0.0933128074 -0.0579132661 -0.0242300518 -0.073512435 0.0754109547 -0.0811834335 0.0614935234 -0.0961687863 -0.103900321 0.0326598361 -0.00996427611 0.0370212905 -0.0660269335 -0.0831961185 0.0435586572 -0.0431631953 -0.0207808893 -0.0565393828 -0.174223721 0.0112419743
0.00456492463 -0.0788635463 -0.0398627855 -0.0100161079 0.0772958919 0.11678654 0.0200316012 0.381765693 0.431453526 -0.0682800338 -0.185897529 0.0572427139 0.147287697 -0.187749431 0.142979428 -0.114488922 -0.00789224543 0.0939923823 -0.15946196 -0.0880087316 -0.306157678 0.261416823 0.267328024 -0.0393072441 -0.0465465002 0.0544743687 -0.0673636571 0.0704604238 -0.0216245204 -0.154103592 0.018374607 -0.0978074148 0.00531753711 0.0249935333 0.106098488 0.322282404 0.485515207 0.0271120593 -0.147175103 0.0727192983 0.0569627658 -0.138230979 0.182827979 -0.111000367 -0.00715491176 0.0495883264 -0.122690991 0.065183714 -0.263079494 0.213432997 0.457069367 -0.0103529096 -0.0608301125 0.00225515664 0.0259389132 -0.039716091 -0.0581418723 -0.17413339 -0.0660456717 -0.0711100623 0.125794008 0.0313357711 0.0928845108 0.364795655 0.467026025 0.0267187916 -0.12238954 0.110168584 0.119559474 -0.126020864 0.188018993 0.00209530094 -0.0259281099 -0.0855775625 -0.060503047 0.109428689 -0.103956684 0.0701324567 0.249812573 -0.00511533767 0.00550288707 -0.0314285122 0.038714394 0.0674729347 -0.0503159054 -0.0901105851 0.0248460546 -0.0635350943 0.00775614055 0.0134690525 -0.0017741815 0.428655416 0.544614613 0.0870262459 0.138803616 0.0815855637 -0.00305086141 0.0190280676 0.0889397338 0.340199113 0.204868272 -0.117868125 -0.0190177038 0.30755803 -0.0830687061 0.0293331202 0.272886962 0.0435987785 -0.0287647136 -0.0602779835 0.0343094394 0.027121909 -0.0560667589 0.00443980377 -0.330214828 0.183737561 0.110805012 -0.0680341721 -0.00483236136 -0.121578246 0.0426808409 0.0104632964 -0.0176109988 0.040064048 -0.111225069 0.0638900027 0.0809248015 0.031395413 -0.045934882 -0.0966742784 -0.023877399 0.0601378791 -0.0511234179 0.0640020967 -0.0749206394 -0.0451191962 0.0272240452 0.0237840004 -0.0222657546 0.0441831946 0.0128536858 0.0383504331 -0.00855666492 0.0391360521 -0.0496837646 -0.0434170105 0.114945628 0.00753013557 -0.028483741 -0.0257695112 0.00745031051 0.078522712 -0.0347861387 -0.0410208851 -0.0755719468 -0.0259591304 0.0664530173 -0.0322859623 -0.0624178797 -0.0429748073 0.0613370948 -0.0225386415 -0.0695269778 0.0573049039 0.0601250082 -0.0810310841 -0.0284718927 -0.0473715775 0.0920130685 -0.0491634496 -0.0133463051 0.098035261 -0.0543164015 -0.019692814 -0.0506445803 0.015153395 0.107373692 -0.00489953533 0.0386521257 -0.00621000212 0.0286970809 0.0268422272 0.0188103765 -0.021578351 -0.0711552054 -0.00450123055 0.0689874887
0.0803574473 -0.234146282 -0.0969325528 0.0151179787 -0.0111108031 -0.0155989025 0.0995694101 -0.425148159 -0.538585484 0.0892654285 -0.0653790385 0.120419897 0.140748173 -0.211592495 0.00607302226 0.467613101 0.0642788559 -0.519698918 0.03292441 -0.356205553 -0.193883702 0.148807153 0.126920626 0.04781048 -0.0384905487 0.0110335052 -0.0168197975 0.0635714233 -0.0578582063 -0.277292222 -0.196137294 -0.051783707 0.00999020413 0.0410711169 0.0703846365 -0.477499515 -0.577883542 0.0228741281 -0.192213118 0.0485998802 0.12698248 -0.211078152 -0.1459582 0.197833866 0.0666364953 -0.204403102 0.0763382912 -0.120755836 -0.172992259 -0.0755023509 -0.263196975 -0.0559673831 -0.0727370158 -0.0697458535 -0.0477663055 -0.0710899606 0.0415958762 -0.191196516 -0.0784633607 -0.181987524 0.0948444903 0.00988597237 0.0830579996 -0.46949935 -0.521449089 -0.045938693 -0.347106844 0.13698189 0.140417367 -0.300810009 -0.185194686 0.00759040518 0.105534285 -0.18119207 -0.0690983608 -0.141763017 -0.21386537 0.025487097 -0.190554708 -0.0507571399 0.0603692532 0.0614414513 -0.00221391022 0.0632966757 0.075239107 -0.262534231 -0.0621192567 -0.108791277 0.0762644783 -0.00801898539 0.0356365032 -0.390194595 -0.57135129 -0.0903989822 -0.726864994 0.043828439 0.196897894 -0.358130038 -0.0399677008 -0.3619349 -0.226431698 -0.175252259 0.123051748 -0.155785218 -0.0905124322 -0.0650933459 -0.239527807 0.0133642629 0.0268099979 -0.0563844778 0.066455245 -0.0695259571 0.231185079 -0.460722506 -0.261643529 -0.179693475 -0.0338045135 0.0190463215 -0.0831815973 -0.0609762706 -0.124008693 0.0442409739 0.0175503995 -0.0947376713 -0.0468540676 -0.0526071601 0.0462821946 -0.185983807 0.126079127 -0.0435060039 0.0555229522 0.031837821 -0.122638024 0.0990821645 -0.0543292612 -0.0268928967 0.0334702507 -0.108496979 0.106639706 -0.00118532311 -0.00700005842 0.0198164638 -0.0577107854 -0.0200095642 0.0350321122 -0.0193156395 0.0309385844 0.0712961555 -0.0310303234 0.141114637 0.0536814071 0.00110222842 0.0750787631 -0.0974745005 0.032767266 0.0455853455 0.06074965 -0.048312895 -0.0258886591 0.0798261985 -0.0119233932 0.00524269929 -0.0538442023 -0.120808288 0.123567112 -0.0450879857 0.072593905 -0.021013245 -0.0921056271 0.0646910071 -0.0582515486 0.0459650047 -0.0851925462 -0.0292784851 0.147534549 -0.0865641907 -0.0314286798 0.025811227 -0.0215113293 0.12815614 -0.0133665474 0.0158690792 0.014253254 -0.0546126142 0.200832233 -0.0834784135 -0.0521882847
-0.0619989857 -0.0581397191 0.0343607962 -0.0386230908 -0.0694193244 0.116512127 0.0511914082 0.336657196 -0.449158192 0.00569075765 0.0291230828 0.0962568074 -0.00744217681 0.145910382 0.0147220409 0.24630852 0.0249123145 -0.0933616757 0.226419419 -0.102628663 0.0463333875 -0.10302525 -0.119849518 0.00711245835 0.0252356157 -0.0638406202 -0.0313149951 -0.00186113268 -0.0375421233 0.0553380772 0.00204249052 0.101166971 -0.0105990088 0.146845669 -0.0476569496 0.321007252 -0.580669463 -0.0827875212 -0.129193544 0.0537367724 -0.0476038791 0.0566515587 -0.0133910375 0.183912069 0.105883695 0.0578225255 0.045864448 -0.151624963 -0.137803078 0.0388737954 -0.302567869 -0.0113019347 -0.0561494231 0.0241492465 -0.0186412819 -0.0352013782 0.0130098062 0.00677899132 -0.0309760049 -0.0581278391 0.0729048252 0.189039469 -0.048609864 0.314105242 -0.505550146 0.0641076416 -0.202836856 0.0367647894 -0.0274390709 0.0776965469 0.0032732531 -0.0389043204 -0.0376677513 0.20706588 0.000845433329 -0.107161932 -0.213873625 -0.0691847131 -0.455942303 -0.0477787778 0.0199334547 -0.0069443509 -0.00497415662 0.0655913502 -0.0433976874 0.0518098734 -0.0730528906 0.0657178983 0.0246761348 0.179874733 0.0293318592 0.283601671 -0.465479612 0.157090589 -0.397829533 0.0715672225 -0.0895238221 -0.0715364516 -0.0728155375 -0.166769236 0.0397085696 0.164193854 -0.181154028 -0.219262943 -0.161549911 0.197588205 -0.183586553 0.024627611 -0.0189424008 -0.0299676694 0.0289878547 0.0253609195 0.0818942934 0.104770482 0.164470553 -0.00700783497 -0.0448761806 0.0151878614 0.0901023522 0.0492901169 -0.088898398 -0.000521354494 -0.00200278382 0.0306385029 0.0313941576 -0.0558893532 -0.0343398377 -0.00394854415 -0.0394570492 -0.0743784159 -0.00792674907 0.0134738972 0.045505479 0.051215332 -0.0183233395 -0.0206362344 -0.0107211825 0.0669709891 0.010405492 0.0230574906 0.0210369229 -0.0308871903 0.114170857 0.0860917494 -0.0789349377 -0.0164806135 -0.0354161933 0.0783165097 0.0377125889 -0.0934249014 -0.00901133288 0.00353590515 0.135304525 0.103410825 0.0052772942 0.0528120734 0.0492908694 0.11291825 0.00632883795 0.00633583171 0.0197523832 0.0206413846 -0.000521785754 -0.00263354159 0.0263799727 0.0650602952 -0.0110742468 -0.0682706162 0.0480622612 -0.0830590576 0.035869617 -0.0424705073 0.0570719764 0.0684367269 -0.100680895 -0.0355538316 -0.0236732159 0.0221786499 -0.0205776002 -0.0676746666 0.00311180181 0.0318456553 -0.0305568781 0.0645070896 -0.0993309915 0.0115423976 0.0783723593
-0.0215128548 0.0671083331 0.0246858224 -0.00608197413 0.00913016591 -0.0701794922 -0.0103299571 0.0314437933 0.0727665499 -0.0535531156 -0.0335501209 -0.0444442034 -0.0969917923 -0.0239701718 -0.0372614376 0.00532525964 -0.0240969304 -0.0234743636 0.0221830606 -0.0531405136 -0.0215882324 -0.00703036785 -0.0422735661 0.0168932378 0.0270714387 -0.0521164089 0.0575011522 0.0519642085 -0.00342741911 0.0220021382 -0.00300028059 -0.0049803406 -0.0653061345 0.0401757732 0.0197707191 -0.0504161865 -0.0468200892 0.0578061789 0.0200480074 -0.0247736927 0.0239531957 -0.00862848945 0.04472946 0.0769491419 0.0088642668 0.0513214804 -0.0513671078 -0.044497937 0.0123905689 -0.00887799263 0.0417301729 -0.0198852792 0.0114991292 -0.0151949637 0.0549000204 -0.00479660183 0.0193755999 0.0649046451 0.0592042319 0.0801390633 -0.0877259076 -0.0597813576 -0.0320948586 -0.00445599388 0.0521601997 0.0212567244 -0.00218973774 -0.00628665183 -0.00993985217 0.0287951678 0.0568527766 -0.0122820325 -0.0328653529 -0.000103253355 -0.00739651918 -0.0469141081 -0.0707780793 0.0104747936 -0.0213548504 -0.042548053 0.0137559623 0.0712101609 0.0607381463 0.0416942984 -0.0370193757 0.0528103113 0.0210255645 0.0381911062 -0.0344439745 -0.0207575485 -0.0558795035 -0.0060535646 -0.000239766232 -0.0216882881 -0.07242506 0.0177328587 -0.0852859318 -0.0903808698 0.0361732058 -0.0354448073 0.0849338919 0.0432903655 -0.0232385248 -0.0126027949 -0.055946365 0.0045208931 0.0133702755 -0.0401150361 0.0229314938 -0.00281430781 -0.02155637 -0.000252999365 -0.0708840489 -0.0634891912 -0.000682952057 0.100097992 -0.0595595613 0.0468805805 -0.00727486983 -0.0417362489 0.0294033587 0.0188436359 0.00869998336 0.0495282449 -0.0246482771 -0.026772514 0.0498652011 -0.0208851881 0.0308142789 0.0381209403 0.0312301647 -0.0762343183 -0.0717921555 0.0186356995 0.00778725417 0.0563829429 -0.0806701183 -0.0100748911 0.0469714217 0.0285670497 0.0685723871 0.0411983952 -0.0179430395 -0.0659030825 -0.052512493 0.0274468157 -0.0452422127 0.0002900213 -0.00392970024 0.0365928896 0.0439570695 0.025521284 0.00297211111 0.0255554598 -0.04300211 -0.0287560262 -0.0277938843 -0.0424668416 0.049214948 -0.0198638197 0.0386890732 -0.0184890144 0.0270737242 -0.0552134588 -0.0138864303 -0.0583464131 -0.0511855409 0.0843497589 -0.0829049423 0.00322580454 0.0103580458 -0.086206466 0.0423567072 0.0163381211 0.0437823497 -0.00427889451 0.0409464613 0.030826414 0.0109378472 0.01316253 -0.0791008845 -0.0322678834 -0.0234228373 0.0406333134 0.0264216308 -0.0839140937 -0.0295973457
0.0830876902 -0.0442821458 0.0668379366 -0.0338412002 0.0596559457 0.025116941 0.0926228389 -0.325890005 0.477519244 0.202880844 -0.111837193 0.0960138291 0.0807138309 -0.114026047 -0.0702082142 -0.402449936 -0.0448280387 0.191972256 -0.0216480419 0.257194042 -0.030667508 0.0621198863 0.205103412 0.0370646641 0.0622249246 -0.0524225384 -0.0186579153 0.0174291208 -0.00935314316 -0.0244989693 0.00528257806 0.0649088845 0.0268730782 -0.02934747 -0.0249832701 -0.424970865 0.603614867 0.175388977 -0.0388971902 0.0234289318 0.00757959904 -0.0894080698 -0.115807429 -0.326580405 0.0169191398 0.0124353925 0.178140894 0.235958979 0.18256788 -0.117415331 0.459622681 0.0588812828 0.0230244845 0.0357943401 0.0273368731 0.059939757 -0.00514594652 -0.0234653242 -0.0310039651 -0.0607630201 -0.000569103053 -0.117343016 -0.010240119 -0.370467961 0.601949573 0.116397634 0.0521653332 0.00497643137 -0.0132116405 -0.137904018 -0.122456476 -0.243645415 0.0683561713 0.00320313033 0.189880028 0.176845834 0.229985431 0.0132757472 0.479583025 0.0633996725 -0.0577820055 -0.04242073 0.0349657759 -0.0449956842 0.113282613 -0.00877114478 0.0629962832 -0.0537168831 0.119781137 -0.0546178222 0.0313897133 -0.310842127 0.484469324 0.0123890657 0.21118468 -0.0202424116 -0.00761466613 -0.131081581 0.102557696 -0.0409372561 -0.0123358304 -0.176246375 0.272014469 0.305066675 0.277051717 -0.105506614 0.318593055 -0.058619298 0.0368497372 -0.069775641 0.0456303135 0.0237747356 0.0800222233 -0.0268098228 0.25341472 -0.164970219 0.0912274867 -0.032709904 0.0101657547 0.148852736 -0.0461773239 0.0952676088 -0.071821928 0.0631415322 0.0713210851 -0.0392358191 0.027952129 0.0125108119 -0.00201887591 0.038046483 0.0182678904 0.00727303885 -0.03661846 0.0614856705 0.0431276523 0.0764888823 0.0513529144 -0.0623039082 -0.0157381687 0.033097703 0.0372480564 0.083520472 0.0329981036 0.0129481871 0.0291511025 0.137329906 0.114182249 0.0570450239 0.0575858951 0.00996236969 0.0772624165 -0.00231301575 0.0293904822 -0.0368736237 0.0481783301 0.0894522816 0.0957736298 0.0541490316 0.0589815453 0.0674964041 0.0341204442 0.100761533 0.0127401566 0.0413030796 0.00852905866 -0.00491768401 0.0288085192 0.0322096534 -0.0164960939 0.0511329398 0.0791208297 0.107993305 -0.0519765466 0.0478155874 0.0881551653 -0.05725592 0.0919377506 -0.0473877974 -0.02328646 0.0102967303 -0.0103085814 0.0145675521 0.00745637761 0.0479136445 0.066483207 0.093149282 -0.00132693257
-0.110492848 -0.0473572165 -0.0680826455 -0.113799721 0.0597702041 -0.0387766808 -0.0270333402 -0.296799421 0.577517569 0.130874008 -0.133228973 0.0311055966 0.0647217259 -0.271100461 -0.180063069 -0.267976612 -0.0245538857 0.147829756 -0.129259035 0.191689223 0.0943591148 0.0145175504 0.13959071 0.0143819973 0.00427510589 0.0150670484 -0.0435970388 -0.0143277496 -0.0417133681 -0.0325561203 -0.0184395593 -0.0333352797 0.000403074489 -0.0465731844 -0.0463965386 -0.266278237 0.658067346 0.1076243 -0.0982070565 -0.0706446692 0.0646053627 -0.186380595 -0.137387142 -0.176056698 -0.108009145 0.0212537237 0.081523031 0.150832981 0.14509058 -0.0680810213 0.201562688 0.052258566 0.00635878742 0.0626146346 -0.0255809873 -0.0692896992 -0.0154037736 -0.0150269521 -0.0648590699 -0.0237806346 0.0305468235 -0.0433191285 0.097649239 -0.273185492 0.560180426 -0.0658761561 -0.00253312313 -0.0581016988 -0.0228798967 -0.113126315 -0.207651049 -0.213110372 -0.0848799124 0.0261392593 0.127250701 0.064780198 0.255079031 0.0190504286 0.309792787 0.0485112891 0.0726522654 -0.00386855006 -0.0522396378 0.0336078107 -0.107463412 0.0881478786 0.0946979374 -0.0407516398 0.0375469923 0.0265461728 -0.00310751889 -0.391942352 0.571064591 -0.00204791711 0.255609185 -0.0618569031 0.0249010045 -0.253672481 -0.0772721022 -0.131305173 -0.173176184 -0.117716849 0.18816179 0.25785163 0.364637047 -0.120778508 0.12047711 0.0608954728 -0.0261830427 0.0275395811 0.0168769136 -0.0721459687 -0.118252136 0.119062781 0.225193739 -0.166995436 0.0732605159 0.0446881577 0.0530616008 0.159179047 -0.144860372 0.013314669 0.03157961 -0.0208753161 0.103068478 -0.0787268654 0.0186419636 0.13043347 0.0332053863 0.0293349847 -0.0739025474 0.0578072742 0.0263604056 -0.0201469194 0.0335747376 -0.0317905955 0.0865887031 0.0366790779 0.0656616166 0.072739698 -0.0937762707 0.0838255659 0.0285520274 0.0730431601 0.0815686658 -0.114875682 -0.0293270983 0.0263026357 0.0521107614 0.0245772172 -0.118552335 0.0723705515 -0.0111436862 0.0453058779 0.0959789827 -0.0767714232 0.0777172074 0.0444548428 -0.0111587914 0.0526577011 -0.0230953414 0.0723637864 0.0127779115 0.043343313 0.0139553724 -0.0957334712 0.0048619844 0.00660026865 -0.00765849371 0.0488074012 -0.0394721702 -0.0117707374 0.0880005136 -0.0183714591 0.0282956995 -0.0198004041 0.0647750422 -0.00695480872 -0.0468999334 0.0116188275 0.0246458892 0.0582208075 -0.0320470743 0.0173195526 0.0312756971 -0.0401935019 0.0514055751
-0.0699618533 0.145578653 0.0691134334 0.0720989555 -0.0359847546 -0.0100032538 -0.0635009035 -0.0008280857 -0.48738113 -0.0987332314 0.00154578127 -0.0544635244 0.0263611451 -0.0509439819 0.0375414416 -0.176963195 0.13874124 -0.0244290754 0.0101206517 -0.218571156 0.0093230186 0.106026135 -0.0212785807 0.0455996543 0.0282392949 -0.00937590748 -0.038730979 -0.0699796826 -0.0266542938 0.128624275 0.00206993031 -0.0294841249 0.00363852573 -0.0151637057 0.0458921529 0.0260208361 -0.515536487 -0.0987634361 -0.00932488497 -0.0254342835 0.0216425434 -0.0298016034 0.0217251703 -0.227792591 0.0323945247 0.0581797548 0.0737760812 -0.0709779635 -0.13418673 0.0911071375 -0.194810256 0.0420414135 0.0375904813 0.0289510339 -0.0128278621 0.0072670728 -0.00461975904 0.0627940744 -0.0132350922 -0.130526021 0.00429357681 0.028968418 0.0352240689 0.067605637 -0.481235713 -0.0365458578 -0.033341419 0.0274583306 0.0816586688 -0.212187842 -0.0773409307 -0.346127033 0.0356388018 0.166094184 -0.0893193558 -0.0429750532 -0.137834102 -0.133443639 -0.274886876 -0.00858599693 -0.0354675911 -0.045635961 0.0432320982 -0.00750435889 -0.0770672262 0.0570893548 -0.088258177 -0.0331264511 -0.0513088964 0.0217670407 -0.0113372253 -0.0353149027 -0.552185237 -0.0141985128 -0.395754039 -0.00471617514 0.096518293 -0.409570515 -0.0532511324 -0.537149847 -0.0295552779 -0.0211969875 -0.079874143 -0.307045877 -0.184440821 0.207668096 -0.154855296 -0.0437496193 0.0507536158 -0.0513390005 -0.00981772691 0.0339507684 -0.160666108 0.0464214347 -0.0449865647 -0.487645596 -0.0404024497 -0.0180931669 -0.0293487925 -0.0622316413 -0.0686388165 0.0870116651 0.108469948 0.0854557455 -0.021619292 0.0669232681 -0.0068322313 0.0238433033 0.0570141673 0.0232865158 0.084091723 0.0478089601 0.0714655146 0.0653848276 0.0515546128 0.0482765697 0.0655943081 0.0642216206 0.00602740236 0.0181804225 0.143571869 0.0125542516 0.0132174166 0.0607079975 0.0233089756 0.109614789 -0.0343148336 -0.0398582928 0.00541246729 0.0210610237 -0.0605073571 0.0767875314 -0.0640822276 0.0569571555 -0.00791042205 0.0166205261 -0.0349915773 -0.0484544821 0.0165903047 0.0640419051 -0.0105597153 0.0314044096 -0.0265325997 0.0294398796 -0.00218896475 -0.0351659246 0.0393736847 -0.0065148063 -0.0389984325 -0.0181217454 0.0465832241 0.0729058161 0.095026888 0.0588368997 -0.0381337069 0.0934238136 0.0324008539 0.0534910336 -0.0311379861 -0.0296733528 0.0724643022 -0.00416642241 0.00962084904 -0.0277460348 0.0707014278 0.114299066 0.011761222
-0.0453316905 0.00514480239 -0.0736235529 -0.109062083 0.0988941565 0.0565602072 -0.0300438106 -0.615694165 0.0715633407 -0.202503145 0.0728954002 -0.0371373333 -0.0162356477 -0.106299534 -0.118903026 0.119410865 -0.192123666 -0.170455828 0.0388101637 0.486777186 0.351508498 -0.52124548 -0.315417945 0.0456109345 -0.0728851184 0.00352679193 0.00230138004 0.0715187192 -0.118236758 0.0176427457 -0.213413104 -0.206639484 -0.00400377065 0.0451557077 0.028070379 -0.50027132 0.000198834081 -0.300485313 -0.110666722 -0.0727923885 0.0607954599 0.0055101132 -0.211176619 0.230399817 -0.121450663 -0.0359461159 0.174282938 0.225297272 0.371768594 -0.305015057 -0.333574235 0.0670574307 0.017044127 0.0264754668 0.0450698361 0.0476484448 -0.0028281908 -0.0770649612 -0.0153084071 -0.155310214 0.0449932255 0.183931008 0.00812653732 -0.507159233 0.0836582705 -0.253737777 -0.285535365 -0.0131370686 0.0802074224 0.111324467 -0.329991847 0.257430196 -0.145059094 0.108388104 -0.0348614492 0.0686024949 0.149221033 -0.186293855 -0.104518607 0.0255823433 0.0534999818 -0.0609688424 -0.0336496048 -0.00231739134 -0.0862113833 0.0328028016 0.0901929364 -0.0312747248 0.0506948829 0.110986359 0.00633922825 -0.529694974 0.000541680551 -0.356604367 -0.308830023 0.0453869849 0.102242857 0.369523704 -0.367702276 0.205195069 -0.245387971 0.211519241 0.133364603 0.1840363 0.280622005 -0.226200774 -0.313690305 0.0101314634 -0.0112318359 0.0126609579 -0.0484100282 0.00135379285 0.470708996 -0.42509827 -0.065094009 -0.11349301 0.0351783708 0.0939970016 -0.102601163 0.0239660703 -0.123136848 0.0529947765 -0.0138708996 0.121125877 -0.0779674649 -0.108121611 0.105711862 -0.144503519 0.201066196 -0.00492326356 -0.194508836 0.0931341276 -0.184780136 0.179845035 -0.0932512879 -0.138236254 0.0691805109 -0.0613427833 0.0548215695 -0.0580071881 -0.0705815554 0.0456852838 0.0364458449 -0.0333356149 -0.00749215111 -0.0132933334 0.00912458263 0.0852985233 0.0144762676 -0.0588455833 -0.0351750143 -0.0217847917 0.0910757482 -0.081714496 0.0216105245 0.0722218156 0.0849796236 0.00742987636 0.115179375 -0.028928306 -0.0249822475 0.0940810516 0.0261265058 0.112148903 0.0160629954 -0.0282222759 -0.0217626598 0.0123556098 0.0817100257 -0.00405732915 0.0620540679 0.0340385996 0.035642501 0.116927274 0.0594315901 0.0369671881 0.0530689768 0.0235383715 0.144223526 -0.0176228955 -0.0341865644 -0.0294300038 0.00217068335 0.0752364472 0.0235414803 -0.114913955 0.0574125424
-0.0988474116 -0.078447029 -0.172694534 -0.162702352 0.00311385887 -0.0647214875 0.0519344173 0.416922182 -0.409648865 0.00290444004 -0.19329451 -0.0755271763 0.114854001 0.00642138906 0.224535853 0.220012844 0.226937503 -0.35348019 0.0699956566 0.0310842134 0.178696692 -0.345674515 -0.392547518 -0.0261236578 0.0531031042 -0.0325804949 -0.0597378016 0.0234227702 -0.116041772 0.0256883446 -0.175422207 -0.0505959429 0.0987277925 -0.0351348408 0.0606549717 0.432334155 -0.481481552 0.148502722 -0.179278791 -0.0768154487 0.134524271 -0.075035207 0.127286211 0.0199066699 0.134779587 -0.298386663 -0.122339815 -0.168031216 0.256659895 -0.102884188 -0.533142388 0.0227144584 0.00978018343 -0.0140926428 -0.0308496132 -0.0655113235 -0.153707817 -0.000168409897 -0.0590655878 -0.0775042549 0.070876658 -0.0810502172 0.0654983595 0.418887794 -0.404644221 0.157344252 -0.0812604055 -0.0855623409 0.0112594068 -0.093686901 0.181842342 -0.047925625 0.0991697833 -0.264446616 -0.0314875767 -0.131318271 0.215223983 -0.292660713 -0.558533192 0.0449453369 0.0042996034 0.0209672004 -0.00887561589 -0.0264140703 -0.138488978 -0.0595976114 -0.0283909496 -0.143117636 0.0718925521 0.027213864 -0.0284551848 0.341830045 -0.358315855 0.23394753 -0.241772905 0.0222837031 0.144477233 -0.413593948 0.159005404 -0.324801862 0.14440383 -0.428594083 -0.324044317 -0.37348786 -0.104158618 0.00981477275 -0.249941826 0.0529319495 0.0484937206 0.0223050565 0.00812467933 0.0337718427 0.207294241 -0.15710108 -0.0106069166 0.110479109 0.0561898127 0.0885136798 -0.0426514149 0.00788162556 -0.0217215084 0.0518435873 0.0687338114 0.0472434275 0.0613157079 0.0297505073 -0.00318105496 0.0516443923 0.0562832542 0.0639087483 0.0229087733 0.0342463665 0.0425282754 0.0157568641 0.0103314063 0.00449912809 0.0501773804 -0.0291742925 0.0823782161 -0.00619770633 0.0516228117 0.0786413029 0.0915346667 0.0376814418 -0.0640160739 -0.0353567377 -0.0229140278 -0.0414566249 -0.0726499185 0.00229119859 0.0804333016 -0.00302564539 0.0603231303 -0.0332451537 0.0430767573 0.106434144 0.0769374594 0.0759873986 -0.0535561629 -0.0877401158 0.0398844443 0.0555676743 0.0509417802 0.0890436396 -0.0112165166 0.0582259074 -0.00288416981 0.029981304 0.00290795439 -0.0904165134 0.119623065 0.0934777409 -0.0188177414 0.0581816025 -0.0619595423 0.103707276 -0.00297635561 0.0322884172 0.126412585 -0.0879335701 0.128222272 0.0141836423 -0.0837133154 0.0779164657 -0.06948632 0.13355118 0.0340598896
-0.119317181 -0.260637492 -0.00961025525 0.0916174352 0.053894788 0.0791828707 0.0184976105 0.0495237708 0.356128633 0.0499762855 -0.0955460146 0.0516138598 0.0236365329 -0.157679051 0.0414637141 -0.347451776 -0.0332124829 0.399009764 -0.22636947 -0.152348474 -0.30705139 0.476548731 0.439743638 0.0296983495 0.0116271004 0.0420221388 -0.0395171158 -0.0472170897 -0.0641150251 -0.199805617 -0.00572340796 -0.0990353301 0.0343901627 -0.0219744407 0.0325593799 -0.0118023939 0.255467445 0.00109127059 -0.101539493 0.183432356 -0.0672974437 0.0030230009 0.0695851445 -0.163098887 0.0638371855 0.218372092 0.0563765317 0.104248509 -0.172318816 0.249266028 0.687990129 -0.0432488024 0.000619053841 -0.0603959337 0.0350305066 0.0145851746 -0.147189841 -0.244025171 -0.0555983633 -0.203207672 0.0124536073 -0.0803878009 -0.00359531771 0.0892537087 0.242020249 0.0342255905 -0.150383428 0.106840499 0.0192000773 0.130422816 0.0200286731 0.0339522772 0.285947949 0.183179766 0.0394466929 0.134939879 -0.288926482 0.392405689 0.606222928 -0.00375593454 -0.0423208848 0.0482519642 -0.0588163137 -0.0323974825 -0.0918035135 -0.201280862 0.0847568139 -0.202014297 -0.0214857887 -0.0684145093 -0.0138686635 0.101792954 0.286953032 -0.0502832159 -0.140146047 0.169039875 0.055011414 0.284928083 0.00705595082 0.245536745 0.32638821 0.208748415 0.123757243 0.184190586 -0.111782975 0.169999063 0.470455945 0.0315529779 -0.0421597734 -0.0340679027 -0.071535103 0.0516522676 -0.691322684 0.549131632 -0.343582541 -0.0438758805 0.156925738 -0.155300617 -0.0447962508 -0.0075520901 -0.00777683547 0.0417401381 -0.107994378 -0.0752722248 0.0577681102 -0.0446737148 0.0993396193 0.00749038626 -0.244021013 0.112435997 -0.0913173184 0.0328168646 0.0491449796 -0.0930212736 0.00178913306 -0.0135439318 0.104616486 -0.145077139 -0.120562643 0.0023116814 -0.0588821694 0.0230705198 -0.119572461 0.0258035604 0.0389914624 -0.107086174 0.0850055292 -0.0456161425 0.106273346 0.0392975621 -0.004706671 0.0135136824 -0.0921728015 0.119130038 -0.0340065993 0.0255985931 0.0707179829 -0.0239536446 -0.0669948906 0.0722456872 -0.0745456517 -0.0684460625 0.0548110418 0.0246810578 0.0289488398 -0.0473449342 -0.0299085043 0.0947840363 -0.0383971557 0.114002161 -0.0378307775 -0.0407396182 -0.00197962066 -0.063924402 0.168457463 -0.0837358534 -0.0462023616 0.00985925831 -0.0700997859 0.15173088 0.0414551049 0.083035551 -0.0172832254 -0.074797444 0.0573144965 -0.00940451492 0.0100252535
-0.0416681506 -0.0608895645 0.141968653 -0.00390758086 0.117428511 0.00627340237 0.0026804707 -0.48510763 0.357687861 0.0999897569 0.0199496206 0.0290055871 0.0471083447 0.0626089573 -0.174440354 -0.422109693 -0.0434718654 0.439631671 -0.307410032 -0.0515610576 -0.230715543 0.295485705 0.299589157 -0.0664927661 0.072096169 0.0335089713 -0.0218171515 0.0116690099 -0.0385838225 -0.0662510395 0.0300083291 -0.0316034332 -0.0214146972 -0.0653804839 0.106872872 -0.473147064 0.3760207 -0.0251982342 -0.019323796 -0.00599630084 -0.0722426325 -0.0546104275 -0.184475914 -0.155702427 0.0900327265 0.308156908 -0.0414366983 0.0624222122 0.0896027684 0.0288612172 0.337332815 0.0548273027 -0.0373490714 0.0694370419 -0.058365114 0.0379039794 -0.0166205242 -0.0762135834 0.0885253549 -0.166067272 0.0473474264 -0.0408168212 0.029505834 -0.441436589 0.426306665 -0.0778355673 0.109771498 0.0873686075 -0.00408435613 -0.00466469629 -0.1810662 -0.14540793 -0.00574069889 0.11335516 0.013374649 0.0517713912 0.0774023533 0.0276841316 0.440258652 0.0453156084 0.0621200502 0.00299867243 -0.00535386056 0.0430110693 -0.0820044428 0.00385461608 0.114070475 -0.157106027 0.0573878996 0.0140300374 0.0719830841 -0.39294517 0.37813884 -0.0848856941 0.293022603 0.0138871064 0.0620293841 0.0317648724 -0.0907618925 0.219529837 -0.0357144736 0.170458868 0.12164776 0.186332002 0.196542069 -0.0457436033 0.237009764 -0.0378170051 0.0661931485 0.0148768649 0.0624170154 0.0695565194 -0.0363413431 -0.0140087111 -0.00997420773 -0.154753923 0.0516320691 -0.0221458804 -0.0417860188 -0.0667270944 -0.0746591017 0.115820684 0.0139590204 -0.0657483861 0.0256677587 -0.0552353822 0.0645400062 -0.0790489465 0.0385959186 -0.0486055948 -0.0482476316 0.0822703913 0.0433324091 0.0137082906 0.0657077059 -0.0403374396 -0.00763435755 0.0424617007 0.0226863418 -0.0571726821 0.048871465 0.102132529 0.0623064041 -0.0077676652 -0.0642369166 0.0842365175 -0.00830098614 0.0244575925 -0.0546350926 0.050385341 0.028936198 0.100093916 0.0280842204 -0.0758566111 0.0729361698 -0.0737238377 -0.00392466132 0.036202807 -0.0315338224 0.0357372239 -0.0309309363 0.037375126 -0.0464682952 0.0369886383 0.0303435083 -0.00114383851 0.0403088219 -0.0238462612 -0.0344380885 0.0726035461 -0.108326592 0.00565518811 -0.0458968841 -0.0303996801 0.0479301289 -0.0715210661 0.0545077957 0.0794748142 0.0396357588 0.107665904 -0.064190641 0.100512706 0.0183928404 0.0135370912 0.0472416356 -0.13814272 0.0901236534
0.0921698585 -0.115464404 -0.0615491346 0.129893854 0.0559279621 -0.0454549603 0.00579123106 0.357682019 -0.500204682 0.0894375369 -0.0288982335 0.0486222245 0.0250314865 0.124518014 0.173033163 0.24890691 0.0926066935 -0.0309667606 0.168095872 -0.141217902 0.0276946835 -0.157895431 -0.17935577 0.0594455898 0.0145408064 -0.0681345388 0.0233533084 -0.0135910995 0.0674057156 -0.0199289974 0.0411933549 0.0863950774 0.0446989127 0.01217678 0.092747651 0.42486316 -0.442190945 0.0585831814 -0.0213587582 0.108592547 -0.0295687839 0.126045406 0.149206907 0.201049104 -0.0261025168 -0.0128173428 -0.119589135 -0.166690275 -0.244170904 0.0996026769 -0.440841645 -0.0184664093 0.0224151835 0.0575007498 -0.0127184838 -0.0404886864 -0.00620407285 -0.0631883517 -9.70550536e-05 0.0815828592 0.0721557811 0.096959047 0.103722997 0.349931508 -0.439562678 0.140511081 -0.00722723408 0.0100755747 0.0661696121 0.104006201 0.175442666 0.14298813 0.0105753206 0.111265779 -0.150263965 -0.0395267308 -0.232947931 -0.142229453 -0.468548566 0.0277693346 0.0584142506 -0.0596715659 -0.0424354486 0.0381129831 -0.00721330242 -0.0665504858 -0.0855755806 0.11468675 0.000839810411 0.0160296839 0.0710607842 0.366795689 -0.518274784 0.252089232 -0.164124221 -0.0203735251 0.0560924821 -0.0547623001 0.0456203818 -0.106286392 0.146601096 0.0321400985 -0.225759 -0.276706904 -0.418563634 0.200556621 -0.0438926741 0.0724611729 -0.0416591838 -0.0648605078 -0.0494720936 -0.0397045761 0.0719578862 -0.324151129 -0.014855992 -0.263520211 0.0841115639 0.0454157181 -0.12899518 -0.0292313267 -0.0909427106 0.00455338042 -0.00913636386 -0.0660974085 0.0120996814 -0.0383179709 -0.00252520852 -0.0598699339 0.0712826923 0.0022594051 -0.0618524663 0.110111237 -0.0498905517 0.0599846765 0.0903917551 0.0534237586 -0.0112387678 0.0356815718 -0.0260416176 0.0514652207 0.0633407012 0.0714784712 0.029234048 -0.0596850142 0.0883603543 0.0631154031 -0.0210641008 -0.0574902147 0.00255941856 -0.0313814618 -0.067997314 0.0857448503 -0.00359777827 -0.0462522134 0.0735900626 -0.00244025537 0.110468253 -0.0885025337 -0.112423249 0.000278842752 0.0548376702 -0.0251994841 -0.0178007577 0.000255691004 -0.0235561803 -0.0683917925 0.0660797209 -0.0327130444 0.0105631519 0.0384908281 0.0348821916 -0.0177279115 -0.0998980105 0.00815834478 -0.0147379134 -0.00733353617 0.0510524288 -0.0831741691 0.0853105113 -0.00709854206 -0.0173172578 0.0188647974 -0.073201783 -0.0474851951 0.040773198 0.0132985534 -0.0105052786
0.142146662 -0.0196465142 0.0196840502 0.0751034617 0.0695336163 -0.0725757331 -0.00114830537 0.476530015 -0.431984574 0.0363335125 -0.102917127 -0.0129955877 -0.028244907 0.0427140445 0.175530374 -0.0103024682 0.126660675 -0.192642018 0.209847525 -0.0551982336 0.186698675 -0.225715697 -0.250050157 0.0217946246 -0.011669375 -0.00659954548 0.0224794149 -0.0380008481 0.0913866907 -0.0475535803 -0.0861518681 0.00120889361 0.0465074442 -0.0569046251 0.0673215762 0.526162386 -0.41736868 0.0330519192 -0.0574042127 0.0599131398 -0.0552189425 0.0265276916 0.208041951 -0.0108337598 0.0977080762 -0.00935861655 -0.0654992238 -0.0779051632 0.0143660074 -0.112172902 -0.260574311 0.0716684759 -0.0491494238 0.0484288558 -0.0139446966 -0.0190138035 0.122479185 -0.0537019707 -0.0453769974 0.0474909209 0.0825055763 -0.0477640107 0.0672344044 0.501210332 -0.363060802 0.13112098 -0.0934049785 0.0788718313 0.0617831908 -0.0470011048 0.219514549 -0.122288585 0.155248791 -0.0836898386 -0.179424241 -0.0082187783 -0.034444727 -0.19756788 -0.33705911 0.0168721303 0.0474223942 -0.0692104921 -0.00682215393 -0.0700842962 0.0610109009 -0.0577064306 -0.0506409854 0.039973814 0.0828723684 -0.0344184041 0.0109881461 0.525785029 -0.326987237 0.226154536 -0.360424668 0.0911603495 -0.0215383358 -0.204563394 0.126461163 -0.377401531 0.179537028 0.0489948094 -0.130035341 0.000518197834 -0.219110504 -0.0796128884 -0.216985434 -0.0547147207 0.0691048503 0.00908865035 -0.0679724663 -0.0422271863 0.23903352 -0.166170284 -0.132454053 -0.30517596 0.0497334562 0.0683385581 0.022160843 -0.0569408834 -0.0871158615 0.111390904 0.0025394347 0.0392771848 0.0125413742 0.0845756158 0.0368889309 -0.00595363742 0.0866262168 0.0113822222 0.0195207056 0.094403103 -0.0736602321 0.113340355 -0.0333868787 0.0561516136 0.014157705 -0.0480333716 -0.0111809215 0.0662805811 0.0709908977 0.0352398157 -0.0230426602 -0.0396490395 0.0761856437 -0.00562462583 -0.0166484155 0.00779032614 -0.0462291762 0.00443407102 0.0499761999 0.0361800939 0.129600778 -0.0740580037 -0.00514694909 0.0431697443 0.0798962414 0.0172383375 0.0127953086 -0.0132250711 -0.0479363762 0.0721850172 0.0120981922 -0.0535111353 0.027000552 0.0500327535 0.0463636182 -0.0130246775 -0.00245011575 -0.00844297651 0.0487509482 0.0283743553 -0.0334772244 0.0092888521 0.0564885996 0.0307516214 0.0182953887 -0.0654825717 0.00101204449 0.0268961675 0.048174452 -0.0229982268 0.0600218959 -0.0361450389 0.0505507588 0.044529587 -0.0173831452
-0.0202684999 0.0420933068 -0.019178763 -0.164820939 0.0556416363 0.11600586 0.0675973669 0.368657976 0.655816019 -0.0340436958 0.0308526978 -0.0561907031 -0.00452705845 -0.109920606 0.0154488934 -0.262386143 0.0640998036 0.287469983 0.0830072165 -0.0665171817 -0.195513234 0.286797673 0.299828112 -0.0343886092 -0.0549932718 0.0726699382 0.00433715433 0.0142978728 -0.0648409128 0.120108716 -0.0620952621 -0.149830878 0.0134375021 0.212550789 0.021800356 0.358267725 0.64397788 -0.0253511202 0.113627635 -0.0161771756 0.011115035 -0.00545225386 0.00695510115 -0.0513568744 0.185241997 0.0525472611 0.038810458 0.0388182588 -0.160203904 0.182402909 0.443677872 -0.0246328078 0.0158745572 0.0124834627 -0.0118707195 0.061114639 0.020152159 0.111857414 -0.0104545718 -0.0902009085 0.0855416805 0.200595155 -0.0377737209 0.341864556 0.591790795 -0.00215514912 0.185117781 0.0104637984 -0.0578121319 0.0621576197 0.0801523402 0.0863213092 0.100613527 -0.0389833562 0.046370063 0.110710636 -0.098987326 0.13353394 0.314941734 -0.0501181483 0.00440076739 -0.0344617143 -0.0437794104 0.0535484403 0.00276725786 0.110932663 -0.0198284965 0.0103952279 0.026983954 0.259627312 -0.00302121975 0.374167919 0.622849286 0.0484550558 0.387505263 -0.0127950013 -0.0821568742 0.0990582481 0.0875567198 0.339960694 0.239070252 -0.0154048996 0.0520952828 0.136269748 -0.0674508661 0.1508798 0.397346705 0.0327354148 -0.0700409859 -0.010700874 -0.057181485 -0.006314978 0.161313519 -0.0906314403 0.27464515 -0.241472602 -0.0274013486 -0.0227188282 0.00528740138 0.0831883997 0.00168568641 0.00593063561 0.0628475696 0.00981318019 0.06623137 0.033564169 0.0833007842 0.0365242362 0.106798157 -0.0186911561 0.0562119149 -0.00600791117 0.0229888726 0.0991307646 0.0253354553 0.0510946065 0.0483748354 0.0161627214 0.071135141 0.0425984673 -0.0099928705 0.0365611203 0.00878285803 -0.0549152717 0.0348603129 -0.0381990075 0.079932563 0.0748575404 -0.00507396134 0.0743244141 -0.00537322322 0.0817072093 0.0394300446 -0.0848252028 -0.0489228033 -0.0162751488 0.0672307536 -0.00796782412 -0.0273866132 0.0592692569 0.0653756559 0.0715325698 0.0143953636 0.0425436683 0.0167358704 -0.0371150561 -0.0297900736 -0.0774297789 -0.0328385159 0.0570724495 -0.00606490765 -0.00539261242 0.0167209245 0.0496962219 -0.062396992 -0.0480745062 0.0642384067 0.000147098108 0.0303282887 -0.072326988 -0.00949428789 0.112915717 -0.0479499176 -0.00198201253 -0.0848700702 0.0789584666 0.0561123267
-0.0570215769 0.0551270023 -0.0844584033 0.180492073 -0.00391955953 0.0542214923 0.0901779607 0.432887614 -0.439852417 -0.179748163 0.111979738 -0.0145914778 0.0414728038 0.00595115591 0.0995593667 -0.287891001 -0.0844517723 0.0567523129 0.181011423 0.220778167 0.350470513 -0.523481429 -0.480233461 -0.00139266998 -0.0464412272 0.00918851793 -0.0727883205 -0.0451557525 -0.162875742 0.0576462001 -0.0782225803 0.114680097 -0.0298651252 0.0051233992 0.0177609939 0.410200894 -0.422420681 -0.0655173659 0.0924693495 -0.019760726 0.0332509913 -0.10783352 0.139308453 -0.569021702 -0.00687381718 0.122687712 -0.0318703614 -0.0163426884 0.218036219 -0.189843029 -0.518466711 0.0695967376 -0.0173927248 -0.022045359 -0.036707256 -0.00500331074 -0.0847333372 0.0412553474 -0.0992344841 0.172438905 0.0240069181 0.0122273369 0.00631757779 0.399541289 -0.539842427 0.0143211102 0.00843812339 0.028142266 -0.00565649103 -0.136247844 0.160021394 -0.723539591 -0.155923024 0.191355795 0.00115301483 0.0103954766 0.195389733 -0.39361015 -0.561157107 -0.0252672397 0.0711006075 -0.0156472921 -0.0610231683 0.0623562634 -0.142775357 0.0950521901 -0.129802406 0.237604603 -0.0473707467 0.0908087045 0.0253848191 0.357652009 -0.506510317 0.085097298 -0.317445785 0.0917258635 0.0507106222 -0.190635636 0.150862515 -1.05371225 -0.17064169 0.224440828 -0.0498232357 -0.01526614 0.0752477944 -0.202512726 -0.418198109 0.0421149358 -0.0358269773 0.0662028491 -0.0216489509 0.0363240093 0.115778789 -0.186211839 0.0155361276 -0.190955535 0.0592394583 0.0628272146 -0.0468071774 -0.0471275151 -0.0651085153 0.081107989 -0.0265829451 -0.0632185712 0.0558377914 0.0583948307 0.0163756441 -0.0228488222 0.0251560006 0.0743203312 0.0847223103 0.0374798998 -0.0266279783 0.0543673486 -0.0453521833 0.105210818 0.0551354513 -0.022119265 0.0452131145 -0.00450750487 0.00437930832 -0.0360778645 0.0398782492 -0.0264627952 -0.0448110253 0.141836315 -0.0281240493 0.0275945254 0.0494688153 -0.0115704993 0.0871361941 0.0784091502 -0.0705644563 -0.0419934951 0.00964782573 0.0392719135 -0.0284843314 -0.0595894642 0.0656904504 -0.0303084403 -0.0706813931 0.0519828908 -0.0348416343 0.00438321149 -0.0289695784 0.0477440543 0.0466538221 0.0743036047 0.00902334228 0.0445434898 -0.0873825848 0.0622214526 0.0100623276 0.0446149074 0.0386911519 -0.0154763721 -0.0142133851 -0.0370628983 0.0588046461 -0.0344390422 0.00390332262 -0.0450556017 -0.0487757623 0.121739663 -0.00959638134 -0.100170746 0.0671067163
-0.0263588801 -0.125600114 -0.0329983197 -0.125059247 -0.020482881 -0.00147369481 0.115281023 -0.561290681 -0.340016216 0.0753155202 -0.182148367 -0.0684721991 0.165210724 -0.0468459502 -0.100830406 0.18637979 -0.292044431 -0.226921156 0.0772644058 0.0967345461 0.125534445 -0.250326335 -0.300926626 0.00019185245 -0.00909019262 0.0309494734 -0.0627902746 0.0157385468 -0.0530590154 -0.0947130024 -0.104953796 -0.110518903 0.0905140713 -0.0395196378 -0.0144256353 -0.5986709 -0.336993456 -0.0429496467 -0.20639126 -0.0266889129 0.1129729 -0.0736216679 -0.049167268 -0.0114170797 -0.304071784 -0.0672871843 0.0483628586 -0.125777513 0.180666 -0.0808150545 -0.424459815 -0.036245957 0.0527129173 -0.00978824496 -0.0288492478 -0.0220627338 0.0111632962 -0.151378378 -0.135879442 0.018368274 0.111748554 -0.0942493826 0.102620743 -0.618891776 -0.376261115 0.0324867219 -0.312390357 -0.0312615894 0.140059739 -0.102021031 -0.0643400028 -0.207729205 -0.384202898 0.0347068533 -0.036786437 -0.199914277 0.135927513 0.0399474725 -0.328681827 0.0418315455 -0.0167770572 0.0235833824 0.00794477761 0.0320065692 -0.0401366837 -0.146411642 -0.0328149684 -0.125817835 0.0243813619 0.00894619338 0.0652431995 -0.55246067 -0.333016127 -0.0925161242 -0.241422161 0.0454922691 0.135924414 -0.164491206 0.0399482585 -0.331857085 -0.518758297 -0.148432076 0.0757538155 -0.253911346 0.159354582 -0.0219329186 -0.40851745 0.0214333832 -0.0322220512 -0.0359924957 0.0232132673 0.0357612744 -0.0109400647 -0.00486155925 -0.132084772 0.274724752 -0.0235773735 0.0226802547 0.0245500747 -0.0503535196 0.150730386 -0.0276894383 0.110564224 -0.00333898701 -0.0771122575 0.0493071601 -0.0388590395 0.0335839987 -0.0519390628 -0.0622637272 0.000135052585 0.0190472864 0.0303963684 0.0241796952 -0.104551747 -0.0031919342 -0.0238797441 0.13692522 0.0548207685 -0.0805611685 0.0399367362 0.00748977764 -0.000891108939 -0.0311495177 -0.0794532299 -0.00484586367 0.0454199053 0.02034338 -0.0297083668 0.0058802655 -0.0496319383 0.0602795519 -0.0142437816 0.0440889075 -0.0643512234 -0.0420294069 0.0424181297 0.0371710435 -0.0227173641 0.0286063608 0.0316359662 0.0750275627 0.0195145439 0.0756962448 -0.065398246 0.0293448605 -0.034946762 0.0105253309 -0.0135552287 0.0171911921 0.0492254682 0.00981995091 0.020920651 -0.00597384991 -0.0166549832 0.126241669 -0.0101021323 -0.0129057104 0.0602561496 -0.0437736139 0.142191038 0.0104050767 0.0166361481 0.0758944824 0.0188939739 0.04983164 -0.0545532592
0.0102959871 -0.0343114957 -0.140880004 0.165121019 0.0684882626 -0.0641328469 0.0797964856 0.449770182 -0.311387658 -0.0900365859 -0.0153097147 0.0681965128 0.0749680549 0.104405329 0.181528196 0.196957693 0.116938688 -0.156475917 0.0978529677 0.113039866 0.169117048 -0.495455027 -0.441870272 0.0243147761 0.0244605616 0.00295104086 0.0200755522 -0.0492188409 0.0815522149 0.0313414112 -0.100192413 0.0932063013 0.00296217273 -0.0238368977 -0.00193535327 0.327503353 -0.345216513 -0.00830635242 0.0551872216 0.0133544151 0.0521776751 -0.0433249995 0.248447239 -0.0254078619 -0.0297739264 -0.230968326 -0.122613244 -0.20007664 0.153197244 -0.0114677111 -0.491642237 -0.0293286182 0.0702695101 -0.0651293993 -0.0181558169 -0.0199311599 0.0626343861 0.0385779925 -0.0953328609 0.248802945 -0.00446635811 -0.0091961138 0.0648841485 0.400533587 -0.391866982 -0.0475378744 0.061549373 -0.00611750362 0.0305574946 -0.175462916 0.297943294 -0.120130114 -0.125820532 -0.289487988 0.0117257237 -0.0231692623 0.168440729 -0.0757390857 -0.475806177 -0.0317008533 0.0297568887 0.0144386664 -0.0551434979 0.0565327108 0.0798732564 -0.0177416075 -0.249724269 0.412517011 0.0445800163 0.00351498905 0.0199476723 0.411744714 -0.290070772 0.0894881785 -0.052961532 -0.0578713454 0.0941674933 -0.44295457 0.191031709 -0.133856028 -0.1366615 -0.533299446 -0.151366711 -0.288089305 -0.200171366 0.22664687 -0.0546528213 -0.0570968762 -0.0120874122 -0.0630071312 -0.0407515503 0.0131829754 -0.0924335122 -0.191659048 -0.0583812073 -0.134137154 0.0094078565 -0.0567166656 -0.0483197495 0.0587878525 0.0712986737 0.113819018 0.0125565473 -0.0698862076 -0.00241945009 -0.0662540719 0.0403696969 0.0711311027 0.00927160773 0.0727253109 0.0935005546 0.0809196159 0.0195656624 0.0656554773 0.0854961723 0.00887321681 0.0511902645 0.0154735837 -0.0213505812 0.116821289 0.00369358575 0.0493892133 0.0089953877 -0.0900329724 0.011999948 0.0956163704 0.073274076 -0.0204625241 -0.071395129 0.0866720155 -0.0336093716 -0.00799089763 -0.047809843 -0.0991833359 0.0290794298 -0.000979124568 0.104774632 -0.0645867735 -0.0275467783 0.0419341587 0.0852994472 0.0314214043 0.0399078093 -0.0830471069 -0.0368251875 0.0434737056 0.0755656213 -0.0312194787 0.0373619236 0.0219131969 -0.0401554927 0.0654427633 0.097247757 -0.0389403738 0.0286646653 -0.00353204436 -0.038268812 -0.0158465914 -0.0560474768 0.0330077931 0.0600536577 0.0937408656 0.0958415866 -0.0391179398 -0.0807697698 -0.0225432683 0.00638285885
-0.117966145 -0.0120588839 -0.0494369939 -0.061178036 0.0331687443 0.0598028116 0.0134951305 0.501278341 -0.419988751 -0.0817211792 -0.0419178791 0.068894349 0.0667957738 0.08120621 0.260947019 -0.367842466 0.103793167 -0.0527812466 0.341873825 0.0328895934 0.160549492 -0.0744663104 -0.0892583206 0.0638814569 -0.00790756941 -0.00402096659 -0.0439348668 0.067047298 -0.0858613253 -0.0982927084 0.0474257357 0.0923819467 -0.015778264 0.00995193515 0.00321663544 0.475700259 -0.361901999 0.0458614603 -0.0176248029 0.0320099592 0.0884258524 0.0380010642 0.275492638 -0.394401073 0.162946075 -0.0584029555 0.130032912 0.10530261 0.00770414993 -0.0679570735 -0.0770254135 0.0138286874 -0.0367803276 -0.0343580619 0.0639343858 -0.0731099173 -0.0784832761 -0.0827205628 -0.0477711894 0.153161809 -0.0455064699 0.0839217082 0.00558623066 0.49408406 -0.382737309 0.0677239224 -0.019298356 0.097833842 -0.0189147219 0.14401859 0.273207933 -0.482813478 0.161354154 0.0383312888 0.0825352222 0.321920633 0.135207921 -0.336540729 -0.522698939 -0.0422334224 0.0674907416 0.0435631424 0.00380634516 0.0691155344 -0.111515962 -0.0649638399 -0.102628693 0.314320564 0.0566695593 0.0698527172 0.016646795 0.480241299 -0.317216963 0.278561503 -0.155057311 0.0437168218 -0.00519642513 -0.0221336707 0.265929401 -0.577882886 0.242366731 -0.0056916466 -0.0526303425 0.105144739 0.165887281 -0.14261578 0.00147248444 -0.0645780638 0.0348463356 0.0525329113 0.0560638756 -0.0239883363 -0.0428386517 0.0264092069 0.138933674 0.0355179049 0.094247438 0.0403022692 -0.0237843432 0.142108247 -0.0934169963 -0.0179928988 -0.0112012271 -0.0157879964 0.108135916 -0.0645661429 0.065641351 0.00831240416 0.0366088934 0.125941023 -0.128522798 0.103570096 0.0370422974 0.0149356769 0.0715035722 -0.00793934055 0.038194485 -0.0366205461 -0.034022443 -0.015462744 -0.0437855311 -0.00431252783 0.00404848345 -0.0504808389 0.0839577764 -0.103913479 0.0952010378 -0.0225642286 -0.0815025494 0.0322802737 -0.100565672 -0.0257082134 0.0103483973 -0.0321013778 0.030209139 0.0322762281 -0.0366465598 0.0936035514 -0.0747060105 0.000763730612 0.0184011403 -0.00209077541 0.00274733733 -0.0197434947 0.0369645096 -0.0369206853 0.0948826373 0.0537839606 -0.06929221 -0.0386131592 -0.0373566486 0.0258715712 -0.00522449426 0.00648268964 0.0352306664 -0.0588834509 0.0145987682 0.0413402654 0.00622900575 -1.65008969e-05 0.0191846751 0.0555861853 -0.0331245139 -0.0815594122 0.00935118645 -0.00203588628 -0.0227404572
-0.0735144541 -0.0947317779 0.0298762973 -0.111736618 0.10082344 0.0578702316 0.0941454247 0.285964191 0.248129219 -0.0105545195 0.22397019 0.0153677044 -0.0266246144 0.15152967 0.122659639 0.108779654 -0.0978133976 0.35445708 -0.209027782 -0.0189633463 -0.255865276 0.210848555 0.266068161 0.0395834893 -0.0371041261 0.0605071038 -0.018784605 -0.0595944226 0.0120498044 -0.0594593622 -0.0154935289 -0.248659804 0.106815979 0.0398461632 0.053532239 0.257159382 0.324791908 -0.00309810066 0.154365852 -0.0474805757 -0.0609233901 0.107786655 -0.0211919826 0.220832318 0.0131253377 0.213350773 -0.250347584 0.0305236988 -0.287234128 0.151823074 0.342094779 0.0683848858 0.0571178198 -0.0419311263 0.0565965772 -0.0624813549 -0.108648248 0.0483383052 0.0308923498 -0.309010178 -0.0133659812 0.0776913837 -0.0269491039 0.328625828 0.215932697 -0.0183954183 0.148115724 -0.0391418338 0.0357784294 0.23900269 0.010234993 0.400545776 -0.0979844853 0.188892707 -0.126950413 -0.0134941153 -0.149584249 0.0300167631 0.209096715 0.068713814 -0.072609216 -0.00771397352 -0.0389970504 -0.0690373927 -0.0250794478 -0.0170672331 -0.0356651507 -0.306739718 0.0565466955 0.152398676 -0.0349641629 0.358386725 0.305151522 0.0250291955 0.276795477 -0.0186666008 0.0275845937 0.210968152 -0.0562272817 0.689881146 0.0393851399 0.170129389 -0.179042518 0.0803516358 -0.130941048 0.0780822262 0.287279129 -0.0433625579 0.017694436 0.0176743641 0.0425592363 0.0674773604 0.163599879 0.047271058 0.0130569758 -0.530281782 0.0572346002 0.017368814 -0.0149047505 -0.0507321917 -0.229022399 0.0459133945 0.021917833 0.0316005498 0.0120760566 -0.102463849 0.0348323472 0.027732823 -0.0682857186 -0.00931929797 -0.130631685 0.0877084136 -0.0520981587 -0.0511922836 -0.0243115649 -0.0506300963 0.0856170356 0.0344860554 -0.0551220663 -0.0365095288 -0.0868555084 0.0292556398 0.0743988901 0.00937672704 0.0677277893 -0.0367110707 0.0692975372 0.0463780202 0.0683213621 0.0367138311 -0.0765122697 0.0257373899 0.0707122684 0.0477393046 -0.0400245786 -0.119147785 -0.0191337075 0.0483513437 0.0954504833 -0.0227602329 -0.138175771 -0.0269432608 0.0255245753 -0.0306824781 -0.00814360473 -0.18348892 0.0177609362 0.0108445846 0.00573427835 0.045055218 -0.153428778 0.0512218401 -0.101652458 -0.0105092628 -0.00468402682 -0.160059869 0.0599880628 0.0132738203 0.0412635691 -0.0468495749 -0.17938441 0.0982999504 -0.0257081427 -0.048116684 -0.0285209715 -0.0668227971 0.0314774588
0.00582314841 0.0503818095 0.00623572199 0.098048754 -0.0700484738 -0.0399514437 -0.0682335272 -0.5726403 -0.470971912 0.147299841 0.105652221 0.0586038791 0.0249877237 0.10401357 -0.18741487 -0.230845094 0.0675119385 -0.0462028719 -0.0240752809 -0.235839501 -0.125206873 0.0029319711 -0.0731625929 -0.0681761131 -0.0475986265 -0.0201435685 0.0120616779 -0.0350966305 -0.10383705 0.0932643414 -0.0335827395 0.0603542775 -0.0157040637 -0.043330323 0.0151380999 -0.520051956 -0.426133126 0.126937851 0.0982106104 0.0863683596 0.0717561841 -0.0838506445 -0.0946179181 -0.281452179 -0.0173988938 0.117089905 -0.00986912753 -0.189313918 0.065164648 0.0144132283 -0.282218575 -0.0625262782 -0.0497923978 0.0271226242 -0.0200468153 0.0199710652 0.0254537165 0.00550971879 -0.133582041 0.0469590761 -0.00807103701 -0.0579897203 0.0626553148 -0.579874992 -0.346187443 0.0414023213 0.0516484305 -0.0378782153 0.0878269821 -0.0740405768 -0.149975643 -0.384481549 -0.00534819486 0.134261355 -0.0847130045 -0.155832916 -0.00138397387 0.0202888995 -0.195130914 -0.0181406736 0.0338370875 0.0624171495 0.0389326289 -0.0240766183 -0.0405046083 0.0609234869 -0.0842271373 0.170350865 0.0393656418 -0.000676423195 0.0590177402 -0.538409233 -0.326565474 -0.0991379097 -0.0998925045 -0.0104706604 -0.0177827068 -0.0561376326 0.213357806 -0.739334464 -0.328433245 0.0544933975 0.0938922167 -0.18683055 0.144908175 -0.0200935639 -0.197647169 -0.0677864999 0.00540328026 0.023673147 0.0373857915 0.0264052525 0.156187147 -0.0357457325 0.237018272 -0.213963509 -0.0573547073 0.0744916573 0.0213411674 0.129705891 -0.0213597566 -0.0792304575 0.0534298085 0.00625448488 0.0474014357 -0.0277298708 0.0482910611 0.0691408664 0.0826329291 0.0157121327 0.0324549973 0.0148686217 0.078908354 0.0191751625 -0.0362447836 0.0582801327 -0.0662695765 0.0676995143 0.0103011448 0.0592735074 0.111891471 0.0642222613 -0.00271580648 -0.0622960441 0.0462471023 0.00756867277 -0.0410579927 0.112158239 -0.102028936 -0.0472043343 -0.0524267145 -0.0427503809 0.0482257903 0.00210004393 0.0258321296 -0.0480800793 0.0513538495 0.0163855441 -0.0349709615 0.0212206095 0.0232041683 -0.0122091388 0.0438775346 0.0528371073 -0.0211656764 0.0432343557 0.0439957194 0.0374420807 0.0910986215 0.00104729889 -0.0225861855 0.0239690933 0.0021763884 0.0463670082 -0.0111896954 0.00816834532 -0.0376532637 0.0458562747 0.0550105311 0.10167595 0.064844951 -0.081243515 -0.00539814495 0.0636068881 0.0790376291 0.155578226 0.0546722077
-0.129557267 -0.0458085276 -0.0676587895 -0.186931863 -0.0152248088 0.0543502867 0.0448802002 0.288372427 0.398171753 -0.125063539 -0.0588535257 0.0293606874 0.000662861275 -0.185977846 0.121227331 -0.361892283 -0.0671085641 0.195449069 -0.101128086 -0.0797434822 -0.273495972 0.338945448 0.368510723 -0.0124061368 0.0107337311 0.0593962818 -0.0649872273 -0.0145480931 -0.097660847 -0.176634669 -0.0538312607 -0.151349023 0.0150433518 0.101972371 0.109638669 0.276676923 0.520574391 -0.11037419 -0.103025086 -0.035259366 0.0241145808 -0.06915389 0.164107084 -0.246811241 -0.000146562292 0.124762855 0.00834188424 0.109432667 -0.0634920374 0.0872487575 0.447976023 0.071779564 -0.0392774306 0.00753370672 0.0253949389 0.0135651156 -0.0758566037 -0.115361691 -0.132627085 -0.0710182041 0.0202773344 0.0865741223 0.0811228082 0.323714435 0.421777159 -0.136544287 -0.0118694128 0.0549238361 0.0618222915 0.00388563983 0.183317006 -0.124885604 0.0912210494 -0.0573455617 0.0870263278 0.156008199 -0.0222981386 0.0754098818 0.349554837 0.0339355692 0.0524024814 0.0642852634 -0.0254906155 -0.0540726185 -0.0231557526 -0.14006345 -0.10319642 -0.212799147 0.0969256982 0.0590109192 0.0531848334 0.292539209 0.456304371 -0.0488508865 0.329119682 -0.0369561426 0.0300691426 -0.0110764075 0.103325613 0.297430366 0.139774859 -0.00246617384 0.123286791 0.274507493 0.102996804 -0.00451524276 0.311986893 0.0216676071 0.0458990484 0.0488189459 0.000305138528 0.0731032193 -0.220561832 0.35939005 0.0787512586 0.269829124 0.0882417411 0.00470437808 0.0586986057 0.0183277819 0.116732396 0.0825022608 -0.00908752531 0.0798984841 -0.015061846 0.0578973293 -0.0219875965 -0.0769662261 0.0168133639 0.0269578062 -0.0268183835 0.100726254 -0.0165593605 0.00715767592 -0.0707609504 0.0116959997 0.0136165302 -0.0839004293 0.0631845221 -0.104296669 0.00652612327 0.0562016517 -0.0554909706 0.118522108 -0.00390657969 -0.0935513601 0.0782906711 0.0115137547 0.027920736 -0.0516895168 -0.118822232 0.0518519618 -0.0749139264 0.132564694 -0.023574926 0.0155274114 0.0607195571 -0.0299833305 0.0899285972 -0.0202172585 0.00419651158 0.0356725603 0.0843703821 0.00906737056 -0.110560827 -0.00758955721 0.115090124 0.0150149278 0.0108979736 -0.111244328 0.00168973685 -0.019957792 -0.0335886851 0.0522005148 -0.0826615095 -0.0932606161 0.0180714689 0.0285649151 -0.0157662109 -0.0712187067 -0.0541547872 0.0968933031 0.0739478841 0.0278965682 -0.0702801943 -0.0579804666 0.0944723487
-0.00758048799 0.0150659243 -0.00232893275 0.0713505596 0.0428521149 -0.0168015063 0.0748677254 -0.311804026 0.555956483 0.00372953597 -0.116401866 0.025042044 0.0905844644 -0.271392763 -0.220715269 -0.256446034 0.0224857461 0.125648975 -0.0725010186 0.291638672 0.0674981996 -0.108113959 0.0202491544 -0.00718253106 0.0586723983 -0.0300852917 -0.0231646188 0.0328377634 -0.104071036 -0.0318021812 -0.0356528573 0.0565315187 0.0487794206 -0.042700842 0.0663419813 -0.20657298 0.547000647 0.0631717071 -0.0509957448 0.0458017737 0.0951040611 -0.203601807 -0.2774719 -0.240861341 0.058535859 -0.0782126412 0.0110984622 0.190795735 0.238419443 -0.135617033 0.187717795 0.00655791163 0.00289420038 0.0282366052 -0.0409626886 -0.00773775578 -0.00348063791 0.0417455398 0.0373680331 -0.00912857149 0.0515428074 -0.0166593939 0.0557962321 -0.239806041 0.611949921 0.0094801886 0.0541098826 -0.0518392958 -0.0251401067 -0.210910603 -0.246292606 -0.180841714 0.00646897592 -0.0584804676 0.124223553 0.134434655 0.279070169 0.0440740436 0.140830562 -0.0720646903 0.0629855394 -0.0317327529 0.0179206207 0.0266494453 -0.0530937128 -0.0489896424 0.0942739472 -0.117838018 0.107253864 -0.05310959 0.0958845764 -0.224219769 0.601191401 -0.0442845933 0.323387593 -0.0518506952 0.0856944621 -0.0226280149 -0.266806513 0.168401271 0.0883143991 -0.0329967216 0.120964527 0.260988444 0.367685646 -0.235427842 0.0894232467 -0.0148880556 -0.0560034141 -0.00346141309 0.0170071125 -0.0710823014 -0.109982915 0.157381669 0.00516093895 -0.238320604 -0.000468998012 0.0114387618 0.116532512 -0.0681196302 -0.168142036 0.0455730185 0.0640181527 0.0297159106 -0.0781081542 -0.0857345015 0.00862475205 0.0973943397 -0.0266637262 0.0379887521 -0.00288291043 0.0438488014 0.0204016492 0.061044924 -0.0685475692 -0.0202068053 0.11460194 -0.0175285563 0.0447310805 0.0322022438 -0.0392877646 0.0614019781 -0.0202552397 -0.00184751127 0.0274558254 0.0485159643 0.0437290147 -0.0397690162 0.0922676548 -0.0467420146 0.0530946292 -0.00039673943 -0.106582388 0.0828886852 0.0369605832 -0.0612195954 0.0323174447 -0.0109604094 0.0785446018 0.0318413675 0.0513726063 0.0157095492 -0.00295771495 0.0793848336 -0.066674225 0.0737768263 0.068598032 0.00369764306 0.0809420049 -0.0412223637 -0.0106581245 -0.00292465533 0.0464039072 -0.0409836546 0.0637994185 -0.0494280159 0.0949072838 -0.0562739633 0.0791178569 -0.0536829494 -0.0451670624 0.0333091989 -0.0863400921 0.0826415047 0.0191097111 -0.0591995344 0.000872918405
-0.161845759 -0.0270823352 -0.160378367 0.182470977 -0.0236383937 0.0104115224 0.0689284801 0.3466129 -0.558570564 -0.22981903 -0.428011537 0.0170177612 -0.106163919 -0.0844010487 0.233986646 0.121494763 0.333255976 -0.22448869 0.112365685 0.177770779 0.38102591 -0.581828773 -0.565323949 -0.00533691049 0.0579159111 -0.072472401 -0.0232570395 -0.0700813755 -0.115431339 -0.0589254983 -0.0602159649 -0.104723133 0.0345927067 0.077827476 0.0785722136 0.448854893 -0.542499602 -0.0128267435 -0.358924747 -0.0341153629 -0.125191346 -0.156872094 0.129482448 -0.242369786 0.242778689 0.0149281044 -0.125159293 -0.0862948373 0.294167101 -0.310222626 -0.707741261 0.0211587921 -0.0267782696 0.0262006745 -0.0104115084 0.0672937036 -0.195339337 0.0219236817 0.154242426 -0.112925738 0.031529896 0.0120910015 0.050630495 0.460434735 -0.514906406 -0.0472993925 -0.457250953 0.0178616233 -0.123530909 -0.241761267 0.285801351 -0.364572465 0.161125332 0.0327440053 -0.139615685 -0.112161189 0.204583868 -0.19615829 -0.646560848 -0.0048962608 0.0414765179 0.0380929336 -0.0477268696 -0.063520588 -0.162542894 -0.0191189945 0.156625077 0.0386791006 0.0542557202 0.00735351071 -0.00231003948 0.398997545 -0.398483962 0.0897143707 -0.541260183 0.0102004306 -0.00765800988 -0.320080996 0.141737297 -0.779540658 0.0577882752 -0.036627993 -0.122179329 -0.152922615 -0.0345999226 -0.0697751269 -0.529082239 -0.0184787624 0.0232131407 -0.0594421215 -0.0432643555 -0.0106976144 0.0635888204 -0.0106042456 -0.20449166 -0.204936534 -0.03802903 0.0925932378 0.0112363249 -0.174220756 -0.0557349473 -0.018713003 0.0504160188 0.0119640054 -0.0588733815 0.0834880546 0.0411922634 0.0148093272 -0.0834760666 0.000194094857 0.134396851 0.0545498691 0.0110082766 -0.02186005 -0.0686317384 0.0681813434 -0.0232521072 -0.038233947 0.015115221 -0.00759387622 0.0916088596 0.0603917241 -0.0901940465 -0.0552811697 -0.0643883422 0.153886423 -0.034056209 0.0245201588 0.0441880859 -0.0334924869 0.0528218336 0.0921306089 -0.0401089638 -0.0537895933 -0.0313636996 0.0317955837 0.00191715639 0.0338758975 0.0478456393 0.00838218909 0.0246211104 0.082785435 -0.00801654998 0.0363665223 -0.00740187848 -0.0294002369 0.00467891665 0.0666808486 -0.0154702738 -0.0568062142 -0.16894564 0.039718654 -0.0511104427 0.0840048566 -0.0750291124 -0.12733607 0.0956367701 0.0757597908 0.0652475357 5.39022585e-05 -0.175549373 0.0725257322 0.0236181077 -0.00316954823 0.0564640947 -0.249550015 0.10121645
0.0721337199 0.0517201945 0.0216017775 0.0951447785 0.0888030827 -0.0764192566 0.0765770823 -0.443707824 -0.367057294 -0.0510563292 -0.106107436 0.0945490897 -0.0160838105 -0.0771322399 -0.298315823 -0.195755035 0.0592383556 -0.0702944696 0.0283572581 -0.219284073 0.0971315429 0.00886501465 0.0222705565 -0.0275060087 0.0205680206 0.00732333213 -0.0681031644 -0.0347574279 0.0691075772 0.0101174079 -0.00529527524 0.182917058 0.00324221351 -0.0449160784 0.0669549853 -0.416517437 -0.256257892 -0.00463715894 -0.16086255 0.0590719022 0.115791261 -0.116955802 -0.17932342 -0.296471864 -0.0680199862 0.156002566 -0.0212665834 -0.176491439 0.10609211 0.183271378 -0.0988911316 0.0124512315 -0.0280442946 -0.00248455256 0.0374615118 -0.00572271645 0.0442430936 0.0216522906 -0.0446219258 0.0718349516 0.0251781382 -0.0336340256 0.0173416063 -0.342718035 -0.317128748 -0.166006759 -0.135393381 0.0441009849 0.120938472 -0.18460916 -0.278002024 -0.584572494 -0.288554579 0.141064778 -0.127775446 -0.319937587 0.116540402 0.237103343 -0.103962012 0.0547687411 0.0630796701 0.00181271136 0.07311894 0.024152346 0.0871971101 0.0236999355 -0.0767484233 0.17142038 0.105547361 -0.0158095472 0.0393695347 -0.400278807 -0.311315387 -0.189311907 -0.200827137 0.0677167848 0.153729573 -0.469318837 -0.150569469 -0.816292942 -0.380385667 -0.0239610411 -0.231717288 -0.520332038 0.0522126555 0.499078304 -0.226404279 -0.023701448 0.0375671238 -0.0355506688 0.0675632656 -0.0485450253 -0.184751108 0.0929474682 0.494428247 -0.34071967 0.0660038516 -0.0868018419 -0.0131043373 0.136280715 -0.114370212 0.0447921567 0.0530158728 -0.0619864315 0.0532146022 0.0277505629 0.102057286 -0.0156805068 0.0680199265 0.0268836357 0.0163929686 -0.0302144308 -0.00113970728 -0.054755874 0.0181682799 0.0488897339 0.0992801487 0.0269608665 0.0372152217 -0.0483352132 0.0930182636 -0.0286355056 -0.0820575282 0.0184030086 -0.0430669077 -0.00295355846 -0.00588974869 -0.0710408241 0.0152276345 0.0393435583 -0.00786360819 0.0435560495 -0.111568272 -0.0859906822 -0.0153064523 -0.0189822987 0.0739777908 -0.0220938828 0.00276415143 0.0461388491 -0.0162600782 0.0314476863 0.0505942442 -0.0380145907 0.0309776962 -0.0480391495 0.0851498619 0.0623580404 0.00707459962 -0.0740269572 -0.0473062694 0.0509335212 0.0202188231 0.0401692316 -0.0690058172 -0.0122925332 0.0495417304 -0.00973478332 -0.0710759461 0.00830076449 0.0638111457 0.0525504239 0.0154287247 0.0290877372 -0.0505807437 0.126730204 0.0630016699
0.0283541083 -0.0381830633 -0.0616802983 -0.0421702079 -0.0737967938 -0.0748362392 -0.0366204493 -0.0121756531 0.0193931311 -0.0242419429 -0.0476612113 -0.0311907623 0.0366563126 0.0327952802 0.0625212565 0.0393125564 0.0579207763 -0.00436655618 -0.0450688824 0.0224986896 0.0636299103 -0.0256287679 -0.00227903575 -0.0650793612 0.0564379692 -0.059395805 -0.0326212421 0.000678956509 -0.025370134 0.0118331956 -0.0348497704 0.0642421991 -0.0538419709 -0.000661618018 -0.0812682211 0.00514583243 0.0569025278 -0.0335360132 -0.0159999859 -0.0146512575 -0.00866090413 0.00863107666 0.0534857586 -0.0159697868 0.0298001859 -0.0656343922 -0.0433776639 -0.052703999 0.0168839172 0.0125016868 0.0714693516 0.0257803053 -0.00668972731 -0.0291583836 0.00709760189 -0.0342304111 0.0208118279 -0.00528065767 -0.0433839224 -0.00215865113 0.0168561172 -0.0259239785 -0.0100319143 -0.0785848945 -0.0166635178 -0.0604968742 0.071099855 0.0505169593 -0.0693866313 -0.0562471151 -0.0620144568 0.042118758 0.0153087303 -0.0675624162 -0.0226516388 0.0549308062 -0.000731050968 -0.0660712868 0.0253710449 0.0727015883 0.0666834414 0.00639167428 -0.020100452 0.00763811916 0.0630318969 0.0426042564 -0.0575341545 0.0288261212 0.0362358801 -0.0708157495 -0.062812455 0.0425347164 0.046547778 -0.0515440479 0.0185717344 0.0322956257 0.00880748685 0.0330036357 0.0176366623 0.0269742515 0.0486254245 -0.0307828523 0.000400364399 -0.0177062303 -0.0132598206 0.0281958729 -0.0283254161 -0.00385030359 0.0622994006 0.0240222141 0.0716656148 -0.00338799506 -0.0262532979 0.0581094474 -0.0459608436 0.0257050525 0.050466489 -0.0353386924 -0.0209648889 0.0660226047 -0.0143239489 -0.0755231529 -0.0345486626 -0.0751065165 -0.0142293051 0.03199628 -0.0211401023 -0.0171321798 -0.000278721593 -0.00589966029 -0.0214437488 -0.034540195 0.00554193277 -0.0106991818 -0.0104844496 -0.0269596241 0.00767951319 -0.0310366508 -0.0104652699 -0.0111939684 0.0430606157 0.0192822646 0.0229614526 -0.0066766399 -0.0463311784 -0.00356106367 -0.0688151047 -0.00608193781 0.0655308887 -0.0105134025 0.0617066398 -0.0569123887 0.0497776866 0.0212278068 -0.0318583883 -0.0721743256 -0.0442668758 0.0290701501 0.0643884316 -0.0588153824 -0.0328858159 0.0146427872 -0.027939789 -0.0685581043 -0.0246008076 0.0232978314 -0.082510367 -0.0270252265 0.0367143415 0.0348440334 -0.0312580504 0.0566768125 0.00620446168 0.0287455618 -0.00630390644 -0.027785439 0.0520005785 -0.0739637092 0.0193921197 -0.032101769 -0.0231291987 0.0444519632 -0.0744772553 -0.0160884485 -0.0248231888 0.0482652932 -0.0667724982
-0.150246948 -0.0344160199 0.101489052 0.177930847 0.0599394627 0.120283283 0.128024653 -0.576287627 0.476698667 0.124552548 -0.138510719 0.00565381208 0.118535928 -0.102100454 -0.0813553259 -0.105171807 -0.0367162675 0.200607732 -0.25470075 -0.00884593371 -0.199514478 0.36250037 0.380904436 0.0474290922 0.00471357256 -0.0168047361 -0.028120093 -0.0624389201 -0.210263878 -0.019164376 -0.116557568 -0.11193426 0.0932858884 -0.00487787835 0.0550482832 -0.527981937 0.421153665 -0.0239349436 -0.180203959 0.0701318458 0.114692643 -0.148557812 -0.163828447 -0.0423754342 0.0936787054 0.184141338 -0.0304701161 -0.042253986 -0.0276434552 0.161386728 0.340470582 0.0478646979 0.0416950285 0.0602496862 0.0126191378 0.00126504153 -0.155291855 0.0471659489 0.0421451405 -0.0727393925 -0.00816054642 0.0194537304 0.0103023937 -0.562314987 0.413721085 -0.0914488286 -0.0876257122 0.0951531157 0.00217977073 -0.0857482627 -0.172565892 0.0149292918 0.131025985 0.0960185304 -0.041227594 -0.028366968 -0.0402424335 0.143898427 0.378120184 -0.00425195694 0.0621383041 -0.0289543867 -0.0101608485 0.0276601017 -0.200364336 -0.0190589279 0.0866339207 -0.216903806 0.117237419 0.0328119211 0.0859596059 -0.515552819 0.466774702 -0.0979860649 -0.0534067973 0.00096923986 0.0247972775 -0.0162551459 -0.194675326 0.264525622 0.0135176377 0.0438319594 -0.016427774 0.120239161 0.0168039259 -0.0598868281 0.104717642 -0.0272705518 0.0159241483 -0.0504648536 -0.0567893311 -0.000946603715 0.0161743108 -0.0968725234 -0.410778075 -0.19911404 0.113815807 0.0857009515 -0.0913313851 -0.159083709 -0.0296185501 0.0459344946 0.0328576565 0.0310883224 -0.077173762 -0.0627368987 0.0771723464 0.00990396179 -0.0505357124 -0.0789199695 -0.0618028492 -0.0089050103 0.0357867666 0.0516685247 -0.0804870948 -0.0299249142 -0.0107823675 0.0420516096 0.0526617542 -0.0311656781 0.0460972004 -0.0137907583 0.0271225683 0.0145249935 0.0188380349 0.0352124982 0.0136564132 0.0398693308 0.0164661277 0.0466056392 0.0662592426 0.0877843499 0.0583613589 -0.0313845985 -0.0271906741 0.0784334168 0.0488011017 0.0762826726 0.0334712267 -0.00210816879 -0.0446829647 0.0860681161 -0.0289850365 -0.0359049514 0.0072107031 0.0432020724 0.0195717085 0.00415988732 -0.0679673851 -0.0601660796 -0.00826056488 0.0380089805 -0.0158331506 0.0339911021 -0.0287807472 -0.0525931716 0.0558254234 -0.0240386631 0.0410424024 -0.0398013741 0.0346329212 0.0979000181 0.0542417578 -0.0159272123 -0.010544166 -0.0343011916 0.0575240329
0.0273923855 -0.116960891 -0.0869510174 -0.0382728241 -0.00277270051 -0.0720906928 0.0709520802 -0.490298629 -0.330593854 -0.0604383424 0.0662781373 0.107499346 -0.0587887019 0.111053735 -0.0682358146 -0.0717927217 0.158097357 0.0186536182 0.0509673357 -0.12534146 -0.0304108933 -0.00847730972 -0.0257675424 0.0291376561 0.0353459418 0.0624662638 -0.0472090542 -0.0133694522 0.125071272 -0.0839385465 0.00616311608 -0.0326924734 -0.0526356027 0.0411403179 0.0816902146 -0.436367035 -0.461807132 -0.172143564 0.0545512401 0.0223858804 -0.127983823 0.127142936 -0.194921806 -0.12878187 0.146338582 0.165637031 0.0531209111 -0.0323325545 -0.00430768821 -0.00150066009 -0.382710665 -0.0595557727 0.00817802548 -0.0486276001 -0.00206208229 -0.0073428154 0.0750552565 -0.0701072216 -0.0631106943 -0.135388315 -0.0146143567 0.0707384944 0.0776907429 -0.359813213 -0.382585734 -0.173878565 -0.00756462058 0.0488768481 -0.0709721297 0.0760804117 -0.296545118 -0.175676703 0.00786223076 0.186116949 -0.134122327 -0.0828361884 -0.0837592557 -0.0130107775 -0.293264568 -0.000486910343 -0.020380903 -0.0436614677 0.0570262372 -0.0721283332 0.108686045 -0.0661836565 -0.0128853824 -0.142690971 -0.0495679528 0.00557314325 0.0613023974 -0.392920732 -0.451952875 -0.192872316 -0.186137542 0.0767839625 0.0122690639 0.05641146 -0.289106399 -0.35668245 -0.0464729108 0.208149344 -0.0672609359 -0.252167821 -0.134281129 0.00963017251 -0.324696958 0.0225270912 0.0670654774 0.0246933326 0.00386776775 0.0726309866 -0.122749969 0.106074579 -0.22876434 0.14421694 0.0298472438 -0.00859434996 -0.0658990815 -0.0572614111 0.0195044875 0.083932966 0.104045451 0.0131241456 0.0848649591 -0.0968636945 0.049597688 0.0642015785 0.00695278263 0.0505200066 -0.0313658901 0.0654528961 0.0116817094 -0.0727734268 -0.0124844518 -0.00229719561 0.016271662 -0.0681823343 0.0201030634 0.0268526562 -0.0693095326 0.0769241154 -0.00625163736 0.0749994814 -0.00339025445 -0.0470099151 -0.048668988 -0.043913953 -0.0213024579 0.0258640256 -0.05330614 -0.0403403379 -0.0171843413 0.04590277 -0.0293636397 -0.0123313684 -0.0271613467 -0.0369120426 0.0262921751 -0.0842441022 0.0118600149 -0.00259922049 0.0153718852 0.0636324883 -0.0841648206 0.023320958 0.0349172391 0.034898594 -0.00974720065 0.0276653823 -0.0528089665 -0.0230154227 0.00146959233 0.0198920276 -0.0737839937 0.0166205913 0.0490049571 -0.067319259 0.0284756701 -0.0709990337 -0.0471241772 0.0135503309 0.0225637816 0.0835387558 0.0144831119 -0.0686049312 -0.0636648908
-0.0596112646 0.141117945 0.194166914 -0.012796673 -0.0190165639 -0.0448082611 0.056262482 -0.567127645 -0.497245193 0.167073175 0.376084775 0.0706240982 -0.0262461621 0.24636206 -0.0522780307 -0.198596671 0.147413492 -0.0230556801 -0.0589745641 -0.127061173 -0.228894636 -0.0958162472 -0.173733026 -0.0694428235 -0.0304076113 0.0153215155 -0.0248560384 -0.0730425119 -0.0217330027 0.10258691 0.176815271 -0.10784433 -0.00800009444 -0.0998165756 -0.0150774261 -0.54661864 -0.455491334 0.0705426931 0.361995667 0.0435969196 -0.112486243 0.0229947977 -0.156707168 -0.0408524871 0.226315886 -0.0118240817 -0.141899347 -0.119377345 -0.117304176 -0.0115885176 -0.214712605 0.0386390537 -0.0610258542 0.01496315 -0.059097182 -0.0213863552 0.014220464 0.0835201815 -0.0272831917 -0.225649387 -0.0131774182 -0.102861486 -0.0576292612 -0.512817502 -0.535557151 0.0073053739 0.312833846 -0.0350873731 -0.0416059792 0.0208383352 -0.237328708 0.012694492 0.192281976 -0.110276408 -0.171431273 -0.241015762 -0.219054282 0.17570141 -0.0928278714 -0.0144623667 -0.0375041626 0.0149165392 -0.026333306 0.0273001119 0.0184570812 0.0373597629 0.146946579 -0.329574108 -0.0608049706 -0.020069221 -0.0386547707 -0.497633964 -0.569147587 -0.159571782 0.04166485 0.051124014 -0.118475132 0.0271560941 -0.191355273 -0.406050742 0.14794457 0.0174074583 0.128513753 -0.0542303547 0.235068962 -0.219481215 -0.356975645 -0.0259393007 -0.00630176067 0.00740915537 -0.0457443111 0.00995793194 0.15999487 -0.187539056 0.0732477307 -0.0214764141 0.0543704517 0.0678530857 -0.0534220301 0.0114777107 0.104073375 0.0304533057 0.0201947354 0.0861890912 0.019840328 0.025755927 -0.0290188137 -0.0928169191 0.162111238 0.0970055908 0.00142907572 0.00624298444 -0.0283657499 0.104352109 0.0166186206 0.0506590717 -0.00234285276 -0.0210035108 0.0875085145 0.0290621985 0.059133321 0.0215856712 0.0759590864 0.100354962 -0.0373672582 0.02458716 0.098809652 0.0536405705 0.0478244871 0.0508916564 0.160787791 0.0527755953 0.00118432986 0.129787117 -0.0750420988 -0.00905030593 0.0379895344 0.0162468292 0.00139719527 0.0327103771 0.0455763601 -0.0126562165 0.0558138974 0.0978743806 -0.0238500293 0.0873670131 0.0696324259 0.0557794496 0.0254121628 -0.0573690161 0.0746729523 0.00158566923 -0.0303856283 0.0353249684 -0.0217046998 0.0724402145 -0.0153797986 -0.0322564207 0.104280159 0.00658508716 0.103148781 0.0590295605 0.0410494693 0.169981942 0.12453153 0.182761505 -0.0265905485
0.0385118648 -0.108630031 -0.0358864814 0.120694742 0.0554405861 -0.066788584 0.0272886232 0.314557433 -0.355235368 -0.110362351 0.0972842202 -0.00442921929 0.0526994057 0.104337744 0.225856051 0.183086023 -0.00194193202 -0.143894926 0.158785716 -0.051284574 0.0541978255 -0.189279228 -0.217478424 -0.0299057402 0.0203391165 0.0682755858 -0.0612754598 0.0280475542 0.000445556536 -0.0989301056 -0.0630503595 -0.0206693038 -0.035698574 0.101033084 0.0616675615 0.255018234 -0.425561458 0.0329071023 -0.0651765466 0.0519344993 -0.00290297018 0.0298114233 0.121453062 0.107317895 0.00911403634 0.0597402453 -0.010436655 -0.0560490005 -0.042861972 -0.0137678729 -0.405937582 -0.0125450678 0.0552044809 -0.0568468682 0.05253537 0.033739835 0.0765804201 -0.0936426297 -0.0540340953 -0.0884123966 0.0151386401 0.0729627386 -0.0136035839 0.356060296 -0.388466954 0.0520920344 -0.146138087 0.08229056 -0.0388798676 0.114171863 0.1054966 0.106396906 -0.00289853313 0.0671113506 -0.0813541934 -0.129683107 -0.241178662 -0.116524234 -0.38783893 0.0508777872 0.0668615103 -0.0327475406 0.0377618 0.00459168106 0.107417881 -0.175903231 -0.0981290489 -0.125051394 0.0880253613 0.0955601782 0.000570376287 0.249379933 -0.411887407 0.110598221 -0.289410323 -0.00849329308 0.0555437915 -0.0279894508 0.0468672551 -0.139114246 0.05728117 0.175381213 -0.123599552 -0.171452433 -0.314351171 0.0124457125 -0.150452584 0.0343504176 0.0622566491 0.0225323066 -0.0109333768 0.0100354403 0.251431674 -0.244335935 -0.146708444 -0.0602395982 0.0595801398 0.0794739723 -0.0258805007 -0.00568882516 -0.0683323443 0.0280189458 -0.00271127583 -0.026214676 -0.0410326347 0.00617115106 0.0369559526 -0.0459399745 0.00866916403 -0.00434925221 0.0347559042 -0.0223187376 0.0490735769 -0.000946253189 0.073702246 -0.0227109995 0.0307897832 0.0144082382 -0.0509158485 0.0478684306 -0.0261588655 0.0588207915 0.114680037 -0.00470429379 0.0541373491 0.0097509753 0.0570522062 0.0106412601 0.0699279532 0.0203871801 0.0499097668 0.0903745145 0.0205231681 -0.0129413297 0.0383093841 -0.0264598969 0.0435419716 0.0615036488 -0.0438077115 0.00704490254 -0.0340257622 0.0315284841 0.0765335932 0.112133637 -0.0599422418 0.0216888916 -0.0344758406 0.0286935195 0.0939405859 -0.0469783619 -0.049848251 -0.0464789458 0.00520035531 0.0741332918 -0.0374361314 0.00198280904 -0.00965687819 0.0733702332 -0.028277671 -0.0196142048 -0.000205408724 -0.0438896492 0.0744705722 -0.0264109615 -0.00263835234 -0.0486008078 0.00938269868
-0.0207252614 0.00889340416 -0.0152604962 0.168938085 0.0469303206 -0.00858611427 0.00724051427 -0.00555735081 0.651925743 0.00133800937 0.164531633 0.108098693 0.106447585 -0.182277843 0.0549606569 -0.311862618 -0.102971323 0.285376996 -0.21174489 -0.0287754927 -0.250187308 0.170909375 0.356341779 -0.0421646684 0.0502638444 -0.0663637519 -0.00503069162 0.0661329627 -0.00326588191 -0.0680645257 -0.000177121896 -0.112058952 0.102889076 -0.0678184181 0.0332614519 0.0328151472 0.628708124 -0.0554021336 0.175060108 0.0540575162 0.108797468 -0.102176405 0.0160920024 -0.144876555 -0.0307761319 0.122935094 0.074008666 0.169881627 -0.0624933876 0.0793607831 0.507454813 -0.0103406236 -0.0632677004 0.0307053402 0.0435639471 -0.0726410523 -0.056055367 -0.0462539233 -0.0344104432 -0.13562049 0.135030955 -0.0244379193 0.123460419 -0.00977948494 0.638634861 -0.0222355183 0.182285428 0.126936167 0.0200959332 0.0693563148 0.077920042 0.0888786614 -0.0143059772 -0.0324118957 0.162730321 0.0887132734 0.0709310323 0.157196179 0.459315926 -0.051941745 -0.0445248038 -0.0403541848 -0.0495962985 0.0392229035 0.0217738599 -0.0345579088 0.0135372467 -0.111985154 0.0845762566 0.0339113027 0.0699475333 0.0044310512 0.571640432 -0.0629883409 0.399524271 0.139703035 0.0931180492 0.192992628 0.0102709886 0.428575248 0.068869181 0.0440086722 0.0569019876 0.262227565 0.00134222931 -0.000719610427 0.339872181 -0.0317592099 0.0309975743 -0.00404256582 0.00705184042 -0.0546849743 -0.261164814 -0.0123274839 -0.426802456 -0.465892583 0.0461023189 -0.0475996435 -0.0884681046 -0.243851304 -0.160919592 0.0283572692 -0.0379263274 0.0591685139 -0.184132516 0.00265299669 0.00994942244 0.0314780585 -0.0117581636 -0.032339856 -0.0791124552 0.0275990181 -0.025447106 0.000716032344 -0.0302000642 0.0924544707 0.119959436 -0.0184269231 -0.0215796996 -0.0275257919 0.0909871385 0.116062343 0.0146650393 -0.00413910812 -0.100487761 -0.00914267264 0.0897853896 -0.106678292 -0.057711713 -0.0710956156 -0.00240678736 0.0766613409 0.000812855898 0.0318097435 0.0139045604 -0.0146026993 0.0215282049 -0.0631270781 -0.0527850352 -0.00994807389 0.000176016241 0.0138155473 0.00458428822 -0.0301676001 -0.0264393091 -0.0875597224 0.0602791198 -0.0282580014 -0.0178883914 0.00249852054 -0.0442822389 0.0304586831 -0.0163342115 -0.032074023 0.0310033951 -0.00686311629 0.0572914369 0.00526854955 0.0485244505 0.0681025237 0.0241232626 0.0136673218 -0.0428926051 -0.0795909986 0.0327644274 0.0122434702 0.0881001353
-0.0360283814 0.0308431871 -0.0789682642 -0.307457864 0.0275276862 0.0538473353 -0.0483478568 0.318299443 0.4766258 -0.0584230423 -0.0571753345 0.00519629614 0.0168586932 -0.140657231 -0.17768994 -0.112621486 0.102420837 0.11591281 -0.123693466 0.0148354024 -0.0657525957 0.0958638862 0.193592861 0.060566932 0.0268939584 -0.0721216947 0.0290634334 0.0709335357 -0.0889882296 0.0788392648 0.108863249 -0.297080278 0.0187539067 0.0789366513 0.0828573629 0.404310137 0.486924797 -0.0983390287 0.017002603 -0.0967197418 0.0761582851 -0.0989991054 -0.129330307 0.0454249904 0.0356551893 0.0437238887 -0.122200564 0.0724979341 0.0361483842 0.0742450133 0.307543486 0.0194438174 0.0379602239 0.0572027564 0.00686822087 0.0704393387 -0.108186573 0.0646291897 0.0984639078 -0.233152822 -0.0536172949 0.129666463 -0.0447188877 0.357453287 0.389792353 -0.00480786292 0.0817690492 -0.101519547 -0.0114392443 -0.101698495 -0.0411414877 0.125189364 -0.0241320319 -0.0753080696 -0.0389044434 0.0491558649 0.14985095 -0.00566529902 0.305139035 0.0542131811 0.0527290106 -0.04337845 0.00855327398 0.0412184224 -0.126196936 0.112614095 0.0015909319 -0.33063212 -0.00515401922 0.0999226645 -0.0116306385 0.345438093 0.379162163 0.120115884 0.398098081 -0.114781342 0.0369913802 0.0727302656 -0.140373573 0.462609261 0.191617787 0.046880234 0.0365378484 0.166261628 0.146607786 0.00573986536 0.182141304 0.0673238337 -0.0458535589 0.0497239679 0.0468307659 0.048298113 0.156954691 0.049304612 0.277904749 -0.154251546 -0.0204716101 0.00505017117 0.136708781 0.0513312183 -0.115910843 -0.0468514487 -0.0194010697 0.0625663027 0.0336520486 -0.0931677371 0.0425432809 -0.0178155918 0.0261643995 0.0156062469 -0.100368701 -0.0198939051 -0.0203461275 0.0293234456 -0.0470969975 -0.0854205191 0.0595164336 0.0431177653 0.138251677 -0.0343897268 -0.132034883 -0.00777509855 -0.025294682 0.075079076 -0.0918779522 -0.071639359 -0.0519584939 0.0246219207 0.144159183 -0.10633868 -0.117579781 0.0593300685 -0.0196563825 0.0643689036 -0.00859731063 -0.128681555 0.0943538472 0.0627012551 0.102719836 -0.0293007139 -0.13368094 0.0407933928 -0.0872631297 0.0856342316 0.0213191789 -0.0858338326 0.078970626 0.00458867522 0.171688646 -0.0215572119 -0.191525489 -0.0377678722 -0.000132726185 0.16104199 0.0297123529 -0.175652415 0.0973696932 -0.0839574262 0.122101352 0.000435072056 -0.192967281 -0.0373853557 0.0133453514 0.0328277946 -0.0226130988 -0.134106338 0.0886358768
0.126572877 -0.0345223397 0.168736532 0.0327796824 -0.0166620873 0.0444071218 0.00688179117 -0.29518342 -0.509885848 0.00477917027 -0.0130907232 0.133695215 0.032915093 0.0257106591 -0.19254601 -0.421783119 0.0483597592 -0.0237608105 0.195634335 -0.347114205 -0.0840464085 0.228136331 0.164089039 -0.000439979136 -0.0583634935 0.0566440672 -0.0398090556 -0.0484566689 0.175426692 -0.0887392685 0.112097025 0.0947012231 0.0398971811 -0.0212000962 -0.00946594216 -0.337582976 -0.474352509 0.0639699921 0.0685189068 0.0218202379 -0.0246422142 -0.259388387 -0.150448859 -0.33843714 -0.0700143203 -0.039224349 0.051941108 -0.312343448 -0.122199483 0.17268689 0.0537828133 -0.0635791942 -0.0213743746 -0.0192833133 0.0240643173 -0.0185216516 0.0745374486 0.0396244042 0.112087369 0.0402918644 0.0981344283 0.071227096 0.00148587162 -0.325120807 -0.481639326 -0.0381124355 -0.0510763936 0.0848596245 -0.0388819352 -0.323293895 -0.26554659 -0.50275296 -0.0514974967 -0.104918547 -0.0397196151 -0.277337581 -0.194677845 0.0700392947 -0.120206267 0.0513005778 -0.0526572205 0.0511959121 0.0050630942 -0.0107004121 0.163450778 -0.0787377357 0.138386592 0.109290935 0.115417644 -0.0398556776 0.0532657839 -0.319991171 -0.502846539 -0.0740961209 -0.276904583 0.117374718 -0.0214258526 -0.551566243 -0.117218554 -0.727901936 -0.0537763499 -0.150992528 0.128337085 -0.460658997 -0.00885242876 0.435896695 0.0659571737 -0.0456938557 0.0719551891 -0.0612400621 -0.0531125665 -0.0618741587 -0.062877275 -0.0329537541 0.144090876 -0.371820956 0.0682595149 -0.0330999829 -0.0906303003 0.0426221862 -0.148547992 0.0183442626 -0.0943637565 0.0449031107 0.0569635518 -0.026747467 0.112407379 -0.0373568982 0.0393230878 -0.000879884639 -0.0237271395 -0.0127939861 -0.0725685656 0.0955674499 -0.0196224488 0.0267247315 0.0987949669 0.0255263001 0.0580791496 0.0752351135 0.0518783666 0.0441379771 -0.0531304367 -0.0781696513 0.0315192938 0.0180817656 0.0615570396 -0.0661529824 0.032694459 -0.0172104109 0.0540379211 0.10369356 -0.0134267081 -0.0224932209 0.0152369384 -0.105995759 0.0991173387 0.0256726779 0.00219781511 -0.0490819737 -0.0899661332 0.110816218 0.00809845142 -0.0748587847 -0.0708377063 -0.204583466 0.0419990085 -0.0481714942 -0.0355037041 -0.064072974 -0.0454206951 0.018942954 0.0163412131 -0.0369517915 -0.0984440371 -0.127957836 0.00776728196 -0.000847649586 -0.025521256 -0.0428931639 -0.0431812108 0.0939707011 0.00416875165 -0.0134398239 -0.126403823 0.0297876056 0.0939645693
0.0331867114 -0.038183514 0.00259185862 -0.0610175058 -0.0757635161 0.0460266732 0.0247282498 0.0499816425 0.0564864688 -0.00649347715 0.0252870042 -0.0440219268 -0.0595228635 -0.0114655606 -0.0431935079 0.0681677461 -0.0594681427 0.0682570338 -0.0123654343 0.0132386461 0.0636771321 -0.0338367075 -0.02709499 0.0302547365 -0.0185269602 0.00925985724 0.0460756198 0.00351994485 0.0548293516 -0.0231469478 0.0351354033 0.00707855821 -0.0655212477 -0.0174100157 0.019301258 -0.0502231792 0.0713671744 -0.0350157879 0.0314613022 -0.00101001817 -0.0424818695 0.0551341474 -0.0166578628 -0.0113521814 -0.0210178755 -0.0725135505 0.043202512 -0.0331304893 0.0438311398 0.0347796232 0.0396300852 0.0260979384 0.0235401392 -0.0616611913 -0.00410547853 -0.0302631818 0.0600075163 0.0371745862 0.00704612862 -0.066227667 -0.0764902309 -0.0704479963 0.0418836139 0.0406598896 -0.0554922111 -0.0581603311 0.0527467988 0.0202168301 -0.0460817218 -0.00845170021 0.0450845584 0.0386379436 -0.00288234651 -0.0304167122 -0.024601765 -0.0218419544 -0.0453859121 -0.0482987314 0.0517711714 0.0121351853 0.0239993632 -0.0531424135 0.0135576576 0.0651449859 0.0366636254 0.00569199771 -0.0336645283 0.070424214 -0.0404988676 -0.0299891885 -0.00577498181 -0.0240490083 0.00640729675 -0.0172112025 -0.051083602 -0.00855894014 0.0301247835 -0.0713919699 0.0255423412 0.0106035322 -0.0470157787 0.0535194576 0.047774218 0.0233074203 -0.0291951895 0.0174034312 0.0338097736 -0.0108393878 -0.0314614289 0.00139852613 -0.0616431385 0.0514751524 0.00195892667 -0.0320740826 0.00696540624 -0.0383590385 -0.0164886117 -0.0520515218 0.019717589 0.0354511365 -0.0226055235 0.0341301933 0.0425905026 -0.0658415705 -0.0472886339 0.00668222457 -0.039053455 0.0391738601 0.0639788806 -0.0410868749 0.00896267593 0.00468915701 0.0521067418 -0.058554329 0.0251915231 -0.0520376265 -0.062376529 0.0556695238 0.0428896695 -0.0722442269 0.0437240526 -0.0524982922 0.0563623868 0.0118824542 -0.0233650915 0.00681421161 -0.0131782331 -0.00570426183 -0.0502161011 0.0360825211 -0.0506159365 0.0050246045 -0.0529976971 -0.0396368764 0.00839042664 0.00657083094 -0.0663561299 0.0198640376 0.0234849304 -0.0338038057 0.0083842501 -0.038701538 -0.0684045926 -0.0123252831 0.0483196899 0.00267334282 -0.0517657399 0.0516847298 -0.0115521774 -0.0644318014 0.024138771 -0.0598953851 0.0422125459 0.0147309005 0.0213632882 -0.0642751083 0.0193160325 -0.00671495497 -0.0158411339 0.0207375214 -0.0658340231 -0.0522753596 -0.0666301176 -0.0257632174 0.0323069096 0.0400600284 0.0187827721
-0.0919307619 -0.0740767568 -0.0309241135 -0.106313184 -0.0417547822 0.0579343028 0.00173661637 0.453409493 0.525982499 -0.0652129799 -0.0131878573 -0.0659852326 0.0239878278 -0.158273652 0.0726064146 -0.0421693884 -0.0981825069 0.0143901734 -0.0822950825 -0.0510890894 -0.204512641 0.179083049 0.260305643 0.00789039582 -0.0336510688 -0.0641330928 0.0510200039 0.00142309815 -0.072253488 -0.0782701373 -0.0208592229 -0.103880852 -0.01913785 0.0512284711 0.0784430951 0.383641243 0.53147012 -0.0492892452 -0.0491554141 0.00597071368 0.050693091 -0.0356027782 0.109721325 0.210393488 -0.0511526503 0.02094239 0.0337790102 0.112033032 -0.117087148 0.127226844 0.359767109 0.0574630648 0.0654475987 0.0601066053 0.0486869887 -0.0281608291 -0.0908152536 -0.0903818011 -0.0794439465 -0.0654710978 -0.0130653288 0.0559773184 0.0105266823 0.423781306 0.422739536 -0.0340102799 0.121389017 -0.0285530537 0.061053928 0.0765310898 0.24503988 0.188023791 -0.094134599 -0.132899001 -0.0133172385 0.0730073154 -0.00689172884 0.134430647 0.324047327 0.00618176162 -0.00771070272 -0.0706262812 0.072592482 0.0289843678 -0.119458072 -0.0400116593 -0.00588112976 -0.0697772354 0.0883653387 0.125409424 0.0903642029 0.380980045 0.493878186 0.0771047249 0.200391993 0.0197838191 -0.0136376852 0.250924557 0.184651226 0.598247707 0.101274483 0.0553259552 -0.0203848314 0.191917568 -0.051975403 0.0757001117 0.27224195 0.0494691655 0.0289323479 0.0719282329 -0.0360561237 0.0134700462 -0.144111902 0.121299379 0.000153013025 0.094699271 0.0127486177 -0.0124337766 0.111555412 0.0736797526 0.0189689193 -0.00715740072 0.0390810743 0.0737514049 -0.046120625 -0.0383385308 -0.0234586708 0.0101313069 -0.0101409871 -0.0527543277 -0.0745993778 0.0600565225 0.0776080638 -0.051594656 0.0408606008 -0.0756980628 0.00320634944 0.0524307042 0.00674936222 0.0312765799 -0.0795700327 0.0556140989 -0.0224820841 0.0350055322 0.0282076299 -0.0144532854 0.0812479034 0.00031202106 0.0300362185 0.0618857779 -0.0294800345 -0.0294675995 -0.0540348813 0.0950635672 0.0389855132 -0.0595705733 0.086146608 0.042639602 0.0631086379 0.0189454462 -0.000442237535 0.0187220443 -0.0440548956 0.0164694749 0.0384067707 -0.060238447 0.0669357404 0.0703701451 0.0547663793 0.0708873942 -0.0483665951 0.0370984413 -0.0209450405 0.0771245062 -0.0325126275 -0.00385330571 0.072230354 0.0672942325 0.00704801967 -0.0145123824 0.0432712287 -0.00611792738 0.0168150142 -0.0301779769 0.0619920678 0.00140067923 0.0089828549
-0.00956318807 -0.058786422 -0.0129442886 0.144197807 0.0620379262 -0.0424728915 0.0947505683 -0.472820461 -0.384158164 0.153006271 0.0360300206 -0.0710836723 0.069817692 -0.101194881 -0.137686789 -0.0879010558 0.0916847885 -0.0948567316 0.123318061 -0.271351159 -0.0215286743 0.165637419 -0.0639470518 -0.0121557117 0.0429088324 0.0472492501 0.0267223716 0.0144946203 0.0463590883 0.00626381999 -0.103936404 0.0254049413 0.086422421 0.0385080203 0.0619062297 -0.485476553 -0.360377789 0.154472351 0.0421591885 -0.02239912 0.0854944214 -0.0519534312 -0.0908437818 -0.17281732 0.070894748 0.00654868828 0.0271432661 -0.191425592 -0.0441984087 0.108949997 -0.200869218 -0.00127924979 1.7657876e-05 -0.0156198777 0.0428997353 0.0627248436 -0.0298435427 -0.0316627249 0.0380937755 0.0270959809 0.0735115781 0.0654499382 0.027619442 -0.593432426 -0.480223864 0.171984345 -0.175128758 0.0565786511 0.0721858814 -0.18751426 -0.0330846384 -0.328468502 0.0199692342 0.000542751164 -0.0561111644 -0.150854304 -0.0804350078 0.0373859145 -0.164549306 -0.0158493444 0.0283622816 0.0184122473 0.0156464353 -0.0469655916 -0.0464061238 -0.0437242053 0.102551825 0.0355922095 -0.018010959 0.0281825215 -0.0129029099 -0.585615396 -0.358356178 0.0357728601 -0.295407623 0.0361399949 0.0470949113 -0.272894025 -0.166487575 -0.675441504 0.0201761369 -0.0430375785 0.183943883 -0.13506864 0.0238828827 -0.019566359 -0.230365828 -0.0411581136 0.00295637548 0.067718029 -0.0247815214 -0.0723600462 0.0447228216 -0.0911635011 -0.101581752 0.11657957 0.02184847 -0.0254688226 -0.0186475236 -0.0728804693 -0.0042053666 0.0290292036 0.0273372699 -0.0854340419 -0.0219000317 0.0290487297 -0.0130784195 0.0335826017 0.0215985645 0.0417272598 0.0163323842 0.0302786157 0.023757603 -0.0645411313 0.0781091824 0.00493952073 0.0280899424 -0.0390699841 -0.0959144831 -0.0126876514 0.0737361759 0.00666301325 0.0357942544 -0.081705898 -0.0456404313 0.0139264157 0.0229024105 -0.0851010457 -0.100941055 0.0510035194 0.10392084 0.0249439981 -0.0875876769 -0.110013671 0.00107446942 0.0124333119 0.0403637141 -0.0330858715 -0.00576205226 -0.0191744529 0.125152528 -0.0187786743 -0.0884236917 -0.0398975089 0.0112947198 0.0196857229 0.0280800033 0.0409274995 0.0534371547 0.0230145492 0.0773373842 0.030963352 -0.0248798933 0.0770666823 0.0511963256 0.11233905 0.0273986645 0.00676677097 0.0378525183 0.0166745894 0.0403394327 0.0309365261 -0.0342277437 0.0636494756 0.0778696164 0.0241608117 -0.003664552
-0.0421126261 0.00508842431 0.0258452091 -0.124317348 0.040260829 0.0343689434 -0.0316423476 0.521033823 -0.42971161 -0.00361106452 -0.0311875138 -0.0716342181 0.00619612169 0.00455089379 -0.137562782 -0.0379661322 0.348697454 0.00826750696 0.167945966 -0.21048975 -0.0712696314 0.161922157 0.111212753 0.0184935331 -0.0605223775 0.0108627751 -0.072155349 -0.00856472552 0.0628124252 -0.0873508602 -0.00100254174 -0.173050627 0.00341295917 0.0225703642 -0.008905177 0.450927168 -0.422576249 0.108059794 -0.0283982679 0.00986917596 0.083205089 -0.114166707 -0.129368603 -0.224742249 0.238385737 0.207879767 -0.0887226164 -0.203796208 -0.280647576 0.135785282 -0.0684445798 0.027205728 -0.00181472301 -0.0675500631 0.063828215 -0.0611085407 0.0623595528 -0.0346477591 -0.0103644002 -0.365705222 0.0415885635 0.0938020796 -0.0641520321 0.477561593 -0.496107519 0.058865618 -0.106406733 0.00668108277 0.0346626751 -0.196862742 -0.105695501 -0.340524465 0.210049585 0.0878719389 -0.055422172 -0.228392288 -0.308948725 0.18784678 -0.0651369244 0.0417847633 -0.0266347118 0.0474568307 0.061732769 -0.04295066 0.0330963545 -0.0411759205 0.0602938756 -0.393797547 -0.0388479605 0.0687362254 -0.00430469681 0.529214084 -0.48990494 0.0870783702 -0.282120466 0.00455650967 0.096766144 -0.438513637 -0.0194038637 -0.631044328 0.334615767 0.119212843 -0.0849676728 -0.354996741 -0.273067653 0.334215879 0.0336660594 0.0182063282 0.0283703655 -0.0175895318 0.00828736275 0.0690495372 0.117846042 0.00404548133 -0.172641248 0.0284080226 0.0303718187 -0.0134716183 -0.0436340272 -0.0827670246 0.00800506957 0.0410497151 0.00561302993 -0.0394677259 -0.0286668688 0.0417159237 0.0568885468 -0.112377286 -0.0382389165 -0.0576344281 0.0445186347 0.0418638401 -0.107254967 0.0845790282 0.0260585267 -0.00761944382 0.0193945337 -0.0162756983 -0.0403877534 -0.114938125 0.0402245335 0.0663425475 -0.00746824034 -0.0318496376 -0.0431745835 -0.0248125754 0.0305143148 0.060486421 0.10356579 0.00743522309 0.045623064 0.0757704526 0.0075443578 0.0501408577 -0.108008385 0.0764274299 0.0312507227 0.0463924445 0.08872962 -0.0154451281 -0.0225381367 -0.0198446475 -0.0507795401 0.0922316164 -0.0982497334 -0.0258422978 0.0304822456 -0.0397202931 0.0345242359 -0.0469388664 0.078489989 0.0435032286 0.0200916585 0.0208284128 -0.0816510916 -0.0157192964 -0.0295867566 0.0924085155 0.0594626702 -0.128227845 0.0874821618 0.0621663965 -0.0229302701 0.0221044067 -0.0916278139 0.0426315553 -0.0385252982
0.0564010665 0.0575787239 0.064460732 0.0990677252 -0.0201975424 -0.0647688732 0.0422141068 0.414518625 -0.501756251 -0.0136610419 -0.0488625169 0.0108972145 -0.0252425019 0.0100413701 -0.118819602 -0.0432913043 0.206759095 -0.0216043163 0.133159891 -0.0674690828 0.0382848606 -0.0872332826 -0.173019335 -0.00774028897 -0.0639100969 -0.020840399 -0.00740850717 0.0216213241 -0.0692077428 0.0611062162 0.0980800092 0.0932279527 0.0242408775 -0.0526276045 0.0489866473 0.496981144 -0.459550887 0.0968602821 0.0435658023 0.0277224127 0.0511922538 -0.0716396049 -0.0603843629 -0.0945920274 0.13443464 0.126858696 -0.024155397 -0.217125282 -0.134262353 0.0225369968 -0.20948121 -0.0145668797 0.0194855407 -0.0571609512 0.0329464376 0.0471293852 0.0105324229 0.0285491608 0.0116511118 0.0555647239 0.040594101 -0.102308832 0.0210699029 0.45162648 -0.415310442 0.14854604 0.0305333864 -0.00723615615 0.0359013937 -0.217386991 0.0285243727 -0.304529011 0.19949159 0.0948335454 -0.0225600302 -0.177098721 -0.231502712 0.0234985482 -0.231887624 -0.0465370156 -0.0659843236 -0.0608251616 0.0689177364 0.036374405 -0.0370091237 0.0506153293 -0.0283448752 -0.0643299446 -0.0266693141 -0.091712594 0.0715411305 0.513946056 -0.510222435 0.215830937 -0.234771997 -0.037011452 0.021558376 -0.402828306 -0.0640558302 -0.496947736 0.232234851 0.146299988 -0.0472407639 -0.331875324 -0.268207461 0.195165157 -0.00630676979 -0.00216621906 -0.0215029418 0.0070040077 -0.0729563087 0.0442345142 -0.00360277062 -0.0571883805 -0.129417539 -0.239005446 0.00784832053 0.0143957362 -0.0191687122 0.00184861885 -0.105422512 -0.0246485379 -0.0667489544 0.0920090377 -0.00466857059 -0.0469703861 0.0149499066 0.0478151925 0.0600555092 0.0472159646 0.0305793192 0.0231112409 0.0616544299 0.0443578325 -0.065184921 0.0364828221 0.0820934698 0.0223957319 0.00928880833 -0.0674275607 0.12142282 0.0104249977 -0.036030788 0.0924636647 0.0447250269 0.0766512603 0.0485716425 -0.0310803615 0.0184120443 -0.0434387252 0.0649635419 0.0573683344 0.0344547294 -0.0149457306 -0.00446909759 0.0182598494 -0.0236103795 0.00762495166 0.0490219407 -0.00899149198 -0.0245084446 0.0749182999 -0.0420215353 0.0490304455 -0.0111824842 0.001145961 0.0425995551 -0.077110827 0.039155595 0.00094253954 -0.0703774095 0.0583518408 0.00884155557 0.00257897936 0.00630920054 0.0519584753 -0.0166826323 -0.0267235786 0.0087552974 0.0121882251 0.0420267545 -0.00459473254 0.0432490893 -0.00868555717 0.0611950308 0.0747763142 -0.000778260524
0.112006798 -0.0808737427 -0.068898432 -0.0624904707 0.0954354703 0.00614868989 0.101024225 -0.542181909 -0.355223298 0.0687979907 0.307685286 -0.0343247876 -0.0564650558 0.00371807488 -0.166156501 -0.333333313 0.326295704 0.117133394 0.236469895 -0.382356882 -0.34366715 0.218274564 0.450097948 -0.0130562671 0.0592638105 -0.0546911508 -0.0188721716 -0.0638446659 0.119337663 -0.0921822935 -0.029892927 0.0408083573 -0.0294647329 0.0877825916 0.0639873743 -0.481300354 -0.31711942 0.0241437163 0.182155684 0.103749633 -0.0651445463 0.0370734669 0.00428997912 -0.497636765 0.332401216 0.136904031 -0.0379080959 -0.402657807 -0.376032144 0.424633443 0.0927910507 -0.0503450334 -0.0544847026 -0.0366622061 -0.0723913014 -0.00340176374 0.0590036511 -0.177115977 -0.0670024455 0.0989634916 0.0265182462 -0.0629925355 0.0717126429 -0.486591458 -0.312025875 -0.0278776269 0.169270575 0.0683727935 -0.0757111683 -0.071293734 -0.13036707 -0.588675201 0.229602322 0.0896327496 0.0667177513 -0.197207794 -0.329481363 0.235425085 0.0648977682 0.0552903712 -0.0144398399 0.0354310125 -0.051800184 -0.0131489336 0.0865857974 -0.0630075783 -0.0181446895 0.0800760165 0.0216892604 -0.0400578827 0.101072729 -0.49403578 -0.349815935 -0.0689292401 0.11320281 0.00791696645 -0.081017904 -0.284364164 -0.00834133197 -0.695653379 -0.00630302494 -0.068398945 -0.00324393529 -0.373433948 -0.206310838 0.316597968 0.00529101724 0.0702107847 -0.0502886288 0.0665524304 -0.0123681389 0.0423360169 -0.0564167276 -0.028067546 0.0241163056 0.120214492 0.0737373829 0.0426747799 -0.0452071801 0.0446015857 -0.0077879536 0.00742051052 -0.0205144994 -0.0032018777 -0.0192096028 -0.0679856837 0.0714087039 -0.0187292509 -0.043502707 0.043654263 -0.100893818 -0.029834792 -0.0667904839 -0.00686991494 -0.0782384351 -0.0715119094 0.095663406 0.0544365607 0.090166688 0.0155056873 -0.0541096143 0.0445819385 0.0710540861 0.062587738 0.00709927874 -0.140914857 0.0766764432 -0.0638999045 0.0496277213 -0.0730746016 -0.0654071495 0.0518936291 -0.00873492379 0.120332591 -0.100130193 -0.123849608 0.0481579974 -0.0585698411 0.00192714762 -0.105105892 0.044522386 -0.00395338563 -0.0657848567 0.0693154559 -0.124479152 -0.0377275497 -0.00350586884 0.0328364372 0.0728586838 -0.127290621 -0.064032428 0.0683232397 -0.0443506725 0.0652253255 -0.0260091182 0.0357600451 0.0445698351 0.0630856082 0.0236013215 -0.0212272238 -0.00965936948 -0.00694239326 0.000772898551 0.0845886096 -0.0290375426 0.0844505876 0.0300464015
0.0557652675 -0.0970977694 0.0273017772 -0.0298817195 0.0493175052 -0.0210884921 0.0660993978 0.346480846 -0.528934121 0.0439192355 0.0142485518 0.100399263 0.0362616703 0.113464691 0.0112387948 0.0147023899 0.134254366 0.0563230515 0.124184959 -0.189643517 -0.0105372667 0.0649755821 0.0404541641 -0.0703606606 0.0338997692 -0.0694285408 -0.0355679654 0.0499237701 0.0129728094 -0.10010086 0.175856769 -0.102951013 0.00642898446 -0.0347436629 -0.01788022 0.338747054 -0.52070725 0.0963705257 0.0655402988 0.102354363 0.0499730483 -0.0292444453 -0.0079699168 -0.060082946 0.196528733 0.134603843 0.0153839672 -0.0501520932 -0.163491473 0.0772096291 -0.237064078 -0.0569459423 0.0162114576 -0.0500622094 0.0637404621 0.0680242181 -0.0368542224 -0.161993295 0.0553349406 -0.15484491 -0.0490788929 0.0836842656 0.0581916794 0.292077422 -0.476906061 0.050713934 -0.0180931631 0.0534651056 0.0219093934 -0.155477956 0.137910172 -0.064574793 0.156905428 0.0230323803 -0.00770872738 0.0522872806 -0.221545085 -0.0644858256 -0.212821618 -0.00335094333 -0.0559401587 -0.0485748053 0.035069935 -0.0711714402 -0.0289044399 -0.101631097 -0.0664935783 -0.168610513 -0.0261601154 -0.0122053605 -0.0245918073 0.27574566 -0.548705816 0.181223005 -0.202924222 0.0109457504 0.0593280979 -0.127155796 0.0806965455 -0.211627126 -0.0367113203 0.16065523 -0.0209703762 -0.204749018 -0.27062881 -0.0644577295 -0.0685443878 -0.0662333518 -0.0620573312 0.0221530795 0.0417296588 -0.0340583473 -0.0965483785 0.113332927 -0.184970438 0.0120192003 0.0722283199 -0.072385408 -0.0155121973 -0.0592307188 -0.0802134722 -0.0243225377 0.0269624926 0.0126349684 -0.0148643674 -0.0689042881 -0.00605284097 -0.0232406408 0.027244838 -0.0863048285 -0.00721591618 0.0786674619 0.105563559 0.0418372974 0.0449109189 -0.0492462888 -0.00760515966 0.0409864448 -0.0514411144 -0.0614178181 -0.0179322064 0.0685750842 0.0641775131 -0.0356305018 -0.0649654716 0.011845029 0.020623548 -0.0152454581 0.0411197059 0.0191071387 -0.00169931212 0.063754946 0.0281285923 0.0801885948 -0.0686790198 0.0116349049 -0.0451190993 0.0610467456 0.0748699307 0.0368063562 0.0087112179 0.0134007698 0.102996252 0.0149598783 0.0475145206 -0.0101760812 0.079571262 0.00879110675 0.0372171253 0.0410049446 0.0228521284 -0.0343489461 0.0526458696 -0.0486738868 -0.0662893727 0.0655456483 -0.0624485016 0.110511519 -0.0322961956 -0.0219827052 -0.00262891827 -0.0206070505 0.077395387 -0.0328707062 0.0781876966 0.0482210778 0.0654432476
-0.11468593 -0.112919532 0.0410387255 0.0426913127 -0.019264983 0.140258655 -0.0304713473 0.400277942 -0.26829645 -0.0490189753 -0.047154814 0.10266953 0.123926133 0.099525094 -0.103749 0.349267483 0.11175777 -0.231687352 0.314854115 -0.271970302 0.0140264602 0.170861095 0.187007785 -0.00445473194 0.0320562199 -0.0352884419 -0.0278094746 0.0559923351 -0.00705492357 -0.0530163012 0.293782622 -0.149738789 0.0976081192 0.130444929 0.0698232502 0.371545166 -0.252617419 0.0779803768 0.0114675723 0.0979757234 0.00677509978 0.13790068 -0.0112027144 0.374690205 -0.0235673562 -0.183622152 0.229832008 -0.244505361 -0.226214096 0.273927927 0.156710401 -0.0410592854 0.00607340783 0.0513002574 -0.0697283521 -0.00919937342 -0.130160511 -0.135310069 0.0655260757 -0.156482622 0.10527432 0.189625591 0.00682602311 0.352363259 -0.278367013 0.123922616 -0.101548672 0.0971780568 0.0808321312 0.164294928 -0.0169293489 0.487622261 0.0736602247 -0.0107457032 0.110524334 0.0330674909 -0.111657843 0.0531268828 -0.0475302562 -0.0352099836 -0.05586081 0.00136064738 -0.0225786828 0.0413558334 -0.0473244898 -0.0745352805 -0.100692958 0.109011136 0.00155909022 0.162628397 0.0156265683 0.410739183 -0.269490749 0.11195945 -0.285449654 0.013886326 0.0701228231 0.30817616 0.0109977685 0.38445726 0.194519907 0.234468699 0.0856940895 -0.311092675 -0.085031271 0.340246648 0.153644308 -0.0647330657 -0.0126084536 -0.0658661649 0.0115726888 0.0525541455 -0.552474082 0.329363763 -0.0809415132 -0.479855418 0.0715418831 -0.0479973741 0.132732496 -0.0656266659 -0.121272758 -0.0169184767 0.00689427694 0.0969600677 -0.075967893 -0.154034123 -0.0153436102 0.162463576 -0.0440692753 -0.0506828651 -0.0935160145 0.109024048 0.131423965 -0.0400303863 -0.128808692 0.0515858829 0.0676216111 -0.0807314515 0.0613491088 -0.154757947 -0.00633731019 0.00749487802 -0.201327145 0.105801553 -0.0483317785 0.0167234056 0.0157490037 -0.123878978 0.027797021 -0.050447274 0.0213412046 0.0891147405 -0.0121659366 0.0704160184 -0.0827361867 -0.0630505681 0.0412255153 0.000289615593 0.0623137578 -0.0825651214 -0.0797544271 -0.0136473831 0.0998144969 0.0747102499 0.0235896874 -0.0355083719 -0.0291891228 0.127890676 -0.0583781376 -0.0545741953 -0.0192801803 0.0507448204 0.0333892405 -0.0107237175 -0.112514645 -0.090021424 0.0256685968 0.0138461255 -0.0410455801 -0.123236381 0.0519617163 0.0598787628 0.0407049619 0.00173040258 -0.156147942 0.0144241927 -0.0100566959
0.156753972 0.146095961 0.046794299 0.276061296 0.0632622615 0.0874085501 0.044243928 0.470180541 0.289800167 -0.0889026672 0.0666491836 0.000382175291 0.0452756248 -0.086203061 0.115181059 -0.347336531 0.00525925821 -0.235862315 0.0800419748 0.00652858429 -0.118490532 0.207889304 0.224017724 -0.0617289022 0.0392072871 -0.0100577176 -0.0130684637 -0.054153882 0.181382731 0.12945202 -0.00591432303 0.172476888 -0.0330482051 0.125986546 0.0834387839 0.423876584 0.277641386 -0.107822686 -0.0678791553 0.0530300327 0.121960506 -0.0701427609 0.0762403831 -0.136765704 0.040561907 -0.357170433 0.233486563 0.204826221 -0.134756863 0.0613767058 0.517694294 -0.0269424953 0.0579671711 -0.0495929271 0.0259350985 -0.0692755878 0.209687963 0.115638077 0.0802552402 0.080339931 0.0595082194 0.20590587 0.0688955635 0.518915296 0.314997345 -0.00240652123 0.0505364127 -0.00499236677 0.0966064185 0.0939397886 0.170972943 -0.230286092 0.109199427 -0.300537646 0.292327404 0.381356776 0.0940040201 -0.0985759199 0.149747252 0.0698134899 -0.0210175812 -0.0131113194 0.0479035452 -0.00739801675 0.136060297 0.0708488002 0.00817588437 0.336431235 -0.0222792979 0.209381029 0.0319112353 0.474279135 0.273480445 0.112510294 0.0016840559 0.0281359069 0.0558666773 0.156218007 0.251324266 -0.173761323 0.126459688 -0.131235734 0.102143869 0.191595659 -0.159878105 0.121586494 0.427441388 0.0682101846 -0.0117932484 0.0050335899 -0.0409713797 0.0534968078 0.262171447 -0.204846129 0.208090857 -0.442493856 0.0252936278 -0.0225742999 -0.0103888391 0.069050163 -0.136298388 0.0734638423 -0.0362510122 -0.00717373192 0.0143504981 -0.00951466057 0.00962665863 -0.0343068801 -0.0170291867 -0.00725538284 -0.0414914414 0.0893362835 -0.0713299289 0.0398167074 0.0534303524 0.00446839212 -0.0141303791 -0.0971214324 -0.00388619141 0.008790222 0.0955248997 0.0278147031 -0.0529628061 -0.0709627792 0.0696983337 0.075752914 0.101422429 -0.079509601 -0.0638861507 0.0206977837 -0.0107305534 -0.0288242735 0.0801419765 0.0006417369 0.00152980152 0.0315458998 0.017346764 0.0784816891 -0.0626780391 0.110663049 -0.0437246449 0.0183051229 -0.0869379565 -0.0755551979 0.139024481 0.0429833606 0.111294076 0.0228464063 -0.0492478088 0.0313053876 -0.0403893553 -0.025200231 -0.0342597514 0.0423598737 0.0380662605 -0.0485050678 0.0481640585 -0.0593313053 0.0364992321 0.0734172091 -0.161013767 0.111921035 0.0613927096 -0.0754263997 0.0387496017 -0.08659596 0.0455898717
0.0893252715 -0.0386046395 0.0808419734 0.101664782 0.0504884198 0.0265875664 0.037824858 0.443201482 -0.506389797 0.0135905603 0.156951964 0.0170118902 -0.0996263847 0.0170920081 -0.123575367 0.167327121 0.341500014 -0.0986117348 0.24011226 -0.122028321 0.0292809308 0.184040517 -0.000712745124 -0.00821711868 -0.0500759147 -0.0396724194 0.0157209039 0.0592308342 0.178526923 -0.0743088275 0.142259508 -0.086301282 -0.0581883267 0.0640255436 0.0810558498 0.509177506 -0.539585292 0.0171063468 0.130252898 0.0572888888 -0.0311605986 -0.0833729804 -0.000338901882 0.026879156 0.295753628 0.151432589 0.0425933748 -0.166691542 -0.174468666 0.144520596 -0.0369006209 0.0274155736 -0.0275780596 -0.0530013591 0.0399194807 -0.00881803036 0.0355469175 -0.0565628037 -0.025099434 -0.164566129 -0.0473727658 0.0312765203 -0.0478180833 0.497434348 -0.56545341 0.0427212231 -0.05525342 -0.00420578336 -0.107096754 -0.153122783 -0.0554195046 -0.116536804 0.203089043 0.240099102 0.029443467 -0.00296566542 -0.289172053 0.00232941192 -0.144555166 -0.0494769812 0.0110662133 0.0693535358 -0.024461478 -0.0303520225 0.127121851 -0.107881591 -0.132861212 -0.155445591 -0.0446016341 -0.0102461381 0.0697136819 0.479111642 -0.480374902 0.214956254 -0.200888723 0.0232151505 -0.0104135266 -0.255626947 0.0600943379 -0.457424253 0.287211806 0.13908653 0.000393633411 -0.13730149 -0.277298599 0.17467019 0.0225703437 0.0473598391 -0.0156546757 -0.0396857299 -0.0522222817 0.000643476844 -0.228217021 0.128695801 -0.0474949367 -0.33878389 0.104733028 -0.0202893056 0.0263452139 -0.00158367236 -0.0665607601 0.0372213759 0.0685937107 -0.064276956 -0.0149467345 0.0292575117 0.0214953963 0.0471500531 -0.0114861932 -0.0793892443 0.0226425603 -0.00740620028 0.104893647 0.0460919738 -0.0379361212 0.120689929 0.0706904531 0.0504405648 0.0215453021 0.0284092072 0.060718026 0.0394528732 -0.110833012 -0.0295365322 -0.045510564 -0.0084725311 0.0447821133 -0.0277714655 0.0532184355 -0.0969361588 0.0570005365 0.0829762667 -0.0341985226 -0.0171655789 -0.0360133983 0.0829803199 -0.0266662445 -0.0942219943 0.0813943595 0.0414356105 0.00143281627 0.0812666565 -0.070778057 0.0797585994 -0.0826522261 -0.0449569598 0.070501484 -0.0483523905 -0.0281164497 -0.0032280786 0.0596110933 -0.0143987369 -0.08074525 0.0608151108 0.0399195775 -0.0546936281 -0.0239752848 0.0429130681 0.0361184441 -0.0649115443 0.0143315494 0.0264811926 0.0232451018 0.0930586457 0.041154325 0.0642461106 0.0645871237
-0.0399366319 0.114154734 -0.0406523086 -0.0134107471 -0.0101049319 -0.0547273085 -0.0683161989 -0.275725573 -0.527726054 -0.258656621 -0.0604272783 0.00220000464 -0.000691005436 0.00842516776 0.0306312703 0.0742432252 -0.344744384 -0.187814787 0.0865326077 0.0127194794 0.268650204 -0.282359332 -0.28451845 -0.0254727788 0.00160331279 -0.0370501243 0.0617762953 -0.0717774183 0.0232995097 0.161579847 0.0282099508 -0.0172710307 0.0164975915 0.114636496 0.00334230834 -0.329436272 -0.643370092 -0.19475323 -0.0549263246 -0.049830243 -0.010517111 -0.141571477 -0.011742576 -0.0423174873 -0.214786083 -0.124620907 0.0276682805 0.0139044039 0.102436364 -0.133846253 -0.445247054 -0.0207809433 -0.0448083729 -0.0676469281 -0.000726722181 0.0225681663 0.0313891731 0.159692794 0.216647208 0.0521243848 -0.0288291126 0.0955715179 0.0333363637 -0.268997073 -0.648526013 -0.292940408 -0.101635709 -0.0298820883 0.120203309 -0.143861085 -0.0170050133 -0.166224301 -0.198307306 0.126055866 -0.0671565682 0.0322270729 0.0610327087 -0.214658156 -0.309278667 0.0604342222 -0.00396678597 -0.00373666734 0.0417058095 0.00601647049 0.00154947024 0.121545441 0.253133565 0.0678560734 0.0497156456 0.0375468172 -0.0625568256 -0.223482653 -0.57182622 -0.224313423 -0.48723945 -0.0321544185 0.0735706389 -0.0929775313 -0.0149624543 -0.61373347 -0.407574773 0.191680744 0.0182210859 -0.147531226 0.0634296089 0.0246650483 -0.287415504 -0.0410978533 -0.0688308477 -0.0532501452 -0.0643769205 0.05879426 -0.0217068437 0.115715042 0.0154388668 -0.289420515 0.00912456494 -0.0151060363 0.0189969148 0.0383212976 -0.135478735 -0.0676720291 0.0622084215 0.0395362489 0.000343790016 0.0391242877 -0.00207988522 0.00474385638 -0.0231353398 -0.021474719 0.0295037515 0.0146475136 -0.00893426687 0.010637857 0.0667507127 0.0956221372 0.0596126877 -0.0339084938 -0.0228869431 0.0267430954 0.0289697871 -0.00132381101 -0.00223939959 0.0602480732 -0.00931825396 0.118553348 0.0684690997 0.0855492726 0.0610322393 0.0642491579 -0.0162302628 0.0693567842 -0.0364086851 0.0311581995 0.121397786 0.0201516487 0.0210801363 -0.0108602783 -0.0577274114 0.0737121254 0.0295654163 -0.0249507427 0.0395549461 0.00981866661 0.0231453031 0.0163730029 -0.0442619547 0.0648679659 -0.0445656776 0.127893254 0.0697955191 0.0603911206 -0.0463582464 0.054879088 0.0796467885 -0.0789261982 0.0752272606 0.0698534027 0.0459741466 0.0253021549 -0.0526782982 0.0105273081 0.0599861965 -0.0450207442 0.0494689271 -0.0115185371 0.0416084975
-0.0731818601 -0.0937945172 -0.0215993784 0.0626889244 0.132795691 0.108135968 0.0220747516 -0.308902651 0.466570407 -0.00904142763 -0.0876653269 0.0866538361 0.00504380744 -0.16949822 -0.06298507 -0.291910112 -0.0640582591 0.248573333 -0.167058021 0.0850442797 -0.217757851 0.273631305 0.293874383 -0.049519401 0.0583874881 -0.0156954303 -0.00728186965 0.0337762013 -0.0605628379 -0.0356834382 0.0282193087 0.0669870675 0.0337769277 0.0860596076 0.0443077981 -0.324075997 0.45567441 0.0427867547 -0.129371077 0.00243756478 0.0428631157 -0.058582902 -0.143120795 -0.100628041 -0.000604767702 -0.00108957081 0.0615158752 0.1059274 0.0485264882 0.0457086936 0.403185695 0.0539426804 0.0405405536 -0.05185958 0.067455411 0.0255526677 0.0143801635 0.0282712933 0.0010352598 -0.0386625379 0.0866442472 0.0205287673 0.0359952375 -0.39301151 0.431018382 -0.0414006896 -0.0656366125 -0.0274885818 0.0642344728 0.114449225 -0.090037711 -0.0485783927 0.0609834827 -4.45548067e-05 -0.00115366268 0.0109324567 -0.00084460713 0.10478083 0.409244448 -0.0524716079 0.0259582549 -0.0319272652 -0.052470699 -0.0019139573 -0.0628835782 -0.0923724473 0.167010382 -0.0847068802 0.127563685 0.114083767 0.00925044715 -0.379151911 0.388591826 -0.0311380625 0.156143889 0.0737936124 0.0697749704 0.252040833 -0.0255706888 0.41068691 0.0975518301 0.021341471 0.0708729029 0.201847821 0.0122247757 -0.000707338331 0.283397555 0.0444423258 0.0518830121 0.0662287027 0.0208134577 -0.0231770314 0.107720837 0.0604543202 -0.0845730826 -0.31775251 0.0270410702 0.00494494475 0.0758126676 0.0215710606 -0.0979839042 0.0221773125 0.0352851823 0.0226027146 0.00228345604 -0.0697696581 0.13892819 0.0056280382 -0.0500337183 0.0315500125 -0.018858118 0.0106892129 -0.0657350272 -0.00772011513 -0.057530731 -0.0232572313 0.0896271169 0.00820999965 -0.036616616 -0.0146033866 -0.0205197856 0.110605001 -0.0267639235 -0.0344048403 -0.0308047086 -0.0268631931 -0.0132269403 -0.00089624722 -0.0217574406 0.0198260285 0.0675902069 -0.00178085116 0.0822115093 -0.0147270756 0.0618256778 -0.0104989894 0.0802000389 0.0758828074 0.00410542637 0.0229225997 0.0211300794 0.0943993554 0.058665093 0.0481905006 0.0373885259 0.0593222231 -0.00330173504 0.0117500797 0.0123983789 0.061171595 -0.0972156599 0.0786470547 0.103324361 0.0579148419 0.0894795805 -0.0677953809 0.053227026 0.0918747857 -0.0326141343 0.00153359212 -0.0945016742 0.100389302 0.0444163419 -0.0648869425 0.0502102077 -0.0167377274 0.0412367135
-0.0326188989 0.0454212949 0.0428828597 0.0253100283 0.0687681511 0.0852627009 0.0741270334 -0.465366334 0.273859441 -0.0344086215 0.0655342788 -0.0252881385 0.00824936666 -0.221697196 -0.231627211 -0.192279935 0.00675129564 0.199966297 -0.231567025 0.143948883 0.0654913932 -0.158566162 -0.134431452 -0.024214711 -0.0460610315 0.0239932016 0.0638982803 0.0235752463 -0.0874030665 0.0572469383 -0.0646234155 0.0104740383 0.0521203913 -0.0713573471 0.00334037584 -0.598392308 0.32175231 -0.0976367593 0.0553818569 0.0759031102 -0.0239212848 -0.127370685 -0.136411607 -0.216930255 -0.122192189 0.212514549 -0.170739517 0.103473358 0.256749451 -0.0334441736 0.0533578731 0.00447626412 -0.0384425782 0.0129777789 -0.0137904845 -0.0323869437 -0.159136504 0.177149564 -0.130753353 0.0424918458 0.0694250017 -0.0553341322 0.0304710418 -0.602498174 0.324862719 -0.129325792 0.0349614583 0.0187294316 0.0825352222 -0.0752249807 -0.193278611 -0.240724325 -0.0260089803 0.205611423 -0.101232402 -0.0232335702 0.103807636 0.0356930234 0.27898851 0.0165026486 -0.0362946503 0.0466602743 -0.00772567838 0.0658260584 -0.161067545 0.0839713439 0.044301711 -0.0182133503 0.0510076582 0.0190490279 0.0998671055 -0.592637241 0.253251225 -0.380456865 0.156398878 0.023336282 -0.00452926755 -0.184715629 -0.203248575 -0.157424286 -0.121102013 0.0785615891 -0.037486285 0.151951298 0.281634063 -0.172635734 -0.158408731 0.0693379492 -0.0134276934 0.0282417461 -0.0468192846 -0.0092260018 0.43004334 -0.198913977 -0.26418215 0.558879197 0.0326072797 0.0316702165 -0.0303031132 -0.0602611303 0.224504143 0.0127462223 0.086925216 -0.0164418202 -0.0777067542 0.0617364198 0.113653667 -0.0510537624 -0.00922170933 0.0244082194 0.0627396479 0.0801882148 -0.00353471166 0.0799721107 -0.0417837203 -0.0495947674 0.09012153 -0.0203354023 0.0900403783 -0.0253305975 0.0346016884 0.0373907425 0.153183207 -0.0346415117 0.047032401 0.0327318981 0.0705643073 0.0872192755 -0.039815072 0.00793183595 0.025745159 0.114440523 0.0161804631 -0.0348316953 -0.00244678161 0.0202389862 0.0232979767 0.0538703352 0.014320612 0.0175909549 0.100129068 0.0185922291 -0.0749666393 0.0409446433 -0.0223235209 0.0417161472 -0.00453445222 -0.0322975181 0.0593323112 0.0710284412 0.0428908505 -0.0201043002 -0.044987116 0.0594346076 0.0780808628 0.0223989747 0.0780816004 0.0185046196 0.117667198 0.0724071637 0.0317274854 0.00578889204 -0.0256623682 0.0908170044 0.0538914725 -0.00431948155 0.100437544
0.0972042605 -0.124956124 0.00687692128 0.152052373 0.0529200248 0.0348417722 0.0201687906 0.397304446 -0.300660372 -0.210514784 -0.0884126276 0.103142589 -0.159134641 -0.168181568 -0.285883397 0.0691180155 0.182250738 -0.37511453 0.294602454 0.150977314 0.195818499 -0.453408241 -0.456433892 0.0227340534 0.0526839495 -0.00947434455 -0.004077591 -0.0681343675 -0.0144384596 -0.135584339 0.169095054 -0.0314213224 0.0496085174 0.150838211 0.0113987066 0.310928494 -0.245886192 -0.112930432 -0.200965255 0.00668053888 -0.0769041404 0.0399214104 -0.191490248 0.0794135705 0.126683623 -0.138474688 0.00719751418 -0.0554967113 -0.042574238 -0.0290275328 -0.388061911 0.055090189 0.0452984199 0.00125645101 -0.0730745792 -0.057142362 0.0968414173 -0.0776719972 0.185001984 0.0118383868 -0.00981080346 0.181647345 0.0572314039 0.381693125 -0.240440071 -0.0966534689 -0.230919421 0.0800958574 -0.194687948 0.0871542469 -0.101701356 -0.0410433635 0.00675624516 0.0323552825 -0.0376592465 0.0441809595 -0.05922167 -0.134481728 -0.27904439 -0.00756470859 -0.0437841341 -0.016477447 -0.0681325793 0.0445821434 0.0755283087 -0.0791570768 -0.0522730052 0.12541455 0.0628958717 0.1535431 -0.00838857051 0.411396116 -0.247814193 0.0227483474 -0.427981257 0.102046043 -0.140965566 0.0607457012 -0.159791663 -0.289066911 0.0185689218 0.149158791 -0.0551116467 0.0247628707 -0.244707152 0.085067682 -0.11512927 0.0429681763 0.0359432548 -0.0617207214 -0.0337943397 -0.0301653296 -0.110671185 -0.0214026049 -0.533643007 -0.108093664 -0.0133011825 -0.116179965 -0.0365879387 -0.171561852 0.0150014348 0.0112030245 0.0428508073 -0.00254702987 -0.100119956 -0.0607234389 0.00138357014 -0.0420178287 -0.0644262284 0.00789764803 -0.0719485581 0.00648694951 -0.0129617816 -0.029826561 0.0155017665 -0.0638424382 -0.00140027981 0.021257028 0.0535490848 0.0324230753 0.0155656524 0.0830867216 -0.00741039589 -0.0430616736 0.0538568683 -0.0302870348 -0.0370705128 -0.0120514296 0.0352083556 0.0337754525 0.0524521805 0.0288795009 0.0118682189 0.0195205081 0.0509043299 0.00238346937 0.0430522971 0.0500305444 0.0124253761 -0.0351090357 0.0147401206 0.0766509846 0.0799078494 0.0535173565 -0.0110587794 0.0785675421 0.0156324673 -0.0332937688 0.012911737 0.0758543983 -0.0496229753 -0.0151404943 0.0598413162 -0.0101820445 -0.009333889 0.0112669235 0.0253803208 -0.0407053865 0.0131819844 0.0410578214 0.0490656719 -0.000565671828 0.0705512464 0.000359520287 0.0980136469 0.075652644 -0.0504873805
0.202731714 0.00350728282 -0.0308208782 0.0445870012 0.0293223783 0.00454152981 0.00668354286 -0.138374805 0.970873833 -0.0771425813 -0.061700128 0.018566696 0.0656978115 -0.137714326 0.0238906648 -0.25194028 -0.0754118115 0.382398337 -0.137393221 0.173703834 0.0466425531 0.120120116 0.265993416 -0.0346082263 0.0675254017 -0.0468828082 0.0580994189 0.00798404962 0.291958541 0.0171464588 -0.00908679143 0.0101945326 0.0129524572 -0.00806613825 -0.00384405558 -0.168124273 0.86616385 -0.0650465786 -0.0101049347 -0.0313834138 0.10259036 -0.152376339 -0.0978628993 -0.123308502 0.042783469 0.134637788 0.128570616 0.154868439 0.130174264 0.00534251472 0.405638784 0.0173240751 0.0456416532 -0.0663137212 0.0631652325 0.0720117539 0.289451301 -0.0804967284 0.0657657385 -0.0596276447 0.0423424058 0.0423614904 0.0475217663 -0.117933854 0.893982887 -0.163210288 0.0532551445 -0.10695906 0.11861454 -0.187839225 -0.0390608162 0.00821036473 0.0939525142 -0.00260026986 0.240067691 0.240851939 0.156979248 -0.0726301223 0.283599198 0.050009124 -0.0671873838 -0.00978241116 -0.0104366168 -0.0400965214 0.272411704 -0.0120199891 0.0624820143 -0.164080426 -0.00507909153 0.0249805767 0.0913117155 -0.15686053 0.893371105 -0.119215198 0.182447582 -0.0507647917 0.0820303857 -0.220884681 0.00598125858 0.405073643 0.123972528 -0.0119243544 0.199443355 0.358810723 0.126423195 -0.240470797 0.16687502 -0.0247582458 -0.0492392853 -0.0455510281 -0.0236692429 0.0651815981 0.0934479013 0.151287049 -0.149303421 -0.44354865 0.103843942 0.111406311 0.0984041616 -0.0340105332 -0.216669157 0.0680502951 0.109590553 0.0672836006 0.0204595197 -0.114416257 -0.015421195 0.0519942418 0.120377503 0.0631774068 -0.0280569699 0.0866158381 0.128204376 0.0463157333 0.0873843879 -0.000252711412 -0.0397162959 0.137770623 0.0265211929 -0.0119152656 0.000792026636 0.0491028242 0.134114653 -0.00887867622 -0.0290921479 -0.0107668759 -0.0118297506 0.159519434 0.0626000986 0.0940272287 0.0430865698 0.0737904683 0.0502083898 0.0798019022 0.0762892514 0.0450413376 -0.0227123015 0.0884236246 0.0970024839 0.0287343971 -0.00907083414 -0.0291970354 0.102163978 0.0456766598 0.0184289925 0.140341938 0.0644344911 0.0581594929 0.00475624902 0.099367924 0.125049651 0.00770880328 0.0488505587 0.0162289906 0.0828363523 0.05356168 -0.0281388331 0.146386117 0.0308265351 -0.0299117677 0.0379130766 0.0184185728 0.136925146 0.0297302194 0.0501236171 0.00173440983 -0.0185091197
-0.0278638192 -0.10250435 -0.0330308937 0.105302639 0.0591526739 -0.108170472 0.017245153 0.31609112 -0.534297347 -0.0706277937 -0.0180511288 0.0630106255 0.0689525381 0.171328112 0.18220818 0.327168196 -0.0178219378 -0.0564465374 0.222085193 -0.0359282903 0.0608183146 -0.288317055 -0.296649665 0.056865707 -0.00589420646 -0.0612031966 0.0116379485 -0.0628952682 -0.00189487403 -0.189849183 -0.0254590698 -0.0337642841 0.0559396744 -0.0564511903 0.054097563 0.346458912 -0.516643286 -0.0818251073 0.0217718463 0.00767013431 -0.0169942342 0.111159906 0.101384126 0.35438332 -0.0142264534 0.0524240546 -0.0459490269 -0.0770841241 -0.105990924 -0.0152991172 -0.421210468 -0.0553424656 0.0217503607 -0.00567883253 0.0288836882 0.0404574871 0.00362575916 -0.112404011 0.030292457 -0.137525246 0.0881960392 -0.0524052121 -0.0169641804 0.352744788 -0.491520852 0.0547258444 -0.160408497 0.0492086709 -0.0423587486 0.174660996 0.0658235177 0.265329987 -0.0829290226 0.10087347 -0.148620367 0.00999163743 -0.166793749 -0.078904435 -0.33747223 0.0690796226 -0.0503614172 0.0658188164 0.0639542937 0.000239916146 -0.0211719163 -0.158047467 -0.0822266489 -0.160732478 -0.0152270338 0.0048968154 0.0521952882 0.378626168 -0.57838583 0.0120587526 -0.31926924 0.0555897467 -0.00486185867 0.0537964441 -0.0492013916 0.0987180099 0.0119033745 0.198138297 -0.241458744 -0.271666944 -0.447986335 0.144996479 -0.132152438 -0.00261603296 0.0381868705 0.0514843836 0.0627160072 0.00565668195 0.141918853 -0.217373386 -0.0161384773 -0.132003278 0.0474520177 0.0879701823 -0.0449714139 -0.0409577638 0.0429693423 0.048348166 -0.0512941182 0.00491576176 0.01107556 0.0019699377 0.108197495 -0.0627383664 -0.0221980643 0.00580351893 0.0311228484 0.109673508 -0.0595651492 0.00267532351 0.0153833376 -0.0843175277 0.0270815939 0.0668341368 0.0726241693 0.0745296404 -0.0299151223 -0.00444580009 0.115507148 -0.0200224929 0.0209888592 0.0646222383 0.0227039624 0.119535305 -0.0608017519 0.00585893029 0.0842286348 0.0258730408 0.0206837486 0.00860825367 -0.0367977656 0.0551216565 0.0769049078 0.0433919802 0.0270271935 0.0625189319 0.0650736988 0.0641962588 -0.0408256948 -0.0627068579 0.0622780994 0.0354124382 -0.0392259434 0.0644443631 0.0163789261 -0.055606354 0.00749540981 -0.0464882441 -0.0115266452 0.00510940235 -0.00601131376 0.0384875834 0.0044944426 0.0825880095 0.0591884702 -0.0572468303 0.0635233968 -0.0286006797 0.0290731154 -0.0132302707 -0.011616338 -0.0301030409 -0.0668389574
-0.00356532889 0.00995110348 -0.0977346301 0.0224405658 -0.0649853125 -0.0417422727 0.00290377042 0.0710174218 0.0277043339 -0.0433446504 0.0554998405 -0.0325144976 0.00770368706 -0.0856289938 0.0918503925 -0.00533291418 0.0178366713 0.0223302264 0.00712496042 0.0566704422 0.0436068699 -0.0110299401 0.00924378633 0.00153610855 -0.0118307695 -0.0647865012 0.0413365364 -0.0698921755 0.0531268865 -0.00399881369 -0.0241595954 -0.026120862 -0.0680395216 -0.0514178611 -0.092404224 -0.0453220643 0.0304783508 0.0753389224 -0.068775408 -0.0419940911 -0.0124458382 -0.0806830972 0.0508390181 0.0269441158 -0.026347246 -0.0688876659 -0.0630084127 -0.00763135403 0.0498242229 0.0636071712 0.0580346137 0.00386886299 0.0551311821 -0.029859677 0.0531866699 0.0113383457 -0.0266900193 -0.0027050986 0.0454521142 -0.0167365707 -0.0985554606 0.0444284528 -0.0037053565 0.0119211888 -0.0400355272 0.0845694542 0.0587316416 -0.0844382942 0.0129078999 0.0731706545 -0.0225312077 0.00959874503 -0.0629545376 0.0609125309 0.0501911268 0.0376509577 -0.0193730406 0.0592452735 -0.0174752213 0.0485048145 0.0345706195 -0.0601735935 -0.0461453423 -0.00590416789 -0.0291748736 0.00032890623 0.0289747845 0.0934980661 -0.0320574082 -0.0389073193 -0.0816315264 0.0156784579 0.00586491963 0.0526658073 -0.039476309 -0.0217219535 -0.0507950485 -0.0392792039 0.0546021797 -0.0716429725 -0.0632613599 0.0630418584 -0.0478220806 0.0492646322 -0.0266898759 -0.0499957204 -0.00472275168 -0.0449884385 0.0191811696 0.0520385504 -0.0554091632 -0.0494882986 -0.0125655113 -0.0234197713 0.051443588 0.0233998951 -0.066056788 0.0533419028 0.0235539936 -0.0702356994 0.0360210761 0.0440059379 -0.0148275048 0.0393151045 0.0536091886 0.0314366482 -0.0249062218 0.0570514649 0.0281066205 0.0557815321 -0.0467105731 -0.00154595857 0.0349445045 -0.0615018755 -0.0134824608 -0.0477370359 -0.0791902766 0.0584671348 -0.0732194185 -0.0740195662 0.047881566 0.0167747345 0.0140276607 0.027862357 -0.00909577683 -0.038577415 -0.0372998193 0.011166295 -0.0974219963 -0.0812727511 -0.02860073 -0.018185785 0.0477588102 -0.0681088343 -0.0695782825 -0.0580776408 -0.0277144462 -0.0541342013 -0.0500346571 -0.0661513656 0.0781681612 -0.0508894995 -0.0483569726 -0.0103604579 -0.024169039 0.0800947919 -0.0225358065 0.0277036298 -0.0008209144 -0.059249837 0.0910248011 -0.0132455155 -0.0114918705 -0.00363898464 0.0430695377 0.0832448006 0.0353984758 -0.0360370204 -0.028958926 -0.00818696339 0.0172859356 -0.0402533114 0.0609174073 -0.0428469293 -0.0589901954 0.0494665094 -0.0599954613
-0.0960246474 -0.0483602919 -0.0124946954 -0.275086701 0.0238339789 0.14795281 -0.0358607918 0.376026928 0.464363217 -0.0561817475 -0.168626353 0.0194475614 0.122125618 0.0459192283 -0.162563682 -0.101863757 0.103861712 0.149169773 -0.216309547 -0.0706461892 -0.208001137 0.215837091 0.283797413 0.0670626462 0.0504180565 0.050934501 0.0151343495 0.036997728 -0.0255480465 -0.0389552079 -0.0914620534 -0.0169891454 0.0784742013 0.0340448618 -0.00746850064 0.320508152 0.437015921 -0.0397856981 -0.0432767905 -0.00174987584 0.0968923792 0.0495137088 -0.102718964 -0.0113870511 0.101034112 0.0467954725 -0.0455737561 0.0661373436 0.0182993691 0.0777223259 0.269367576 -0.0257270671 0.0592255294 -0.0250410736 -0.0366854183 -0.0312617198 -0.00750814285 0.0894310549 -0.133343294 -0.050179258 0.0882440582 0.0665938482 0.0807937458 0.31421715 0.53497237 -0.0182519685 0.0110513438 -0.0334659368 0.00433276501 0.0370432064 -0.0114866029 -0.0714452416 0.0786997527 -0.116330817 0.0274658427 0.012590833 0.0735678151 0.0482453927 0.298909724 0.0278041363 -0.0258302391 -0.0315549672 0.0572470725 0.0520409346 -0.0824617594 0.051092077 -0.120040074 -0.0832378045 0.0246637743 -0.00187461765 -0.000281927438 0.353326619 0.438500196 0.124730796 0.303197384 -0.0627748519 0.0529650338 0.0181470215 -0.106553055 0.21147801 0.163013756 -0.170993567 -0.0332828574 0.198101133 0.108921014 0.103473626 0.257614613 -0.0158325657 -0.0456614718 0.0707572401 0.00715853274 0.0104322955 -0.0395136327 0.0832256898 0.375506938 0.163562834 0.0873027444 0.0195131935 0.0335949473 0.103916891 0.106426939 0.0673118979 0.0155626163 -0.0517554842 0.0935962573 0.106346376 0.00212656381 -0.0333784111 -0.0397546254 0.0530354269 0.0370216817 0.054655876 -0.0656300336 -0.00249318616 0.0323401093 0.0615850277 0.109537654 0.0301291104 -0.0452889279 -0.0728734583 -0.0180183481 0.0242713485 0.0150558855 -0.012678735 -0.0446628742 0.00469453586 0.0595712848 0.00446650805 -0.0329742879 -0.0506949723 0.0421552919 0.108247094 -0.0880378857 -0.0440787748 0.00671390211 0.0818949789 0.0361506976 -0.075538151 -0.0166933239 0.0210150294 0.126004919 0.0580379851 0.0535585098 0.0778808519 -0.031949006 0.0093454672 0.00716998475 -0.0434280336 -0.0470058769 0.0322162248 0.0311754495 -0.0202568211 -0.0623192266 -0.0161726829 -0.11382962 0.0196645297 0.00486298651 -0.0497962981 -0.0382751301 -0.0599270687 0.00289315567 0.0837111846 -0.00173104007 0.0185819417 -0.0173882656 0.0918411016 0.0528492853
0.0983099416 -0.117191315 -0.01947226 0.103524998 0.0341336317 0.0254996866 0.0119869094 -0.588591814 -0.325163126 -0.109996244 -0.00797588378 -0.0689440519 0.0250580963 -0.116261534 -0.19038868 0.109744102 -0.0683244914 -0.330462754 0.169403985 -0.197762549 0.00972793065 0.0898157656 0.0949810296 -0.0143873431 -0.0570908338 -0.0166547783 0.0395342633 -0.0495535992 0.150211006 -0.153820202 0.0983775184 -0.0207130648 -0.0367910601 0.0490108915 0.0383544974 -0.589882374 -0.283625931 -0.00977964513 -0.158374205 0.0453486107 0.0231728107 -0.0675337091 -0.169400796 -0.0266830679 -0.0218395591 -0.20089519 0.150760248 -0.0619750507 -0.143428147 0.084066093 -0.0472341515 -0.0503274389 0.0162774399 0.00492449105 0.0297459587 0.00756952167 0.0697664917 -0.178370699 0.102510959 0.0592511073 0.077817075 0.138186499 0.0614611506 -0.589704812 -0.337167323 -0.0593445115 -0.305305451 0.0465009026 -0.0321393907 -0.065613471 -0.067707032 -0.0636428371 0.181824535 -0.0449078456 -0.0878189504 -0.0270470399 -0.14012666 -0.0129336873 -0.0614064559 0.0202802047 -0.0648977458 0.00739051402 0.0269408897 -0.00178914517 0.0181298032 -0.110284597 0.0889344439 0.0964403227 0.0387664028 0.0857081041 -0.0206443034 -0.530089498 -0.356761932 -0.239988178 -0.458501846 -0.000106605061 0.0797115862 -0.18317911 -0.193632334 -0.258671492 0.165370941 -0.254238009 0.105659448 -0.0473551564 -0.115301058 0.0380313396 -0.151445702 -0.0666026399 0.0664496869 0.0361603871 -0.0479790978 -0.051306434 -0.0387638807 0.106575683 -0.117207728 -0.00132710778 0.0887563974 0.0114493752 0.0217255261 -0.0820695981 -0.0628576651 0.114979498 0.000782929943 -0.0762416273 -0.0281590894 -0.0146650923 0.0545075238 -0.0934472606 0.0505402088 -0.0528264306 -0.00170591718 0.00849692896 -0.114779502 0.00885075796 0.0105945906 -0.0542168766 0.0317660272 -0.105810516 0.0569649972 -0.0307856165 -0.0206978414 0.02981258 -0.114284128 -0.046139136 0.0359341577 0.0284777507 0.08635851 -0.0526223332 0.0742044374 -0.0206294023 0.107989058 0.0085400641 -0.047403913 0.0588496737 0.00996326189 0.0321207158 0.0713381469 0.0252541658 -0.0144747254 0.043231599 0.119295523 0.0681144372 0.019775385 0.0444562919 0.0496973842 0.125685111 0.0388786718 -0.0521211289 -0.0155818649 -0.060451977 0.147092804 0.0131051429 -0.0244404543 0.00865676068 0.00204877555 -0.0179025978 -0.0137907984 -0.0347984657 -0.0858181193 -0.00970701035 0.0502239428 0.00340903923 -0.119013295 -0.0302841477 -0.106685869 0.10112831 0.0779374689
-0.00574142206 0.111981966 0.0924438536 -0.0685684383 0.102349095 0.0900506824 0.0709328577 -0.305872411 0.196916431 -0.11217925 0.198396713 -0.0103473561 -0.0679123178 0.0196042545 -0.161314249 -0.0264178831 -0.0911788046 0.157802999 0.0525993258 0.189543545 0.317055762 -0.252061367 -0.0953603983 -0.0149937384 0.0330258831 -0.0433990918 -0.0381433591 -0.00169564784 -0.0756586567 0.0518992618 0.129408628 -0.0770465955 0.000792497769 0.100950189 0.0940691158 -0.417547047 0.161154628 -0.130187094 0.188479364 0.09018071 -0.0551434904 -0.00228275708 -0.124419987 -0.054402452 -0.0162213333 0.0637337416 0.237527072 0.18551068 0.284118176 -0.138506994 0.18637374 0.0468452349 0.00599001348 0.0166788548 -0.0256801322 0.0277827159 -0.112262674 0.131396636 -0.0353081822 0.0569982454 -0.00558120338 0.157485947 0.0750243142 -0.404964298 0.142587811 -0.123402119 0.165386334 0.0883309692 -0.0134395882 0.0293770526 -0.0520363189 -0.0651172176 -0.00529185403 0.193590626 0.153459162 0.147246197 0.226614103 0.134074718 0.232992381 0.0715557933 -0.000191599131 -0.0333274603 0.0213537142 0.03924793 -0.0661244094 0.136321321 -0.0118840607 0.0341213457 0.0828577802 0.0981105044 0.0696027949 -0.363206178 0.208180413 -0.232749149 0.155758142 -0.0420497172 0.00374769652 0.111393027 -0.0610805675 0.0252466295 -0.207752168 0.0491616279 0.204927772 0.195143342 0.350896508 -0.0896036103 -0.0422449447 0.0370435417 0.0634249449 0.00582142919 0.0150535628 -0.0406123511 -0.197453707 0.260134041 -0.194461763 -0.0267330725 0.0814244077 -0.00183111941 0.074815318 -0.130071878 0.0257281624 0.0438040718 0.069399029 0.0199215412 -0.132077515 -0.00952178799 -0.0145190591 -0.000967730768 0.0379749574 -0.0878670663 -0.119460046 0.0270298943 0.102276497 0.051064983 -0.0664354861 -0.0773978382 -0.00256981072 -0.0420372114 -0.0455082543 -0.0531103201 0.0303694066 0.015672911 -0.110246517 0.0299910437 0.0576577969 0.00303161587 0.0606157891 -0.10461919 0.00896303263 -0.031201385 -0.0400870852 0.0263556316 -0.0648029298 0.0782620534 0.0708656907 -0.048753798 -0.0341714248 -0.0496918522 0.120315947 -0.0274593309 -0.0378012955 0.0642444044 0.00378022832 0.111257263 -0.0013735292 0.065436624 0.0725465119 -0.0374691673 0.0919069573 -0.0283036511 0.0518440641 -0.0127769858 -0.0193485189 0.0513591655 0.0017682974 -0.0631261468 0.0850468278 0.0269682147 0.022106139 0.0586149655 0.0103036407 0.10157977 -0.0210288074 -0.0446600802 0.0243698824 -0.0606209114 0.0616774
-0.180487037 -0.0270268023 -0.105546013 -0.122784384 -0.00886241999 0.0926568955 0.0474034399 0.404817164 -0.439835817 -0.0203554872 0.0345128924 0.00415701931 0.0407995284 -0.115765899 0.214929476 -0.398098469 0.0906991437 -0.0781226307 0.119534954 0.185887009 0.364393651 -0.48033762 -0.546736598 0.0365902856 0.0352612957 0.00817169994 -0.0440697074 0.0128940418 -0.188357711 0.0032599594 -0.0515868738 -0.152860418 0.120295204 0.0939191878 0.112707198 0.475001305 -0.523352921 -0.01775066 0.0672017187 -0.066773802 0.0997462943 -0.241860449 0.263803929 -0.579754651 0.0428286083 -0.0534341335 0.17305994 0.170357496 0.309793472 -0.390058786 -0.434521377 -0.0522700958 -0.0335442983 0.0134248212 -0.0596754178 0.00815606117 -0.16236487 0.012798992 0.0982608646 0.0191520937 0.0638923123 0.189627647 0.0257503688 0.454453319 -0.569069803 -0.000889874471 0.0396487303 -0.0139982086 0.0147648295 -0.321488947 0.343150526 -0.664023161 -0.0055239941 -0.0283381045 0.318735063 0.135959432 0.34340629 -0.364922583 -0.48041153 -0.0396860614 -0.0369835645 -0.0020057261 -0.0585033819 0.0426180661 -0.205472454 0.052665107 0.106618874 0.114330173 -0.0116884336 0.11480239 0.014419348 0.408841044 -0.474669874 0.0681997761 -0.233639866 0.0255650971 0.024255693 -0.329645574 0.458111823 -1.06314445 -0.0776251778 -0.0194617957 0.126326635 0.0474576652 0.212519556 -0.294990152 -0.22927849 0.00984814018 -0.0538753606 -0.0711475983 -0.0310370214 -0.00654552132 -0.137418628 0.0135366768 -0.328113407 -0.259679556 0.0985170156 -0.0646453425 -0.00822306518 -0.149483904 -0.0184948705 0.0592191815 -0.0418509394 0.0250473376 -0.0950984135 0.00556039345 0.0265417099 -0.0349283293 -0.00433407491 -0.036332041 0.0351505391 0.0807203278 0.01569134 -0.0810269043 -0.0458536819 0.0629417151 0.098887153 0.0109544611 0.0399557613 -0.0611210875 0.0965331197 -0.00800740998 -0.013738608 -0.0573336221 -0.0557552502 -0.00324068964 0.0200606678 0.0634498075 0.0202020612 -0.0117034595 0.0652005821 0.0972436666 0.0219219383 0.0361079872 -0.128873393 -0.054509718 -0.0174801238 0.112496272 0.0197635181 -0.0873832852 0.000632454117 0.112947151 0.0457951613 -0.0415208936 -0.0995009765 -0.033830516 0.113608025 0.0794468001 -0.00551628927 -0.0531054214 -0.0504854284 0.0164656416 0.121971399 -0.0387914032 -0.0597589724 -0.0837845057 0.111433186 0.0214111079 0.0620936602 -0.0303637087 -0.10986843 0.0920159668 0.142166197 -0.0154869035 0.0167892519 -0.142585471 0.014411849
0.174576491 -0.00346737308 -0.112779245 -0.0746301562 -0.0200410765 -0.0335003324 0.024263436 -0.26275897 -0.511860967 -0.168525919 -0.204365551 -0.0458612703 0.125779212 0.0178346075 -0.245719492 0.296715975 -0.0946647897 -0.402673155 -0.0308919698 -0.0327600501 0.0345896184 -0.0510941073 -0.102933675 -0.0661164895 0.0221924484 -0.0367948152 0.0690969974 0.02061221 0.0864835829 -0.0212799795 0.108706854 -0.0244078506 -0.0258066207 -0.000919086568 0.0627374202 -0.281219184 -0.537904322 -0.151078165 -0.284177423 -0.0512055494 0.18437469 -0.138681874 -0.143869326 0.16090706 -0.171849415 -0.241505519 0.0133085763 -0.071129255 0.0556150414 -0.0409392454 -0.344125241 -0.0525036007 -0.0510071293 -0.0531546921 -0.0132832862 -0.0308298245 0.0650569126 -0.101112165 0.246051311 -2.44169132e-05 0.0308531504 0.0984788537 0.0788176209 -0.264592499 -0.472980469 -0.194081202 -0.361897826 -0.0462386012 0.0823863223 -0.00801989902 -0.205334216 -0.036144346 -0.216016352 -0.0676330328 0.0723912045 -0.047955256 0.131196126 -0.125041202 -0.315640956 0.0431656539 0.0237974524 -0.0243673734 0.0730729103 0.0514321104 0.125443757 -0.0473294258 0.292733401 0.102523997 0.0526652001 0.0139909144 0.00925960857 -0.246125668 -0.53405267 -0.189730972 -0.527995348 -0.0464351475 0.134549603 -0.0988396928 -0.240498587 -0.291933447 -0.190995544 -0.0821633562 0.0601429716 -0.201600507 0.159069106 0.00329855224 -0.285412192 -0.020626191 0.00625853986 0.0544408858 -0.0407830216 0.00490225852 -0.141626149 0.158316791 0.125201479 -0.114424929 0.00269864127 -0.129014403 0.00149413117 0.0624989308 0.00151394168 0.0186565686 -0.0637540966 0.0520151183 0.0483562201 -0.0235809647 0.0693287104 0.0610351451 0.0303172749 0.0820569992 -0.0550745614 0.095272392 0.0629502684 -0.0789350867 0.0647885427 -0.0445744321 0.0617059506 -0.0474645756 0.0321444981 -0.00917865243 0.0355793089 0.0164904092 -0.00116607698 0.00905890483 0.034138795 -0.0150678651 0.0684934482 0.0032349301 0.0296469089 -0.0288757756 0.0137392674 -0.0325598866 -0.0113289673 0.079317227 0.039936997 -0.0374236703 -0.00236788765 0.0325761139 0.0689804852 0.0450337045 -0.0155661767 0.0583197773 0.0493402034 -0.0319618843 -0.0374004059 -0.0559017286 0.00547940517 -0.00887128152 0.0353858136 -0.0535617433 0.0055511361 0.0409988277 -0.0257274583 -0.0412348732 0.0333779305 -0.0740822703 0.0619700663 -0.0117060952 -0.0595299564 -0.0556908995 -0.0498525687 0.0037968345 -0.00598078081 -0.0976883173 0.0560798049 0.0164475534 0.0445749536
-0.0781403258 -0.065123044 0.0376636125 0.0436469056 0.0564039163 -0.00467999047 0.0388480537 -0.54142338 -0.17773205 -0.118797071 -0.0859947279 0.00866168272 -0.0534107611 0.0235367101 -0.315337867 0.187384754 0.148378715 0.0980648175 -0.164424539 0.0272810552 -0.0837605 -0.00143202918 -0.00277085765 -0.0385299809 0.0671782047 -0.0546579175 0.0558827221 -0.047620818 0.0284891147 -0.0216399189 -0.0384050719 -0.0597111881 0.00366126676 0.0573418029 -0.0706918463 -0.46078679 -0.0912148431 -0.21525231 -0.0711913481 -0.0329923779 0.0273194313 -0.0265777614 -0.495662957 0.0930668339 0.120461963 0.285721838 -0.0224015247 -0.0792769119 -0.0445821881 -0.0273772329 -0.265989125 0.0468415841 0.0145725012 0.0309068412 -0.0046383813 0.0721294433 -0.0391523279 0.0410107486 -0.088068828 -0.111110218 0.00525454991 0.164423466 0.0369959734 -0.42173776 -0.104904227 -0.214322358 -0.22651282 -0.0282965545 0.00818276126 0.0663087144 -0.627229869 0.109583579 0.174769104 0.260214031 -0.199168429 -0.174351677 -0.0586748607 0.0613162406 -0.170868814 0.0511551425 -0.0331593715 -0.0132783167 -0.0167385004 0.056784749 -0.077902779 -0.0601549037 -0.0507562347 -0.0437035672 -0.023546217 0.142264187 0.0329250954 -0.468857795 -0.038527254 -0.251140177 -0.37722823 -0.0842028484 -0.0686306506 -0.00685419887 -0.738651574 -0.0396628901 0.0395548567 0.387666345 -0.00181436399 -0.151776329 0.123136893 -0.108691528 -0.265968621 -0.03108849 0.0389674455 0.0577663183 0.0136587247 0.0591066182 0.0760275275 -0.0482969992 0.211013958 -0.374397725 0.0684673339 0.00448926399 0.0528056808 -0.0286790133 -0.191001639 0.00200696383 -0.0529378504 0.0443713367 -0.0385691524 -0.0748587772 0.102194101 0.0120678563 0.0341764949 0.0231395587 -0.0988345295 0.0953616649 0.0575921871 -0.0744327679 -0.00657880493 -0.0359564684 0.0548529513 0.07821621 0.0447477102 -0.0455543213 -0.0100582112 0.00547439372 -0.0266023595 -0.0308044981 -0.0182961784 -0.011429036 0.061691232 -0.0461686924 -0.0570822358 -0.0939549357 0.0449206494 0.0743950456 0.0389473438 0.0562380403 0.0325933807 -0.021489732 0.0495593324 -0.0443991683 -0.0578918755 0.0388260968 -0.00846347213 -0.0376584753 -0.0631884262 -0.0169369411 -0.104879357 0.0811565667 -0.0322275274 0.0381666347 -0.0467068106 -0.111965694 0.0494369939 -0.0291193016 0.0949254185 -0.0760252774 -0.13174437 0.00364278792 0.045324903 -0.00713768974 0.00238310709 -0.0763965175 -0.0547720008 0.0646097288 0.049470257 -0.0234681927 -0.116337396 -0.0453575701 -0.0241298042
-0.0851801485 -0.0252839625 0.0995519161 -0.0872457922 0.0835552588 -0.00798422284 -0.0310252551 -0.551170409 -0.380260855 -0.000263032591 0.116407372 -0.0466212817 0.0493805185 0.198128372 -0.228698984 0.148648396 0.277390927 -0.0781265944 0.0453423187 0.0994103402 0.147217512 -0.189734653 -0.1416163 -0.0141600184 0.048369728 -0.0710854679 0.0189613551 -0.0580347776 -0.0687937587 -0.125752091 0.00294713164 -0.134681702 -0.0144924354 0.00644926727 -0.0461063869 -0.617758453 -0.437825114 0.0237634666 0.115764998 0.0532950498 -0.0285747871 0.018385971 -0.212293595 0.0934714228 0.217266947 -0.0916272849 0.102290265 0.0899479762 0.0588544011 -0.174810722 -0.361612231 -0.023329664 -0.0265567489 -0.0678301081 0.0631573349 0.019059211 -0.153964952 0.000107558779 0.115974061 -0.0183070097 0.00578911742 0.0641858652 0.0216723084 -0.57558167 -0.435905486 -0.0424014442 0.0923845619 0.0630869493 -0.0375473388 -0.0268636011 -0.39313522 0.204330742 0.420033723 0.0304588042 -0.10095495 0.00793037005 -0.011022049 -0.0326967835 -0.202101484 0.0549459904 0.0249655172 -0.0627614632 0.0610336959 0.0572802275 -0.195220456 -0.0937279537 -0.000241819187 0.0263743829 0.0111756716 -0.0704826489 -0.0302935429 -0.570618272 -0.355073988 -0.135184333 -0.0555556789 0.00540010072 -0.0346542448 0.0552202724 -0.452958047 -0.0745860264 0.395989388 0.0746879354 0.117489435 -0.142470926 0.0602351576 -0.111594968 -0.186750248 0.0586953312 0.0706777871 0.0603116155 0.00695334375 0.0567023605 0.131149665 -0.28371048 -0.142867312 0.0153303519 0.00472833123 0.0199043676 -0.101825483 0.00606013415 0.0921240449 -0.0143767558 -0.0666193739 0.00946985092 0.010569836 0.0994315296 0.0741519928 -0.0776769817 0.0683921129 -0.0333973803 0.0307207648 -0.0234898515 0.0428985581 0.00290676719 0.0502630845 0.048271101 0.041550111 -0.018664835 0.0555605926 0.0451963805 0.0277503189 0.111383043 -0.0302673876 -0.0246633291 -0.055837553 0.0978724211 0.00498517789 0.0439319089 -0.0907157883 0.0441560894 0.0354888961 0.0682400987 0.113847047 0.017826166 0.0725086406 0.0674714893 0.0487464704 0.035644725 -0.0443626866 -0.0355982855 0.0283650719 0.07333076 0.0386990756 0.0502650775 -0.0505435206 0.0475586019 0.0912645385 -0.0173463058 0.0278258882 0.0720690191 -0.0482807085 0.0883607641 0.0203271192 0.0179620311 0.0637149513 0.0331179649 0.0943073556 -0.0223803539 0.0462265052 0.0142160486 0.0400549062 0.0425930172 0.0196723752 -0.0276883747 0.114132576 0.00856984034 0.047784429
-0.0791289657 0.116126001 0.0231929608 0.0672937706 0.0775815696 0.0710426643 0.0705273524 -0.420849502 -0.352921277 -0.0785089806 0.134243757 -0.0531412624 -0.0190909747 0.021853514 -0.0142875137 -0.0333397649 -0.190994486 -0.170182198 0.214111313 0.0333907977 0.276386619 -0.209169596 -0.269753158 -0.000342354178 -0.0653780326 -0.000826232135 -0.0483828485 0.0630897582 0.0430828519 0.0168958306 0.0543560237 -0.0139103262 -0.00187924202 0.211792767 0.083825238 -0.301486045 -0.410820693 -0.042950388 0.0571418181 0.0502327569 -0.0492897034 0.00296305912 -0.161355615 0.0346784778 -0.0990031883 -0.0509524271 0.144615993 0.0596097037 0.0763400644 -0.172189549 -0.293070376 0.0281227604 0.035110645 0.0237039402 -0.0344061479 -0.014266327 0.0191431902 -0.0130085787 0.0975698382 0.0561420992 0.0444937013 0.200959325 0.0878716931 -0.370385438 -0.381744474 -0.16711852 -0.011033562 -0.0289057251 0.0166054182 0.0395433605 -0.262696296 -0.0632657334 -0.101333827 0.178770453 0.136975333 0.0150403576 0.032288976 -0.171391129 -0.309400171 0.0164981782 0.0483636409 -0.0688213184 0.0645297617 0.0730292052 -0.067241922 0.0932464674 0.0904015824 0.0902531743 0.0315397233 0.12711893 0.0791203603 -0.367705703 -0.34801349 -0.152721256 -0.274618894 -0.0508341603 0.0874552205 0.0856967196 -0.0940715969 -0.281993091 -0.242785811 0.269633412 0.102988832 -0.138000458 0.040704187 -0.0832544267 -0.202863902 0.0617202818 -0.005500108 0.0681717396 -0.0111911856 -0.0326044261 0.00207013381 -0.0541733764 0.0418108962 -0.255884498 0.0789888874 0.0142538911 -0.0850224197 0.0182867236 -0.0808325335 0.0473639444 0.000946028857 0.075302422 -0.0390835516 -0.0510784797 0.0431966111 -0.0313062407 0.0401045382 -0.0552457273 -0.0597183593 0.0310487803 -0.00455611851 -0.047190778 0.0536950976 -0.065887548 0.0953350961 0.0892384127 0.0571980216 0.0840846449 0.0430890732 0.025048539 0.0477207042 -0.0398516841 0.0169287361 -0.0735577196 0.0160507523 0.00345836254 -0.0374507532 -0.0520108342 -0.0125617282 0.0172058642 -0.0182685368 -0.0684389174 0.0114273541 -0.00838483591 0.0421779342 0.000877382001 -0.0448413566 0.0584453791 -0.0986414403 0.0981524289 -0.0468213931 0.00924867485 -0.0146623496 -0.081303373 -0.0476520807 -0.0231201332 -0.0726989359 0.00853696186 -0.0472289808 0.0459450632 -0.0142396903 0.0517770909 -0.0109714251 -0.115885928 -0.0372815207 -0.0349955261 0.0366971903 0.0820093527 -0.0842162669 0.0262972806 0.0655268133 -0.0256882831 0.0588304289 -0.140937656 0.0314082354
-0.105521411 0.00158977462 -0.0546438061 0.155284896 0.0322023481 -0.0561896004 0.00778318662 -0.474919289 -0.397612154 0.0501346476 0.123621106 -0.0167812444 0.0381791368 0.130057305 -0.0340794623 0.0859581083 0.13515088 0.0780039281 0.0673685372 -0.355200499 -0.142634422 0.336600691 0.160701543 -0.0365913659 0.0263755918 0.039188832 0.0324516371 0.00421845913 -0.0782249644 -0.123904645 -0.20142293 0.0296745487 0.0884024352 0.0230291076 0.059143614 -0.370700389 -0.489631116 0.0720502958 0.142010763 0.052540727 0.0589486621 0.0517206863 -0.210753426 -0.168754756 0.234738886 0.0608792938 0.0501360558 -0.142826602 -0.253869325 0.233331189 -0.0469359346 0.0570399314 -0.0630176961 -0.0337683968 0.00391905755 0.0488996357 -0.13855195 -0.136511087 -0.122103915 -0.00352540566 0.0800587237 0.118534811 0.0924506336 -0.35420683 -0.38615644 -0.00502802944 -0.111917697 0.0443684943 -0.0431794934 -0.0122034233 -0.277998835 -0.257920861 0.41187939 0.179706201 -0.119317405 -0.07949204 -0.380735457 0.146145687 -0.0513712652 -0.00199382752 0.053152144 -0.0196915008 0.0234435722 0.0145186037 -0.163521796 -0.113380782 0.153703153 -0.109322526 0.00804370921 0.0273838378 0.0386985727 -0.475871891 -0.474033803 0.0530239306 -0.165978685 0.08727891 0.0109891444 -0.327777654 -0.342962056 -0.52986145 0.369990945 0.0898885131 -0.0110529084 -0.182464615 -0.17517519 0.110582843 -0.151123673 0.0240432993 -0.0702633932 -0.00577162206 0.0233107582 -0.0463007726 0.0212183744 -0.0840000436 0.00476818718 -0.000999588519 0.00262326375 -0.0122427456 0.0145609686 0.0423617214 -0.048851043 0.0218678042 -0.0159904212 0.0143199004 -0.0201930385 1.22744241e-05 0.0592083372 -0.0714710429 0.117335141 0.0424097814 0.0737252235 0.0446762592 0.0092826765 0.0100177303 -0.0154471258 0.0254270844 -0.0164989494 -0.078256838 -0.0205591582 0.0532307439 0.0802484378 0.104801975 -0.0333417915 -0.0254076943 -0.00374342757 0.0908577666 0.098774597 -0.100251041 -0.062373735 -0.0501250997 0.0354117788 0.0792621821 -0.119412266 -0.0846376717 -0.0982585624 0.0885049701 -0.0228157677 -0.0527134426 -0.0206767619 -0.0503050499 0.0791653246 0.0338490345 -0.00340267457 0.00915416889 -0.0421952084 0.0187848639 0.0120487856 -0.0733221695 -0.0415378064 -0.129284278 0.064238213 0.0493359864 -0.0598197095 -0.0402381159 -0.136934757 0.0815854892 0.0271364078 -0.110008173 0.0270347279 -0.0632559583 0.105103225 0.00359121477 -0.0147030819 -0.0262259264 -0.0294688344 0.00853843801 0.0012598898
-0.0645763129 -0.174855694 0.232618943 0.119792543 0.0503924154 -0.00690754922 -0.0127338795 -0.420316935 -0.538911641 -0.0707530379 -0.0343445353 -0.0759960487 -0.0267901719 0.113904603 -0.136792809 -0.0591062158 -0.0675678179 0.0327798165 0.139613241 -0.306365907 -0.133765802 0.142884851 0.0862727016 -0.0375209525 -0.0465885177 -0.0534646474 -0.0689897388 0.0121467933 -0.0271051545 -0.128594264 0.26255393 0.0572640784 0.0556910485 -0.0117214378 0.0688313693 -0.295134932 -0.538255215 0.0598657541 -0.0905020237 -0.123682968 0.0333854556 -0.0258580931 -0.0426949896 0.0108024282 -0.00822883006 -0.0278184041 0.0925169066 -0.115221232 -0.0887205228 0.10403908 -0.128924757 0.0310711637 -0.0707638115 -0.0523475595 -0.022987254 0.0527093112 -0.042089127 -0.190205783 0.294110686 0.0831049234 0.0311051328 -0.0001972764 0.078770861 -0.327929974 -0.539941251 0.037977498 -0.142630756 -0.00230868044 0.128102764 -0.201229274 -0.187889636 -0.0351189002 0.217543662 -0.0624321364 0.00176950207 -0.0622071102 -0.0670078397 -0.00816008355 -0.0296326224 0.0177384838 -0.0362739898 -0.0635356531 0.00762784481 0.0615133345 0.023499975 -0.127025902 0.274780095 0.132418871 0.0267685354 -0.0360963121 0.0496073365 -0.247728691 -0.57600528 -0.0865974724 -0.317308098 -0.103044756 0.125472307 -0.351185203 -0.144744873 -0.33386299 0.219684497 -0.0949465036 0.130171672 -0.199726567 0.0705995858 -0.104368001 -0.165089309 0.0330208912 -0.0673004612 0.0622087866 -0.0725520477 0.0128104463 -0.225917384 0.247480527 0.034300413 0.205202594 0.0255079418 -0.0688834786 -0.00568560697 0.0534517057 0.0591693036 -0.0472756997 -0.0362127572 -0.0537084416 0.0518988296 0.0538116544 0.0815711543 0.0165691786 -0.0741878003 -0.0292244591 -0.0532487519 0.0104698064 -0.0278745443 -0.00770526845 -0.0178179964 0.015250328 0.0450588241 0.0157810058 -0.0175131708 -0.0301724784 0.0589551628 -0.0205347482 0.000529089943 0.0163033493 0.05081743 -0.00452361675 -0.0482579656 0.0120872585 0.03846284 0.0287324376 -0.0399408638 0.0760304779 0.00757180341 0.0852864087 -0.0563866012 -0.028556481 0.0236514173 -0.0430221073 0.0025680745 0.00236134604 0.0383736677 0.0715956986 -0.0105839241 -0.0633096769 0.0737517029 0.0594046004 0.0443532318 0.0107267238 -0.0760100186 0.00571873598 0.0820599273 -0.0341334455 0.056185443 -0.0930018947 0.0477878787 0.0280192513 0.0309627838 0.00459477818 -0.0264025833 0.0135152647 0.0172779616 0.0879336596 -0.00944350846 -0.0945911407 -0.0332814865 0.00612897798 -0.0408804528
0.211998969 -0.157654732 -0.154094324 0.254581779 0.0111103458 -0.0766965896 0.0945310593 0.53795445 -0.213316724 -0.0505012237 0.185147643 0.097589463 0.122860864 0.0699143633 0.242396131 -0.0843318552 0.11378511 -0.0290677585 0.128349364 0.022535868 0.0522377156 -0.148023725 -0.303800076 -0.0618166775 0.0126768723 -0.0602623038 -0.0444705114 -0.0417104959 0.139835373 -0.108234525 -0.0879736692 0.0981568173 0.0689989552 0.00927891582 0.00588101055 0.63402015 -0.258021712 -0.0196207296 0.131156012 0.0494368821 0.0791477114 0.130465165 0.301044464 -0.121057205 -0.0300980527 0.0457502231 -0.0294653364 0.00481418893 0.122102104 -0.0806016102 -0.0785362422 0.00131925195 0.0678598434 -0.0665671006 -0.0264353231 0.0655710548 0.0920608193 -0.0998543575 -0.122041538 0.00310484087 0.026406182 -0.0422889106 -0.00680097984 0.615436971 -0.209446311 0.0743916705 0.111238144 0.0416624062 0.109394364 -0.00789180398 0.266509742 -0.291454107 -0.146944776 0.070455417 0.114334114 0.264077663 0.32196337 -0.20442985 -0.342888564 -0.00878430903 0.0629353225 0.00959797204 -0.029254362 0.0638924539 0.178028286 -0.1683397 -0.117793813 -0.0113801956 0.0498681962 -0.060731966 0.100281104 0.539227605 -0.24074997 0.263252109 0.0296148546 0.126390785 0.103512727 -0.0300401412 0.194110453 -0.288894683 -0.0111410795 0.0266798995 -0.187637225 0.0229601022 -0.0184743274 0.0726526007 -0.125705332 -0.0183206387 -0.0262263082 -0.0595671237 0.0682874024 0.0483325794 -0.254411966 -0.14513348 -0.268125832 -0.0309952889 0.10089054 -0.0489640869 -0.0383595116 -0.102914169 -0.102682099 0.101173207 0.0264429376 -0.0297762062 -0.00764204096 -0.00218367949 0.0578844398 0.0842215419 -0.0124977063 0.0419826694 -0.029374389 -0.0275087766 0.142420471 0.00903878268 -0.00854073651 0.0194122232 0.0869297907 0.0111863529 -0.0612200573 0.0460300259 -0.0150852902 0.0930746645 -0.0649058223 0.0188046135 -0.00242558541 -0.05825831 0.0641513541 -0.0837267041 -0.0481486358 0.0439657718 -0.0613304079 -0.0187077634 0.00624135556 -0.0342806056 0.0239031073 0.0213147681 -0.0159208402 -0.0483073927 -0.0725849271 0.0242892858 -0.00354661793 -0.00177149766 -0.0443484634 0.0173366796 -0.0409402624 -0.0375951529 0.0741382986 -0.000729347812 -0.00622730656 0.0418980941 0.038509395 -0.0037617865 -0.0142846033 -0.0665030926 0.0632910356 -0.0276390128 0.0601243414 -0.0671621263 0.0565929264 -0.00939807761 0.0491241366 -0.0243460331 -0.079365477 -0.038575083 -0.00402183784 0.0727161169 -0.00501939328
0.0990062878 -0.0714618042 -0.0175637063 -0.00175342511 0.0531718247 -0.0422609746 -0.0271149967 -0.247138992 -0.428455234 0.0424776077 0.048768919 -0.00329686934 0.0202258881 0.144086808 -0.15164268 0.0805115253 0.133531541 -0.00128707208 0.0555474497 -0.221524894 -0.107326724 0.0742608756 0.0102534378 0.0645695329 0.0490868092 -0.0286274664 -0.0102184787 0.0298957527 0.0345291868 -0.0575586893 0.0259576663 0.0438783504 0.0233773291 0.0697767958 0.0496644787 -0.38080281 -0.48331058 -0.060043171 -0.000334162731 0.0202765428 0.122172393 0.0513110012 -0.134205267 -0.103143111 0.059117794 0.0923598483 0.00150064286 -0.12087477 -0.0813135579 -0.0267206486 -0.33755368 0.0572038889 0.0524112731 -0.0374709591 0.0221235976 -0.0039017126 0.107083 -0.0545635931 -0.124370992 0.165279493 -0.00602840818 0.065092884 0.0533368029 -0.32797429 -0.449031264 0.00312126428 0.0202790946 -0.00849471521 0.161104485 0.0175586957 -0.253934145 -0.312376499 -0.00832736026 0.118093252 -0.0341321416 -0.195983604 -0.134956256 0.0444151275 -0.289692014 0.0598443747 -0.044084806 -0.0629474595 -0.0289051272 -0.00756652653 -0.00758479582 0.0138488738 -0.127062172 0.167122617 0.0596419238 0.0512905233 -0.0188931692 -0.312841743 -0.475073248 -0.108512834 -0.259763181 0.00321867689 0.071504496 -0.174743012 -0.1801489 -0.574921608 -0.00911801681 -0.0614543222 0.00419426197 -0.308112323 -0.0199214239 -0.00829352438 -0.226313874 -0.00132618845 0.0431157425 0.0435536951 0.0373245478 -0.0621622726 -0.178718805 -0.0895940289 -0.0290102102 0.232287377 0.0887749195 -0.0685890839 -0.0335007831 0.0544058681 0.0836576596 0.0782710239 0.0231036097 -0.0823481157 0.0204549078 -0.00736466283 0.0662496313 0.0101051433 -0.0452005118 0.0100489631 -0.0316648558 0.0873135701 -0.023563277 -0.00722251507 0.0685412362 -0.049757544 0.0961819962 0.0486651771 -0.0338548869 0.0901263878 -0.0658160821 0.0813152194 -0.0895855948 -0.0255322941 -0.0439538769 -0.0324997976 0.0461775623 0.00209111418 -0.0239190981 0.0702200979 -0.0158932526 0.0957374647 -0.0717105269 -0.00448614499 0.0299959444 -0.00953539368 0.0376479775 -0.0889327899 0.0394014083 0.0105687352 -0.0578196272 0.0192636736 -0.0372935496 0.00901786424 0.0670749024 0.0400065631 0.0193863381 -0.0538967848 -0.0659623221 -0.0544821918 -0.0427921601 0.0812828913 -0.0216192026 0.0175916534 -0.0270912852 0.00410838844 -0.0546945073 0.0537305661 0.024220163 -0.0678997934 -0.0177881327 0.00483959261 0.0495352037 0.000353470037 -0.048526302 0.0386620834 0.0282278005
-0.00554280821 -0.0790344253 0.19084838 -0.0911935493 0.101895116 0.0814246386 0.057117682 0.212987497 0.829357624 -0.121273987 -0.145904914 0.0325476602 0.133616135 -0.377367288 0.018347295 -0.26607874 -0.125474423 0.0749294385 -0.102547564 -0.0444911011 -0.242919639 0.178419903 0.21784322 0.0329251438 -0.0273319297 0.0489650816 -0.0543580651 0.0140171051 0.0334398709 -0.023954384 0.0635794625 -0.0742198378 0.103622958 0.00963696931 0.000999480719 0.321952373 0.863039613 -0.0790751129 -0.0737299472 0.0317515358 0.0752746314 -0.283936441 0.00684670405 -0.342802167 -0.210611507 -0.0662600473 -0.0612507388 -0.039885398 -0.140463248 0.11050123 0.346585453 -0.0427917838 0.0578202754 0.00571754575 -0.00632705539 0.0620836616 0.051150959 -0.0853633583 0.161317423 0.0851657093 0.0367713943 0.0402844474 0.0619896092 0.360629588 0.761076391 -0.131049305 0.0656013861 0.0124057531 0.0634657368 -0.428574741 0.186028123 -0.284413368 -0.109930001 -0.0977740139 -0.00967042055 0.00166599732 -0.133487791 0.141650528 0.269011855 -0.0639372766 -0.0604569986 0.0320157185 -0.0564385615 -0.0187827162 -0.00261054747 0.0305722225 -0.011251214 -0.173083439 0.0911289901 0.0715111569 -0.034313377 0.253214777 0.837983131 -0.0138218803 0.398332298 0.0300596859 0.165627986 -0.425788611 0.0498543866 -0.135790095 -0.0239052046 -0.201841235 0.0888877958 0.150112495 -0.0419672392 0.157169238 0.21039319 0.0509325862 0.0575350076 -0.0185521021 -0.0609939396 -0.0200506486 0.100149907 -0.270237207 -0.00342990085 -0.309795171 -0.000946601853 -0.0420129225 -0.060556896 0.108346999 -0.104519166 -0.0295596141 0.0173780229 -0.0031551288 0.0435745753 -0.129596338 0.0431819633 -0.00365790888 -0.0316124558 0.00429734075 -0.00737973722 0.0533009432 -0.0386020988 0.0360204838 0.0148142772 -0.00900443271 0.037268512 0.00532833161 0.0269367248 0.0515014902 -0.00249972078 -0.0062072482 0.0757086352 -0.000518643705 0.0254043285 -0.00182837108 -0.0494222194 -0.0173815526 -0.0592405424 0.07722532 0.117564812 -0.00393672707 0.05249089 -0.0196000747 0.00674205972 0.0468517691 0.0130290063 -0.00654522656 -0.0446203351 0.0815675706 0.16638118 0.0397787355 0.037373215 -7.39380193e-05 0.0378789566 0.19166702 0.0864235088 -0.0640846789 -0.020680856 0.136562496 0.173235357 0.0846749842 0.0358709693 0.0638363659 0.0851273537 0.183330595 -0.0345189944 0.0011474241 0.0289945025 0.0896328017 0.232501939 -0.0282433573 0.072452791 -0.0915781409 0.102669306 0.336111128 -0.00320054474
-0.0583593734 -0.210929126 -0.0537589453 -0.129224956 0.0779769644 0.00224173977 0.0604122318 -0.661511838 -0.300538599 -0.268135697 -0.199601963 -0.0247841682 0.137647077 -0.0348659679 6.63579049e-05 0.0317618698 -0.132841602 -0.0231425203 0.195578516 0.104172871 0.209364206 -0.122228317 -0.0507736467 0.0623134077 0.0606427938 0.0578118861 0.0586184114 0.0400399715 -0.0479408354 -0.232847586 -0.103461988 -0.0409846045 -0.0282113273 0.0606561601 0.0969125703 -0.649752378 -0.373447388 -0.210238203 -0.294946134 -0.0548207387 0.102763474 -0.0736473575 0.0713700578 -0.0890419334 -0.141133234 -0.0307320524 0.202269152 -0.012777837 0.258535862 -0.152175337 -0.386402637 0.0322375298 -0.0417580567 -0.0263186693 -0.000522829592 0.0620192736 -0.016288938 -0.123231076 -0.041209247 0.0825391114 -0.044842232 0.00146229495 -0.0358633548 -0.657872736 -0.308692813 -0.231133372 -0.196713671 0.0258817952 0.0344381183 -0.0467970259 -0.0538289621 -0.100717857 -0.117526561 0.0783159956 0.0998765379 -0.0982109979 0.162528783 -0.168261588 -0.310368001 -0.0678023472 0.0616851449 -0.0136651471 -0.0543207601 -0.0204147846 -0.0249913055 -0.200792626 0.0147800231 0.0744127259 0.0412622094 0.078795664 -0.0299748089 -0.599805534 -0.349328667 -0.376178265 -0.229942247 -0.0513046719 0.0799256638 -0.123517074 -0.0087055508 -0.328899175 -0.0819132477 0.0530760027 0.137030825 -0.137232333 0.154181972 -0.0550321899 -0.304783016 -0.017781768 0.024896428 0.0493280813 -0.00813424587 0.0317819491 0.130158707 -0.0811059922 0.245060593 0.743597507 0.0366236977 0.0817605704 -0.094559297 0.148896664 0.24833025 -0.0387762859 0.0285013188 -0.0625625402 -0.0317149758 0.108882889 0.0355612934 -0.116562553 0.041833058 -0.0294692647 0.0406183526 0.0186384413 -0.075153254 -0.077612631 -0.0379030257 -0.0385217704 0.0666440353 -0.0453253835 -0.0320673548 -0.0195248574 -0.241323024 0.0592892691 -0.0169022251 -0.00253347494 -0.0401531011 -0.177561939 0.0250133686 0.0289817397 0.0217120741 -0.112325922 -0.0944012702 0.0624865964 -0.031344898 -0.095652923 -0.0576896705 -0.121509507 0.11557205 -0.0320016183 0.0560008772 -0.0142703978 -0.0947319344 0.024316011 0.0130488705 -0.0608923621 -0.128052086 -0.0265259854 0.0352600887 0.0138150351 -0.0260842163 -0.0670485198 0.0360676162 0.0410595424 0.0236553978 0.0577513948 -0.126480028 0.0498857982 0.031340912 -0.00858705677 -0.0714650899 -0.0118919201 0.0389202982 0.0794929415 -0.04763899 -0.0224449132 -0.0332784951 0.0104408469 -0.026821522
0.0535795242 0.174783438 0.0331489593 0.250265658 0.107944205 -0.039116919 0.0387639217 -0.335209042 -0.237075508 0.0318162292 -0.0429873131 0.111517064 0.0397587828 0.0406969376 -0.399000615 -0.0127250552 0.0609068274 0.0126474127 -0.00781291258 -0.144572943 0.0210182033 -0.070353426 -0.0708656982 0.0182248354 0.0507906601 0.0719764233 -0.0206405073 0.0163110495 -0.0286196079 0.0318223611 -0.00799860992 0.141816229 0.0826585367 0.00026921666 -0.00595531054 -0.420924455 -0.182487488 0.15027824 -0.00200731074 0.0265298877 0.0653158352 -0.0833652839 -0.263397843 -0.0716576725 0.116362825 0.0335102379 -0.00678970339 -0.121015675 0.147218987 0.0883822441 -0.149017602 0.0534180701 0.00514131784 0.0105595812 0.0216315761 -0.060955707 -0.045043245 0.0309956204 -0.0210665669 0.0771830231 0.022180995 -0.0120002246 0.103309005 -0.464679629 -0.19261162 0.0399861149 -0.0518382639 0.0413644351 0.0746590197 -0.0683381557 -0.362380981 -0.110569932 0.130979002 -0.0226700213 -0.0632439554 -0.206291854 0.0798217654 0.229551241 0.0751744732 -0.0160625651 0.0306561366 -0.0476434417 0.0108256638 0.0280396119 -0.0469453409 0.15670976 -0.0431774296 0.0693392754 0.0845103562 -0.0800469816 0.00982356537 -0.38895762 -0.159209579 -0.0151427286 -0.0866095275 0.130245566 0.116212741 -0.200032458 -0.370830536 -0.423586994 0.0268866699 0.00873058662 0.214824274 -0.218043655 0.272824228 -0.0280711669 -0.195458099 -0.0453346781 0.0353013128 -0.0386234112 0.0458086804 -0.000248543918 -0.296903849 0.0786671415 0.0352797024 -0.447804719 0.0537453815 -0.114953399 -0.0845994577 0.0153692253 -0.00546046393 0.0820066407 -0.00595487794 -0.0257138461 0.00880663097 0.144472405 0.0946936384 0.0308771394 -0.0396288633 0.0244108271 0.107401781 0.0692377239 0.00701384759 0.0155260991 0.0262753777 0.266740501 0.00193242356 -0.0642450079 -0.0232115258 0.0566579029 0.16575025 -0.0111892903 -0.0231916439 0.0240757354 0.0656548813 0.208072975 0.0687621534 -0.042763032 -0.0116181485 -0.0285573248 0.0789924487 0.060537573 -0.0836253017 0.0248611197 0.105825722 0.0848692954 -0.0188663695 -0.0836427957 0.0419649705 0.0317702219 0.080122225 0.0697775856 -0.0823276192 -0.009553154 0.0267579146 -0.0102598323 0.0842768252 -0.052299805 0.0336156487 0.0508339033 0.039089907 0.087724641 -0.000774455955 -0.0554309338 -0.0509115383 0.0918567777 0.0132464748 0.0183968395 -0.034478128 0.0450567901 0.042724207 0.0170437768 -0.0619347692 0.0496622473 0.0808181837 0.114097901 0.0234051663
0.0565550253 0.0732081458 -0.0316840447 -0.0639804453 -0.0779623985 -0.0423023924 -0.0601583645 -0.0304226931 -0.00439551705 -0.0448340513 0.0350335799 0.0514883325 0.0546470433 0.0234535709 0.0277736504 -0.0519565381 0.0039934027 0.0509540476 0.0163227469 0.034404397 0.0695439279 0.00859408826 -0.0250244774 0.0689242929 -0.0669883788 -0.00157377124 0.0147842541 0.00842828304 -0.0534379221 -0.0221430305 0.0548578054 -0.01203347 0.0104603488 0.0160416178 0.0175184179 0.0394772068 0.0363579579 -0.00361481891 -0.0231086519 -0.0556617901 0.0328440629 0.0618154444 0.0630897805 -0.0386978649 0.0323230848 -0.0512745716 -0.0709818676 0.0615571886 0.034600623 -0.0615846068 0.0155803636 0.067145437 -0.00252295285 0.0128519684 0.0330932513 0.0359675884 0.0153638031 0.0216322672 -0.0415882729 0.0193720851 -0.0730115548 0.0198482126 -0.0758731663 -0.0232682172 0.0498046689 -0.029356407 -0.0322906263 -0.0368085839 -0.0428780653 -0.0183012597 -0.0461506881 -0.0546211042 -0.010043106 -0.02665288 0.0169191435 0.0102285221 0.00496452302 0.00554590672 0.00767435133 0.0360768884 0.00862491131 0.0274590552 0.0199354291 0.0135409236 0.0232210364 0.0658484697 -0.0236787964 -0.00524074025 -0.0298431255 0.029541878 0.0167061407 0.00228593429 -0.0269304011 -0.0414238572 0.00283357105 0.0473724417 -0.0495299548 0.022874523 -0.00756023964 0.0398877151 0.0145846335 0.0198091678 0.0408703238 0.0301518142 0.00779263675 0.0691761225 -0.0475471765 0.0059717223 -0.0652710348 -0.0555093773 -0.0705010295 -0.00228165835 0.0102992523 -0.0145826014 -0.0232887883 -0.0383857042 -0.0101792216 -0.047065556 -0.013657039 0.0668389723 0.0425966494 0.00944477133 -0.0317989774 -0.0796067119 -0.0278959498 -0.0110983523 -0.0515139401 -0.0285318866 -0.0434255749 0.0737456009 -0.0128315957 0.0471911654 -0.0512654632 0.0242067892 -0.0587771125 -0.0325099267 -0.0413503274 -0.0681330711 -0.0645273924 -0.0428708196 -0.0216825362 -0.0356497765 -0.0674774945 0.0013272214 0.0379642881 0.00455120672 0.044060491 -0.00634408742 0.0479035527 0.0013786857 -0.013392915 -0.0157185979 -0.0293731838 -0.0381483324 0.0220227409 -0.047526896 0.013762746 -0.0585205145 -0.0188332181 -0.00787637383 -0.0410231426 0.0407375917 -0.0592371672 0.0243866425 -0.0737824515 0.0350918397 0.0576055124 -0.01709342 -0.0154787675 -0.0102682877 0.0335596204 -0.00710552372 -0.0125932312 0.0542241596 0.0480421968 -0.0103996843 -0.0488650799 0.0473220274 -0.043110881 -0.0495561548 -0.050960578 -0.00675582327 -0.0295459982 0.0381759144 0.0429583229 -0.0367676243 -0.0404868908
0.0504828766 0.00450102426 0.105314411 0.00729106134 0.0802896768 0.0541403815 -0.0261276327 -0.550162315 -0.38502121 -0.0188808441 0.165317088 0.0919802487 -0.105775625 0.104278333 -0.0201950427 -0.0069020465 0.0929853097 0.022363456 0.227281973 -0.0891222805 0.0664753616 0.0889233872 0.0283172857 -0.0432934165 -0.0530087575 -0.0303198434 0.0690450817 0.00789712369 -0.00878518447 0.0751474723 -0.0639233664 -0.103751682 0.0395571217 0.117122523 0.0208925717 -0.476687402 -0.479023099 -0.0785791948 0.107798472 0.0771201998 0.0124245919 0.0392903462 0.00319669931 0.0390538797 0.159292012 -0.0340058506 0.151748776 -0.0847573429 -0.06543006 -0.00342066353 -0.120477311 0.0226874873 0.0709129721 0.0261480883 0.0121725872 -0.0477621816 -0.0337127037 0.0201004259 -0.0569645129 -0.0985954627 0.0992606506 0.0947355628 0.0836179405 -0.539130688 -0.456422061 -0.101158381 -0.0191743411 0.0198238343 -0.0984572768 0.0106976181 -0.153465614 0.000393829221 0.262327343 -0.0507010669 -0.00658956356 -0.0928872675 -0.160039663 0.118476793 -0.0454573147 -0.000694699585 0.0266971588 -0.0227377415 -0.0520934984 0.0143357515 -0.03052813 0.118849941 0.0315054022 -0.0253224801 0.00255383202 0.00731513184 0.026212208 -0.440520078 -0.364568383 -0.157276168 -0.184586078 0.0830092803 0.0276030004 0.036846064 0.0425945036 -0.0612816028 0.0375623405 0.0658052266 0.162792951 -0.286207855 0.0768039674 0.0311382059 -0.0212037377 0.0433400124 -0.00460999459 -0.0624769181 -0.0700306892 -0.0350681692 -0.0280882921 0.0261507593 -0.0503568724 -0.462878138 0.0748208761 -0.026407782 0.0404317975 -0.0776981935 -0.0228336975 0.0674749836 0.0398483574 -0.0493538417 0.0479181185 0.0102658588 -0.0406226553 -0.0354652554 -0.0453666374 0.012937272 0.107156537 0.0817844793 0.0536414795 -0.00436037546 0.00150839123 0.104878932 -0.0532890558 0.0186669752 0.0139300004 0.043959111 0.151980639 -0.00469527487 0.0104613407 0.0477529913 0.0345545821 0.054908935 0.0879209712 -0.010928534 -0.0193619914 -0.0370459706 0.105740331 -0.0278987866 0.0114598433 -0.0364402086 -0.0218135472 0.0601500124 -0.02393087 -0.0264967997 0.0518969521 0.0132595049 -0.0104447035 -0.00575059513 0.00920650922 0.042126067 0.0375678204 0.0208546463 0.020799838 0.0399054959 0.0347861201 -0.0311289467 -0.0371179506 -0.0281017181 0.0366769508 0.0442753322 -0.0452228747 -0.044596564 0.045816686 -0.00358240865 0.0515110046 0.00986314006 0.0085418513 -0.00545823481 -0.0401114374 0.00865918025 -0.0690518692 -0.0385647491 -0.0517078266
-0.11916355 -0.0390158966 -0.0825667381 -0.0322416648 0.0249129348 0.0533072725 0.0488017686 0.527567327 0.0116160847 -0.199780524 -0.0737068132 -0.0280769821 -0.25844565 0.158062577 0.0638635531 0.0600762963 -0.0440116264 0.0400293842 0.190451682 0.623366833 0.400467038 -0.472375065 -0.405063599 -0.00837939978 -0.0335834995 -0.0354467481 -0.0544729009 -0.00642872602 -0.163139015 -0.0381831005 0.135514706 -0.0684405863 0.0460268185 0.00244321814 0.0400359668 0.553305149 -0.105953492 -0.137468666 -0.0477136672 -0.0466078185 -0.185510784 0.135633424 0.0289788358 0.082514517 -0.119889148 -0.0747455582 0.0910390168 0.342198521 0.1492991 -0.216368109 0.0671276599 0.00527653098 0.0442090034 -0.0147306174 -0.0381215326 -0.0707911029 -0.135210291 0.0720053986 0.206421256 -0.0319262631 0.0490230359 0.0902905539 -0.0487900563 0.499263406 0.0115007041 -0.11135383 -0.115459442 -0.118890084 -0.151196182 0.175778747 0.0158685893 0.269603819 -0.145238578 -0.0112521602 0.161741674 0.380607426 0.436002642 -0.318541706 -0.152566522 0.0144094005 0.049493134 -0.0612981692 0.0478636771 0.0335047394 -0.0978925973 0.00214882917 0.0570174158 0.00958719477 0.0605814531 -0.0190809742 -0.0614205524 0.552070141 -0.0256779753 -0.00698820176 -0.181111038 -0.0320025384 -0.206957847 0.427063704 -0.199282065 0.41298604 0.0125290835 0.212862551 -0.0313205943 0.365191489 0.181028277 -0.103555165 0.128476098 -0.00160305947 0.0229128748 -0.0692530945 -0.00989121199 -0.0457781106 0.0127673419 0.151809707 -0.331068158 -0.0104138795 0.101353317 -0.019611869 0.067538105 -0.199389532 -0.242307976 0.067547977 0.0823505968 0.091818057 -0.166943386 -0.155448556 0.0432328098 0.0372506119 0.101840541 -0.154128984 -0.221893474 0.0523382127 0.0262387637 0.0499076992 -0.129187316 -0.111011975 0.0021093972 -0.0015795012 0.134136215 -0.0517120138 -0.190078288 -0.0462713651 0.00808962062 0.118704014 0.0269781388 -0.0893408209 0.0875389129 0.059875574 0.114640452 0.0291285869 -0.162043884 0.0489578284 0.0383249596 0.0750628561 -0.00596150709 -0.170890868 0.0541103929 0.0892436728 0.0225964859 -0.0508579761 -0.139150441 0.0264870208 0.0560574494 0.0942330062 -0.0354978964 -0.090910472 0.0694900379 -0.0373640135 0.066966556 0.0213147644 -0.0692243427 0.0366376191 0.0765579045 -0.00137000834 -0.0816374272 -0.140289932 0.0801636502 0.060372483 0.109637529 0.025618773 -0.121682957 0.0880460367 0.00800109934 0.0803638026 -0.0642117336 -0.139348373 -0.0208876189
0.149766177 0.0157017894 0.0841895938 -0.0217088442 -0.00757079804 -0.11447785 -0.00348245725 -0.628437042 -0.296475768 0.119696036 0.336582452 -0.049021069 -0.0486202724 0.0696050003 -0.213859439 0.0573996007 0.166872025 -0.0768340006 0.0674955994 -0.393099636 -0.113740988 0.168944299 0.13768284 -0.0386759192 -0.0146370642 0.0331349075 0.0211406946 0.0120441094 0.118737906 -0.0404679887 0.0573751479 0.00745758647 0.059968248 -0.0329256393 0.0520485193 -0.614861965 -0.349150747 0.0478631072 0.248437777 -0.0403957292 -0.0639208853 0.00998011604 -0.284077466 -0.0489946418 0.27505523 -0.0217538867 0.0721140727 -0.120470688 -0.149479732 0.0697282106 -0.0822187141 -0.0242901631 0.017725952 -0.0670455918 0.0595147163 0.0479917377 0.10274972 -0.0495263785 0.129990712 -0.0591193326 0.0783473402 -0.0342945531 -0.0431977883 -0.707587421 -0.325286657 0.021954339 0.213760003 -0.0349745937 -0.074943617 -0.0107803913 -0.218813494 -0.0539822429 0.225108132 -0.0321729854 -0.153852761 -0.0710764378 -0.331847578 0.0587520823 -0.0343982987 -0.038827192 -0.0669666082 -0.0712466538 -0.00391869247 0.0230748206 0.140916526 -0.0434446596 0.0334860831 -0.132209718 0.055325035 -0.0373985805 0.0620472841 -0.643336058 -0.296070546 -0.159639925 -0.0393748805 -0.0362783894 -0.0316212438 -0.215934619 -0.204119742 -0.234706745 0.260416746 -0.0638233796 -0.00873282086 -0.266384155 -0.293886304 0.0509699285 -0.059545882 -0.0316277929 -0.0512083396 0.00977618992 0.0695046782 -0.00244747847 0.0491188578 -0.00442089187 0.00161561323 0.0931327417 0.0669846982 0.011288126 0.00342521816 -0.0341124497 0.10848961 0.0163880978 0.0156026352 0.0311677195 0.0174597576 0.101266637 -0.0338404477 0.0294005778 0.0487555265 0.0620431192 0.0169134457 0.0482191853 0.0165201686 0.0505805463 0.0609652512 0.11523249 0.0841358006 -0.0253217537 0.0606731549 0.0305919964 0.00714896247 0.089385584 -0.0274015497 0.0345216803 0.0998518169 0.0556756072 0.0764120817 0.0220056828 0.0401241295 0.0357955694 0.049732931 -0.00763360551 -0.041658733 0.098683618 -0.0281156935 0.0928100422 0.0325993188 0.00433964795 0.101443745 0.0242341794 0.0335679315 0.0124334479 0.0387356132 -0.0635213032 -0.020273583 -0.055364456 -0.0400274992 0.00562329032 0.0202102438 0.0397674963 -0.0441386402 -0.00965331495 -0.0131206214 -0.041337207 -0.00902702287 -0.111339286 -0.0398626253 0.0348763503 -0.0402050093 0.0233859289 -0.0182992388 -0.0351415128 0.0524264649 -0.0642150939 -0.0470056571 0.00319724949 -0.0244567525
-0.0198103935 0.146665841 0.0552420504 -0.162095428 0.0246942248 0.0522889942 0.0154572167 -0.413912982 -0.308613926 -0.101579994 0.213416114 -0.00308031007 -0.0552128963 0.189478979 -0.0199964065 -0.017202612 0.0576591492 -0.0238715857 -0.100014322 -0.314604402 -0.153539345 0.222490147 0.176471651 0.0392288044 0.0519711822 -0.0667380914 -0.00571004301 0.0422637612 -0.0415462777 0.0247422196 0.0354595892 -0.0403428487 -0.00707024382 0.130212486 0.0308339074 -0.476154059 -0.36869067 -0.215107217 0.20316124 0.0225023702 -0.0138580091 -0.038179297 0.0248267334 0.00243030093 0.152675331 -0.00989895035 0.186834276 0.0624262802 0.0508083478 -0.125006795 -0.195871741 0.0361462831 0.0471644998 -0.00966583192 -0.00889427215 -0.0527819321 -0.0527549535 0.118143491 -0.0292174965 -0.0560204796 0.044067286 0.0471173227 0.0478550829 -0.461544335 -0.360870302 -0.295709789 0.160917133 0.0948734805 0.0340502039 -0.173632652 -0.122596577 0.0612802207 0.0983385369 -0.0441357046 0.145125508 -0.0539989769 -0.0171358213 -0.0980605632 -0.0890286565 -0.012508601 0.0190009624 -0.0400497168 -0.037779171 -0.0332563072 -0.0725325495 0.15446566 -0.0622045435 0.0535291098 0.0586999394 0.0448449776 -0.0424531586 -0.324058801 -0.42016384 -0.308456391 0.0385468267 -0.0403432921 0.0390265323 -0.223933324 -0.00283969659 -0.146023154 -0.117040746 -0.0557056926 0.155074716 -0.193820387 0.0659966022 -0.0342557356 -0.183938488 0.0248776376 0.0494741052 -0.00838397443 -0.0618180111 -0.0668796226 -0.0648780763 0.111090541 0.246795908 -0.13018854 0.0209591966 -0.0488906428 0.0333096571 0.179152191 -0.0160368644 -0.0184333455 -0.0963484198 0.0652714521 0.0472538099 0.0455279127 0.00198833016 -0.0534662567 0.0168175641 0.0817074329 0.0652212128 0.030412104 -0.0331499353 0.0450313017 0.0822367817 -0.0133579681 -0.0267845318 0.0760242045 0.083890371 0.0209939983 0.133852571 0.0149189802 0.0163670816 0.0829477906 0.05330652 -9.6978074e-06 0.0533430874 0.0106951362 0.0233739838 -0.0485764556 0.0544926748 -0.0214484334 0.0203523878 0.0898455083 0.045177713 -0.0317751281 0.0917293206 -0.0026421661 -0.0297743063 -0.0526899956 0.0245670788 0.0577429421 0.0337179042 0.071242325 0.0585585982 -0.00989492331 0.0185488779 -0.0591194257 -0.00770128006 0.0230857991 0.0593805127 0.0377323627 0.0134872152 0.00513967639 -0.0379737839 -0.0130243655 0.00505579729 0.0360358916 0.0150638307 -0.0315964073 -0.00966215692 0.00333698373 0.0626560599 0.061029885 -0.0662205443 -0.010579939 0.0483852662
-0.089698866 -0.0805929527 -0.138886899 -0.27019012 0.0434572771 0.138389498 -0.0150248334 -0.219775692 -0.027748974 0.028086232 -0.0186195411 -0.123680972 -0.0010256368 -0.0891326666 -0.025832219 -0.478945553 0.1185387 0.0839270726 -0.396818101 -0.278814495 -0.292483538 0.259494603 0.135240436 0.0286088735 -0.0406982712 -0.0565152653 -0.0287594125 0.0687427074 -0.0224317666 -0.0312765688 -0.0355412774 -0.166677266 0.0321084857 0.0974054262 -0.0515967049 -0.136701658 -0.118290566 -0.0990628526 -0.0744732544 -0.032244578 -0.0242737215 -0.278318167 -0.1438611 -0.269106448 0.260541022 -0.0839193687 -0.0650706068 -0.135195389 0.11135345 -0.0967430323 -0.182955131 -0.0557484254 0.0359188691 -0.0284790173 0.0493575111 -0.01813104 -0.0124083944 -0.085826613 -0.187503025 -0.221382514 -0.00844265055 0.0583542809 0.0583626665 -0.126863495 -0.0434708595 -0.113360688 -0.0375376269 -0.0102698831 0.0289161503 -0.462967694 -0.155671552 -0.279608339 0.0978578702 -0.168184265 0.069850415 -0.212349087 0.235529065 -0.0124671869 -0.161199972 0.0709367692 0.0521820337 0.0195870847 -0.000172778964 -0.0543853752 -0.0896711648 -0.091149509 -0.0604589991 -0.221486256 0.0496093221 0.0611152872 -0.0570670553 -0.129548877 -0.059849266 -0.0571909919 -0.00985712651 -0.108705334 0.031307444 -0.694832802 -0.102736898 -0.237005353 -0.00254739588 -0.13781701 -0.236940637 -0.366078645 0.135413364 0.261191577 0.0557896197 -0.0492303744 0.0448508188 0.0567336231 -0.00538207591 -0.0240693837 -0.0608885996 0.706264615 0.265264422 -0.602006495 0.0636535212 0.0150432391 0.146090999 0.0386644974 -0.221253604 0.128623396 0.0278335568 0.0301183034 -0.0590170026 -0.11953336 0.10325025 0.104545832 -0.17917116 -0.038375631 -0.0254106522 0.0746208206 0.0800043344 -0.202615678 -0.0451098047 -0.0252315681 -0.00244636158 0.0431771949 0.0273055453 -0.0438420027 0.105457827 0.111351028 0.0673193857 0.167416349 -0.0313557349 0.15198788 0.104234211 0.184033006 0.21282272 -0.100070156 0.098218888 -0.00780210458 0.179126576 0.142933547 -0.0433696508 0.0602442287 0.0911993459 0.162450463 0.0477397665 -0.0760772899 0.051484555 0.0907496661 0.0821942091 0.0463409759 0.0431954898 0.0162413325 0.0807516649 0.00300644781 -0.13814117 -0.0891471282 0.0576857887 0.0525827892 0.041128844 -0.0270486698 -0.0867230743 -0.0315377377 0.0138855623 0.0183132887 -0.0058459891 -0.00813315809 0.00651235506 0.0836732984 -0.0925378501 -0.0402882099 -0.164079517 -0.176148027 -0.00398795307
0.0198812541 -0.064173229 0.121528298 -0.0196428616 0.0562085956 0.0278752688 0.0637778044 0.342728585 -0.524279833 0.0417368487 0.0714762211 0.0764828399 -0.0594309829 0.0651021227 0.169537142 -0.0407398418 -0.0194884837 -0.103545703 0.208977431 0.045308657 0.149923578 -0.149656385 -0.313165754 0.0380366519 -0.00307001173 -0.0295486636 0.0113160387 -0.0638215914 0.0267450865 -0.0401064716 -0.00580853829 -0.0991392583 0.0542426892 0.0778907239 0.060206566 0.320312291 -0.459578961 0.134643108 0.0512365699 0.10262154 0.0140025318 -0.0809345245 0.0893086344 -0.170371488 -0.0313688815 0.0937669277 0.071421586 -0.0844385251 -0.036963433 -0.0228728652 -0.367456436 0.0350642428 0.0199137181 -0.0131152682 -0.0673319176 0.0656256229 0.0343803167 -0.0199041255 0.0288114995 -0.11482013 -0.0550386794 0.0592444167 0.0742549896 0.315262765 -0.484493792 0.15807578 -0.0307790246 0.0311594252 0.025831325 -0.0796526745 0.0781892017 -0.226826236 -0.0261868387 0.159861922 -0.00108168472 -0.0346845239 -0.102009326 -0.0804037377 -0.318944186 -0.0532938018 0.0428917333 0.0200436115 -0.0448859558 -0.0120528713 -0.0971529856 -0.00191560818 0.025201017 -0.28640753 0.00612111809 0.0822605491 0.0678906143 0.37397024 -0.525395989 0.166701689 -0.319283187 0.100865074 0.0189521909 -0.204273015 0.019003164 -0.542143047 -0.0293109491 0.169967145 0.0435890034 -0.285541534 -0.117944188 0.0758327544 -0.187760726 0.0715054274 0.0584123135 0.0379485935 -0.0355023928 0.065980956 0.217416599 -0.14029257 -0.100061938 0.010913929 -0.0298229679 0.06727577 -0.0152595993 0.0459518544 0.00968241971 0.0180448517 0.0367028601 0.0853466168 -0.0235996172 -0.0922960639 -0.0543128923 0.0681017786 0.135354906 -0.0314050615 0.0356272385 0.0457719639 -0.0385557599 0.0661735386 -0.0621485151 -0.0137538789 0.0426314175 0.070612438 0.0385392345 0.00597638777 -0.100510068 -0.0437245332 0.0160710458 0.0642700493 -0.0218018834 -0.0488367304 -0.0243047774 -0.00190388667 -0.0148729514 -0.0480837226 0.0398527086 -0.00465152366 0.0325685591 0.00846031867 -0.0735153705 -0.0732378364 -0.034175612 0.000899855047 0.0271506757 -0.08786349 -0.0116426153 0.0716157556 -0.0638705194 0.099371314 -0.0962145999 -0.00143512571 0.00840143859 -0.0660324767 0.0255778041 -0.0612386614 -0.0389637947 0.0103688808 -0.0600431338 0.127365574 -0.020944437 -0.0238491371 -0.0271283835 0.0711738095 0.0537761487 0.0244423673 0.0844570547 -0.0377172194 0.0658993572 0.0273966528 -0.0425664522 0.0847885907 -0.0586308241
-0.0417273305 -0.0444564559 0.0275755841 -0.00370087149 0.0481263585 -0.0467018783 -0.0113540376 0.039019715 0.000916586549 -0.0082007302 -0.0526153147 0.0299726333 0.0208780691 -0.0235151555 -0.0417460501 0.0599731654 -0.0531981476 0.0197087768 0.0459309369 -0.0296411458 0.0239506271 0.0247056317 0.00498806778 -0.031426169 -0.0106421709 -0.0108746737 0.0281759202 -0.0724522769 0.00429224642 0.0348580852 0.0201127697 -0.0430760495 -0.0409820043 0.0288684182 0.00218373071 0.0741108283 -0.0130575253 0.0376479588 -0.0183466319 -0.00177991891 -0.00802231301 -0.0793692619 0.0209685843 0.0297360029 -0.0541967414 -0.0118690664 0.00856574345 0.0537359118 0.0671529174 -0.00787140243 -0.0180177037 -0.0163678788 -0.0538360476 0.0357592255 0.0715961307 0.0628617257 -0.0557974502 -0.053199634 -0.0409966074 -0.0150939878 -0.0337751545 -0.083302401 -0.0786540732 -0.0561507866 -0.0076614935 -0.00137127843 0.0606870838 -0.0823624358 0.038353987 -0.0358468294 0.0682464838 -0.0533777438 -0.0602438226 -0.0174919311 0.0251365025 -0.0649409816 -0.0221984517 -0.0523007214 0.0367040038 -0.0347715467 -0.0353717357 -0.0630992725 0.0221348628 0.0671874285 0.0266321991 0.0430789441 0.0614686534 0.000372424664 -0.0152252261 0.0479880013 -0.0394233875 -0.0647700951 0.0228324607 0.027875986 0.0148310075 0.0409410968 0.0544692799 -0.000615460507 0.0440507941 -0.06357719 0.00612470321 0.0421636403 0.0397312418 -0.0737001523 0.0589334816 0.00754818274 0.00235115527 0.00431807339 0.00110928714 -0.0439390391 0.063751623 0.0228975639 -0.0655007288 -0.0507721826 0.0326137505 0.0632490963 -0.00174392131 0.050376717 -0.00896722637 -0.035409674 0.031241456 -0.0154441381 -0.00339703704 -0.00337147596 0.048200395 0.0349377207 0.0235725846 -0.00355812325 -0.0294271298 -0.0587477311 -0.00617787614 -0.0797214136 -0.0527976342 -0.0203201976 0.0465781875 -0.0725287721 0.0280317403 -0.0561414585 -0.0658599958 -0.0579607934 -0.0471122377 0.0559540987 0.0413812995 0.0731442869 -0.0460039377 -0.0685665086 -0.0323648043 0.0435373187 0.0435688347 -0.0636403486 -0.0282827541 -0.0128162745 0.0578518622 -0.043040026 0.04701427 0.0396862403 -0.0543118119 -0.0659357607 -0.0372705013 0.0487166047 -0.0728863925 0.0346910693 0.0560087785 -0.0645017102 -0.0102595659 0.0455409884 -0.0335068181 0.02024303 -0.00139413564 -0.0325422771 0.0483304821 -0.00379032106 -0.0201034304 0.0225057825 -0.037461143 -0.0185755156 -0.0585866012 -0.052101016 -0.0469261259 -0.00121730741 -0.0599362738 -0.0233508125 -0.0339450911 -0.0173335243 -0.0292027611 -0.0500019901 0.052500356
0.0229023378 0.0290401634 -0.0992426127 -0.0392285511 0.038474068 0.0852038264 -0.0304715056 0.534444392 -0.397732586 -0.144247681 -0.0718481466 -0.0197588019 0.0662539974 -0.0302961078 0.109698094 0.0858533457 0.0511838682 -0.319313854 0.304579318 -0.0172994286 0.136515409 -0.186189845 -0.352082193 0.0018787086 -0.0695952848 -0.0276873782 -0.00953255594 0.0441775396 0.0453413203 -0.00657416554 0.0344261602 0.0119477976 0.0576293319 0.161889553 0.0479266457 0.498275876 -0.371588707 -0.0146386446 -0.0329107344 -0.0378490649 0.0465181321 0.00794038922 0.153986782 -0.121784739 -0.0578244217 -0.147952229 0.0645190328 -0.039697662 -0.0643239394 -0.0264064316 -0.26704821 -0.0564741641 0.0651222318 -0.038275335 0.0157157257 0.0469867215 -0.0611959472 0.0167831648 0.0295457225 0.0338798501 -0.00832334347 0.211296797 0.0796197429 0.497329116 -0.422048479 0.00682161236 -0.108890682 0.10134697 -0.0376922525 -0.00458459184 0.166678518 -0.193665102 -0.0983493775 -0.154368937 0.160615489 0.0952263325 0.0196983479 -0.256536871 -0.449023336 0.056914553 -0.0656552538 0.00901700556 -0.0648304075 -0.0608905442 -0.0478757285 0.0114798853 -0.0997152403 0.135464758 0.0630219877 0.128337756 0.0651389286 0.466273427 -0.417782456 0.159204558 -0.316121966 0.078549847 0.0113121616 -0.0651667714 0.110955477 -0.426224202 -0.109915122 -0.0450691059 -0.064049162 -0.175130144 -0.00168982567 0.118989222 -0.201334774 0.0722250044 0.00829029828 -0.0702522248 -0.0207467042 0.0477980077 -0.306446791 0.221533462 0.0665791184 0.408030272 0.0828197822 -0.0448779389 0.0664141923 -0.0534577332 0.162425861 -0.0238665603 -0.0320603475 -0.054682482 -0.00676418887 -0.0595059283 0.108009696 0.112337746 0.0133662438 0.0197643731 0.00464414014 0.00330306496 0.0516638905 0.0385386162 0.0452107415 -0.126086161 0.0406532101 0.0359575711 0.0170568824 0.0883134007 -0.137630895 -0.0283146277 -0.0105673745 0.0374190137 -0.0416086055 -0.108668394 -0.0241738241 -0.00406850176 0.0986800864 0.0320403837 -0.0121654067 -0.00302900723 -0.0318940505 0.0504546165 0.00796356425 0.0113641638 0.0954017267 -0.0318430699 -0.0596548058 0.0374651365 0.0343464017 0.0453280397 0.00397554087 0.0587297529 -0.0330619514 0.0475030877 0.0473424867 0.0811123475 0.0901275426 0.0833950117 -0.0304036364 0.00161943876 0.00992780551 0.0866571441 0.0222492591 0.081894666 0.033539705 0.0307867303 -0.0129708834 0.0295498651 0.11518658 -0.017436685 -0.0171685368 0.0364246815 -0.0311467927 -0.0195276588 0.0440790243
0.0474728271 0.0402355082 0.00471252063 0.151028827 0.0705897734 0.0408171341 0.0125026125 -0.309373409 -0.506624401 0.0276089702 0.159209728 0.0644432753 -0.00232786871 0.0816849023 -0.0956308395 0.045482602 0.121459037 -0.142726168 0.211670503 -0.0439028032 0.227261946 -0.105106197 -0.258428484 0.062514782 -0.03316826 -0.0618185587 0.0685032755 0.0228336751 0.0954123959 0.00638452917 0.0252032448 -0.00127143355 0.0565848276 -0.000852535595 0.0754755363 -0.311797798 -0.405618101 -0.0753914714 0.00376682193 0.0180936754 -0.0379700102 0.00553258182 -0.0241707228 -0.0730569363 -0.00543641811 -0.0671172589 0.132284477 -0.0586788058 0.068552427 -0.0547722839 -0.366783887 -0.065751344 0.0208679438 0.0499740615 -0.0145578384 -0.064149186 0.0817247331 -0.0332577564 -0.0158286188 -0.0186622031 0.0866498277 -0.0155705744 0.044103574 -0.321031362 -0.487523079 0.00738028716 -0.05049536 0.121822573 -0.0179935452 -0.0707056895 -0.102759622 -0.0616143905 -0.0389711633 0.0697481111 -0.061672695 0.0283158626 -0.0848951861 -0.0872472376 -0.294499576 -0.0469755456 0.034793213 0.0652637929 0.0609446466 -0.0601395257 0.025121104 0.0405764617 0.0581797026 0.0420469567 0.100268841 0.010116512 0.00308738952 -0.302025586 -0.497486144 -0.130676851 -0.25039503 0.0476222262 0.0255021676 -0.134718165 -0.0424442999 -0.412256241 -0.162919387 0.184035003 -0.0721520707 -0.203895256 -0.146865398 -0.0834790468 -0.222976536 -0.0453783013 -0.028739702 -0.0513364673 -0.00330126286 0.0653975308 -0.0287038628 0.105664641 -0.174891815 -0.237606436 0.0545404255 0.00415220531 0.0763728097 -0.0501113608 -0.144511193 -0.0365569256 0.00103933178 0.0683102906 0.012802978 -0.0607219897 0.0155758616 0.0839459971 -0.0598919243 0.0474557504 -0.0478660576 -0.0300967433 0.0338113755 0.012102697 0.006900243 0.0242962129 0.0384613536 0.0370466746 0.00831285678 0.0842365623 0.0481083691 0.0275866427 0.0138601353 0.0159767047 0.0122903613 -0.0895929635 -0.000747676357 -0.069619976 0.051044926 0.0145531613 -0.01084565 0.0416839644 -0.0233840365 0.00231158431 0.00607276848 -0.0558447987 0.0680815428 0.0488275513 0.0554749183 0.0284219366 -0.102818519 -0.0269799996 0.000517011678 0.043634247 0.0254269727 0.0103072189 -0.0522592217 0.0532642342 0.000158606301 0.118906721 0.0358177163 -0.0549273193 0.0902285203 0.0117969075 0.157090947 0.0296530761 -0.0633141324 0.0551969372 -0.00870959554 0.126836732 -0.0242293887 -0.00451572426 -0.0366884023 -0.00723036751 0.0618757904 0.0292101745 -0.0638943762
0.0586282909 -0.12588045 -0.0876621753 0.0890779495 -0.0448730625 0.00376712088 -0.0525809005 0.36107859 -0.560760617 -0.0917549208 -0.0932806209 -0.0145792356 0.00836808328 0.182763174 0.220930502 0.264912367 -0.0372783355 -0.109897465 0.0771382824 -0.00693274708 0.0321660042 -0.25395906 -0.249757573 0.0402035862 0.046109356 -0.0344211683 -0.0112344511 -0.0448511988 0.0205961987 -0.140463382 -0.0205258466 0.0925283954 0.0785746798 0.0307922419 -0.00272312318 0.382805854 -0.545766056 0.0213364139 -0.191874206 0.00407562265 0.0350102857 0.105473153 0.180205911 0.108698428 -0.0680171326 0.0610189699 -0.159594774 -0.120917551 -0.151545778 0.0239154659 -0.3902345 0.0400118083 0.010548979 -0.0507147722 0.0675813109 0.0495714024 0.103005514 -0.111663945 0.0309447292 0.0262001958 0.00145032024 -0.0945077091 0.0187407695 0.326381505 -0.455654472 0.0185289197 -0.17621541 0.0410235189 0.0715600252 0.139689445 0.207677886 0.0590452403 0.0208940562 0.0496376716 -0.207226291 -0.0515421443 -0.155309781 -0.0922864377 -0.460797846 -0.0433338657 0.0280643702 0.0276067406 0.0368644744 -0.027195923 0.079684779 -0.0979191214 -0.0855117887 -0.0515782833 0.0587603711 -0.0987584442 0.0333333984 0.349270582 -0.532873869 0.0950781927 -0.32644999 0.0260548294 -0.0148087051 -0.00275728339 0.0539100319 -0.18764551 -0.0123914815 0.124895141 -0.243087336 -0.35593468 -0.399359494 0.207978398 -0.238530859 -0.0355237238 -0.0459221564 0.0190707743 0.00693449378 0.00124552846 -0.069984749 0.0551448464 0.0106017878 -0.127859578 -0.0365364663 -0.0731688067 0.0419865213 0.0601544194 -0.0817503929 -0.00634178519 0.0564501993 -0.0753607675 -0.0135819428 0.0514752232 -0.0258604214 -0.00770294294 0.0196450502 -0.0226850584 0.0510462411 0.0883379653 0.0646047443 -0.0506052114 -0.0184819438 -0.0169704426 0.0691756383 0.0163678695 -0.0168382805 -0.0176036991 -0.0125291217 0.0155591769 0.0138214901 0.0408105776 0.079096593 0.0322502106 -0.0443076231 0.0415024981 -0.0441546366 0.0283358768 0.017822884 -0.0159076843 -0.0268024076 -0.0177318361 -0.0419322886 -0.0128718046 0.0140208174 0.0206372347 0.0469575934 0.0653662011 0.073379077 0.0186145138 0.0238365158 -0.0299840942 -0.0232483596 0.0589189269 0.0554818325 0.0446901843 0.0334179513 -0.0130825555 -0.0347377025 0.0941110477 -0.0704107508 -0.028027799 -0.00888441037 0.070971027 0.0713106245 -0.0192306601 0.0121725369 0.0364986248 0.0336901657 0.093193166 0.0421589948 0.00554991467 0.00904128514 0.0313442275 0.00293363631
0.0912755355 -0.0974085778 -0.0871558189 0.0265482254 0.0315873586 0.010146305 -0.00358449761 0.513153434 -0.36771065 0.0326701291 0.265580893 -0.0603264198 0.0727347359 0.127654329 0.174698099 0.10104841 0.243203953 0.0180234909 -0.111235 -0.080806762 -0.092757754 -0.233585 -0.355838865 -0.0567967668 -0.0730007291 0.0281069577 0.0519493073 -0.0221796595 -0.0377583541 -0.092271395 -0.0314641036 0.0380507633 0.0711174309 -0.0896651 0.100019723 0.540342152 -0.383006603 0.0973949432 0.19485876 -0.000196630659 0.105674073 0.0403103009 0.18343839 -0.0418424346 0.0889854282 0.0369582474 -0.139243498 -0.0610498041 0.132393137 -0.139778346 -0.406092972 -0.0288865566 0.00735718757 0.00581498444 0.0102243498 0.0466448218 0.0771465302 -0.00462655537 -0.0437460467 -0.0596237443 0.0138596594 -0.0960221216 -0.039393615 0.544485867 -0.402010381 0.168681011 0.298660904 0.0190435052 0.0677911565 -0.068914853 0.262137115 -0.115227051 -0.0427651405 -0.0698711649 -0.00686330767 -0.000157400849 0.25871551 -0.215377375 -0.434806794 -0.00340137631 0.0237809122 0.00265476853 -0.0621024072 -0.00800698996 0.0107053202 -0.0178985298 -0.0575771816 -0.104806051 0.0862756819 -0.147622198 0.0664890558 0.46750313 -0.480246574 0.122475721 0.0927572325 -0.0102680372 0.116374612 -0.30697909 0.0640960932 -0.28022632 0.0937456191 -0.12445727 -0.195477918 -0.245567709 -0.203036487 0.112681761 -0.199552 0.0343573987 0.0423190147 0.0299030542 -0.0722822025 0.00500768423 -0.0661283731 -0.138410389 -0.322068751 -0.237737507 0.0598457679 0.0459260494 0.019010907 -0.094230935 -0.0327346437 0.0619718395 0.0246167947 -0.0171195138 -0.0411424935 -0.0293356553 0.000126397455 0.0772694275 0.0563351922 -0.0353585742 -0.0411662832 0.0335306898 0.0722918212 -0.0343670808 -0.0238225292 -0.0143818287 0.127903834 0.059086293 -0.0692407861 -0.0526024736 0.0146466102 0.117343917 0.0660749823 0.0376122557 0.0413792543 -0.00406221533 0.0430092067 0.0805386305 -0.0676030889 -0.00588121638 0.0871009603 0.03217794 -0.0206026938 -0.0590034947 -0.0428314582 -0.00993825682 0.0392572433 0.0189389531 0.0223911572 -0.0497259833 0.0318665616 -0.00731581543 0.10300532 -0.0129794162 -0.085536316 0.068900995 0.0819402263 0.0589956455 0.0607395917 -0.0440421104 0.0801809132 0.0955174118 0.0296964645 -0.0203919206 -0.0226070639 0.067436792 0.0934312791 0.0495090894 0.024208637 -0.0110134315 0.150470972 0.0456432216 -0.00277361157 -0.00928664859 0.00732523715 0.0881959945 0.107927933
0.0144705353 -0.0892027915 -0.0602419712 0.0985900089 -0.0445228741 -0.0439008698 0.0594753735 -0.458238304 -0.377498448 -0.0285171792 -0.136330947 0.0223114062 0.114171468 0.0308346655 -0.185112774 0.084487699 -0.0500116907 -0.123541638 -0.0690724701 -0.145744577 0.0140866851 -0.0342483521 -0.221704632 -0.0222413614 0.00729958713 -0.0582908019 0.0119691938 -0.0225116909 -0.0147946822 -0.0226887763 0.042423591 0.0493392013 -0.00692843506 -0.104316026 0.0187458228 -0.552179396 -0.423838377 0.0391384214 -0.167207628 0.0203562304 0.124409147 -0.0449415036 -0.308062106 -0.11663416 -0.0431553014 0.150783211 0.000396941032 -0.161130577 0.00631932775 -0.0724484175 -0.40062207 0.0290472358 0.0546214581 0.0606312454 -0.0666753799 0.0272769704 -0.0610864982 -0.129322514 0.159566253 0.0838687047 0.00806573872 -0.0352716446 -0.0345981121 -0.435390323 -0.379105002 -0.0161697976 -0.118987449 -0.041218631 0.142088071 0.0355054885 -0.36205712 -0.213073671 -0.12765424 0.228971943 -0.0769039914 -0.123322591 0.0746373758 -0.0542338304 -0.24545446 0.0130887106 -0.00609838217 -0.0396589339 -0.0487954952 -0.0667119399 -0.00381119084 0.00310083688 0.335087389 0.0996426195 -0.00102929759 -0.0591967404 -0.0600004233 -0.48605147 -0.398327798 -0.114222638 -0.386383682 -0.0487951078 0.0853273198 -0.14396584 -0.319687694 -0.461935818 -0.0162793975 0.227900624 -0.0876871794 -0.340854496 -0.00706300605 0.0807825923 -0.154580325 0.0673662126 -0.057535477 0.0630394965 -0.0451040156 -0.0304102525 -0.0362869538 0.0283961091 0.23787266 -0.151332408 0.031085223 -0.0458239913 0.0182621274 0.120888866 -0.0327257812 0.0516964048 -0.0618414879 0.0219363328 0.113618478 -0.04198521 -0.0451331623 0.0350808315 -0.0694318488 0.100907005 -0.0201081801 0.0216051172 0.00553619536 -0.100069948 0.0838015079 -0.0739201605 0.0388965011 -0.029988084 -0.00432303362 -0.0300882123 -0.0502860099 0.0547458678 0.0203269646 -0.0926891044 0.0187145956 -0.0175003093 -0.0103361104 -0.0621790253 -0.0308932494 -0.0349653959 0.0835231394 0.0443053953 -0.0406677015 -0.00829129294 -0.0261739381 0.0220355392 0.046333041 0.0122550931 -0.0154171009 0.00310313748 0.0281622279 -0.0380363464 0.0424580574 -0.0572769418 -0.0679208934 0.10330829 0.0854309574 -0.0318278372 -0.0469164923 -0.0552888811 0.103179067 -0.0348611921 0.0259424765 -0.0159352478 0.0477522276 -0.00538776396 0.0199229196 -0.0270233173 -0.00163371419 0.00940781273 0.0377995372 0.0972955674 -0.0223309249 -0.0677272677 -0.0367993824 0.0732289776 0.0926030204
-0.061484538 -0.106563859 -0.163433135 0.116704859 -0.0122650405 -0.0555345975 0.00558892451 0.230315715 0.106424548 0.045110859 0.366982996 0.0749495551 0.105995528 0.307860166 0.15450941 -0.117027119 -0.104188137 0.494801909 -0.466495693 0.11695496 -0.209514692 0.146892264 0.1373422 -0.0706355423 -0.0558975935 -0.0602235869 0.0170918554 0.0115068033 0.0242103934 -0.114810951 -0.124391578 -0.041149307 -0.0368308686 -0.201086879 0.0312469248 0.115563259 0.0984593704 0.11841967 0.237379998 0.00067237817 0.195972994 0.241834909 -0.0597775206 -0.0421057716 -0.116451509 0.270164371 -0.477803349 -0.0642891824 -0.14650245 -0.0243763607 -0.0883533135 -0.0438885093 -0.0114340484 0.0467762202 0.0455585271 -0.0126494765 -0.0388848856 -0.0462629087 -0.0628932491 -0.131216362 0.0988430753 -0.19939141 0.0206782632 0.14752242 0.0832955837 0.209007844 0.165324152 -0.0630018339 0.196968883 0.120399587 0.0684028715 0.108979873 -0.155641213 0.188405618 -0.38902384 -0.137218624 -0.186977506 -0.113540798 -0.0954015553 0.0534316897 0.0331218913 0.0715484172 0.03701289 0.0617767572 0.0100555243 0.0254228879 0.038344603 -0.254731238 0.084999226 -0.197011098 0.0320736766 0.103643693 0.13619709 0.26479724 0.297303349 0.0550838001 0.159573466 0.162237316 -0.262400329 0.444984287 0.0827621073 0.0704451129 -0.528750598 -0.0129138436 -0.143438175 -0.0927998796 -0.110642605 0.0616088808 0.00250807405 -0.0280443281 0.0558525771 -0.052937828 0.430043101 -0.220132709 -0.274215639 -0.587130427 0.141380072 0.101732381 -0.0740532279 -0.112979189 -0.133868605 0.102390215 0.0239936728 -0.0597410686 -0.118424445 -0.0800531283 0.131598949 -0.0644810498 0.0625615939 -0.169273898 0.147003517 0.100349821 -0.00452939328 -0.0280743167 -0.141802028 0.0845315829 0.103898466 0.0620542243 -0.0364421494 -0.0516791046 0.041821193 0.0339392088 0.082134217 -0.00809335336 -0.052649498 -0.0137938056 0.0294355396 0.138311744 -0.0931521505 0.0383381806 0.0143410536 0.0612159967 0.0735003129 0.046366293 0.017049389 -0.0587316491 0.0441721678 0.062888369 -0.0540745631 -0.00131287356 -0.131748587 -0.0249147974 -0.109914809 -0.0380544886 -0.072380349 -0.0639706776 -0.0430580229 -0.127906427 -0.0396958366 -0.0283744838 -0.0796165019 0.042278748 -0.1157047 0.0251833145 0.0545205027 0.007034929 0.000406370207 -0.148348674 0.0453385152 0.012649186 -0.0654343218 -0.0151138511 -0.118435048 0.0283406489 0.117633156 0.103250146 -0.0196243227
0.0184790436 -0.0845592618 0.0197703596 0.0765347183 -0.0284710694 0.118998669 -0.0310812984 0.446114659 -0.0819795057 -0.00668374542 0.239218295 -0.0346674994 0.0432644002 0.151585296 -0.099496536 0.0517870486 0.17574589 0.285114408 -0.270365417 -0.396459222 -0.506230891 0.71425736 0.810959399 0.0431762412 -0.0520599335 0.0577463061 -0.0636731833 -0.0363851301 -0.0741977915 -0.105267487 0.171837598 -0.0771555156 -0.0402975753 0.0426246412 0.0464586727 0.437504023 -0.11169444 0.0338075273 0.175359204 -0.0585805736 0.0320800841 0.108457841 -0.238558263 0.22638312 0.360771656 0.141455814 -0.025512252 -0.0559489913 -0.417554677 0.171867698 0.429709643 0.00729215145 -0.0705144703 0.0343856588 0.0278679579 -0.0420465171 -0.0247195661 -0.147196218 0.117236078 -0.294006407 0.00859122537 0.0973415449 -0.0137871867 0.370370001 -0.0981017575 0.0921438187 0.0553700924 -0.0503809154 0.098180078 -0.0339674316 -0.226565629 0.360201061 0.424172938 0.208562076 0.0678229332 -0.0026785254 -0.207827777 -0.00577890826 0.141635522 0.065129444 -0.0393872261 -0.0312250368 -8.7171793e-06 0.0293753743 -0.0362987816 -0.0995219201 0.0295543503 -0.261234909 0.0127067044 0.0958363935 -0.0449607633 0.432829231 -0.10168124 0.169673234 -0.0359059051 0.00518633006 0.123136699 0.103417188 -0.399455905 0.448246688 0.688847005 0.284741014 -0.143035173 -0.19124724 -0.341335118 0.259979188 0.439365953 -0.0379612893 -0.0550597906 0.0518608168 -0.0462363847 0.0223763138 -0.259074569 0.501040518 0.0479124971 -0.285491884 0.0266272277 -0.0334804356 0.0495499 -0.0834599063 -0.126713991 0.113657095 0.118749142 0.00971765723 -0.0416557342 -0.111797243 0.0623524524 0.144835725 -0.0309228245 -0.0769051239 0.0243854951 0.110804141 0.116198204 -0.147644863 0.00473882817 0.0387491174 0.00694697676 0.0753973573 -0.00835695118 -0.0735327154 0.0425560512 0.103269033 -0.0583214313 0.0204767063 -0.0674935356 0.100130856 0.0891344696 0.000633248419 0.133446887 0.0251560453 0.0179431941 0.0917000249 -0.0111575862 0.111955903 0.0652954951 -0.0235733464 0.113176331 -0.0339061618 0.0908702388 -0.00227119285 0.055251345 0.0355503596 0.0298741106 0.0828363523 0.00471501937 -0.0663357899 0.0331147388 0.0185828991 -0.00423989212 -0.0136987995 -0.11455781 0.134814858 -0.0132206585 0.00916263089 -0.0325341076 -0.136877939 0.02793785 -0.110820942 -0.0549121797 -0.0182920378 -0.118838616 0.0576923303 -0.0608446002 -0.0230367593 -0.104725994 -0.0933912396 0.0603441112
0.342087537 0.0454675332 -0.320240319 -0.313896745 -0.101208173 0.389304101 -0.0806343332 -0.103486538 0.464489669 0.0370503515 -0.409155905 -0.0596880764 0.164657742 -0.574364841 -0.185147494 -0.453971863 -0.095704399 0.450377196 -0.0268537048 -0.0279739276 -0.0570684411 -0.0250380076 0.0447589904 -0.0463674776 0.069696039 -0.057661742 0.0602392405 0.00426365435 0.317730606 -0.0386419296 -0.277089089 -0.118884444 -0.109920807 0.295967638 0.00657956302 -0.235651344 0.52078706 0.101516776 -0.362616301 -0.00961488485 0.140393972 -0.448988885 -0.183056265 -0.442650914 -0.0311803147 0.552642047 0.00394974696 -0.0248772427 0.0858039632 -0.0551799983 0.048874151 0.011803709 0.0336725861 0.0112347081 0.0621401221 0.0391500667 0.402248174 -0.0132664265 -0.26472649 0.173438713 0.00319825043 0.312820137 0.00817396026 -0.25944522 0.533859849 0.0678997114 -0.393481016 0.0579977371 0.165083334 -0.512210429 -0.113601521 -0.440915704 -0.123373315 0.467716515 0.0653367713 -0.136229783 0.0684701428 0.0258135311 0.0544677973 -0.0704970285 -0.000720873475 0.0662876219 0.0234837905 0.00754642487 0.403263271 -0.0310631152 -0.303256929 0.177630484 -0.105875738 0.247217491 -0.0712418482 -0.285930455 0.482141167 0.198677182 -0.308498174 0.0136939883 0.180779696 -0.652603328 -0.475009859 -0.607062876 0.0431490317 0.689994395 0.129468203 -0.125599459 -0.00937113073 0.0970648527 0.129469126 0.0113622472 0.0446245521 0.00547288358 -0.0101903379 0.0175294951 0.0832009539 -0.21170485 0.317938238 -0.151999071 -0.114412181 0.104167953 -0.222311899 0.243036449 -0.214177504 -0.0628138259 0.0764374807 -0.0576716438 0.250146806 -0.203258976 -0.0265227146 0.0279588923 -0.103778116 0.132980466 -0.14833568 -0.0363313593 -0.0324355029 -0.0400904156 0.184748456 -0.213594154 0.00475551933 -0.0351782963 0.00350274448 0.0934953019 -0.15659517 -0.0829687864 -0.0602069087 -0.0691716895 0.111058116 -0.1751744 -0.000495131419 -0.0638503432 0.0377158001 -0.0351637192 -0.111233406 -0.116151623 -0.129555479 -0.0805746615 -0.0537654534 -0.09605854 -0.0150027843 -0.0645999387 -0.0131351529 -0.0130853849 -0.0694370419 0.0419022664 -0.124972373 -0.00395077839 -0.0528413989 0.0754055381 0.0128212459 -0.0640762225 0.0749210343 -0.078021273 0.145112038 0.00661419332 -0.136395007 0.0963369012 -0.0613050796 0.283511668 -0.0314478725 -0.190271839 -0.00545745017 -0.100599207 0.109080702 -0.0316708013 -0.138469055 0.00789771508 -0.0942478552 0.0585741177 -0.0307478365
0.034924157 -0.111927621 -0.0467622206 0.0806297585 0.154277086 0.0585232116 0.146229416 -0.252209693 0.548805237 0.0248366222 0.192209303 0.0693069398 0.13102451 -0.0975458398 -0.0196037404 -0.221629411 -0.168621451 0.237078026 -0.207336798 -0.0161360689 -0.096636273 0.181707308 0.171032533 -0.0133717097 -0.00795368105 -0.0238240473 0.0701628327 -0.0409469455 -0.0392454267 -0.108810805 -0.0658333227 -0.0860686898 0.0752001181 0.0112838345 0.153713256 -0.320462525 0.538098991 -0.00509946886 0.165930435 0.0111932438 0.114846937 0.0900417045 -0.015184232 -0.0741446465 0.0188874267 0.109645903 -0.0173738897 0.13989751 0.0904708803 0.0612906069 0.339414328 0.0183283314 -0.0307462253 0.0144921467 -0.0260109417 -0.00148390234 0.0391322151 -0.0776858777 -0.0337202288 -0.0542112254 0.070208393 -0.0267194696 0.0245491732 -0.349200368 0.494876474 -0.105089441 0.204884782 0.0924629122 0.00956032611 0.115904793 -0.0360799506 0.0633120388 0.0467741936 -0.00608579349 0.136282191 0.149167463 -0.0389940105 0.0974721014 0.435755283 -0.0043104142 0.0213679969 -0.0060704276 0.0372598991 -0.05134397 0.0251339693 -0.00085783517 0.108469978 -0.196335867 0.131991565 0.0589919277 0.071830377 -0.237085864 0.566428423 -0.0861336216 0.331160754 0.00646314397 0.0794804692 0.314991802 -0.109216787 0.457701236 0.0858132169 -0.0583156571 0.0377403051 0.386838853 0.0625435859 -0.211845979 0.301143944 -0.02999622 -0.0652524382 0.00569861382 0.0574341565 0.0654332191 -0.111736387 -0.241481856 -0.442218304 0.426769733 0.0623454601 -0.0753182322 -0.162300438 -0.180854619 0.121582799 0.146373034 -0.035253834 0.00890209805 -0.090377681 0.104322709 0.0153707974 0.0418910421 -0.0351382084 -0.113955893 0.0172906276 0.138100401 -0.0184941608 0.00905750133 -0.0601165593 -0.0770693272 0.116889134 -0.0104598971 0.0147814332 0.0216212124 -0.0318202451 0.0345464088 -0.0870760307 -0.0458279662 0.0319754407 0.00633630948 0.0842083469 -0.0914200842 -0.0850790665 -0.0140788471 -0.077351667 0.0582071505 -0.0262653939 -0.00606846157 -0.0648479983 -0.0008236703 0.0846119896 -0.0536898747 0.0501626804 0.0245696064 -0.060085915 0.0518333055 0.0433273502 -0.0632905439 0.00222679996 0.0313963406 0.0589957908 -0.0241527855 -0.0646729842 -0.0141353179 0.0557068922 0.00275363005 0.0124729155 0.000438382674 -0.0505882427 -0.0257322639 -0.0158154201 0.0366984271 -0.00531612663 0.0219450966 0.0176954865 -0.0177074652 -0.0220992975 -0.0245556124 0.00808319636 -0.128983498 -0.0157916564
-0.0488503538 -0.0416808426 -0.0506767221 -0.0956144705 0.072013475 0.114721514 0.0670369416 0.334977001 0.412963152 -0.00889020693 -0.300002694 0.06365747 -0.00712754996 -0.111318134 0.0271368083 -0.214240968 0.0442818031 0.119153693 -0.0261468403 0.0904773772 -0.0633716285 -0.113252722 0.0513999872 0.0582097471 -0.041529391 0.0429442078 -0.0366650224 0.0600626767 -0.0996153355 0.0100263003 0.0244951434 -0.0316637419 0.0939219669 0.068875432 0.0969112068 0.339910358 0.399338186 -0.0804284662 -0.20087263 -0.0612598918 0.0153832417 0.057906989 0.024530407 -0.125327006 -0.0356705114 0.00526705384 -0.0513263047 0.0219550282 0.00540710939 -0.0235303137 0.207993001 0.0534050763 0.0374382064 -0.0426121764 0.0298139304 0.0444810838 -0.136424586 0.0593355708 -0.0623869933 -0.0143852234 0.0502199456 0.0556686074 0.00940293446 0.315062582 0.391521126 -0.0566905178 -0.111440696 0.0220187437 0.0360869803 -0.0634120107 0.0349748209 -0.12410558 -0.0803520158 -0.0443954915 -0.0612112917 0.139145523 0.110419638 0.0740634874 0.232822493 -0.0482592583 -0.00158118457 -0.0633158907 -0.0395059064 0.0314015523 -0.146120533 0.0914789885 -0.00528718485 -0.0240304507 0.0378730856 0.0410271287 0.0543054789 0.385929912 0.378857017 0.0137248132 0.138284534 -0.0303291604 -0.0594685599 -0.00428622914 -0.0578493439 0.238498867 0.133068874 -0.0999640673 0.0361121334 0.123872831 0.132377982 0.096192427 0.239817187 -0.0362534635 0.016312249 -0.0615261234 0.0237837136 -0.0565726459 0.0585295521 -0.0517605506 0.254515141 0.00966669992 -0.0178377982 0.0502586439 0.0394896157 0.121600851 0.0910499245 0.119423524 0.0502079651 0.0297622401 0.0394656695 -0.0748837441 0.0691481903 -0.00672740117 -0.0136555247 0.00499357097 -0.0341519974 0.114381269 -0.0247375742 -0.0719571561 -0.00460665626 0.0566993393 -0.000832049758 -0.0247293916 -0.00792675745 -0.0959995687 0.0113929417 -0.00629069936 -0.0321185924 -0.0267499052 0.01631088 -0.0779218525 0.0548158586 0.0340568461 0.0204430968 -0.0514847301 0.00539363502 0.0641137809 0.0473956689 0.00637275679 -0.0137284035 -0.0421948954 0.0691721514 0.000411354529 0.0414415188 0.0539066903 0.0455402881 0.0485556982 -0.0560357906 0.069976747 -0.0640961304 0.00620100461 0.00835527014 0.0374851674 0.0707691312 -0.0570266917 0.0240045208 0.0978830755 -0.0547700636 -0.02471352 -0.075225614 -0.00295492727 0.0076547768 0.0439003035 0.0315810852 -0.0521078371 -0.0288921278 0.0549322888 0.0181725156 -0.0174363311 -0.00483458862 -0.0394716747 -0.0284315832
-0.134884283 0.0148765733 0.115072392 0.238648146 0.0957804322 -0.0742224753 0.0336577818 -0.484004438 -0.552193403 -0.140933231 0.14930746 0.0749981701 -0.0101654222 0.169787243 -0.119254455 0.434340119 -0.066587247 -0.0821212456 0.181158945 0.0121378992 0.12085101 -0.146483541 -0.174315676 -0.00258708745 -0.0296004899 -0.032890968 0.0418078527 -0.0666147619 -0.104741812 0.129999846 0.107320778 -0.0174424257 0.0894752517 -0.0552374944 0.0422216579 -0.351884067 -0.515506387 -0.272788882 -0.0435863957 -0.0147867827 -0.0564939566 0.189940348 -0.22359468 0.438980728 -0.0447058231 0.024609508 0.100755431 -0.0529344305 0.0683554411 -0.0371262245 -0.331356019 0.0443280041 -0.0521239936 -0.0121478066 0.0377376825 0.0593641698 -0.0870660096 0.105502762 0.0685574412 -0.0389618985 0.0922692716 -0.0368661173 0.0577244014 -0.477001458 -0.538002193 -0.253866106 -0.0107137859 0.0947649628 0.000480452261 0.205189422 -0.24770017 0.460071206 0.0186565574 0.177125707 -0.0954699218 -0.09075661 -0.160582453 -0.00943932403 -0.139097482 0.06048204 0.0149400979 0.0240809917 0.027783893 0.0693761557 -0.141845703 0.0774684548 0.0817269161 -0.129949421 0.100175142 -0.0627582297 0.0201667547 -0.427667439 -0.503471732 -0.351468921 -0.26288107 0.113508068 0.0194350407 0.20235233 -0.358391494 0.229156405 -0.0636822805 0.221941084 0.0280380417 -0.191449493 0.00345143722 -0.00943971053 -0.222926512 0.0263435766 -0.0408325195 -0.0664459243 -0.0174527019 0.00877600163 -0.0880894884 0.0400216319 -0.164577991 -0.480931669 0.0276602153 -0.00597450649 0.0224653222 -0.0219364222 -0.13116309 0.0396313891 0.0486940369 -0.0206121672 -0.010926771 0.0529664531 -0.00597549556 -0.000365575979 0.0797667801 0.0368530974 0.12516351 0.0350561626 0.0309229586 0.076590389 0.0538585633 0.0855490044 0.000340981554 -0.0525501557 0.0421770215 -0.0531285517 0.124420077 -0.0421511903 0.0337915495 -0.0739066452 -0.0413049795 0.0727375373 0.00163335889 -0.0613468476 -0.0425224528 -0.0136152599 0.0106795989 -0.0497041605 -0.112941884 0.0442161113 0.0304509383 0.0795853138 0.0295202453 -0.052693747 -0.00420278544 -0.0375764109 0.0679531395 0.0685853958 -0.033105284 0.00561512634 0.08344502 -0.0308168828 -0.0230788924 -0.0365956761 -0.0750612989 0.110432431 0.0293011647 0.0115376832 0.00976129714 -0.0304374583 0.10576275 -0.0555408075 0.0787001923 -0.0383047722 0.0597543493 0.0507526584 -0.0402402058 0.0827285126 0.0256009474 0.0449140109 0.0800738111 -0.0154200066 0.041091051
-0.0341627635 -0.00222069235 0.0270948019 -0.0998460278 0.123400986 -0.0129049076 0.0153217865 -0.226499408 0.499857843 0.0739612356 -0.158226952 0.0357426442 0.0625744313 -0.0583171956 -0.101978563 -0.294634104 0.00713336607 0.278249621 -0.0828326494 0.248106226 0.0368663147 -0.102651983 0.103650853 -0.0197713412 -0.0136905313 -0.0056880191 0.0582366437 0.0337286443 -0.0425805673 -0.0127175385 0.0642080307 -0.10350319 0.0512659065 -0.0870646387 0.0254968777 -0.260384679 0.545894206 0.0452603586 -0.0932530537 -0.0127864312 -0.00313510303 -0.0686665997 -0.102026559 -0.149216831 -0.030215187 0.0950394124 0.0789193809 0.161836207 0.234445482 -0.0547976084 0.345202774 0.0476480648 -0.04895138 0.0664313734 0.00435482711 -0.0607886873 -0.023440443 -0.0862770751 -0.0161984209 -0.150097027 0.0332260616 -0.033984568 0.131882757 -0.346151173 0.517571688 -0.0820688233 0.0233841911 0.0164509844 0.0909072757 -0.108029924 -0.030015422 -0.0662358999 -0.0169337727 0.0376337841 0.262915432 0.178014621 0.333040386 0.00986041129 0.295555264 -0.0713759735 0.0305644199 0.0528440922 0.0160490721 -0.0630236939 -0.0595479086 0.0159616806 0.0102933906 -0.1991411 0.0518949255 -0.103487357 0.0665946975 -0.326179028 0.412108928 -0.0532122962 0.186254993 -0.0506748818 0.108423047 -0.0125853857 -0.0791655034 0.260137498 -0.0296007823 -0.143834874 0.145126641 0.308655709 0.564048648 -0.098965317 0.234744117 -0.0170569308 0.0442073569 0.00467185676 0.0089410916 0.0146453083 -0.219301388 0.0491198562 0.0760312825 -0.48881343 0.0757417157 -0.058233615 0.0559804663 0.141226396 -0.176725551 0.102996044 -0.0309899822 -0.005258522 0.103405535 0.00055630476 0.104914024 0.0173679814 0.0302082133 -0.00631021662 0.0363365225 0.112691991 0.0264898986 0.0314220265 0.0733710006 0.00828827266 0.103725001 -0.0770382211 0.118297443 -0.00562373502 0.0104008541 0.0618990697 -0.0746564642 0.055979766 -0.0203190669 -0.00439277478 0.0548606813 -0.0996256396 0.0267132651 0.0326440223 0.0133284274 0.0899886414 -0.0609266907 0.0777660534 -0.00410077954 -0.0826271772 0.0241166744 -0.161704645 -0.00881554931 0.058959119 -0.0785550922 0.0476389751 -0.032763727 0.0852155238 0.0430174656 -0.0658809245 0.0301225688 0.0040313229 -0.00481743179 0.0546196811 -0.00301086856 0.0178154483 -0.0343682505 0.0558400527 -0.0304044932 0.0365742147 0.087419048 -0.092827633 0.0948916152 0.0927763507 0.101085424 0.0848659948 -0.000424566912 0.0335019976 0.0264670067 0.0762719288 -0.0110187568
-0.0944535211 0.13139762 -0.0618248619 0.149989441 0.0565162338 0.0526464283 0.0563381836 -0.333569527 0.294851363 0.0761815608 -0.0621237755 -0.0606108755 -0.07151822 -0.0937117338 -0.156246901 -0.280367851 -0.238691196 0.0277338233 -0.291332304 0.272122532 0.212636322 -0.411827475 -0.364037901 -0.00175115466 -0.0209891163 -0.0618771054 0.0451336205 0.0271110684 -0.0411323681 0.138795555 0.0528638661 0.0948311761 0.0452383235 -0.026950229 -0.0324680582 -0.30761531 0.281944007 0.0349095315 -0.155872896 -0.0234992132 0.0168075897 -0.15653035 -0.140619382 -0.199788123 -0.366412818 0.00838050619 -0.0421405658 0.162943944 0.406312585 -0.303164154 -0.242344558 -0.0625750571 0.0214040428 -0.0204839073 0.0524060726 0.0483417585 -0.137492552 0.0885902271 0.0335137621 0.0659753382 0.0398859233 -0.0165948179 0.0400734395 -0.353196561 0.218299553 -0.0771332681 -0.0755562633 -0.0649708658 0.0525397323 -0.0774991587 -0.181668073 -0.189971432 -0.353856474 0.0317141041 0.0445475057 0.0607167222 0.503435612 -0.0589609519 -0.0337453522 -0.0579574779 -0.0651389137 -0.060870178 -0.0133700334 -0.0708207116 -0.0583043396 0.0137963276 0.145046055 0.151575968 0.0877602845 0.0213480107 0.0385422111 -0.307626575 0.346864313 -0.208918989 -0.0217833724 -0.0707041323 0.0473084748 0.119171813 -0.219841436 -0.228685394 -0.355816215 0.118952543 -0.0912029073 0.109890915 0.454974592 -0.157672331 -0.241515905 -0.0692880005 -0.0436869338 0.0348003432 0.0252436921 -0.0530142076 -0.344368547 0.216524467 -0.169713333 -0.388729274 0.0607611053 0.00670895213 0.0854036584 -0.08081723 -0.129073963 -0.0234034359 0.106863305 -0.0575854667 -0.10782776 0.00847729109 -0.0226572398 0.171645418 0.0466654524 -0.0765035152 0.0661050454 0.0141286291 0.135468215 -0.0117969746 -0.00542191602 0.0724508464 0.0651261955 0.0355196372 0.0393374525 -0.0630487949 0.0966286138 -0.00115097268 -0.0556649789 0.0935736746 0.0730722025 0.0796840414 0.0300984513 -0.138104841 0.0134955971 0.0375702456 0.0529488586 -0.00341242412 0.00706023443 -0.0155749116 -0.0307740998 0.0639714226 0.107116662 -0.0022268435 0.0181302615 0.00544145284 0.018001575 0.0449341834 -0.00084391539 0.0676683933 0.0167845991 -0.0516641438 0.057383094 0.0557688773 0.0427157469 0.084788315 0.0240729004 0.0237931721 0.0299891941 -0.0190236326 0.110835508 0.053185042 0.0654963031 -0.0538524501 0.0917875916 0.00939975213 0.0843883529 0.0446806662 0.0389812998 0.0123386672 0.0516758636 0.0115506016 0.0714503974
-0.0291640852 -0.0128682535 -0.120096758 -0.245145649 0.0732611194 -0.0299024116 0.0758363456 0.243027285 -0.675421238 -0.238573015 -0.369601041 -0.0189995598 0.0158822667 -0.0851763859 0.34452799 0.120366879 -0.147413194 -0.336838633 -0.0254467074 -0.0302505996 0.0847255662 -0.156839922 -0.339357227 0.0610392392 0.0413626879 0.0168923214 0.0204009861 0.0622919351 -0.00391469616 -0.106853373 -0.0711572841 -0.162613019 -0.0313995183 -0.0560087152 0.0554657839 0.256590664 -0.630345941 -0.143559694 -0.341976583 -0.0489554964 0.0159527604 -0.054044459 0.243899539 -0.225836858 -0.171446592 -0.0891306624 -0.0331443287 -0.0417335294 0.125601172 -0.0814983025 -0.460302413 -0.0407723077 -0.0461808369 -0.0326654837 -0.0636678189 -0.0658587888 0.0636100844 -0.112207629 -0.0201407429 -0.176325828 0.0529045165 0.0144158164 -0.0532937534 0.279025048 -0.641869903 -0.00466009043 -0.444616288 0.0462224856 0.052113764 -0.114141077 0.21045889 -0.414179206 -0.0173448734 0.109502696 -0.151244029 0.148918033 0.216977239 -0.364915252 -0.661607921 -0.0402030945 0.0655612797 0.0655036867 0.0375154763 0.0641568601 0.000160653435 -0.0337388404 -0.102305099 -0.241780758 0.0326889306 -0.0999872461 0.046339836 0.302924812 -0.647892356 0.0238990542 -0.581024051 0.028510442 0.0787171796 -0.162920132 0.0737454668 -0.794953704 -0.038944073 0.203778103 -0.279749125 -0.13112089 0.110435776 -0.0593735576 -0.390588433 -0.0157698952 0.04957854 -0.0126818605 0.0573275089 0.0453125685 -0.22499314 0.318692744 0.242047176 0.148590803 -0.0373060815 -0.0862458721 0.0283693913 0.166147411 0.00970182009 0.0619653501 0.0193090457 0.0180336181 0.0124442298 0.0292703882 -0.0554339513 0.0854611397 -0.0968678296 0.0542395376 0.045750726 -0.0274208877 -0.0117987571 -0.10340476 -0.0192162115 0.0176563133 0.00832083728 0.00428340118 -0.0517956764 -0.00987022649 0.0327491499 0.078463234 -0.11514388 0.0338853635 -0.0428092629 0.100238211 0.0441208854 -0.121873252 0.100887023 0.0633681044 0.156190276 0.0248810519 -0.0904881433 0.0882494152 0.0618384257 0.126927942 0.0653572455 -0.0356680751 0.0202047043 0.0265390966 0.0115365069 0.0837137625 0.112433724 0.0600070916 0.0620211698 -0.031205764 -0.031957034 0.0845320523 0.0579126216 0.0626023039 -0.00925357081 0.00957798306 0.0727045164 -0.0752674341 -0.00678334478 -0.109831572 0.0270057973 0.118664294 -0.0402889177 0.0215151925 -0.128285721 0.0252086502 0.0755112693 -0.0320689902 0.0844049901 -0.180308655 -0.0340924561
0.00498450128 -0.0264820214 -0.0899176002 0.151268572 0.0981764495 0.178248838 0.0636744723 0.180000857 0.731911421 0.0246435925 -0.195119157 0.063871704 0.00297767413 -0.323087394 -0.00975787081 -0.320385635 -0.115445077 0.0344085209 0.0571430027 0.0532527156 -0.09898597 0.0651214048 0.132649601 -0.00527743995 -0.0723856241 0.0386064872 0.034836024 0.0595061481 0.100490145 0.0793816522 0.116504431 0.156482995 0.00273256563 0.0864671469 -0.0094647808 0.289276421 0.733155489 -0.0474586934 -0.0855985954 0.157212958 0.0178847406 -0.261169553 0.114393994 -0.297432095 -0.213378087 -0.164527968 -0.0222196057 0.0990327969 -0.0595377311 0.106043667 0.387402356 -0.0375475921 0.0246100649 0.0365819335 0.0394942239 -0.0628250837 0.0693050027 -0.00839870237 0.0768507868 0.149056077 0.085341461 0.102019392 0.0896485522 0.224268571 0.667302787 0.063485235 0.00666418299 0.116148837 0.0453270338 -0.218438283 0.165260077 -0.167815581 -0.0538317747 -0.218179718 0.0172536615 0.0604255795 -0.119803235 0.0456744954 0.396944493 0.0391680002 -0.0166257471 0.0214011148 0.0159224868 0.0420852453 0.101272076 0.0312016532 -0.087789163 0.255949616 0.0431555919 0.0745586231 0.06077962 0.21332325 0.74282974 0.0203069113 0.366164148 0.0755640417 -0.0746916234 -0.0873468444 0.232172579 0.148026302 -0.0652380362 -0.135980457 0.0370178595 0.29720825 -0.103766628 0.0497145616 0.421696991 0.00686743855 -0.0574628264 -0.0113049932 -0.065337263 -0.00677409768 0.0821308866 -0.163703427 0.279477239 -0.358632863 0.0141651332 0.0840754732 -0.0198801216 0.0430487022 -0.0321613513 0.0505528338 0.045296371 -0.0582946166 0.0188951883 0.0379162356 0.049233526 0.0436684676 0.0730469748 -0.0375673324 0.0908830911 0.0165253188 -0.0229407102 -0.0549540594 0.0128957722 0.0831209123 0.113682605 -0.0356117263 -0.0504901856 -0.0270680003 0.100213192 0.0582365245 0.0635180548 -0.0175280385 -0.0546419583 0.0687302873 0.0239821021 0.0718496144 -0.0643131584 0.00339929899 0.0574369505 0.0626507774 -0.0389495343 0.00325374817 0.110991709 -0.0570970587 0.0875826776 0.0164828058 -0.0837772861 0.00579539128 -0.0741019696 0.00893349014 0.0634814128 -0.0629562736 0.0484032184 0.0289689936 0.109408431 -0.0179157462 -0.0353409834 0.026122639 0.0134690814 0.0678469092 0.0780543387 -0.0313698314 -0.0131351128 0.057468541 0.107036971 0.000402546226 -0.0237518586 0.0893127024 0.0314253867 0.0659821779 0.051414758 0.00240339153 0.0433956161 0.127573878 0.0709056184
-0.192197442 -0.0642553493 -0.0825204775 -0.110595271 0.0307796728 -0.000791388738 -0.018290719 0.569449663 -0.465404809 -0.0465782881 -0.0849895701 -0.0095890481 0.0601436533 -0.0330587775 0.220447794 -0.324841946 0.191779807 0.118355393 0.0395424441 0.200073853 0.343907863 -0.572244525 -0.59206444 -0.011259079 0.0526274294 -0.0523563921 0.068727836 0.0259095505 -0.211738557 -0.0688713938 0.0345901176 -0.0375032984 -0.0150769716 0.048561424 -0.0139351152 0.492098063 -0.487861872 0.0582984537 -0.0463590138 0.0405707397 0.00644209888 -0.0153639782 0.110503718 -0.491970718 0.10350778 0.19321838 -0.0912649482 -0.00199520285 0.209284753 -0.230581641 -0.699951291 -0.0531589687 -0.00425250828 0.0333083421 0.0275874734 -0.0507674888 -0.210875124 -0.0438924395 0.0673069283 0.0220413618 0.106098987 -0.0655416623 0.0345458351 0.566470265 -0.557375014 0.196051925 0.0656171367 -0.0317748487 0.0216798186 -0.203582644 0.289424926 -0.529371858 -0.0709099919 0.0550666973 0.034285374 -0.0505047999 0.38842839 -0.427490652 -0.631882846 -0.00747936219 -0.0293587036 -0.00276654214 0.0533077717 0.0165782124 -0.0923719183 -0.0691298544 -0.0647857785 0.110900789 0.00107827608 -0.0432563238 -0.0125181051 0.548268259 -0.503534496 0.300055295 -0.00365263224 0.0125206904 -0.0402874798 -0.361208886 0.139932916 -0.680269837 0.0447410531 -0.0505537316 -0.172976762 -0.229751393 -0.0198204741 -0.0534573384 -0.37005645 0.0234041736 -0.0572465733 0.07274656 0.0340865776 0.0595885515 -0.0681948885 -0.0835061893 -0.0912928805 0.128043205 -0.00247293687 0.0907318667 -0.01683525 0.019000927 -0.0336177163 -0.013970566 0.100003682 -0.0813379735 -0.0219252892 -0.0516307838 0.0128557114 0.0247827228 -0.0433753021 0.057583414 -0.117829464 0.0345478095 0.104497798 -0.0661012158 0.00396108394 -0.0411659405 0.0256137308 0.0741300359 -0.0143914064 0.0399530642 -0.0869644657 0.087329492 -0.0185355078 -0.0412339345 -0.0241662879 -0.0545591302 0.0999820158 0.0436615832 0.0185312759 0.0111222817 -0.0568749756 0.0532405525 -0.0586792715 -0.048006583 0.0279762149 -0.026873365 0.0991311669 0.0147786485 -0.026455339 -0.0316860788 -0.0748471469 0.0614394918 -0.0118495822 -0.0480390228 -0.0509844907 -0.00591873378 0.0114120832 -0.0489829257 0.00167768938 -0.0811852217 -0.0416350961 0.0198912434 -0.0631124452 -0.0430418812 0.00570001546 0.0476608425 0.110546753 0.0245226081 0.00685517536 -0.066494137 0.00547667406 0.067935735 -0.0631763414 -0.0330859236 -0.0303475764 0.0368888788 0.0684383139
0.0545955226 0.00566441333 -0.0594913624 0.0766421929 -0.0415552929 -0.0818665624 -0.0269408561 0.303496152 -0.562552989 -0.0886919647 0.0112737184 -0.0933455005 0.0255591217 0.24450925 0.0769010186 0.256070226 0.000752312539 -0.103303872 0.173278227 -0.00402306207 0.0167655088 -0.12529999 -0.309851408 -0.0103324875 -0.00705192238 -0.0293878093 -0.0396836624 -0.0128159001 -0.0216208454 -0.0629045963 0.0291220378 0.0786096752 0.0398231037 -0.0270364545 0.0590559468 0.384519726 -0.518299043 -0.00885298476 -0.0125445118 -0.0370959006 0.0122206016 0.168925479 0.00708826678 0.148148865 -0.0486174338 -0.0533109829 -0.179527581 -0.165048882 -0.173319981 0.0463945754 -0.381324828 0.038919881 0.0662816763 -0.0726331174 -0.0501105562 0.0354743674 0.0532158948 -0.0681473091 0.0646115839 0.0530302599 0.0285402592 0.0405397564 -0.0506547317 0.320230693 -0.499658138 0.0441906415 -0.112393096 -0.0664882585 0.075495325 0.156308219 -0.00121403765 0.0456756316 0.0534591638 0.15931505 -0.165098622 -0.0971154943 -0.175670072 -0.18205972 -0.461553991 -0.0591591522 -0.00832364708 0.0581280887 0.0683426261 0.0487519577 0.0810514465 -0.12137001 0.039687153 0.10120073 -0.0449057855 -0.0434166007 -0.0521870852 0.327349067 -0.465963066 0.213760406 -0.224532112 -0.00654052477 0.0471409559 0.0550504848 -0.176638424 -0.19881317 0.0883917511 0.162959799 -0.277481943 -0.239264756 -0.379462302 0.0914646909 -0.327343196 0.0523254275 -0.0385650918 0.0508008376 0.0394183099 0.0504884273 0.257338405 -0.17162326 -0.0136050647 0.25794813 -0.0283707008 0.122935116 -0.0382802784 -0.0366000049 0.0664135814 -0.0505334549 0.0920129493 0.0571625531 0.0292121843 -0.117478944 0.0729467794 0.0663800612 0.0848332867 -0.0462437198 -0.0666320175 0.0849551931 -0.0528085455 -0.0122489454 -0.00879686419 -0.178623438 -0.0354890786 -0.0701746196 -0.016015349 0.0078467112 -0.0848514587 0.0405902304 0.00228931033 -0.0610324927 0.067862086 -0.0548988543 0.0844757035 -0.0566561893 0.0364153199 0.050026603 -0.0563895889 0.0456359275 -0.0308065768 0.050605759 0.0540625043 -0.0128105022 0.00995895825 -0.0868617743 0.0391774401 0.0727591217 0.0359716751 -0.0378003903 0.0117880721 -0.0389882736 0.0752971023 0.0852138549 -0.0413638167 0.0167807564 -0.0265141539 0.00129470741 -0.0158240832 0.0532595888 0.00458115619 0.0544079877 0.0734444261 0.0545097776 0.0684198514 -0.0427783802 0.0326952338 -0.00484012952 -0.0624392852 0.0880297646 -0.0662367344 0.0515683703 0.0245877039 -0.00496405968 0.0556577742
0.036713805 -0.0965248421 -0.0625892654 -0.0052090548 0.0262816846 0.0307314619 0.0846051127 0.367569596 -0.563722253 -0.130915627 0.0079251565 0.0128717646 0.0820975751 -0.0527218543 0.0472374074 -0.279575557 -0.0185968261 -0.0860045478 0.225459322 0.108388975 0.311195731 -0.275888383 -0.463162214 -0.0101697892 -0.0581257977 -0.0416167825 0.0410740897 -0.00545109808 -0.0136179021 -0.056337852 -0.0117461849 0.0310370959 -0.0439419635 -0.00351222092 0.0371119082 0.429190367 -0.489680409 0.00316861598 0.0214712545 -0.0227454491 0.0545221567 -0.0189477392 0.0492854342 -0.364056945 0.026970258 0.104329489 0.0863363147 -0.0420510285 0.195063114 -0.0527870506 -0.366657943 0.00530087948 0.0163691863 -0.00807740539 -0.0644907951 -0.0394674726 0.0509463288 -0.0561350435 0.0787060037 -0.0733883679 0.0900049508 0.099919945 0.0811523646 0.450735301 -0.513354421 0.0448000655 0.051223848 0.0654123425 -0.0138793401 -0.104153179 0.0795629099 -0.56448698 -0.0735204741 0.131986395 -0.033816319 0.170233309 0.165092304 -0.404619157 -0.566669643 0.0448705554 -0.0381581634 -0.0448321253 0.0470428094 -0.0201951414 -0.0796201304 -0.0649033338 -0.0395397693 0.0103234751 -0.0319339335 0.00232329057 0.0249189809 0.371072114 -0.524972975 0.139917076 -0.167989403 -0.0102854054 -0.0449892394 -0.123975739 0.103110187 -0.729660749 -0.0504893288 0.200578287 -0.0833464116 -0.0263057463 0.0834950358 -0.178852633 -0.32772997 -0.0713265836 0.00632505119 -0.0722209886 -0.0519035272 -0.014230404 0.0353539065 0.083731629 0.146754831 0.13309285 -0.0203581881 -0.0553158149 -0.044943884 0.082875818 0.0158755369 -0.00431679329 0.0257237814 -0.0556080863 -0.0193206314 0.00956930406 0.0605144687 -0.0773726329 0.00376318023 -0.00690763537 0.00354135921 0.0404458083 -0.0484781042 -0.00729373703 -0.0426041409 -0.00428544963 -0.0318906046 -0.0712946579 0.0174946934 -0.0432524495 0.0123782344 0.028488921 0.0669495538 -0.00238074083 0.0495940633 -0.0249321777 0.0932608694 -0.0231216662 0.00146281742 -0.0357161723 0.00833662972 0.0948053226 -0.0055720266 -0.0501558147 0.0400296636 -0.0115043391 0.0362198837 0.0224464964 0.0258263107 0.0152667025 0.00254593021 -0.00566273788 0.0625208244 0.0341051742 0.0942960456 0.0278511122 0.0342155471 0.0131179458 0.00563901244 0.00696105231 0.0612867363 -0.0281441417 0.0848321915 -0.0290950947 0.000117853357 0.0129637495 0.00250302884 -0.0387336314 -0.0118051199 0.0833582804 0.0310349688 0.0923852324 0.0552620813 -0.0275289416 0.0123221781 -0.00707186246 -0.0259052515
0.0143741285 -0.0146631179 -0.0573976412 0.0424129292 -0.0699826255 -0.0302099623 0.0321926326 0.033419054 0.0478515439 0.00726606371 -0.059398815 0.0139486901 -0.0649087578 -0.0728271157 0.0711304396 0.00579004735 -0.0465764701 0.0717736632 -0.030545976 -0.0583998114 0.033876285 0.0610156357 -0.0345758684 0.0499808788 -0.0329470746 -0.0156004354 0.0433866531 0.0286818817 0.0507393703 -0.018888589 0.0364244878 0.0398428962 -0.0352269411 -0.0677480027 0.00092545792 0.0314789526 -0.0564754494 -0.0671445951 0.0633971766 -0.00252641807 -0.0493820608 0.0728621632 0.0631146282 -0.0283993743 0.00396734476 -0.0399239771 0.0222607926 0.0403689519 0.0520142019 0.0667826235 0.0110186189 -0.0538485721 -0.070009619 0.0145573243 0.0334365591 -0.0435184836 -0.000246322074 -0.0585498735 0.0193416364 0.0190212708 -0.0766090527 -0.0194223672 -0.0668986812 -0.045656573 -0.0392206125 0.0434149206 -0.028334694 -0.00956568215 0.0684400499 -0.0652081817 0.0366356671 -0.0071008727 0.00191798806 0.0517319217 -0.0688680336 0.0285042077 0.036646992 -0.0127386227 0.00970482826 0.0515367761 -0.0491748601 0.0613456219 -0.0504631698 0.0381246358 0.0539462566 0.0286441687 -0.0677608773 0.0673570931 0.0112205297 -0.0213685445 0.0410942659 0.0550561771 0.0286319442 -0.0628120899 0.0183279477 -0.0393917523 -0.0413297191 0.0676202327 -0.0407586209 -0.0518863127 -0.0232387409 0.0721642822 -0.0244863294 -0.0570381731 -0.0396405123 -0.0423866361 0.0283867046 0.0318414941 0.0407349095 0.00242649019 -0.0596894547 -0.0493606031 0.0307239033 -0.0673211738 0.0138711035 -0.0489270538 -0.0135870278 -0.0289521385 0.0416275635 0.00936346501 -0.0538984388 -0.0531134568 -0.0110374317 0.0312566161 -0.0187271945 -0.0304855742 -0.0674143359 0.0148735549 0.0504505187 0.000239796937 0.00334366411 -0.0575376041 -0.042565763 -0.0617079251 -0.0040909946 -0.0581775084 -0.0423027873 0.0179662555 -0.0483952016 0.0395008177 0.0568275154 0.0230305362 0.0392166451 -0.046738755 0.0316392407 0.0104008093 -0.0168762319 -0.00822159648 -0.0401510224 0.0071913451 -0.0681375116 -0.0518141128 0.021315679 0.0157083347 -0.00545723736 -0.0704814792 -0.0549673289 -0.0640797839 0.0633481443 -0.0539286584 0.0516901091 0.0131701082 0.00804423541 0.0161280949 -0.0522163436 -0.0340142623 0.0333962515 -0.0207310542 -0.0647170618 0.0341330841 -0.0364460051 -0.0514919683 0.0313772559 0.0373611078 0.0417295545 0.0514844283 0.0237649772 -0.0487806238 0.0278974529 -0.0332479216 -0.00147332367 0.0418490767 -0.0427861437 -0.0633042231 -0.0663069785 0.00669369474 0.0231680367
0.120502107 0.0595145561 -0.0674570277 0.0865504295 0.024411492 0.0409399532 -0.0173834916 -0.411974579 -0.376749247 0.0796466917 0.160459831 0.0491726212 0.0771045536 0.028474031 -0.229869127 -0.156926304 0.0739879757 -0.063500002 -0.0313560925 -0.221352443 -0.221794158 -0.0641526058 -0.0327159986 -0.02936 -0.0362540297 0.0673195273 -0.0509778112 0.0693330169 0.0519331023 -0.0350299031 -0.0144183757 0.0426825508 0.0998317376 0.0997633561 0.0474151522 -0.429073513 -0.460056096 0.00524929538 0.0462102294 0.0381362587 0.0956000015 -0.112794839 -0.30985254 -0.261671156 -0.0111144558 -0.0574574322 -0.0717950463 -0.118217498 -0.0539437681 0.050412938 -0.300973713 -0.003825441 0.00247190148 -0.0188529491 -0.0490185991 -0.00756012648 0.0979039669 0.0121904463 -0.065225631 0.0835108981 0.0986496136 0.0479883701 -0.0162586775 -0.376570433 -0.418792546 -0.027590204 -0.0663046762 0.0147412922 0.0695107356 -0.0815311298 -0.281879008 -0.394070446 0.0102902222 0.0953299999 0.0176359955 -0.117351636 0.104150847 0.0114551885 -0.341997445 -0.0501997471 0.0660588294 -0.062221095 0.056027025 -0.0673069581 0.0653390735 0.00579834729 -0.0778068751 0.157146141 0.0687633157 -0.0167165045 -0.0277151596 -0.359028608 -0.452616841 -0.144728631 -0.223439649 0.069047302 0.022455126 -0.209743902 -0.269738585 -0.766217291 -0.0598238371 0.057706058 -0.0589065589 -0.268013 -0.0187175758 0.0169042703 -0.295519948 0.0550816059 -0.000909455121 0.0345860273 -0.0716621801 0.0232817456 0.0428670049 -0.122802205 0.115604147 0.24471119 -0.0449823961 0.0516400598 0.00540420413 -0.0119244829 -0.0040807724 -0.0179441962 -0.0429442562 -0.0520421155 0.0187758785 -0.042834796 0.0755137429 0.0558268651 -0.0259868111 0.0112823993 -0.041296497 -0.00150076137 -0.000206785146 0.0126416124 0.0237275641 -0.0369847231 0.0571133383 -0.0244580284 -0.0361851007 0.114782833 0.00148120616 0.108742028 0.0164266974 -0.0321218967 0.126358703 -0.0905366391 -0.033171311 0.035534244 -0.0793162212 0.0430151895 0.00946428068 0.00762847485 -0.00511307828 -0.0523608774 0.0580127314 0.00434498629 0.034099184 -0.0514577031 0.0347973816 0.00884280354 -0.0278468654 0.109493382 0.0233077258 0.0303301699 0.0306099504 -0.0636147261 0.00623614062 0.0238879584 0.0623479858 -0.0486077331 -0.0441635922 0.0347813107 -0.00662358105 -0.0664859861 0.0392525233 0.0274467003 0.0193080045 -0.0151319969 0.030944718 -0.0223337431 0.0517808124 0.108603701 -0.0386517458 -0.0325346589 -0.0436782464 0.00373712787 0.0324755572
-0.109608807 -0.0175464023 -0.0386272967 0.0414805561 0.0652273074 -0.0200029854 -0.0215872526 0.544070959 -0.674466312 -0.00966337696 0.135403261 -0.0291460808 -0.0320519693 -0.0595804751 0.0851958245 -0.215350002 0.140341669 0.119381711 0.227404818 0.0729878172 0.322719187 -0.298409551 -0.419724196 0.00844486803 -0.0694075078 0.0263530463 0.0629573166 -0.0549307317 -0.00951169431 0.00456874352 -0.00258059846 -0.0650805682 0.0878644809 0.0159816705 0.0532206707 0.495977789 -0.570689619 0.112987891 0.0228037741 -0.0614860691 -0.0795132443 -0.226411074 -0.000594632409 -0.407807738 0.11824239 0.0835759193 -0.00585468858 0.0555670634 0.216156274 -0.186329633 -0.380980402 0.0558478236 0.034736 -0.0451246053 -0.0177307539 0.0399289802 0.0126601774 -0.0190378055 -0.0590312853 -0.0913536623 0.0462700538 -0.0202257056 0.0231434852 0.584355116 -0.619334877 0.0948609933 0.0104876356 -0.0570961908 0.00789840519 -0.326227427 0.0715725645 -0.624067307 0.0473865084 0.17548506 0.182072446 0.000334916025 0.272832125 -0.346855134 -0.579057157 -0.0600492731 -0.0597788244 0.000284597278 -0.00647004694 -0.027461011 -0.0915020108 -0.135967731 -0.10532219 -0.034708295 0.0808673576 -0.0757304877 -0.0140221771 0.443588614 -0.691824794 0.291186601 -0.193480492 0.0183332805 0.000240484544 -0.480797797 0.00465062866 -0.849728167 -0.00635171216 0.110088579 -0.0607304089 -0.0481203161 0.0651812106 -0.160474285 -0.326599121 -0.0696535781 -0.0182966292 0.0203309357 0.0169790983 -0.0387299396 -0.0207219347 -0.0925315842 -0.129005909 0.0264119469 -0.018724706 -0.0754245445 -0.0925670713 -0.00225335197 0.0972161591 0.0137904286 -0.042001158 -0.0226385724 -0.108915195 0.00600563549 0.0843027905 -0.0195436757 -0.0895041153 -0.0704899207 -0.0389643349 0.0667582005 -0.0353924781 -0.00217538071 0.0595803224 -0.0645017028 -0.0334095098 0.0523920655 -0.063269712 -0.0105214948 0.0405065902 0.00658722455 -0.0214564987 -0.0493581891 0.0891331881 0.0565953404 0.0327673219 0.0159417056 -0.0356045142 -0.0317899771 -0.0492976494 0.0336675346 -0.0318110101 0.0365390331 0.0520153046 -0.00438457774 0.0512013622 -0.0861984864 -0.0719656423 0.0181991402 -0.0712889358 0.0706858188 -0.0201649629 0.0302397311 -0.0157999545 -0.0803687796 0.0805088803 -0.0865758061 0.0149200838 0.0786799416 0.00882453658 0.0246043131 0.0529010408 0.00528691197 0.0787488669 0.0292968843 0.00600909721 -0.0114881964 0.0149407294 0.106232859 0.0386936367 -0.0311815348 -0.0555778109 -0.0264562909 0.00191842369 0.0442264676 -0.0161293652
0.0271649044 0.0605318882 -0.0465914942 -0.102319375 0.0669844002 0.130046561 0.0918018669 0.460233837 0.754972994 -0.0805267543 -0.12608324 -0.0184246972 0.140484303 -0.15090777 0.136808112 -0.294549108 -0.120020561 0.0871009976 -0.112467341 -0.044280868 -0.182972237 0.336195141 0.394727468 0.0217233375 0.00558301806 -0.029959999 0.0654213727 -0.0474715531 -0.0183030833 0.0398549214 0.0613403022 -0.00948555395 0.038596645 0.135862157 0.0594432727 0.454476386 0.754041374 -0.017582953 -0.0776569992 -0.0392572694 0.0281136557 -0.154837355 0.153786138 -0.0850530714 -0.112966962 0.0463779345 -0.0139900642 0.00328774704 -0.243858382 0.193670392 0.519647419 -0.0419224873 0.0202319324 0.00567365438 -0.0454794392 -0.0294734947 0.0273335576 0.0884417072 0.0198565125 0.0740048736 -0.0203149766 0.0932375118 0.021275647 0.447027683 0.723017991 0.00466495007 0.0284981467 0.0776449591 0.0541165657 -0.128994867 0.317374408 -0.0445189513 -0.0840649977 -0.00807095412 0.0224578455 0.096600689 -0.0938183218 0.0682347789 0.316447347 0.0357484594 -0.0643227547 -0.0201513879 0.000290594995 0.0630461127 -0.0306985248 -0.00442304742 -0.0848079622 0.132086247 0.0168225672 0.210315302 -0.000105921528 0.433147162 0.732707441 0.122018099 0.190210834 -0.00605350919 0.034147162 -0.0457962267 0.381991446 0.146185353 0.114469618 -0.0710245967 0.0596302561 0.171839163 -0.146523386 0.167018116 0.414320707 0.0644411147 0.0322507098 0.0395804346 -0.005686827 -0.0592737794 0.0452367812 -0.0506707318 0.213264138 -0.0986999422 0.0545900241 -0.0388880409 -0.0023063866 0.173079461 -0.0370303579 0.0115963286 -0.0128472243 0.00346994237 0.0638917536 -0.0397268794 0.0397800729 -0.0601215102 -0.0866760761 0.00378246955 0.0685044751 -0.00890906528 0.0454608649 -0.0361296162 0.0915516391 -0.0139779719 -0.012241005 0.0130945127 0.0184012949 0.0743005276 0.0784077644 0.0140620898 0.00427832035 0.00888961181 -0.0128420461 0.00562781468 0.071714662 0.0438546427 -0.101713173 -0.0517348126 0.0571161173 0.0317995399 0.000751015556 -0.018459104 0.0146701662 -0.0178044681 0.0853981301 0.0381640494 -0.0399516262 0.0639398247 0.0408176966 0.108358286 0.0651784241 -0.0990841687 -0.0461247824 0.0172919594 0.036820095 -0.0107492479 -0.0842957422 0.0612138025 0.0882427618 -0.0159560163 0.0485024154 -0.0124589112 -0.0382892638 0.0220138226 0.0709260777 -0.0780426562 -0.1064272 0.0181519687 0.0611501262 0.090087086 -0.0442928486 -0.0754613802 -0.0824704468 0.0747636184 0.0191650763
0.213441834 -0.230946079 -0.0985002667 0.0966039523 -0.018227797 0.0203884095 0.0280246995 0.373078853 -0.228198752 -0.178369537 -0.0593928881 0.0760201588 -0.0619635358 0.00706090778 -0.0298226718 0.17626743 0.0843722895 -0.311531216 0.370886058 0.143253237 0.270395845 -0.43254739 -0.482026786 -0.0640958622 -0.054716751 0.00480731577 0.0720492601 -0.00570837408 0.212906301 -0.163701668 -0.229322746 0.0845890343 -0.058920756 0.114440627 0.0182592589 0.374531627 -0.31522125 -0.0712050647 -0.101902977 0.121874705 0.0740676969 0.0572761074 0.0606688522 0.195665881 0.0125424219 -0.320074558 0.0713437721 0.176216155 0.159513533 -0.257637948 -0.439883024 0.0480820313 0.020857431 0.0146584287 0.0502580553 -0.0475724638 0.139859378 -0.198540628 -0.116501272 0.10047736 -0.0180654954 0.0375370421 0.031926401 0.304716408 -0.211496487 -0.129226074 -0.0768317357 -0.0134585788 0.0337489918 0.123947807 0.059786953 0.0800762177 -0.0125485919 -0.159901112 0.0904586166 0.218802571 0.111290351 -0.447079808 -0.639374137 -0.0114600509 -0.0168671943 0.0136649087 -0.0248432308 0.0242644176 0.269200116 -0.195594385 -0.168433607 0.179659411 0.0139208706 0.0065382109 -0.0538488589 0.358605802 -0.301017344 -0.0403682552 -0.301240355 0.0895687565 -0.00342861773 0.148855314 0.0441262536 -0.0474755466 -0.168361232 -0.136804625 -0.115407057 0.156935006 0.0940612257 -0.286095589 -0.419182569 -0.0237901099 -0.0575183816 -0.044416409 -0.0642910153 0.0726031065 0.233854458 -0.00364603568 -0.0545891821 0.495947897 0.0510518961 0.0420106351 0.0193157028 -0.0103595462 0.044079151 -0.014738596 0.0340749919 -0.0287081078 -0.0303645078 -0.108648568 0.0595838986 -0.0756707937 -0.00222575269 0.0310183913 -0.0761201307 0.092650108 -0.0787538588 -0.0774400532 -0.0588506199 -0.0641682222 0.0212754626 -0.0307568461 -0.0766865388 0.0560951866 -0.0438217558 0.0629803464 0.0235189088 -0.00339931156 -0.0335353538 -0.106912769 -0.0245883744 0.0610181503 -0.0650821254 0.0122466162 0.00498495065 0.0993215889 0.075564988 0.021941483 0.0504631139 0.0019481529 -0.0160946641 0.137744814 -0.0191136729 -0.0204773415 0.11145585 0.0681824461 0.0636558235 0.0383173488 0.076318495 0.0914179608 -0.00328073488 0.0794266313 0.0108509976 0.0675580874 -0.00964603946 0.0617888421 0.0454802811 -0.00763301644 -0.00880418252 0.0368398577 -0.0136215203 0.0205902327 -0.0438910685 -0.0440216027 -0.00413003471 -0.000294725527 -0.0584733821 -0.0295740142 0.0763330609 -0.0373341702 0.0485483967
-0.010330921 -0.0521149412 -0.0975430682 -0.0391103551 0.0622192994 0.0614862628 -0.00599037623 0.443043649 0.512647927 -0.0822330862 -0.180840835 -0.0499142036 0.074804984 -0.0519150384 0.218874529 -0.143713161 -0.122490831 -0.0306972433 0.0235207491 -0.0663186163 -0.24515979 0.271522671 0.332476735 -0.0509703532 0.00559974462 0.0130200461 -0.0635539293 0.00210235268 -0.0959821194 -0.04361948 -0.0236766338 0.0822829232 0.0497227162 0.0262592807 0.0656534731 0.41336593 0.56565094 0.0532228798 -0.0829651654 -0.0259470642 0.151383311 -0.0038238042 0.248084143 0.00476178853 -0.0972293913 -0.190771431 -0.0352035761 0.0310238022 -0.258178324 0.204333961 0.500472903 0.0197314918 0.0596648306 0.00605406612 -0.0393649191 -0.0132490434 -0.0814488307 0.00157974451 -0.08402583 0.0816045329 -0.00673958473 0.0671783462 0.0974843353 0.487048984 0.488726288 0.0664954558 -0.0343856886 0.0744804889 0.162091389 0.0611854717 0.471941978 0.0665882379 0.00777311204 -0.222939178 0.183606461 0.227860138 -0.0275958348 -0.0610755235 0.246913597 -0.0182882249 0.0404494032 -0.0327794105 -0.0545981079 -0.0728029013 -0.0651996061 -0.0130570773 -0.0191243272 0.0934939235 0.0960833281 0.125142723 0.0905965269 0.367342919 0.573543787 0.0975791067 0.0867673606 -0.0561526455 0.118847944 0.0775542036 0.53311044 0.151174396 0.0325555839 -0.257544577 0.00221461267 0.153865322 -0.121287063 0.215217099 0.337330848 0.0535907 -0.0675400123 0.0651604831 -0.0228262059 0.0230273753 0.130413562 -0.163505286 0.00598288793 0.199150771 -0.0036748969 0.072918199 -0.0188171882 0.0837145224 0.164216325 -0.032394927 -0.0415194519 -0.0367624648 -0.00570004433 0.0574298501 -0.0152999042 0.0431170054 -0.0922578722 0.107654244 0.138807625 -0.0297480933 -0.0736596882 -0.0872698575 0.0658492222 0.0449413024 0.0853940323 -0.044053629 -0.0784116313 0.0137272496 0.137952715 0.00455113174 0.049314253 -0.106864944 0.047274176 0.133401126 0.109552264 0.0298760626 -0.143422514 -0.0248040278 0.149407148 0.0354776494 -0.0482989848 -0.155068353 -0.0460295677 0.0888633132 -0.0155556416 0.0573130548 -0.114221618 0.00106807519 0.127570257 0.0265363324 0.0531279072 -0.129364938 0.0684737936 0.0969344899 0.11139933 -0.0431081206 -0.0827143118 0.0618774928 0.083845973 -0.0243460573 -0.0187451709 -0.0673389211 0.00520185288 0.107433043 0.0751884505 -0.0187765509 -0.0501245856 0.0202397928 0.11454121 0.0665499195 0.00241891108 -0.156142965 -0.0239927582 0.149052978 -0.0099514341
0.118922949 -0.094254829 0.00146472862 -0.0678652599 -0.0494257323 -0.0831525326 0.0474097915 -0.450491011 -0.379483372 0.000741406344 0.147213027 -0.0486904979 0.0242013037 -0.00769378012 -0.193021059 -0.430138826 0.343682826 0.184264645 -0.00738025503 -0.407379478 -0.280518234 0.0846770778 0.0727014095 -0.0470518321 -0.0457485132 -0.0244501606 -0.0426510721 -0.0413781703 0.0724740401 -0.0036918046 -4.38926945e-05 -0.0126137026 -0.0232085939 -0.031578362 -0.0387944542 -0.508058786 -0.385896415 0.0396491922 0.19060187 -0.0859989002 0.0464912653 -0.0113774994 -0.133011922 -0.359455407 0.193164766 0.150715813 -0.0696786642 -0.303507388 -0.277477205 0.155479893 -0.255602956 0.00450952351 -0.0138614625 -0.062261194 0.0277974755 -0.0133257918 0.0740628466 -0.00200912962 0.00507587055 0.0312616453 -0.00817328691 -0.0652618557 0.0142949177 -0.447919607 -0.373869419 0.0265378393 -0.0322156362 -0.0640921965 0.0547410883 -0.0116820596 -0.12729387 -0.59392333 0.0273962021 0.11659725 -0.148234963 -0.255566359 -0.267195225 0.0631488934 -0.0844043344 0.0657584667 -0.00247612596 -0.00543732941 -0.0227986686 0.0419405326 0.159721434 -0.0249243975 0.0412693508 0.166694194 0.0688433424 -0.0984969437 0.0308143441 -0.461905301 -0.367719024 -0.102535881 -0.164744884 0.0314881057 0.138211131 -0.111733504 -0.0582856052 -0.798883915 -0.0691743046 -0.0255815201 -0.0389892794 -0.321919084 -0.242256552 0.249287978 -0.03905062 -0.0622130856 -0.0285330899 0.0612973124 -0.0679021105 -0.0291588195 -0.0206154585 0.0545669198 -0.0770992935 -0.215033874 0.0982386097 0.0456220247 0.0636633933 0.0216087159 -0.0560504571 0.0719928145 -0.0340573303 0.0171565153 0.0481642298 -0.00446257461 0.0283250809 0.0787572935 0.0906311423 -0.0748450607 -0.0647608191 -0.0321782008 0.043480929 0.003663518 0.020890547 -0.00987490267 0.0935035199 0.000924486783 0.039456103 -0.0878904983 0.0367154442 0.1068343 0.0656021759 -0.0304877833 -0.0846724361 0.102307759 0.037190076 0.0415198132 0.0809091777 -0.115198627 -0.0394338854 0.0688212514 0.0811432749 0.00307723461 -0.043127019 -0.06246024 0.0094559649 0.0797499493 0.0128376791 -0.0714409873 0.019579079 0.00138829625 0.0267491397 0.0106865587 -0.032935895 -0.0163565706 -0.021071434 0.0254208539 0.0884274244 -0.056659501 0.0249346383 0.0550075732 0.065142259 0.100223422 -0.0781991109 -0.0157289729 0.0379694402 0.0939226449 -0.00224549836 -0.124584489 -0.00907100737 0.0727361739 0.0489645787 0.0592069402 -0.116499767 0.00604574289 0.0187149048
-0.0964220166 0.0777805969 0.064978905 -0.0785776526 0.0267251972 0.236563414 0.0710199773 0.429240108 0.436067939 -0.103530675 -0.043797832 0.112137049 -0.0828795657 -0.304848671 -0.044621408 -0.216578543 0.0453272313 0.0518323742 0.0708554313 0.0137385465 -0.153869122 0.20492056 0.250198722 -0.0591499731 0.0418679193 0.0245236233 -0.0389823094 0.00582125783 -0.114859782 0.0613765195 0.0264895689 0.0228726994 0.0233717915 0.229995862 -0.0206486546 0.432634801 0.438423783 -0.00471640239 0.0701304898 0.0632495061 -0.0340082161 -0.205039337 -0.021046944 -0.131119296 -0.0229327399 -0.072843425 0.0319513045 0.147640288 -0.167229891 0.161726028 0.376225978 0.0301627815 -0.0165103897 0.00488905609 -0.0599615239 0.00733791292 -0.104195438 0.0653112084 0.00014210213 -0.0573101789 0.0173853338 0.277038366 0.0612192079 0.414675385 0.482959569 -0.0020683133 0.105488136 0.116738982 -0.0504436232 -0.0729484633 0.144361824 0.00702292193 -0.0138448067 -0.00632890873 0.0368237868 0.191065505 -0.00380317331 0.00462170551 0.322667837 0.0312523842 -0.0389950722 -0.0360505618 0.0435554311 -0.0509207323 -0.0836036503 0.16866082 -0.0727117434 0.115061581 0.00737322448 0.218715057 0.0544705763 0.313760012 0.418656141 0.0857107714 0.180767462 0.0345084555 -0.0787506625 -0.00699841464 0.12056376 0.217213079 0.0253403857 -0.0730568245 0.000897243735 0.204393521 0.0455913506 0.10295172 0.384286553 0.0226178616 -0.0113171265 0.00811534375 0.0270588174 -0.0697624981 -0.0425120033 -0.0297961496 0.301900297 -0.470814973 0.0198987499 -0.0879244134 0.0281228945 0.0921912938 -0.0102676926 0.0192813929 0.0286554415 0.0252647512 0.0508652218 0.0226499904 0.019087594 -0.0378814973 0.00380225573 -0.0105214678 0.0149685303 0.106825359 -0.072825633 0.0669507608 -0.050074771 0.0474974029 0.0409319699 -0.0366564915 -0.0389310941 -0.0377392806 0.149657249 0.0877112374 -0.0293271877 0.093201831 -0.0279189516 0.108081616 0.0745323524 0.0151325297 0.0670788512 -0.0996892676 0.0480692498 0.0136540914 -0.00364222331 -0.0284214597 0.0425514169 -0.00479553873 0.0569531247 0.0462183468 -0.0568054952 -0.0415727794 -0.0710302219 0.0871545151 -0.0524295121 0.075129725 -0.029747868 -0.0713680387 -0.0178345516 -0.0195933636 0.0920232907 -0.0785763934 -0.0643291622 0.0736049861 -0.0308978595 -0.0152089419 0.00816171337 -0.043045938 -0.0199443977 0.0660218894 0.0099968221 -0.0325098187 -0.0707263574 0.0340665989 0.00337904203 0.0520966649 -0.0183704589 0.0328782164 0.0802368969
0.0959640071 -0.326314241 0.139720246 0.142722651 0.061909847 -0.0215022899 -0.0566359088 0.483391911 -0.546811402 0.13164036 0.00165429316 -0.129513636 0.010823613 -0.129469886 -0.414114863 0.0541675948 0.313430667 -0.0264690872 -0.00645183306 -0.23339729 -0.257008076 0.313494563 0.0772860944 0.054214552 0.0332550779 -0.00629923493 0.0424308255 -0.0240362212 0.158155516 -0.311924845 0.197983101 0.0987513289 0.0705919713 -0.113562129 -0.0352916121 0.555753291 -0.581547379 0.209944561 -0.0276205521 -0.0815403312 0.0500927195 -0.123381279 -0.307029098 -0.0763053074 0.357723325 -0.0312089324 -0.10703513 -0.198753521 -0.400820643 0.224276602 -0.121537834 0.0341762826 0.0132527202 -0.0287333652 0.0109077767 0.0633668005 0.151100218 -0.394343108 0.138603151 0.204209864 -0.0437750034 -0.100144342 0.0402668864 0.58266145 -0.467428982 0.280486077 -0.113680117 -0.0526068993 0.0294671059 -0.146206528 -0.420778006 -0.150542855 0.36888954 -0.00297462847 -0.162989751 -0.065938063 -0.45539102 0.0556713715 -0.228318706 0.0455650315 -0.0359222069 -0.0170334801 -0.0486108512 0.0190703496 0.126615569 -0.319370687 0.122015633 0.126729339 -0.00567638967 -0.0541514829 -0.00734414253 0.575529754 -0.510411263 0.397808731 -0.37048316 -0.0989212543 -0.0189651772 -0.289576918 -0.394670933 -0.369608968 0.384535491 0.215766549 -0.158811644 -0.175203174 -0.445399165 0.299540818 -0.0620692261 0.0629414469 -0.0722424537 0.0268120468 -0.0434787869 0.0502583161 -0.0757698342 0.00786087383 -0.302256316 0.729829133 0.0838053375 -0.0914826021 0.00566621451 -0.174534544 0.331302226 0.037878383 -0.0346401818 0.0943158567 -0.100677803 0.113933235 0.0574843399 -0.0151225319 0.0925133452 -0.020852102 -0.0469079241 -0.0474463068 -0.0568816997 -0.00433117431 0.050906755 -0.0448113419 0.00835973676 -0.0294314288 0.102200463 0.0468271002 -0.0813586935 0.0538294688 0.0157510396 0.127721176 0.0223762393 -0.170798182 -0.0117799947 -0.0763164833 -0.00858782418 0.0323043913 -0.0884868577 0.0605300963 0.0189411491 0.0421154834 0.104511119 -0.164392427 0.0435077138 -0.0287720021 0.035996154 0.0303557254 -0.0448844582 0.00736817485 -0.0158152264 0.0248692036 0.0360326469 -0.111422688 0.0965075269 0.0664371848 0.0667966977 0.0257129781 -0.00184170157 -0.0231356826 0.0804870725 0.0109195132 0.046602428 -0.0436643623 0.0308621861 0.0515574105 0.012467185 0.128810301 -0.0405398458 -0.0170316119 0.0357976295 -0.0174625982 0.0759010836 0.0544356443 0.0493700728
-0.0501288399 -0.0924905762 -0.0349871777 -0.206465855 0.0724961981 0.179015547 -0.0313353725 0.499758512 0.390232652 -0.0520351417 -0.0528485738 -0.0667469725 0.00750614563 -0.154891148 0.182663292 -0.148952022 -0.184631303 -0.0973977223 -0.0436065309 0.0886151418 -0.207959428 0.0912294835 0.279196441 -0.0597756952 0.067975536 -0.0639448836 0.0488269031 0.00827492774 -0.0274290461 -0.0356757119 0.00669522677 -0.0751017779 0.0592371896 0.168763176 -0.0283563081 0.456007123 0.359063625 -0.0423253328 0.0181656834 -0.0107655339 0.0613098443 -0.100286283 0.222732678 0.105505764 -0.0975559279 -0.171939209 -0.0197172035 0.163002655 -0.129887596 0.0693349242 0.382771045 -0.027975969 -0.00723897666 0.0307480395 0.0726809651 -0.0320972018 -0.0717824399 -0.0465585142 0.0120442575 0.0224871598 0.0733356848 0.0875585526 0.0362489037 0.535547376 0.364836693 0.0599263832 0.0367806777 -0.0103364242 0.0471557118 -0.00232051639 0.330115587 0.151649132 -0.0858690664 -0.214271829 0.126673594 0.228586584 0.0872923136 0.0287920609 0.251158983 0.0352874324 -0.0444557592 -0.045984745 0.0463532582 -0.0183021203 -0.0678705499 -0.0615686923 -0.124509878 0.0790193751 0.0339396074 0.0588298962 0.0446431376 0.490957856 0.41707626 0.152803257 0.229713127 0.0644872859 0.101367101 0.110383071 0.229513928 0.507435203 0.0166554227 -0.119967885 0.00561884604 0.272532612 0.0705930665 0.0402722508 0.28060016 0.0421080589 0.00268855691 0.00376351178 -0.0357620604 -0.0266706087 -0.0553946495 0.250817865 0.160877779 0.111644946 0.040668115 -0.0412192009 0.124902822 0.103941157 0.0123260468 0.0611597784 0.0288566742 -0.0424381532 0.0229139663 0.0624227077 0.0177272726 0.0311572868 -0.00539462455 -0.062161833 -0.017442001 0.0551596731 0.0600605719 -0.0701167658 0.0269312523 0.0317650884 0.0762443766 -0.0247031692 0.0470837504 0.0195814632 0.0753462836 -0.0426992662 -0.0225388985 -0.00556044234 -0.0287406761 0.0444257073 0.055998195 -0.0189987756 0.0506137237 0.0248848964 0.0881280005 0.0176386945 -0.0113798529 0.0241885353 0.0190496948 0.0499420799 0.0341371782 -0.0447462164 0.0871154591 -0.0708842948 0.1006874 -0.0364652909 -0.0145100858 0.0529644378 -0.101999082 0.120188959 0.0775449872 0.0704019517 0.0323913917 -0.116889752 0.0372192822 -0.0111294156 0.0442870185 -0.0512329452 -0.0710250884 -0.012778515 -0.000873587676 0.0161198471 -0.0337505266 -0.0114891436 -0.00961266831 0.0212662108 -0.0450639762 0.0782682449 -0.078042604 0.07688272 0.0240081642
0.0246238653 -0.0266654771 -0.0713345036 0.119012147 -0.0386641882 -0.0207325425 -0.00901601929 0.487554938 -0.393308818 -0.0417986512 -0.0705992207 0.136478856 -0.0793148056 0.0123523204 0.149445385 0.587429881 -0.114933193 -0.452596694 0.334800571 0.0814503506 0.342799783 -0.31180495 -0.446905911 0.0112550929 0.0503605381 0.0323002338 0.0645807534 0.0204254836 0.112774789 -0.115609363 -0.0707388073 0.0952459276 -0.0300692432 0.0207542572 -0.0223140698 0.430998772 -0.460900545 0.0127054537 -0.0690245405 0.123901039 -0.0334085077 0.122167267 0.203685462 0.356552809 -0.227274954 -0.250721574 -0.0457622893 -0.0401203409 0.170947284 -0.0964409187 -0.412819177 0.0346501172 0.0458123833 -0.0636925921 -0.0181181319 -0.00667625666 0.0276590083 -0.0727134719 -0.106162786 0.121444494 0.063839823 0.0580342263 -0.00749879889 0.432473451 -0.418908507 0.00877511874 0.0198051427 0.0021735772 -0.0295703504 0.0710882545 0.224144831 0.320629716 -0.133648694 -0.150841445 -0.0388678461 0.132125542 0.158029035 -0.368671 -0.54143995 -0.0138290785 -0.0705181137 -0.0445882902 -0.0194009654 -0.0682740882 0.0367657207 -0.0669081137 -0.211493969 0.124936737 0.0401879735 0.0845957994 -0.00707029132 0.447753072 -0.41936183 0.171613857 -0.170289621 0.0154657066 -0.0224263929 -0.0387871042 0.0733736306 -0.00572880637 -0.157123253 -0.0573599227 -0.277860761 -0.153464779 -0.0614979155 -0.0844496191 -0.302623898 0.0365214571 0.0106758177 -0.0228499696 -0.0546403006 0.0727865547 0.0655775443 -0.153803125 0.191445976 -0.141619116 0.00570062734 0.0724601671 -0.108700089 0.0313266516 -0.138687477 -0.0169372633 0.0415412784 -0.0637714043 0.0643718392 -0.124527901 0.105086006 -0.0973174796 -0.010167622 0.0597487502 -0.0919828191 0.0375579558 0.00434139045 0.0571755804 -0.00703273993 -0.0330663584 0.038738925 0.0323235467 -0.0191729572 0.014213305 -0.0311824027 0.0943722203 0.0403342284 -0.0286379401 0.0806411654 0.0786011741 -0.0162518341 0.0606803596 -0.0622205883 0.0662590712 0.00551988231 0.105040774 0.0798259228 -0.0174542312 0.0723624304 0.0553171001 0.0339551568 0.0425104462 0.0267881788 0.0719476193 0.010478925 0.0532856882 0.0509680584 -0.00730093615 0.0383590683 0.0648723468 0.0309818853 -0.0245548449 -0.0332402512 -0.0152215734 0.114159919 0.105856635 -0.0159157794 0.0865157619 -0.0300319195 0.132621273 0.0748839751 0.0236759745 0.0208836515 0.0134694465 0.102479607 0.0226667058 -0.0183255617 0.0718212575 -0.00813509151 0.0427947529 0.10447365
-0.143900454 0.0328667648 -0.0148977879 0.120358057 0.0906766504 -0.0616071932 0.02374986 -0.357817322 -0.451881081 -0.0149240028 0.183380887 0.0207613744 0.0624836124 0.152685255 0.0155237922 0.338470548 -0.13779293 -0.165950075 0.128896177 -0.119940177 0.0843750313 -0.173968971 -0.332168013 -0.016712863 0.0374917462 0.0540570021 0.00848582387 0.0146747977 -0.124546483 -0.015366164 -0.0718612596 0.0921343267 0.0613642372 0.070551388 0.0100495154 -0.243734762 -0.356463224 0.0600280277 0.0878182352 -0.0322840624 0.177135751 0.113850005 0.0113670668 0.219989702 -0.18842046 0.0189507362 -0.0259335469 -0.181127459 -0.0264405534 0.0257395208 -0.496326566 0.0192996413 0.0418111905 -0.0712335855 0.0717574954 -0.0526392274 -0.128403708 0.0196678862 -0.0351150632 0.114358798 0.0550200939 0.0451563969 0.014661028 -0.30645743 -0.385013282 0.0208875984 -0.0283693392 0.00787508301 0.110554747 0.118334666 -0.115854986 0.0554332063 -0.187039927 0.116275847 -0.0643585324 -0.0973599851 0.048034776 -0.141233549 -0.35437125 -0.00475235283 -0.0348399021 1.04233623e-05 0.0135496855 -0.00590187311 -0.203992993 0.0214461051 0.0791445747 0.136207834 0.0213116556 0.0137918824 -0.00650432706 -0.359376639 -0.434015453 0.00761103444 -0.305552304 -0.0675002038 0.104156144 0.0639905185 -0.196648926 -0.329252899 -0.155993819 0.17093581 -0.111806341 -0.233904362 -0.0411329567 0.0471413434 -0.325647324 -0.0607486591 0.0411139056 0.0543306619 0.0377433077 -0.0368526019 -0.124685884 0.0434404798 -0.325042069 0.269268811 0.0627761558 0.0216527618 0.0270003397 -0.163294181 0.0368331745 0.0463070422 0.0768362656 0.0343291536 -0.0715272725 -0.0337674357 0.0706533492 0.0940461457 0.00397021696 -0.0979142264 0.0316165425 0.0199648961 -0.0147069134 -0.0573001876 -0.0804106891 -0.0137535166 0.0874201208 -0.0247255638 -0.0307852421 -0.0143237337 0.0409518629 0.00551406667 0.0271870457 0.0494605377 -0.051705502 -0.0597938262 -0.00113554206 0.0401449837 0.0568995588 0.0118940352 0.0141046289 0.0606062412 -0.0341614187 0.0628482774 -0.10627979 0.0894481242 0.0458510593 -0.0139746014 -0.0223099571 -0.095989719 0.0487442501 -0.0314843133 -0.00498795556 0.057838358 0.0211084988 -0.0182894059 -0.0202232916 0.0246942993 0.0972364917 0.000926134933 0.0100684548 -0.00723393215 -0.06909585 0.0699140877 -0.0895937979 -0.0224931967 0.0796657726 -0.0862717107 -0.0106629869 -0.0469216555 0.056911394 0.0859327912 -0.0842235312 -0.0199415348 -0.00176708261 0.0290182661 0.0568043403
0.0494290031 -0.0828588828 -0.00288629741 -0.0607409105 0.0843771324 0.00751475617 0.0827908069 0.19957298 0.486185193 -0.00311637856 -0.169234082 0.0425432138 0.1033106 -0.00496904412 -0.103721514 -0.166820809 -0.0580829456 0.328209817 -0.131357267 -0.0706692189 -0.245984197 0.14400135 0.261140049 0.00489956141 0.0305074602 -0.0111671984 0.0335390568 -0.0328189284 -0.0384497456 -0.0408927985 0.090713948 0.0631695017 -0.0305142477 -0.067625761 0.0358415209 0.204215065 0.51396358 0.0324365832 -0.0611677952 0.0176591314 0.113268189 0.0289243367 -0.107869446 -0.0837144777 0.0241604075 0.0978807285 -0.0315379761 0.0603114292 -0.00312898704 0.112317219 0.364909053 -0.0625525564 -0.0160271898 0.0103178322 -0.0567741022 -0.0161675513 0.0466801897 -0.0895339549 0.102959938 0.0460291691 -0.025319539 0.00932624936 0.0115623483 0.273440838 0.54719162 0.00359549513 -0.018697219 0.0177010968 0.0972308517 0.0153758228 0.0244649593 0.0969371051 0.0358466804 0.0870832801 -0.00683618896 0.0292417221 0.104713492 0.0526955612 0.318593413 -0.00207446516 0.0192467645 -0.0512195453 -0.0125779063 -0.0292970799 0.0725653097 -0.0891145915 0.0965717584 0.000212150553 0.0806928426 -0.0796429068 0.00822654273 0.152445078 0.572021127 0.0789181516 0.320450515 -0.0383367501 0.0778804868 0.155950516 -0.0612246208 0.411037862 0.172734231 0.0148971584 -0.0789954439 0.155176565 0.060023509 0.0705515742 0.256447762 0.0354894847 -0.02537008 -0.040717613 -0.0188379847 0.0317663252 -0.0534781106 -0.0075231418 0.119021513 0.0903442502 -0.00268356362 0.0597045422 -0.0259253792 0.070659712 -0.0354032815 0.0677345544 0.0633305982 0.0615839437 0.078234002 0.00419912348 -0.0193461291 0.0123799145 -0.0131463464 0.0147207696 -0.0625685751 0.10790015 0.0030508216 -0.0227500983 0.0407528318 -0.0775303021 0.0609678552 0.00799808558 0.0914984643 0.068593502 -0.0701035336 0.0258220471 0.0363270007 -0.00140333897 0.0884006172 0.0213840138 0.0862027854 0.0147572989 -0.0135372626 0.0735612363 0.0211675279 -0.0115995351 0.0282157157 0.0444023684 -0.028785944 -0.02344721 0.0541120358 -0.1025289 -0.0243110098 0.0383506529 -0.0472050011 0.0407588556 0.032789547 -0.0141038941 0.0637396276 -0.0396537855 0.0490447693 0.0283254739 -0.021676017 -0.0408610031 -0.0210307799 0.0511530787 0.00729270279 0.0417135209 0.081889607 0.0376716107 0.0252155885 -0.074946925 0.0888796747 0.0274703782 -0.00958214421 0.049049329 0.00835635792 -0.00268946309 0.0503319241 0.0353452191 0.134548366
0.0548831299 0.0740251094 -0.0128637301 -0.00129436934 -0.0199049991 -0.031814687 0.109735079 0.0688150004 -0.00595813058 -0.00726450048 0.0892595127 0.0208844095 -0.0425196104 0.0637564957 0.100490063 0.0368725508 0.113313429 0.0192994624 0.0295594726 0.0403713211 -0.047622364 0.0995543227 0.0363291353 0.0473222062 0.0367457792 0.0827739015 0.000891786418 0.0264533591 -0.0359718502 -0.00125873811 0.0951476842 -0.00284676184 0.0579857528 0.0171512105 0.0489265397 -0.012557934 0.0516918078 0.0235038437 0.0161659457 0.0496208891 -0.00793941971 0.0792216957 0.0548148714 0.0465346016 0.0314572416 -0.00899335463 0.107396677 -0.00214605709 -0.00712354714 -0.010712957 0.0575325489 0.0304200891 0.000862866174 0.0395786986 0.0960040912 0.0077349823 0.00168288231 -0.0774855018 0.0939030349 -0.00621813955 -0.0325086415 0.0595477372 -0.0121476725 -0.036987327 0.0430780798 0.0441400707 0.0823986903 -0.0703742728 0.0624250621 -0.001871933 0.0834147185 -0.00311774062 0.0671150014 -0.0849869996 0.105012193 -0.020330349 0.0149236154 0.0407795683 0.0298449062 0.033944089 -0.0430596918 0.0396775976 0.0789752603 0.0473807566 0.00560526084 0.0404971354 -0.0321127437 -0.0348754749 0.00242904853 0.0204172302 0.0862248614 -0.0322501995 0.0596484132 -0.0188844688 0.000938176352 -0.0537904277 -0.0418808982 0.0209955275 0.0162032638 0.0884095058 0.0815973878 0.0393800363 0.0450665802 -0.00932367146 -0.061309889 0.135704011 -0.0151143242 -0.0171981305 0.00258301431 0.00209708838 -0.0240216274 -0.0112983286 0.0935611203 0.0483040288 -0.00988752209 -0.0677223951 0.0223342981 0.0933927298 0.0522901714 -0.0415495634 0.021536734 0.0794112384 0.117334679 -0.00259661535 -0.00436213147 0.0094672488 0.0133164153 0.0980194956
128 128
-0.0206331499 -0.0359834991 -0.0829757601 -0.111792676 -0.0717529505 0.131400838 0.0894246623 -0.11143443 0.0517264865 0.108799033 -0.143959314 -0.0288907215 -0.0425942428 -0.166348666 0.136456534 0.0676676482 0.0978829786 0.108293377 0.10347195 0.0818557739 -0.0949784368 0.0367343724 0.00965481438 0.183536038 0.0334728397 0.100153796 -0.189436585 0.0195028707 -0.0520310178 0.115092978 0.147130311 0.133347228 -0.185652316 -0.102370456 0.0830183253 0.114755161 0.12173377 0.0074389535 0.0860680714 -0.10268949 -0.292319804 0.0904410183 0.0487132445 0.185296863 -0.124430262 0.0079370914 0.00913083367 -0.138736174 -0.0904061347 0.0674514771 0.00561991148 0.0505857803 -5.11914768e-05 0.0196373463 0.108689703 0.0220395457 0.00146278937 0.0841886178 0.103635505 -0.162851706 0.0461400859 0.112473838 0.00854820479 0.0752825961 0.0635934398 0.0072279512 0.100496106 -0.0118091647 0.124589391 -0.106530972 -0.00144100119 0.138247415 0.0687651262 -0.0948958769 0.0276499707 -0.0445082895 -0.0442591347 -0.0631859675 -0.201040924 0.0368493646 -0.0492841341 -0.0440506525 -0.15058592 -0.0134876883 0.0936142951 -0.130162507 0.06151627 -0.230964109 -0.00291303336 0.00953609869 0.04257752 0.00448051281 -0.00699134637 0.0817044079 0.0970159099 -0.061262019 -0.0263156611 -0.0833093971 0.0420463085 -0.00583591172 0.0325015262 -0.0857169256 0.0569276288 0.036809735 0.106830895 0.019568326 0.0867164209 0.0733479559 0.191919953 -0.00492729619 -0.0609944537 0.0392634682 0.0660484359 -0.0427814871 -0.043504931 0.0788279995 -0.0690301806 0.0210512541 0.161473855 -0.0966655463 0.0732452348 -0.00864578411 0.0694730058 -0.223240614 -0.0149576925 -0.02666343 -0.100950241 0.0974900573
-0.15306145 0.06376414 0.0158909447 -0.196461663 -0.0806793347 0.130895078 0.0808960795 0.00483173132 0.0402267016 0.178946361 0.0448536016 0.126897842 0.076055266 -0.146610528 0.199239224 -0.140723228 0.181949466 0.0665758327 0.151350722 0.192831054 -0.125838488 -0.23163043 -0.0164956618 0.157513097 0.191413715 0.0279186144 0.0504250042 -0.198772594 -0.0475433767 0.22601375 0.171222046 -0.0972648859 0.0187603645 -0.148859322 0.0893277228 0.121063873 -0.171394631 -0.083513312 0.0130257066 -0.153996989 -0.00970725343 -0.101796143 -0.117643535 -0.045235265 -0.0775116012 0.0385962166 0.21026215 -0.00499031041 0.0894710794 0.0368426926 0.180237874 0.0317715034 -0.00125409977 -0.233307645 0.106741413 0.149698064 -0.0218946356 -0.0687404573 0.152994961 0.131085247 -0.0451268218 -0.109259337 0.0491364412 -0.154029652 0.0334886871 0.0703443661 -0.113972053 -0.126122206 0.120675378 0.080366917 -0.140608177 0.226129189 -0.150070623 -0.0691577271 0.183062926 0.189186648 0.0964849368 -0.00971438177 0.0299960878 0.0663609877 0.0554096773 0.0232204739 -0.018202154 0.0457201935 -0.133057997 -0.0766320154 0.1650206 0.0362243168 0.150533751 -0.00349240936 0.0819200203 0.00491683604 -0.0356756561 -0.0173627734 0.0578089543 -0.301049441 -0.00569152832 -0.220158711 -0.0920208171 -0.0896253586 -0.0955023095 0.150858566 0.0489223115 0.066968739 0.401570141 0.14127706 0.154359475 -0.107543044 0.222180724 0.0996622667 -0.147442862 0.113391742 -0.0806046203 -0.141101882 -0.169440717 -0.0527302027 -0.0928247347 -0.242764086 0.169283718 -0.0760194436 -0.0209810194 0.0739046484 0.158800304 -0.17057766 0.0522484668 -0.136728987 -0.0418264829 0.11920017
-0.0921421573 -0.118277825 0.122641839 -0.153239146 0.111567646 0.259196788 0.0713370889 0.228388712 0.192274913 0.0875623375 0.0196420532 0.123063453 -0.080513984 0.0531927198 0.188132137 0.0712791011 -0.0619495697 0.186270878 0.130107567 0.0798786208 0.0561644845 -0.179555118 0.0495246351 0.0629097149 0.133959547 -0.0886560455 -0.0560978018 0.0660239086 0.082378611 0.204640552 0.184205487 -0.0288519375 0.257857054 -0.163899273 0.154813066 0.264875561 -0.0926235989 -0.0370556302 -0.0425833128 -0.108901829 0.156824559 -0.16381146 -0.0981945992 0.141762361 0.119558193 -0.048322279 0.182738841 -0.219116345 0.154789224 -0.0400266051 0.225459501 0.221574798 0.0438682996 -0.0131603656 0.0724168867 -0.0643079877 0.149046391 -0.0874867588 -0.0073679518 0.185727045 -0.323810011 -0.277998209 0.127799347 -0.031755127 0.0687903836 -0.175228983 -0.202807799 0.249438584 0.127148494 0.162733927 -0.0327228941 0.304912567 0.0540388301 -0.0741013959 -0.135446087 0.191360161 0.199476421 -0.247715652 0.123947039 0.0687808692 0.0653484613 0.232210636 0.111689463 0.0510309003 -0.0197998118 0.140222028 -0.0162486434 -0.0366537757 0.0877914205 -0.0106794741 0.219964623 0.145534053 0.169192731 0.214784756 0.180582583 -0.141969159 0.0536173657 -0.144930258 0.161179468 0.0483059883 -0.0711570457 0.0947599038 0.0665629208 0.0562476255 0.220338747 0.0625339225 -0.000916560937 0.200938895 0.152260974 0.137689352 -0.155784622 0.0266054738 -0.231998488 0.0300265066 -0.158368409 0.0158472825 0.158797339 -0.432481438 -0.027503565 -0.1336454 -0.192165524 0.185764685 0.0308461823 -0.166339964 -0.160761416 -0.114170782 0.152862862 0.0812741742
0.0381613187 -0.0527001582 0.0857210457 0.142267987 0.203627035 0.0605292656 -0.00107113563 0.149127975 -0.120263971 -0.156228498 0.122440271 -0.134166047 -0.0303871818 0.44353649 -0.0711153969 0.156470254 -0.107586265 -0.206513837 0.11480061 -0.0112689845 0.127954572 0.177801117 0.200971872 -0.108252488 -0.0420529693 -0.211204767 0.375793606 0.126585022 0.0415948704 0.0213061012 -0.130459502 0.0571167469 0.108958483 0.0980454609 -0.041970171 0.0218222309 0.0874241516 0.1194828 -0.0662847087 0.218882233 0.138603657 -0.0205396321 0.0525733531 -0.127227113 0.312712371 -0.210661307 -0.0990455151 0.224026024 0.0688331276 0.0182899404 -0.132800266 0.0198829621 0.272344857 0.0453046449 -0.0578913912 -0.139664456 0.203371257 0.0198071804 -0.0435682274 0.233126506 -0.00823664013 0.138516307 -0.015940005 0.111705311 0.0716819316 -0.0347372852 0.17184411 0.312280357 -0.0928483829 -0.0390557759 -0.00849478412 -0.331488729 0.129473656 -0.0214671157 -0.205781862 0.0571858734 0.0799652711 0.199466318 0.12881197 -0.0654338151 0.295094281 0.17515111 0.0399444699 0.148759231 0.0429725982 0.0267446637 -0.255353063 -0.0392239802 0.119366884 0.0293877609 0.182197094 0.0729052946 0.0643477887 0.0937792435 -0.111503512 0.253042758 -0.0407299735 0.0122902179 0.273075581 0.0729655251 0.0635422692 0.0517516397 -0.0240523815 0.0117480448 -0.371990919 -0.21210596 -0.18036586 0.136544988 0.0122597711 0.0502262488 0.158223078 -0.12729311 0.0451961942 0.137939349 0.0474531762 -0.0475927778 0.204081431 0.136243492 -0.213562533 0.0373141766 -0.125577107 0.057404615 -0.0621159263 0.111217372 -0.129005015 0.0973434299 0.110863626 -0.1761574
-0.179073676 -0.0487106889 0.0460206978 -0.143583193 0.0143041285 0.0561306179 0.0540532358 0.0443259552 0.294061333 0.0255840328 0.112217978 -0.101144239 -0.00584722823 0.202185392 0.173858777 -0.0278250054 0.0662907809 0.0282393135 0.236768827 0.00664161611 -0.0499343313 -0.103128023 0.228328228 0.154802829 0.150572956 -0.0802769288 0.0326368399 0.0420523211 -0.0538163632 0.200490654 0.160596445 0.0773222297 0.154878959 -0.324762225 0.0241507143 0.0194255263 -0.0820712671 -0.226654515 -0.0351647586 -0.177135438 0.0860550106 -0.174563587 -0.102373987 0.018331008 0.175147578 0.0285911486 0.152409419 -0.132441983 0.131271929 0.0691784024 0.183034077 0.0936790705 -0.0662026554 -0.0838481933 -0.0144887762 0.0399152637 0.0965877175 -0.0765754879 0.00253805262 0.0371431038 -0.161063328 -0.142204702 0.0189229287 -0.150207013 -0.00737083098 0.120158866 -0.0251020938 0.2784473 0.0539806634 0.123141371 -0.0869587362 0.137362584 -0.214465842 -0.0144126471 0.0210960992 0.170817196 0.0551341176 -0.215026453 0.0834024847 0.196731403 0.114369147 0.147673637 0.179184243 0.134199202 -0.187987745 0.16048798 -0.0959352553 0.129465267 0.171035051 0.0804220363 0.0936217606 -0.0469836965 0.146403581 0.121258378 0.0256711058 -0.21814853 -0.0696080849 -0.137052372 -0.0190712307 -0.1809939 -0.11839544 0.132991523 -0.0393641442 0.0392043926 0.0320576169 -0.0701267347 0.0323074237 0.270349532 0.182975024 0.0105153332 -0.129092664 0.0664788336 -0.355910897 -0.0695593283 -0.22107926 0.0199030302 0.096103996 -0.33611995 -0.00178075174 -0.197256207 -0.217577845 -0.00285461848 0.101529606 -0.349270195 -0.101806648 -0.120889895 -0.012811712 0.0941586867
-0.0566662885 0.000227558732 -0.0444280952 0.0544657968 0.0161297694 0.0396485999 -0.000762542826 0.0694826618 0.0711325482 -0.0136804273 -0.094125092 0.0870163366 -0.0389956683 -0.053220246 0.0346621498 0.0012810583 -0.0622391365 0.00132874143 0.0580305345 -0.0398677103 -0.0655682832 0.019897515 -0.0499830581 -0.0623676777 0.0463823341 0.0277161431 -0.0572356395 -0.017327562 -0.0557787605 0.0174936913 -0.0535546206 -0.0884154513 -0.0449197255 0.0100625101 0.0317903496 -0.0805077553 -0.048046153 0.00941742398 -0.0298091378 0.0358205326 -0.0588704944 -0.0320576355 -0.0337383039 -0.0527403764 0.0245525073 -0.0767099112 0.0794800669 0.026880974 -0.00227980036 0.0710556135 -0.00843355525 -0.0918519795 -0.0400989205 0.0398183353 -0.00852568727 -0.0133335209 -0.0654055625 0.0182537157 -0.0513060465 -0.0690883845 -0.046784997 -0.0942825004 0.0161155984 -0.0198887996 0.0579024777 -0.0504259616 0.044489637 -0.0276674554 -0.0823293999 0.0607044697 -0.043898847 -0.0715860277 0.0118792383 0.0259394366 0.0352826864 -0.017838737 0.0437532775 0.00399812916 0.0562668443 0.0759800524 -0.00879849773 -0.0244127996 0.044466272 -0.0555530749 -0.0441906452 0.0666175261 0.0475582033 0.0775740817 -0.0615879968 0.0617915839 -0.0308178626 0.0722261593 0.00395267736 -0.024439957 0.0555456094 -0.0573698878 0.0569262132 0.0303846002 -0.0938688517 0.0338118672 -0.0165620651 -0.0339002535 -0.0472755432 -0.0943306014 -0.0243856795 0.0119761163 -0.0368002802 -0.041996371 -0.00998685136 0.000295633887 -0.0354016647 -0.0445341356 -0.0771209672 0.0527050495 -0.0940583497 0.000566519797 -0.00177228567 -0.0876982436 -0.0400483571 0.040482901 -0.0570663847 0.0716980323 -0.042369917 -0.0257980395 -0.0311316438 0.0385434963 -0.0835394487 -0.0305795781
0.0280730836 -0.00575212995 -0.138898134 0.0876194537 0.26253739 -0.150847211 0.0688815266 0.112020798 -0.165865839 0.00227111042 0.0436296575 -0.1053719 -0.068345584 0.279157966 0.0206106156 0.117928199 0.0108917616 -0.175456852 -0.0539537445 -0.121419147 0.0398708582 0.227283105 -0.0331783891 -0.0857606307 -0.0258487295 -0.102033019 0.293716937 0.0881937668 0.000236086955 0.010643186 -0.0955585092 0.122033291 -0.055940453 0.0809699222 -0.0319913514 -0.123622246 0.114605881 0.180017754 0.0765581354 0.222321808 -0.053986907 0.0793159083 0.105482362 -0.024405662 0.144502386 -0.120058745 -0.114881933 0.14582926 0.0951263234 0.0570275523 -0.029745413 -0.118961059 0.172391295 0.0973098651 -0.184467971 0.0260015577 0.135632291 -0.0177693777 -0.00349283032 0.0315806083 0.265774399 0.196430802 -0.021196384 0.118886262 0.00814718008 0.0201826841 0.117441699 0.145577282 -0.0411017686 -0.0643231124 0.0389602259 -0.268892676 0.118985727 0.0374489948 0.011458829 0.0487425327 -0.136751205 0.135877639 0.116815247 -0.0116581144 0.0457268581 -0.0435151011 -0.0225356836 0.117213659 0.01368229 -0.0237176009 -0.065003328 0.0789454952 0.0432599038 -0.0481477045 0.0199874826 -0.103987403 0.0714118481 -0.016773697 0.100107707 0.0641350523 0.0836898237 -0.103299223 -0.0490677692 0.0984381735 -0.0081559848 0.0576705597 0.03980802 0.0760764927 -0.0138313165 -0.225134149 0.0568648726 -0.0157745089 -0.113587819 -0.0464927591 0.034753155 -0.0602916963 0.0950888991 0.0163313355 0.151966274 0.0056517031 0.0425406061 0.117844455 -0.038962435 -0.0144067453 -0.0852975994 0.10628698 0.00123500207 0.179441631 -0.0282711778 0.0818583518 0.0339720957 -0.0206754133
0.010933131 -0.0190212205 0.0405054279 -0.00263566524 0.0390939452 -0.0295139216 -0.042870786 0.0149956597 -0.0010394901 -0.0823944807 0.0549863093 -0.0879591256 0.0692836866 -0.0764250979 -0.0754297897 0.0485454947 0.0366715565 0.048679173 -0.0455568843 -0.01302398 0.0007528516 0.0275903586 -0.00930320658 -0.0928133279 -0.0291721039 0.0544884019 -0.00486236811 -0.0050080982 0.0308549851 -0.0183820985 0.0512270443 -0.0430468619 0.0108237118 0.00883464143 0.0745285526 -0.00970099308 -0.0518208556 -0.0232858825 -0.0118895695 -0.017357029 -0.0112883821 -0.0308340527 0.0401452556 -0.0842455924 0.0266156215 -0.0630727708 0.0772783533 -0.00578487525 0.00242851558 -0.0634534061 -0.0265035871 0.0518196635 0.043080695 -0.0592585951 0.0709468052 -0.00908453017 0.0662599131 0.00632746518 -0.0400986522 0.00710965879 0.0443900079 -0.0908871666 -0.0497007482 0.0561862402 0.00198410661 -0.044960212 -0.0127922753 0.047385402 -0.00327040022 -0.0771342888 -0.0923705101 0.0719157755 -0.0305724815 -0.0659514368 -0.0193726234 0.0304679312 0.0614991449 -0.0605171211 0.0443105064 -0.0417915247 0.0185209885 -0.0134746889 -0.0707832724 -0.0227724109 -0.0853343382 -0.0827594101 -0.0370821878 -0.0381533131 -0.0580362715 0.0238773711 -0.0212118812 0.0664298087 0.0652571693 -0.0145300375 -0.0219414737 -0.0070404727 -0.00325468183 0.0172802471 -0.0139267612 0.071216166 0.00940581132 0.0144261317 -0.0781529397 -0.0894264281 0.00474863499 0.0588132516 -0.0313353129 0.0202431567 -0.0873060301 0.0156145394 -0.0255825035 -0.0414890908 -0.042126745 -0.011807356 0.0471259877 0.0784714296 -0.073243767 0.0164326038 -0.0827437639 0.025242947 0.059416391 0.00562581699 0.0468855612 -0.073003158 0.0196607057 -0.0453640968 0.00995408464 0.0041545108
0.139531061 0.0345764533 0.0940847397 -0.025383573 -0.262278557 0.417329103 0.00988870766 0.0526550002 -0.114842027 0.0172918495 0.0572150797 -0.0647509098 0.079976052 0.0187862068 0.182172745 -0.124938108 0.0625865161 0.0808110163 0.143059552 -0.0463696308 -0.0281184837 0.032134369 0.0813218281 0.0415043682 -0.0990041047 0.0880689397 0.0449085049 -0.00936755911 0.0476068892 0.0533402078 0.11012762 0.0362577699 -0.151859045 -0.0183773451 0.249456689 0.0835262984 0.00722769974 -0.0659549534 -0.0515369996 -0.0342782252 -0.00770943146 -0.023590425 -0.00641199853 -0.076372467 -0.0827602372 0.0491007902 0.0813448653 -0.07192076 -0.00509345764 -0.0767597184 -0.0250539389 0.111233518 -0.0730518922 -0.00978533085 0.0875427723 -0.164210409 -0.135063902 -0.0631287396 0.0288800076 -0.0472569205 -0.0259826928 -0.0592295155 -0.048667714 0.0250956938 0.0108461576 0.0187405571 0.108910941 -0.0661923885 -0.0507612415 -0.13128601 -0.0495128557 0.131833583 0.0316548869 -0.0170805641 -0.0466028377 0.0265615303 -0.00573830167 -0.0298210923 -0.0352201201 -0.0199370589 -0.0555455461 0.0384343006 0.088437587 -0.0178640801 0.230140373 -0.0268213544 0.0786256865 -0.0909105986 0.0230818111 0.0415937789 0.0568274632 -0.018090792 0.091277115 -0.135647327 -0.110546082 -0.0417310372 0.0729994848 -0.00954216719 0.0899808556 0.048281122 0.0897302181 0.0668514669 -0.109448135 0.0012288955 0.15986383 0.114098154 -0.0872266516 0.0159497876 0.0811372101 0.0433878303 0.0765322372 -0.062191654 0.0270209126 -0.12656422 0.0534580648 -0.0408111289 -0.0136315413 -0.0603811555 -0.0848723203 -0.0550236888 -0.072474286 -0.0699938908 0.0156281386 -0.028769318 -0.0211856868 0.0832722262 0.0380155705 0.127046511
-0.0781586096 0.16543974 -0.0778340921 -0.119714633 -0.124916255 0.290964872 0.216272667 -0.0219695624 0.0442215614 0.187914774 0.0116494503 0.195880055 -0.002788638 -0.185500368 0.0955481455 0.113255009 0.185974211 -0.0276515577 -0.00966630783 0.00848751608 -0.0708724484 -0.086149849 -0.025097426 0.0815358013 0.0212156903 0.0996289551 -0.0342740193 -0.0358676054 -0.0422854312 0.0357046165 0.0682972595 -0.0112378709 0.234530777 -0.0288938619 0.101037137 0.0297711045 0.0388511457 0.0667578429 0.0106901471 -0.0421975367 -0.0304499976 0.00683600735 -0.0140605401 0.129043639 -0.102280162 0.029616503 0.153375491 0.0147682391 0.0473798402 -0.0642319918 0.0500215255 -0.107138947 0.00357015594 -0.000445657381 0.202376038 0.0782453269 -0.09969832 -0.0385477059 0.162598327 -0.00188736059 -0.199290961 -0.0133933425 -0.0629668012 -0.0647773668 0.00140835077 0.114367314 0.0076023438 -0.0749530271 0.113551803 0.00856407546 0.120424405 0.200296819 0.0764140114 -0.0400032066 -0.0124552958 0.0331233852 0.114500508 -0.136853889 -0.0430053957 0.0469404496 -0.0155621404 -0.0182529576 0.0633523911 -0.165721253 0.134830281 -0.115537181 0.284483254 -0.22189419 0.0954053104 0.023922978 -0.12420176 0.165463239 -0.093267642 -0.0505429842 -0.0684809685 -0.00422291504 -0.022806529 -0.0401060469 -0.0841323733 0.0777672604 0.0961653516 -0.0571111627 0.0451673679 -0.0638588741 0.32324779 0.207694948 0.112685785 0.0920633897 0.0655593425 0.142233461 -0.0520174541 0.0968957022 8.63776368e-05 -0.0644185692 -0.0118722916 -0.0462415367 -0.0970138088 -0.0272755455 0.0856738016 -0.00815835875 0.0737616792 -0.114000067 0.0928363502 -0.0656251609 -0.0155887138 0.073485814 -0.066879265 0.105930954
0.00299801072 0.195046529 -0.238124669 -0.060427241 -0.0413574688 0.466676593 0.119925424 -0.021877775 -0.0526438504 0.170070127 -0.0780875534 0.0839848891 -0.0753256455 -0.343174398 0.0968862548 0.0703394488 0.155028015 0.160602793 0.0923051536 -0.00587890483 0.0824470595 0.0628376827 -0.165172651 0.0256508552 0.0790202469 0.2627213 -0.12044815 0.0526993126 0.0115660243 -0.00293912692 -0.0479183272 -0.0703792945 -0.00851415098 -0.0251435116 0.173288792 -0.0585943498 0.154739261 0.0804350749 0.0150594208 -0.0256449617 -0.222044796 0.117733464 0.170957729 0.109303847 -0.286654353 0.0675171167 0.00348065607 0.06975279 -0.146982104 -0.046156209 0.140194193 -0.0781603754 -0.13906458 0.122649051 0.208523557 0.0734974593 -0.11688555 -0.00617010752 0.085389562 -0.0663741678 0.103864387 0.0321767442 -0.0824894831 0.0832876265 0.170269564 0.117248751 0.147015154 -0.251123577 0.129176766 -0.136837557 0.224438861 0.0275596604 0.202252418 -0.040837992 0.0308155715 0.0770070106 -0.0223433077 0.0238025021 -0.0366887972 0.0221342705 -0.0396812297 -0.119187832 0.0629494935 -0.141432911 0.109541394 -0.142485425 0.200965315 -0.340152293 -0.028167164 -0.0189500079 -0.0421504751 0.161910161 -0.0766281635 -0.296689659 0.0355681665 -0.0739530474 0.0637412742 0.103939317 -0.018782869 0.0738482401 -0.0310601052 -0.00174719573 0.0628422648 0.161422476 0.637044013 0.172596544 0.0300731026 0.0337741561 -0.0312592871 -0.0261365008 0.0562364832 0.023181336 0.12179143 0.160286069 0.146277368 0.0187755357 -0.113551557 0.0578051098 0.16806148 0.0858962685 0.12231645 -0.0923345983 0.0444847494 0.158819839 0.0605168678 0.11824479 0.0893835351 -0.00383633655
-0.0277228337 0.0309919491 -0.0300823208 0.119158074 0.267304182 -0.667615294 -0.0877474174 0.0865516439 -0.186966509 0.0824602768 0.0285207964 -0.101511002 0.0113693317 0.388546973 -0.0461677797 0.214880541 -0.106847711 -0.0491761118 0.0404378548 -0.198087752 -0.083861962 0.277484149 0.198040947 0.019060066 -0.0865104795 0.0196467191 0.0603877492 0.041258119 -0.0625654459 -0.0703364462 0.0184109695 0.159771219 -0.233391702 0.136067584 -0.0753981918 -0.029643381 0.145228609 0.0868578553 0.0218573324 0.313048959 0.0510661379 0.196590468 0.167386323 -0.0198521744 0.157493368 -0.0106377956 -0.0361046158 0.143796906 0.143375024 -0.0776233226 0.00491699949 0.0590187833 -0.0431086682 0.0778966174 0.0178594496 -0.108875781 0.154098913 0.0102345273 -0.118684195 0.173618466 0.199317694 0.296960562 0.0978327543 0.0594262406 0.0834285989 -0.00556872599 0.229167089 0.119039886 -0.134265766 -0.0201929882 0.00385818584 -0.163615704 0.0707760379 0.0544231273 0.0633036867 0.0824256986 0.0263069291 0.253772765 -0.0561706871 -0.103382796 -0.0182448085 -0.0511859767 0.107974276 0.0720629692 0.0431922711 0.0878585726 -0.0848816186 0.0337104388 -0.0127525683 -0.0479687154 0.15055728 -0.00759325596 0.0373654068 0.0388494134 0.0733115003 0.126822695 0.0768215656 0.156290278 0.033601746 0.0216577556 0.149451911 0.116169356 -0.00246522739 0.0772539675 -0.309020996 -0.125978604 0.0443343334 0.0941891596 -0.057970129 -0.0114543876 0.0633073151 0.0735292584 0.221519783 -0.0438078754 0.190874398 -0.0354700647 0.0416915007 0.25876385 0.00535161607 -0.0775596052 -0.0109516839 0.0209542308 -0.0309137292 0.182746992 -0.0801159889 -0.0161427725 -0.047675889 -0.0947753936
-0.0450938083 -0.0489956066 0.16240488 -0.182872787 -0.0735475123 -0.0847789943 -0.0895674378 0.133415803 0.0428956524 0.119535141 0.0263844319 0.141939655 0.0448887125 0.03498381 0.121284738 -0.0313619189 0.132128298 0.0900499821 0.165239781 0.12517558 -0.106125601 -0.143096477 0.104577512 0.255448341 0.169487491 0.056471359 0.0996696427 0.0425699726 -0.0337854996 0.150692865 0.157200918 0.0139559908 -0.039730344 -0.00333262258 0.115637675 0.0411817133 -0.167710915 -0.190717772 0.0284523685 -0.181885645 0.177758858 -0.146352157 -0.0492821634 0.0913783982 0.052134376 0.206880569 0.152927861 -0.107423946 0.0476583764 -0.0288722813 0.189040422 0.180742681 -0.0418342464 0.00370585825 0.0386248901 -0.0866406038 0.060179919 0.0385260135 0.105385244 0.12125463 0.0484296381 -0.147148088 0.0502339378 0.0167989004 -0.0124178287 -0.138693929 0.00188279932 -0.0558790229 0.121994004 0.175782397 0.0458841398 0.196024418 -0.188357413 0.00844853278 0.106193013 0.16263777 0.159295052 -0.109220318 0.0758338869 0.187468976 0.0559940971 0.0896332934 0.104371868 0.127766415 -0.0344895646 0.116045408 -0.113166176 0.246048748 0.0118235117 0.0459546857 0.03987078 -0.0476538241 0.152216405 0.0918923318 0.0946685374 -0.0825723857 -0.00678553479 0.0268597323 0.0564914122 -0.184092984 -0.147392571 0.015573075 -0.0760647282 0.137900189 0.125703424 0.145782396 0.0184088778 0.00339943869 0.198919922 0.0346670598 -0.120967545 -0.0128486529 -0.00578738097 -0.10253372 -0.215645015 -0.0534649529 0.0864974931 -0.0675156638 -0.00206406228 -0.0394108742 -0.118823849 0.0948926657 0.0577046685 -0.139514744 -0.0259941723 -0.0779935643 0.0897129476 0.011344742
0.129355833 0.0220547318 -0.00983183365 0.123009503 0.129990175 -0.00667320518 -0.045320645 -0.039741613 -0.21765627 0.047727447 0.0550551601 -0.0395411216 0.0770160332 0.119587056 -0.110486493 0.064134568 -0.0279016625 0.0227404088 -0.063698791 -0.183904365 0.0913817436 0.153962061 0.102972165 -0.155835703 0.00216481229 -0.0969588608 0.0851180553 0.0166202541 0.0456938334 -0.124849401 -0.114549808 0.00440798979 -0.00525087351 0.0339803174 0.121150427 0.016714612 0.0556730554 0.0923126191 0.143962219 0.100925088 -0.109216347 0.132446319 0.0737926364 -0.0368912593 -0.0496361554 0.0374157801 -0.0484206602 0.240269944 0.0467181616 -0.0271719415 -0.0186106097 0.100427255 0.0222949628 0.0629243851 0.0222982559 -0.0504968278 -0.0246478375 -0.050839778 0.0261296481 -0.0240058284 0.0570386983 0.0483851694 -0.00488804188 0.0680893511 0.0228025448 0.0959369242 0.203157514 0.0689558834 -0.00683817547 -0.20784834 0.0758442283 0.0659946576 0.0522352494 -0.0437659547 -0.0142352143 0.0214772467 -0.0217680782 0.274691761 0.111173473 -0.0299826898 0.125658467 0.05779076 -0.0703385174 0.0856557265 -0.00700356625 -0.00212960248 -0.0147270532 -0.145196453 -0.0234474 0.00628489349 0.15503633 0.0557040349 0.0926946327 -0.05484109 0.126541033 0.0421137922 0.0406885594 -0.0466718413 0.125461832 0.0488869771 0.0215417668 0.121986747 0.103053413 0.075350076 -0.0837170854 -0.0685614794 -0.0699859411 -0.00530101638 -0.131667078 0.0850220174 0.104913309 -0.0580894873 0.256640315 0.0477728322 -0.00452723494 -0.0343907997 0.0843760967 0.158692643 0.0577594042 0.0610648356 -0.0131402286 0.0925158262 0.112606086 0.0867733583 -0.0108898077 0.00967253931 0.0113724452 -0.0716354996
0.0825379938 -0.105340719 0.0187365524 0.129511401 0.372153163 -0.450584739 -0.132124469 0.193370864 -0.0712158307 -0.116794132 0.270922631 -0.155305475 0.0151873352 0.372018784 -0.0458677188 0.0597327836 -0.165014625 0.032576181 0.0458050594 -0.155997798 0.11154224 0.135543019 0.235717699 -0.0268922951 -0.0266240127 -0.0885110572 0.352407336 0.104186103 -0.0221885219 0.00124831265 0.0436599106 0.176081374 0.104818299 0.062888816 0.00614195783 0.0704849511 0.0842831731 -0.00051768811 -0.0702009574 0.120185547 0.21049495 0.0892926157 0.0409609862 -0.174532801 0.31962052 -0.177301824 0.00209298846 0.0800947472 0.13884677 0.0774616599 -0.0461029969 0.0427421555 0.299355358 0.0718350112 -0.0554233715 -0.0295689274 0.248986214 0.0442462601 -0.186746925 0.21686703 0.0197748467 0.190145224 0.107474566 -0.0183922015 0.0323574245 0.00813625474 0.0493293554 0.248696297 0.0693449676 0.0176861007 -0.00450355466 -0.185943976 -0.0702419952 0.0742190406 -0.136248469 0.220346302 0.0610628016 0.0473226868 0.25788793 -0.0106824134 0.145483166 0.150167212 0.201279595 0.288882911 -0.00365820504 0.129334241 -0.17012243 0.0975495055 0.0941699818 -0.00996521953 0.0996366367 -0.0288636461 0.121065915 0.128270447 0.0856590495 0.0758010373 0.0216823909 -0.0244728792 0.110900953 -0.00194740784 0.000246674637 0.0867905766 -0.014709902 0.0683885515 -0.433920562 -0.116457917 -0.09296415 0.1486485 -0.0684302896 0.11072281 0.14388001 -0.0547181554 0.0220150631 -0.00853093248 -0.0460191928 0.0881623626 0.178181067 0.130283713 -0.155794084 0.0678818449 -0.144121945 0.155099168 -0.0587914065 0.0899958387 -0.10711287 0.00808786321 0.0608737618 -0.0471707657
-0.202206269 0.0754147768 -0.114026092 0.0767624751 0.00817800872 0.106552258 0.204881549 0.110658817 0.0270962194 0.0535876267 -0.126800314 0.103515245 0.0062669958 0.111406587 0.158233166 0.166693822 0.0708862543 -0.0788942426 -0.140438735 0.185090736 -0.176514253 -0.0565657616 0.00135264266 0.127073854 0.103824772 -0.0340467691 0.314375937 0.0215574317 0.0866138488 0.0753032267 -0.0317976028 -0.00752090663 0.2879287 0.13149713 -0.117108211 0.124863937 0.132011428 0.177715778 0.162020892 0.0278971586 -0.118114904 -0.0223276857 0.125061274 -0.042779848 0.0163877849 -0.0306363124 0.0186978392 0.0675819516 0.0562603995 -0.0781416371 -0.0158410259 -0.0810745656 0.219889492 0.0379471406 -0.104557239 0.0534043424 0.068550989 0.0327116624 -0.0578732938 0.0126235532 0.195072874 0.0464423485 0.077750057 0.0634879768 -0.192065269 0.00806649216 -0.0881066769 -0.0902791619 -0.0393441245 0.185875982 -0.136436477 -0.102463953 0.144695804 -0.0981111228 0.0581925064 -0.135900319 -0.158162028 -0.0130942203 -0.202118412 0.0771831647 0.141544566 -0.0423758514 -0.0630784184 -0.0867424607 -0.00919592381 -0.0918994844 0.119310878 0.182785124 -0.165605202 0.0346322581 -0.107407339 0.0327258222 0.0195978079 0.0326336361 -0.0696197078 0.240035266 0.0250852946 -0.139341861 -0.0287799612 -0.165334731 0.119053125 0.0853663608 0.117605612 -0.132512122 -0.0255125463 0.00653440878 0.0974778682 -0.17993927 -0.0297306851 -0.187598974 -0.108004004 0.0851932764 0.0318779685 0.121097341 0.0134959882 -0.00317072868 0.0758890137 0.125449657 0.102553941 0.124848485 -0.0364437029 0.0763633102 0.0634520501 0.148870409 -0.109302297 -0.0615508631 -0.115614459 -0.0325005613
-0.0284314938 -0.123008311 0.211393774 -0.10425026 0.019369049 -0.115245149 -0.0296758134 0.0761780441 -0.0882951319 0.0493809022 0.0116926748 -0.00900510419 -0.00691289501 0.151861519 -0.0495099351 -0.0534667633 -0.16239965 0.127556413 0.181247741 -0.20483312 0.0735020041 -0.0329896025 0.0622848459 0.043158222 -0.0459664091 -0.0415136628 0.109328575 0.124501891 0.0534228943 0.0428053439 -0.0460731275 0.154344454 -0.075472191 -0.0353197269 0.152675793 0.0641084164 -0.0843671635 -0.14200902 -0.0926954895 -0.0972944498 0.154862985 0.00736680441 0.0287630986 -0.120251551 0.126741827 0.0600268729 0.0115608834 -0.056374982 0.051077079 0.0694956779 0.0804710016 0.0636623427 0.0685109943 -0.0588906184 0.0427506641 -0.0430989452 0.122383215 0.083665818 0.0116477022 0.0543385334 -0.026965702 -0.0693765357 0.08842998 0.125738904 0.158976883 -0.0601854697 0.078467302 0.052891966 -0.0446311794 0.0439161584 0.0166330021 -0.0896908566 -0.0101284189 -0.0153404223 -0.0872088224 0.153686866 0.0533848368 -0.0407588147 0.0555695593 0.0546786003 0.021184627 0.0953408107 0.0269648321 0.0733630359 -0.147226691 0.107144773 -0.0429577082 0.0803096145 0.0600107834 0.0112938304 0.115410239 0.0995471403 0.114696875 0.195858091 0.125495225 0.0377735831 0.0154110454 0.0813796148 0.16191794 -0.0890635699 0.0209105797 -0.0507921875 -0.16177322 0.0226206612 -0.07872352 0.0554791652 -0.000495264889 0.109287702 0.0923718885 0.0449503586 0.102103487 -0.0517902933 -0.0509781875 -0.0573229082 -0.0739088953 -0.0429182872 0.107529365 0.00872164126 -0.0996583551 -0.081301868 -0.224603966 0.0811011568 0.0459969603 -0.011943223 -0.0546624139 -0.0463777408 -0.00685987389 -0.138319239
-0.177211389 0.128260791 0.0575697683 -0.250210226 -0.14821066 0.267350942 7.61902411e-05 0.0181228947 0.0824423134 0.206632614 0.164589554 0.250857264 -0.0101298373 -0.198368698 0.180351079 -0.0764453784 0.0993954316 0.260179639 0.137556687 0.0768660903 -0.202280775 -0.313633651 -0.0106090046 0.292663842 0.0360544808 0.193984002 0.0122412611 -0.0183699261 -0.0295151193 0.212138698 0.121737391 0.0149243791 0.105877653 0.027965866 0.100283511 0.0986955017 -0.174326807 -0.0475538373 -0.0214133561 -0.323866576 0.164048031 -0.0982961729 -0.213839918 -0.106366217 0.0392654613 0.0933855325 0.122246549 0.0619097836 0.00632865308 0.0363292955 0.278660148 0.173483014 0.0768643245 -0.0720178708 0.0824997276 0.0566906221 0.149560601 0.0615814701 0.070088096 0.179469869 -0.0124875298 -0.156407103 0.132508039 0.0597432181 0.00247569196 -0.116231069 -0.138006598 0.0241976753 0.194241405 0.229149908 0.0209605061 0.166676491 -0.107286595 -0.0268869586 -0.0564849637 0.0887922496 0.0801649541 0.0508764721 0.087214306 0.0526940674 0.123115532 0.0697952509 0.143312886 -0.0255632419 -0.0204344597 0.0755356029 0.166236177 0.156574488 0.0557026193 -0.0374274999 0.109726362 0.0499960184 0.156698719 -0.00467658881 0.214710489 -0.0712527707 0.0528992265 -0.00158554479 0.0151008852 -0.135706902 0.0723525807 0.0038941158 -0.0974542424 0.126920268 0.075406298 0.201391786 0.0234230421 0.011445093 0.141817749 0.167071596 -0.0641048253 -0.0112866908 -0.0944489837 -0.109345391 -0.252957493 -0.0331603102 0.108889192 -0.187296361 -0.0230535492 -0.120107174 -0.0651376396 0.104583226 -0.0353071503 -0.187194094 -0.00791047886 -0.226861149 0.10065259 0.0445097201
0.0494690761 -0.0317101888 0.183443427 0.0567327738 -0.265631407 -0.278982818 -0.0313867442 -0.162569806 -0.15410915 0.190553635 0.00809180085 0.124060623 0.0690821037 -0.129712343 0.0602177866 -0.0160388779 0.20240517 0.159058645 -0.0415461324 0.0828431845 0.0107486481 0.148896217 -0.0468228906 0.0137735289 0.0447791778 0.210851654 -0.253780961 -0.0196479373 0.0688302964 0.0379148573 0.123467311 0.0536704101 -0.327958822 -0.0363068767 0.221125796 0.0169284865 0.00257035438 0.106184326 0.0173819512 0.0828936026 -0.0550004803 0.138376653 0.0850940049 -0.0769710094 -0.0855810046 0.0685630739 0.0896357074 0.0531523153 -0.0313967168 -0.044789765 -0.0209974013 0.1347657 -0.1501223 0.0635253787 0.122490101 0.116278544 -0.098478958 -0.0723356083 0.114204057 0.0257014409 0.0647733137 0.103489593 -0.125912547 0.0533418171 0.132890522 -0.0913466811 0.187450379 -0.1007016 -0.0768062919 -0.1441928 0.120181702 -0.0412867554 -0.112922214 -0.0835303664 -0.0139787784 -0.0187771544 -0.00360353966 0.130117297 -0.032702744 -0.13625294 0.00946178567 -0.0791957006 -0.193467408 0.055550348 0.225584909 0.00522075221 0.0318641514 -0.0284211859 -0.0748114213 0.00878234487 -0.0194746703 0.0423387326 -0.0553088263 -0.11622519 -0.0671812892 0.0288168602 -0.0725811124 0.0974580199 0.0477825738 0.0409549214 0.0947279334 -0.0751672611 0.00133526605 -0.0314679891 0.0311799906 0.104966223 0.0612654649 -0.0189945102 0.0653780028 -0.00757738994 0.0804574117 0.0298259985 0.214343056 0.0883219391 0.0494855568 -0.0497054569 -0.0123307556 0.212246984 0.11409793 0.0119777834 0.180177718 -0.0158149786 -0.0523625426 0.385656267 0.153014719 -0.0294975322 0.0422547832 0.144492105
0.0583805107 0.101351984 -0.17853871 0.206275776 0.0276672263 -0.21012941 0.0859559476 -0.0202952251 0.175036371 0.0670941249 0.0488725342 0.164463148 -0.0864900947 -0.274855971 -0.033363428 0.047720477 0.0490847826 -0.164443865 -0.00204069307 0.110041022 0.0561990254 0.145828798 -0.126092002 0.00593524147 0.137172058 0.123890281 -0.0548321158 0.0275314339 -0.0137903886 0.0383823551 0.0808038414 -0.0300567839 -0.000423255202 -0.0299006291 -0.202592328 0.045130115 0.047926981 0.127129868 0.258741856 0.110347286 -0.0877225623 0.0455015823 0.0970177427 0.156808257 0.0645441338 0.0761319622 -0.0393752456 -0.0839188695 0.122335166 -0.0152149135 -0.150148094 -0.203037143 -0.179938644 0.130805716 -0.115573592 0.252021313 -0.0348166004 -0.0888847709 0.176727027 -0.16315341 0.0331161991 -0.0412198231 -0.115000784 -0.0851452202 0.0130455978 0.16972211 0.0211335383 -0.11791338 0.00848136749 -0.0188724864 -0.0972464532 0.110239342 0.0780019388 -0.0201818664 0.256685644 -0.0310985707 -0.0894040838 -0.114207447 0.0569450632 0.0302798282 -0.303259194 0.0640628859 -0.00698116887 -0.098460786 0.0862423182 -0.147232562 0.213452652 -0.0910607427 0.0133940028 0.0354648232 -0.23003456 0.118022524 -0.201819316 -0.0609236322 0.029368246 0.00480240444 0.00806988869 0.0201985482 -0.211953416 0.102595061 -0.0853187665 0.108114198 0.190093681 0.0312368255 0.679888248 -0.14923133 0.228756592 -0.210636631 -0.00883044675 -0.0792998001 0.111549892 0.198949367 0.14465718 0.175208032 0.184656575 0.00619652122 -0.0384271443 0.0545836389 0.298149556 0.159505099 0.268705785 -0.124569431 0.228060097 -0.0586468503 0.163366795 0.224108204 -0.0799037218 0.189653471
-0.0107938386 0.060052149 -0.092246376 0.0463262685 0.0149461133 0.0537050441 -0.02453335 -0.0190439057 0.0703146979 0.0664575547 -0.0475385413 -0.097598277 0.0870100483 0.0234942753 0.0616813824 -0.0813693255 0.0322168395 -0.0896725878 -0.0191856474 -0.0205561314 -0.0583823845 -0.0706020817 -0.0625646189 -0.0110105248 -0.0775810331 -0.0595790297 -0.0378452428 -0.0261871815 0.0171058625 -0.0664841831 0.0803761557 -0.0927163213 0.0460067727 -0.0851489678 -0.023608407 -0.00435598288 0.0812506676 -0.0858031288 -0.0643161833 -0.00594592141 -0.0835979283 0.0141377831 -0.00266931555 0.0230747107 -0.0205833949 0.0103112403 0.0275745429 0.0529400706 0.0341990367 0.0638887137 0.0542663522 -0.0196937919 0.0654051825 0.0104451953 0.018303426 -0.0785944685 0.0415768176 0.00291024894 -0.0709606484 -0.0300018359 -0.0273151007 -0.0470957868 -0.00644624606 -0.0488847196 0.0418187454 -0.0291598383 -0.00299935741 0.0460870974 0.0383149125 -0.0942085236 -0.0434008837 -0.0884037092 -0.0902668089 0.0598738156 0.0730183274 -0.0671263412 -0.0412908867 0.0358559676 0.0857997984 0.0656102151 0.0612971671 -0.0828749612 -0.050800439 0.0619936623 -0.0825338811 -0.0314388461 -0.0875482783 -0.0638606176 0.0204164702 -0.0213019811 -0.0790706426 -0.0778945312 0.0718507916 0.0680983514 0.0353009738 0.0300860889 -0.0499682389 -0.0420461968 -0.011413224 0.0315723605 -0.00748127 0.0215982683 -0.0466818772 -0.0412218682 0.0330998972 -0.0883554742 -0.00866657589 0.0767374113 -0.0595343225 -0.0200000182 -0.0132131372 -0.0504521243 0.0359409899 0.0238979142 0.0679687038 -0.0231999457 0.0318206921 0.0175765511 -0.0720816329 -0.0933980346 0.027755715 -0.0633307844 -0.0367644727 -0.0338466838 -0.0968364924 0.0652625635 -0.0279134288 -0.0467919819
-0.275785983 0.177785918 -0.0106206257 -0.233871683 -0.158962026 0.309992731 0.0530023463 -0.0145925647 0.191028714 0.16795224 -0.056722369 0.141366541 -0.0257883221 -0.201479927 0.218802005 -0.168135196 0.068294242 0.10192243 0.156885862 0.0700313374 -0.121703357 -0.400122851 -0.167523429 0.219653502 0.145715371 0.0928170905 -0.00584617397 -0.199301794 -0.0256981608 0.102809086 0.118737467 0.00125708501 0.0818463638 -0.3159073 0.0664387867 0.100801669 -0.276542962 -0.280828714 0.0463928282 -0.466596901 0.000700907258 -0.19376418 -0.34524262 0.00271397876 -0.0189962611 0.0873919874 0.190624237 -0.250913322 0.105749547 0.0756800845 0.284856766 -0.0378116183 -0.0974445269 -0.185122952 0.247288555 0.171837866 0.0725126714 0.0620104298 0.0864873827 -0.0321427248 -0.524918079 -0.182859227 -0.0387547351 -0.0920397416 -0.0676667765 -0.00949599035 -0.305490673 -0.0733127221 0.0912499055 0.265749156 -0.119940974 0.1899032 -0.203145221 0.068991363 -0.0498135835 -0.0722197965 0.0375874825 -0.273725331 0.0780277923 0.0315244496 -0.0953675061 0.0720154494 -0.105932906 0.00406046584 0.0100810789 -0.121973597 0.315841943 -0.0114683555 -0.021582501 -0.0331451297 -0.0136984233 0.0761645809 -0.130459175 -0.00669812085 0.0260191131 -0.329657793 -0.0941045284 -0.197213992 -0.042537652 -0.306493551 -0.131527916 0.0517256819 0.0750333443 -0.0698312223 0.345043868 0.238166139 0.0439099483 0.0452731587 0.116556443 0.138616472 -0.148897365 0.2019445 -0.234447986 -0.297950178 -0.290697992 0.0844042078 0.0453533493 -0.46725291 0.205514416 -0.336919308 0.101534531 -0.0268116798 0.0555347614 -0.351709634 0.0725645423 -0.366207927 -0.03241897 0.129061356
0.040565338 -0.0758584291 0.0213598795 -0.022179272 0.0543186292 -0.027437577 -0.0385394059 0.0377069823 0.0180811882 0.0239876527 -0.0656544641 0.0114842681 -0.0678019375 0.026661681 -0.0376686603 0.0234033577 0.0528008826 -0.00682539912 -0.0790093392 -0.0782630593 -0.00208927202 -0.10375502 0.0406490006 -0.0316742845 -0.0810216591 0.0368068852 0.00113933242 0.0597487502 -0.00522546424 0.0245550144 0.0383493602 0.0309563074 -0.047283791 -0.0858864263 -0.031998422 0.0710949674 0.0353320278 -0.0459130742 -0.0446745418 0.043370001 0.0642580166 0.028141873 -0.0913029909 -0.0938935354 0.050538931 0.058195848 0.0687565133 0.0342325829 -0.0431453213 -0.0145406323 0.0695452616 -0.0143292816 -0.0558722354 0.0201502051 -0.0830162019 0.00918196328 -0.0506745279 -0.0158115774 0.0177699402 -0.0522763617 -0.0111570051 -0.0898929611 0.00396771682 -0.0444330387 0.00770857884 0.0539351553 -0.0669448078 0.0871493816 0.0235840976 0.0607894845 -0.00603662897 -0.0784119219 -0.0853710473 0.064204514 -0.0680665746 -0.0666720718 -0.0414501205 -0.105520703 -0.00871193968 -0.0107552251 0.00362517568 -0.0134779364 -0.060889449 0.0633421391 -0.0513351932 -0.0900099277 0.0541750789 -0.0798969343 -0.0751293376 -0.0897533596 0.0392260477 0.0080489181 0.0544788986 0.0436710119 -0.06168475 0.00670758449 -0.00327848247 0.0347875655 -0.0521886125 0.0501520373 -0.0314861052 -0.0619208179 -0.0205038041 0.0304835662 0.00303868251 0.0499797501 0.0142701045 0.0663315654 0.0154144214 -0.104729548 -0.019759994 -0.0417738929 0.0590242669 0.0584551506 8.64592585e-05 -0.0421929583 -0.042769663 -0.0673835054 -0.0932918265 -0.0644033849 0.0524725616 0.0260871146 0.00364682288 0.0596270002 -0.0519890599 0.0666172951 -0.0677889735 0.00202117977
0.0258389376 0.108116277 -0.0449935496 0.121011697 0.0765034631 -0.0062594288 0.0820724666 -0.0998692662 0.0223470926 -0.000341102626 -0.209014341 0.0866223574 0.064099282 -0.0502643734 -0.118067868 0.105884828 0.046765659 -0.0644021928 -0.249763787 0.0686514452 0.254073143 0.163976908 -0.167326853 -0.047017917 -0.0353443921 0.119024135 -0.062008705 0.0584549531 -0.0216534231 -0.0393472798 -0.0863308981 0.00528374733 0.0352091305 0.111039057 -0.0443926118 0.0773957446 -0.0183225535 0.10553509 0.0101130018 0.0819880143 0.00428245123 -0.0227211826 0.116256468 0.191928297 -0.0538833514 0.0894937962 -0.154698431 0.166547477 -0.203378245 -0.0106155584 0.0572016314 -0.160029143 -0.0209621396 0.17025125 -0.0049070539 0.00743983872 -0.167947516 0.0224893093 0.0349490531 -0.170455649 0.178125098 0.0773175806 -0.127873361 0.094419077 0.00723660365 0.0494579449 0.0788975805 -0.0779650211 0.111528955 -0.0291032419 -0.0324975178 -0.048118934 0.142674536 0.125151783 -0.0131963892 -0.116455317 -0.144513607 0.0326740183 -0.08071246 -0.00825622212 -0.0699023306 -0.00796885788 0.0400153697 -0.0453198291 0.0845422 -0.169970557 0.0332998447 0.0485259593 -0.194236189 0.0787978247 -0.162597865 0.0720040873 -0.125637904 -0.140290767 0.0370597579 0.128423899 -0.0506629832 -0.044328589 -0.199160993 0.131585419 0.139130816 -0.0211057328 0.211626083 0.127481028 -0.369467139 -0.0643998981 0.0496456698 -0.0335437804 -0.114904881 -0.258942425 0.0119078979 0.101092875 0.0604310147 0.0364331938 0.0831132308 0.0388798416 -0.159154162 0.0645273104 -0.0140474932 0.131151915 0.227769822 -0.0657667816 -0.0736649185 -0.00095856213 -0.0158437733 0.0760134682 -0.00883676019 0.0962448865
-0.123489983 -0.0108295912 0.201675773 -0.303053796 0.101341456 0.213910222 0.163652137 0.211540386 0.299913675 -0.126600116 0.170688599 0.172524303 -0.0721024871 0.146855623 0.182156712 -0.159052342 -0.117582403 0.134292021 0.284153193 0.179248378 -0.215247512 -0.296117276 0.236758247 0.190111265 0.211368069 -0.141312972 0.0140964454 -0.170756906 -0.0444368012 0.192339897 0.0933824629 -0.0781444609 0.253070027 -0.389457673 0.164533839 0.173695147 -0.227055803 -0.338013113 0.0168467574 -0.348554909 0.133413672 -0.193648085 -0.259065717 0.0109571097 0.177157074 -0.093146421 0.114096731 -0.422367245 -0.0210636649 0.0632383376 0.300890267 0.27241239 0.0539072715 -0.204976633 0.165136024 -0.139692277 0.148926601 -0.000530850957 0.0896784216 0.213003889 -0.201858252 -0.151256174 0.247300461 -0.143867254 0.0542715341 0.030965142 -0.145329595 0.0213761795 0.271289557 0.296365052 -0.0472661406 0.15052253 -0.327906072 0.00097258616 -0.106815226 0.312742501 0.252806455 -0.385092974 0.0853016376 0.134986252 0.0204265844 0.211597219 0.305852503 0.197224721 -0.174973905 0.049381122 -0.141593635 0.305773199 0.139043793 0.0387524515 0.220974281 -0.101239897 0.113287598 0.000492402643 -0.136392891 -0.224966869 0.0213285573 -0.251103103 0.106339127 -0.312278122 -0.238900915 0.131803319 0.0862951055 0.0651757792 -0.179687098 0.241696149 -0.0299212672 0.146220967 0.0945493653 0.236755386 -0.36561957 0.106927067 -0.607952595 -0.123798713 -0.456795841 -0.0231772419 0.180208012 -0.528226137 -0.0163402092 -0.197663203 -0.0352440812 0.229298934 -0.13514334 -0.255295366 -0.160585731 -0.275449604 0.227391317 0.151672348
-0.129762471 0.0557686873 0.0871186852 -0.153245106 0.354859293 -0.095029816 0.020841958 0.24712804 -0.0461661331 0.0824618563 0.11890316 -0.0991846845 0.0499587134 0.30106923 0.235367849 0.0959363878 0.0720063969 0.112722374 0.182033226 -0.00727185374 -0.0151864029 0.0316152833 0.229117408 0.0274956059 0.126989901 -0.0441379584 0.404205054 -0.0249463245 0.0665373355 0.053970512 -0.0174875185 0.13369526 0.0908245817 0.0731864944 0.00434270315 0.171131402 0.156573802 0.155148581 -0.102959551 0.0643413514 0.226132035 0.136031866 -0.134001911 -0.0407254398 0.154832482 -0.11742571 0.0625941083 -0.0483581647 0.0276552048 -0.0888365507 0.276391149 0.131415591 0.0982100666 0.0693394467 0.0561569519 -0.216188669 0.18973279 0.0684767887 -0.136705622 0.254213095 -0.0659278035 0.0847072527 0.15314354 0.00792783592 0.00808105711 0.0124003692 -0.0763337836 0.149508357 -0.00749712484 0.173299983 0.0925547481 0.0877656043 -0.0193208493 0.00768027268 -0.0290315207 0.206213579 0.0358998999 -0.0415678881 0.087235637 0.107977033 0.219687819 0.181813315 0.314914107 0.0997481793 0.12273284 0.202655643 0.05868195 -0.0696563944 0.149519101 0.0429773182 0.090029195 -0.126447931 0.187856674 -0.0708451048 -0.0280169956 0.00145473552 -0.0695516169 -0.0686508417 0.113503233 0.044362437 0.078017205 0.17042993 -0.0155778257 -0.0455227718 0.0287169181 0.183578148 -0.126207665 0.248635143 0.0734139085 0.19999598 -0.0782346427 -0.0778791457 -0.0421665758 0.0718741417 -0.171162724 -0.0740483701 0.241946742 0.0737958029 -0.0209064949 -0.0926852152 -0.140284866 0.198636651 -0.115279824 0.223565876 -0.228929803 -0.0355477557 0.169546425 0.0536877401
-0.193654776 0.0925627649 -0.285217375 0.0836553648 -0.243125737 0.152218014 0.23619017 0.146884024 0.128456935 -0.130030006 0.0780823678 0.04392967 0.010132351 -0.0793357939 0.120701768 0.213510126 0.00827715546 -0.10572841 -0.0742884725 0.0165596846 -0.228556857 0.0189066008 -0.0425330289 0.0890757367 0.125861362 -0.0551546291 0.102171168 -0.140434653 -0.0198934153 0.150395259 -0.088157475 -0.043501582 -0.0215626862 0.131092012 -0.411637545 0.02578892 0.153368637 0.146924451 0.0393783189 0.0612659305 -0.0234192889 0.11044275 0.0983235538 -0.0441822298 0.12678735 -0.0853362978 -0.0796538591 -0.0133860679 -0.00716896076 0.00564898597 0.0635967553 -0.0530089624 0.0145306047 0.0855469108 -0.0283681434 -0.0221584998 0.089368172 -0.00748198433 -0.142627165 0.0518392548 0.0175981317 0.142492309 0.00937424507 -0.17118074 -0.295339435 0.20994249 -0.0322728045 -0.213047415 0.0848917514 0.0576941371 -0.0456809476 -0.0985294878 -0.0177982878 -0.0549596883 -0.0128536085 -0.0493358485 -0.143892229 -0.0616893396 -0.129121765 0.113623656 0.133101642 -0.0560409091 0.191015467 0.0333645456 0.0855276063 0.078020893 0.0285945982 0.204632252 0.0735186338 -0.0357325822 0.0338905901 -0.12483222 0.000227290322 0.0106263263 -0.0839930102 0.0851712897 -0.0612670816 -0.13505882 -0.0387279168 -0.123938821 -0.0531959683 0.0545673557 0.0819963962 -0.205145881 0.13449955 0.0969795361 -0.0452852175 -0.213812128 0.0491713583 -0.148637071 -0.267032415 0.095256865 0.079086788 -0.0167588107 -0.0269293133 0.0401854627 0.100346595 0.129241496 0.0541930944 -0.0482479632 0.0767102689 0.0551740564 0.00602288963 0.046102982 -0.015548869 0.053808935 -0.116938472 0.0853367522
0.0373271964 -0.217642009 0.148602337 0.0289742742 0.349497229 -0.654762685 -0.163850233 0.209108561 -0.0995523483 -0.0161950197 0.202941373 -0.157217234 -0.0519594401 0.410788089 -0.118512392 0.0597350672 -0.224206269 -0.0728567466 0.0776712298 -0.0943597704 0.262198329 -0.0138520319 0.190333202 0.0242279917 -0.0919232965 -0.105404384 0.438988686 -0.024733942 0.0949879736 0.0464727208 -0.0277557336 0.0462586731 -0.0794434473 -0.000890828145 0.0712945983 -0.0212414768 0.0217791814 0.0846185237 -0.234139502 0.191041857 0.269783348 0.0468527302 0.0494042821 -0.0399915837 0.299819231 -0.0802138001 -0.0823734254 0.197910562 0.0635416359 -0.00246310513 -0.0485517494 0.0831655115 0.250370324 0.013421501 -0.0619633049 -0.161806226 0.196433753 0.0485010967 -0.193802223 0.263463378 0.115029261 0.0903055817 0.145926878 0.115312546 0.00176489458 -0.073288776 0.14587982 0.293435127 -0.089648515 0.0551442951 0.112627454 -0.140171155 -0.0200431272 0.0483626537 -0.0561505668 0.223909169 0.0903988108 0.133942351 0.2139415 0.00257660402 0.216726646 -0.00980903488 0.176570818 0.235917345 0.0683142543 0.0446174033 -0.0635281503 0.0136684496 0.0962395892 0.0616039634 0.105790995 -0.140405372 0.161126107 0.152147457 0.0975116342 0.0728325173 -0.0368955731 0.0110615864 0.282351196 0.0706994236 0.000471563166 0.0927264392 -0.112648845 -0.0255431458 -0.401959419 -0.179858983 -0.126178652 0.0114794141 0.0495078936 -0.0440288521 0.147779241 0.0154765695 0.101759784 0.0248689521 0.131682664 0.0346387513 0.0680467337 0.197952956 -0.187018424 0.113388665 -0.120242596 0.146170706 -0.107076362 0.183727011 -0.264994562 0.0687780231 0.0851954594 -0.0627637208
0.135671496 0.131688371 -0.0265667588 -0.0450760461 0.0630790815 -0.0711438879 0.150399461 -0.159141809 -0.122506551 0.138358355 -0.184714735 0.126290962 0.0880426019 -0.215225175 -0.00650732825 0.0103964293 0.256435901 0.127962083 -0.0573208556 0.0108396625 0.131467551 0.0390285477 -0.128511518 0.0231505502 -0.0594145879 0.20295243 -0.259651244 0.0692030489 0.0680353045 -0.102336287 -0.0945014581 -0.0689977333 -0.0757052377 0.0215208679 0.0896721482 0.040882118 0.00644945353 -0.0087073613 0.120745078 0.153763324 -0.100793481 0.150036097 0.0777790174 0.229618207 -0.167966694 0.0951458365 -0.0400814116 -0.00428618165 -0.14115192 -0.0186241511 -0.0488328636 0.090650849 -0.0991085693 0.165908873 0.118391715 0.0719712302 -0.0464421734 0.0616374016 0.208079278 -0.140949234 0.106183477 0.0994026959 0.0413807482 0.111598782 0.167463854 -0.0058610905 0.19235006 -0.314939052 -0.040090099 -0.0358522125 0.144193053 -0.0069831647 0.122630365 -0.0317959301 0.108644493 -0.0983876139 0.0368013345 -0.047316663 -0.107003987 -0.0266996771 -0.000351777097 -0.0217420682 -0.0289498921 0.0179074537 0.160544261 0.0206377544 0.108684041 -0.104793362 -0.0312616862 0.044328656 0.032228101 0.315250099 -0.0345977135 -0.0471121594 0.0268236324 -0.00936351158 0.082932435 0.0485494882 -0.119294316 0.163700834 0.0830644891 -0.149687231 0.186087295 0.13419199 0.479892552 0.0347489864 0.015902577 -0.0309447236 0.0558006354 0.0519906618 -0.0668117404 0.0253536031 0.124782227 0.130864054 0.112470314 0.041968029 -0.0403422453 0.176161498 0.201091453 0.179143891 0.1382128 -0.118322767 0.0486426577 0.217688218 0.140624285 0.0502273925 0.0824871287 0.123226173
0.1919709 -0.117502086 0.186863944 0.203981534 0.190446615 0.0383298323 -0.204643473 0.0705789179 -0.172333628 -0.237093896 0.249666974 -0.305195421 0.0357046984 0.403205007 -0.304797322 0.213172778 -0.279908687 -0.177804187 0.0683199912 -0.335922718 0.174307793 0.240442127 0.152497754 -0.266563535 -0.100597389 -0.19888562 0.225795627 0.201717287 -0.0540118255 -0.0737552792 -0.166803852 0.0547760502 0.0957493484 0.00959207397 -0.0650397316 -0.0894963369 0.0542806983 0.175485626 -0.217068091 0.233003616 0.145105079 -0.0254571401 0.0994321704 -0.0791476145 0.218836114 -0.126376659 -0.150772437 0.1486267 -0.011587075 -0.0249534249 -0.226714864 -0.00380665599 0.203968421 0.116366483 -0.159373507 -0.197574809 0.189344853 0.00778167369 -0.0616536513 0.186201856 0.118342735 0.185051098 0.0457704999 0.149190426 0.100388423 -0.0152230617 0.18128638 0.337304741 -0.184736937 -0.236486405 0.168144271 -0.126748577 0.106635205 0.0768227652 -0.206409782 0.181795284 0.0653311834 0.2364292 0.0554630868 -0.0314983428 0.0599708706 0.211455882 0.0985415652 0.121190041 0.0945632607 -0.0149843516 -0.285782069 0.0285235327 0.0277117286 0.0897925347 0.125560716 0.104528643 0.0168827157 0.195194289 -0.0636880621 0.239939451 -0.0367620476 0.156285346 0.229946226 0.101926431 0.0566243827 0.0959348828 -0.155903041 -0.0289384071 -0.0477931239 -0.0795585662 -0.171109259 0.156205654 -0.18253471 -0.0311704017 0.152025655 -0.159090012 0.0429324247 0.133908853 0.255647808 0.0765227973 0.0916733295 0.21545653 -0.107347138 0.122833528 -0.0852203071 0.0702066123 -0.0590981133 0.105620682 -0.0350934528 0.128500566 0.0843026862 -0.24665381
-0.0596055351 0.0659748092 0.0251674373 0.210689038 0.270719588 -0.745340824 -0.099705942 0.0052230279 -0.276933372 -0.0578422248 0.0410861224 -0.228012443 0.00703864684 0.346755415 0.0154924784 0.262819201 -0.145941645 -0.177341387 -0.115813412 -0.127765656 -0.0200660992 0.280721784 0.116552107 -0.136137858 -0.0077813305 0.0485564247 0.279499739 0.0724232495 -0.0081610959 -0.0579965822 0.00346484478 0.193582788 -0.109100573 0.268537819 -0.182800293 -0.115570739 0.173692435 0.067952998 -0.0499078631 0.38473925 -0.0189584848 0.208540946 0.118731037 -0.146599323 0.14178434 -0.0824882984 -0.130204484 0.158445984 0.0528978258 -0.0317969099 -0.047938291 -0.0743151382 -0.072999835 0.0777486563 -0.156201422 -0.027920045 0.0994624048 -0.0797612146 -0.0986172929 0.159161419 0.323468298 0.234354869 -0.0624246895 0.0176932979 -0.0112264706 0.189056441 0.174914792 0.262575507 -0.0764685795 -0.0366130546 0.0654563755 -0.17490159 0.0706439689 0.051364176 -0.0172095299 0.0858891606 0.0279454142 0.260326475 0.121801116 -0.0244955756 0.0151605522 0.0427816473 0.143659875 0.0367136039 0.118936829 0.0895895287 -0.06023442 0.112730101 0.027347995 0.0628744513 0.0481532738 0.00297874468 0.0448776297 0.125374138 0.0168216992 0.141531751 -0.0640881509 0.1574613 0.141668051 -0.0278014857 0.196245044 0.0947200581 0.0156472027 -0.0641375482 -0.0682066977 -0.203808159 0.103284977 -0.118182093 -0.138444692 0.00496913213 0.00603582105 0.0549028218 0.238853931 0.0229941737 0.0978609249 -0.0470190644 0.012830751 0.41515547 0.0248063467 -0.0415667295 0.0942660794 0.137755319 0.182173625 0.0614935681 -0.0297340676 0.0657567531 0.102950677 -0.118865065
-0.0314710587 0.0723893195 -0.194946945 -0.0939844921 0.0900201127 -0.135502636 -0.0251430832 0.0564550683 0.230623215 0.0342807025 0.0228851531 0.163141727 0.00844665244 -0.273590952 0.180335134 -0.038336169 0.0620774403 -0.0355970599 0.13472876 0.0439718515 -0.110647976 -0.11819607 -0.102213018 0.105521135 0.141310468 -0.000784317323 -0.0411386788 0.00935833063 0.00574512966 0.0631837994 0.125958011 0.108367778 0.0732294694 0.0277642179 -0.109207295 -0.0261384286 0.0429633819 0.0630170554 0.103240892 -0.101923808 -0.0414431058 -0.0492508858 -0.00735876849 0.0558302589 0.0120029841 0.119825155 0.0617699139 -0.00670944108 0.129864186 0.015147917 0.0774682984 -0.141940117 -0.153036624 -0.0579761602 0.0595947392 0.0964531973 0.0487959534 0.078121312 0.0280499309 -0.091735661 0.0129360016 -0.102004513 -0.0433999822 -0.0368045531 -0.0120490203 0.0318576619 -0.0035327645 0.072504431 0.119557381 0.0256011058 0.0125938673 0.360532492 -0.022695899 0.0561405793 0.0846851841 0.100251213 0.0336092263 -0.0546369031 0.133722559 0.108546562 -0.0566191711 0.0311319176 0.0110057099 -0.0524471812 -0.104756877 -0.0804286525 0.0675847679 -0.108697034 -0.0177586339 0.0629787296 -0.0212391205 0.0159746185 -0.0513364039 -0.0111516658 0.131382465 -0.0623263195 0.0238362197 -0.0571252368 -0.110573456 -0.0288357027 -0.0445451885 0.0464341864 -0.0475680232 -0.0603316724 0.120485164 0.0340423584 0.115171574 0.057023339 0.0633138716 0.0167115107 -0.031409353 0.179799646 -0.119624801 -0.0514063016 -0.0806435049 -0.0550722294 -0.051823359 -0.231939405 0.107780561 -0.0501020737 0.00974828191 0.0618791878 0.145886868 -0.339146763 0.0657156557 0.0423947126 0.0470066108 0.0759987384
0.25968188 0.182435483 -0.192089379 0.0819559544 -0.00452211546 -0.0842155665 0.0293018688 -0.0891559646 -0.0403149575 0.0906107649 -0.069660224 0.0366418287 -0.0692995936 -0.144197717 0.097430177 0.130344093 0.193829522 -0.0433459245 -0.074642241 -0.110907413 -0.0121545652 0.29339996 -0.143496364 -0.206042275 -0.0837554485 0.240095749 -0.185201362 0.0357060805 0.060751196 -0.0307870768 -0.0351391435 0.0118576428 -0.118716769 0.107640728 0.159187153 -0.161847994 0.267082453 0.212803215 0.0338983089 0.244955972 -0.188117608 0.16350171 0.260049582 -0.00142137427 -0.233869314 0.0693539158 -0.109153308 0.0992745608 -0.0749848858 -0.0316173695 -0.277514964 0.00436671823 -0.248708531 0.00754046394 0.0817461759 -0.0206668563 -0.0374332331 0.0527069233 0.194013283 -0.0726070479 0.209786713 0.246123672 -0.209759802 0.0846163183 0.180090487 0.218707487 0.12255507 -0.203599617 -0.0728892758 -0.257130682 0.11631614 0.0313259661 0.0941295177 -0.0400741436 0.0608002618 -0.112258881 -0.0531595163 0.224513575 -0.0950378925 -0.142412201 -0.280211091 -0.101621084 -0.13297908 -0.120461375 0.348371416 0.0741517618 0.131601021 -0.225039899 -0.0422398448 -0.0362209231 -0.262376755 0.121914007 -0.27278477 -0.27976653 -0.131099895 0.140901074 -0.0072591994 0.213616863 -0.0285155196 0.159991756 0.184980363 -0.0535884276 0.154864773 -0.0232018419 -0.409289837 0.124711126 0.0410333201 -0.240391061 -0.088602975 -0.0680146366 0.0759845749 0.075013116 0.239059359 0.136625051 0.151262999 0.0603742674 -0.0955307856 0.220492899 0.173331603 0.0516668111 0.257389188 -0.185707405 0.0577797443 0.431506991 0.173195153 0.0843166783 0.00908956304 0.119674355
0.173332602 0.184110209 -0.0666735172 0.107330143 -0.0899795815 -0.26411128 0.0700324103 -0.248592481 -0.0899756774 0.244812578 -0.128776178 0.137832537 -0.0399582088 -0.152548254 -0.0350101255 0.0359763056 0.173568785 -0.100859046 -0.229401097 0.00832748599 0.247554064 0.168041185 -0.265651405 -0.128285661 -0.0320225656 0.178478643 -0.0782874301 0.112117745 0.0407775044 -0.138889268 -0.0820937008 0.0165697746 0.0662968606 0.108443499 -0.0549770929 0.042003613 0.069970347 0.134079024 0.125557855 0.228321075 -0.222527519 0.0440025441 0.154133916 0.112168014 -0.25837335 0.151527658 -0.046324078 0.200515628 -0.169686377 -0.019671021 0.00646728463 -0.154168919 -0.421940923 0.076873444 0.0792580843 0.181447834 -0.249859348 0.0698639452 0.245236427 -0.21358946 0.151673123 -0.0214889888 -0.217959613 0.136756703 0.059574388 0.187519684 0.070631437 -0.123139337 0.0476654656 0.0420843363 0.0222173706 -0.125619084 0.139480859 0.00103935716 0.136817008 -0.296008617 -0.0685807765 0.0910314769 -0.131118476 0.0448082201 -0.251318991 -0.0634870157 -0.107059546 -0.313038379 0.208005488 -0.221430361 0.137392133 -0.124425367 -0.132791162 -0.0828287303 -0.357589662 0.255620301 -0.320300579 -0.295805812 -0.0409415439 0.0943506509 0.0110615408 0.221831858 -0.233167395 0.120748535 0.161234304 -0.0185787473 0.172266141 0.173703447 0.218575552 -0.0938083306 0.199323297 -0.205916598 -0.0624738112 -0.0456912965 0.155627131 0.147901133 0.224561259 0.237565055 0.176928431 -0.0326206796 -0.0845324099 0.0852650329 0.147241354 0.0814724118 0.244250551 -0.254865497 0.15400219 0.202743426 0.195205823 0.100493297 0.0663767904 0.114196435
-0.0317889675 0.267899245 -0.191015705 -0.0533215031 -0.189810634 0.0177288223 0.181032747 -0.228457972 0.183013901 0.249896809 -0.0909206346 0.383769423 0.000690447341 -0.355672926 0.223282978 -0.0830050334 0.22388351 0.169142634 -0.0220739599 0.11992453 -0.223460197 -0.0160205346 -0.313223213 0.143743679 0.0577263311 0.280961186 -0.167428255 0.00385280373 0.0216414463 0.151185378 0.103863537 -0.0632010996 -0.105079405 0.0110841608 0.044636026 0.128293082 0.037792515 0.067274034 0.286860853 0.0289480872 -0.352659076 0.145128399 0.0910400897 0.0955499411 -0.279065609 0.14648962 0.114018053 -0.0749362558 -0.00825194549 -0.0685973689 -0.0470552519 -0.156031072 -0.445219547 0.0602691621 0.303218126 0.0870776027 -0.208542243 0.0615191236 0.228283376 -0.200190708 0.00118198036 0.0647617579 -0.182421967 0.0937720761 0.0418916419 0.269493163 0.0582372919 -0.29729411 0.075608097 -0.0616916642 0.00641694944 0.413867563 0.153848931 -0.0160342399 0.120893449 -0.0919308215 0.0413775593 -0.0507815108 -0.127295882 -0.0787435174 -0.263530463 -0.0939465389 -0.253940731 -0.191291347 0.220719516 -0.0929871425 0.177916676 -0.145785585 -0.137321651 -0.0113700582 -0.25102374 0.00481039891 -0.270879567 -0.159208268 -0.0309442598 -0.112231329 -0.0562946498 0.0962425992 -0.260960072 -0.024734661 0.0996401235 -0.158968553 -0.0172144715 0.0754007995 0.743629873 0.258887827 0.0659556463 -0.202473 0.0363699906 0.10042239 -0.016585527 0.280703515 -0.012959972 0.0946354493 0.0505032428 -0.00936859101 -0.0978292897 0.0428445153 0.302218348 0.160527661 0.311256081 -0.216848403 0.224104285 0.109017327 0.205082387 0.0195942596 -0.133564964 0.245051444
0.0485817268 -0.0970730036 0.194010645 -0.209302619 -0.1428404 -0.241788805 -0.175449967 0.0124489823 0.00761701399 0.0559904166 0.0352585353 0.203213081 -0.0638525933 -0.115691349 0.0496181697 0.03803242 -0.0339644924 0.0467749424 -0.0212989897 -0.0624463707 0.0748484284 -0.122457258 0.0745787248 0.0529341921 -0.02957315 0.133293092 -0.0610981062 -0.114291281 -0.0144903325 -0.0532586277 -0.0531489924 -0.00501034735 -0.222945377 -0.127263501 0.11720603 0.0345489532 -0.0444257781 -0.0345678814 -0.0964745507 -0.00666581932 -0.0855568498 0.0242267419 0.0797105134 0.0338425897 -0.110371195 0.0629953146 0.0834850743 0.158024579 0.0255860277 0.00632749684 0.0278953612 0.111124292 -0.122531481 0.00799249858 0.129319578 0.0155651933 0.0912703127 0.051041536 -0.0449178033 -0.0809128433 -0.025516212 0.113885254 0.0829875693 0.00116623472 -0.0130187059 -0.0187835488 0.059327554 0.141834646 0.0543816537 -0.0259194169 0.154529333 0.203977183 -0.105485603 -0.0303536467 -0.0342391282 0.132798478 0.140343204 0.17837742 -0.0706711635 -0.0903257281 -0.0156071652 -0.0416310765 -0.0676276088 0.107693195 0.0582812205 -0.0365897305 -0.0484342165 -0.220137566 0.0482058115 -0.0223630331 -0.0423386954 0.0789639428 0.103985533 -0.0494009182 0.10206648 -0.0577726401 0.0460413881 0.1115027 0.139267027 0.0159664359 0.026068544 -0.0402571261 -0.0396204032 0.0505861901 -0.28939718 -0.0553970188 -0.150277182 -0.0545039177 0.0251412485 0.136787564 -0.114915334 -0.00875375606 0.0143346107 -0.0638354346 -0.00898014475 -0.00454132911 0.00707175164 0.0763860196 -0.0680823922 0.154345825 0.051281359 -0.0188736916 -0.0744799376 0.32052049 0.0435117707 0.0196773857 0.0888847485 -0.0163208004
0.125923499 -0.0219915379 0.190510809 -0.00388799631 0.114416368 -0.53136456 0.0213151854 0.0955962688 -0.257776082 -0.0106318938 0.0423504189 -0.164510638 0.0393786728 -0.0402250253 0.0810541585 0.151164502 -0.0368480124 0.147261336 -0.0233083162 -0.152342021 -0.0225163214 0.178036809 0.0615616888 -0.0618438162 -0.108737394 0.0391090959 -0.144638941 -0.0368881077 0.0293342974 -0.0717455819 0.0154358661 0.106367461 -0.272319645 0.175258085 0.0547891259 -0.0970680192 0.00687222695 -0.0489655361 -0.063038595 0.136330426 0.164012238 0.137385011 0.0976472124 -0.0853691101 -0.0239504259 -0.0485184602 0.11757154 0.204964086 0.0335982218 -0.0748220161 0.0504448861 -0.0230720621 -0.117034785 -0.0921648964 0.0797633678 -0.0860405937 -0.0538290702 -0.0593835637 -0.0759770647 0.118079707 0.0267402735 0.161437988 0.080170393 -0.0593586192 0.0933519006 -0.0102436608 0.0493953787 0.000218663714 -0.0881336257 -0.105403244 0.113714553 -0.0378336869 -0.0515347756 0.0655175224 0.0482153073 0.143137202 0.0143974684 0.177606791 0.0943358541 0.0364934951 -0.0152166141 -0.0461000875 0.287153393 0.150448173 0.0548545867 0.208770812 -0.00922664907 -0.0757381991 0.213336617 -0.0429480262 -0.110945866 -0.00774898008 0.0276668128 -0.0278285071 0.0203798432 -0.0491840132 -0.0649954751 0.0946547315 -0.0221844111 -0.0281495359 0.00441251695 0.0741189942 0.0157721732 0.11075817 -0.100579076 -0.00553889619 -0.0928337947 0.00923295692 -0.0569267012 0.090477705 -0.0187503025 -0.0590256006 0.191784829 0.0566287749 -0.00767750153 0.00747307809 0.101577565 0.167342186 -0.021910632 -0.106180444 0.0442744046 0.0352865756 -0.0803260654 0.244510129 0.0343470387 -0.0271318201 0.211183339 -0.0640971363
-0.0151312454 -0.038465254 0.0018309342 0.075435847 -0.043417193 -0.000567391515 -0.0154064074 0.000154985144 0.0757940263 0.0496793166 0.0190033764 0.0144585259 0.0844386593 -0.0947228149 0.0643758997 -0.0772793368 -0.00444452092 -0.0510383025 0.0632187724 -0.0757387802 0.0507999063 -0.064761579 -0.0148811927 0.00814690907 -0.0682667792 -0.0275940839 0.024558343 -0.0463330969 -0.0418512858 0.0246171281 0.0738233849 -0.0187215768 -0.0641830191 -0.0905975699 -0.0293992665 -0.0417747423 -0.0989242718 0.00583766121 0.0579140037 0.0558161661 0.0576051474 -0.0506119691 -0.0806208029 -0.0806700811 0.00323404931 0.0150655005 0.0456921458 -0.0029533112 -0.0228601117 -0.0161315687 0.0292056389 -0.0361457504 -0.0274881423 0.0539794713 0.0612987839 0.00281875022 0.0856512785 0.0110132173 0.0418442972 0.0183030702 0.0341932364 0.0266170576 -0.0224300977 0.0406041145 -0.0789919496 -0.0127094137 -0.00616178242 -0.00861760788 -0.038034752 -0.0514417253 0.0421291031 -0.0826999098 -0.0910678655 -0.084439978 0.012348271 0.0013454794 -0.0349233225 0.0696087927 -0.0832373798 -0.0161729436 0.051667992 0.0434481576 -0.0781296641 -0.0414373204 0.0821158662 -0.0320604146 -0.0781434774 0.0768706873 0.0734276474 0.0149867376 -0.0283971559 0.0328831449 -0.0585871004 -0.0546914749 -0.0318888538 -0.0672407895 0.00851646066 0.0495199785 0.0739191622 -0.0568655245 -0.00333765056 -0.0417484008 0.03775087 0.00499414606 0.0755745023 -0.0546501055 -0.025121348 0.00741578592 -0.0795211419 -0.00532472786 -0.00775379175 0.0368506201 0.0124285743 0.0500353426 -0.0623937361 0.0191677958 -0.0504487753 -0.0427565314 0.0284100305 -0.0867351443 0.068212837 -0.0778467804 0.0365081616 0.0209566746 0.0495847464 0.0161350146 -0.0238965545 -0.051051762
0.0265547968 -0.0366528258 -0.0162896402 0.0455791131 -0.0395106301 -0.0017997995 -0.0627798811 -0.0386214331 -0.0230709855 -0.00958350021 -0.0113546196 0.0425464027 -0.0582598038 -0.0520617887 -0.0338691548 -0.0471428707 -0.0181857292 0.0606214665 0.0755381212 -0.0298666842 0.0354758091 -0.0363989584 0.038609758 -0.0217170529 -0.00754408352 -0.0783916265 -0.0170513112 -0.0488366 0.0591678843 -0.00531144813 -0.0599471927 0.0245693326 -0.0607915334 0.0608591661 0.0197447315 0.0212734211 -0.0434498601 -0.0901214257 0.0454581678 -0.0481400192 0.0648897365 -0.0675496385 -0.0242687166 0.00847213715 0.0752178878 -0.0174111277 0.0263634715 0.0568394959 -0.0886390135 0.0739782453 0.000169974068 -0.0533358119 0.0074469815 0.0145659456 0.0486384854 -0.0726547167 0.0243389308 0.0418083295 -0.0623050109 0.0110860467 0.0672950223 -0.0154298777 -0.0455859192 -0.0403710455 -0.0755864605 0.0378809683 -0.0275654048 -0.0793635324 -0.0323957615 -0.0590096861 0.0250563864 0.0681606829 -0.0980310589 0.0117656998 -0.0510399975 -0.0430834778 0.0109823998 -0.0642818585 0.0728498399 0.0185418632 -0.00536651677 -0.014033027 0.0746690407 0.0243711956 -0.076755926 -0.00488841627 -0.0481099226 -0.0272240229 -0.0404174961 0.0531647168 -0.0228940733 0.075284943 -0.0429029278 -0.0835182592 0.0257806126 -0.0717900842 0.061318133 0.0631659999 -0.0352193415 -0.0301945098 0.0202114936 -0.0239228737 -0.0774765238 -0.0753353834 0.058795996 -0.00824191701 -0.0437207446 -0.0118588973 0.0405330285 -0.0115870303 -0.0575168468 -0.012504722 0.0502875149 -0.0910098776 0.0298450422 -0.0224699527 -0.0731559768 -0.0122548984 0.0208695531 -0.0186350849 -0.0326534845 -0.0516780056 0.0421553105 -0.0432536229 -0.0734340474 -0.0104974126 0.0569589958 -0.0758843571
0.0591316037 -0.0479303636 0.0496722311 -0.0113138929 0.0526965931 -0.0440213382 -0.0239044521 0.0483874939 0.00567551609 -0.0831468552 -0.0458986051 -0.025374651 0.0494695231 -0.0945728645 -0.0674216598 0.0214919094 -0.0216034334 -0.0203511361 0.0266197659 -0.014810551 -0.0500678048 0.0263918899 0.0134839155 -0.0591257699 -0.0411207005 0.066890426 -0.0138518224 -0.0783928186 0.0574302897 0.0600090139 -0.0147140343 -0.0788032338 0.0326569267 -0.0728667751 0.0625660568 -0.0166980736 -0.0234313924 -0.0284459274 -0.0105498899 0.0207468644 0.0150811281 0.0229658317 -0.0219369531 0.0628326237 -0.0013484176 -0.0163500197 0.0608378723 0.0605639853 -0.052805014 0.0156256706 0.0324692987 0.0049676802 0.0653609931 -0.0293328054 -0.0376677476 0.00884818844 -0.0601860024 0.00275832904 0.0157701075 0.0393924676 0.013307197 -0.0511876121 0.0121937124 -0.0368783101 -0.0335841477 0.0513510741 0.0186893232 -0.00707468111 -0.0520674586 0.0379813239 -0.0881695598 -0.0618630275 -0.0454189107 0.0760256425 0.00712481979 0.00394198764 0.0095650116 -0.0140998 -0.0156830437 0.0145105403 -0.0686457083 -0.0507578813 0.0236989856 -0.0179993324 -0.0854338557 -0.0677793622 -0.0423244163 -0.0745219588 -0.048969809 -0.0958763286 0.0249641445 -0.045042675 -0.00466538686 0.000489140861 -0.0255320426 0.0364233255 -0.0750211328 0.0118413866 -0.0103865545 -0.0539228022 -0.0146755343 0.0237931032 0.0726863444 0.0245459694 0.0319820493 0.0700190738 0.0351000354 -0.0859864056 -0.0217985585 0.0245365538 -0.0544841848 -0.0777424052 0.0606625564 0.0595207699 0.00424167467 0.0225405172 0.00158810627 -0.0352903493 -0.0659992099 -0.0892844573 -0.0468644612 -0.038887307 0.0410356373 0.0299550649 -0.0373365693 0.0334808379 -0.0644978061 0.0717412531
0.0762601197 0.152049243 0.130396977 0.0223116688 -0.217261046 0.261395305 0.0606384873 -0.00978497788 -0.0830343142 0.171874389 -0.0128198257 0.114058271 -0.0599094629 -0.237671509 0.064907603 0.073588185 -0.00274663256 0.217542022 -0.0619493388 -0.0146928318 -0.0249923728 0.0343496576 -0.0837978646 0.10897211 -0.0497200452 0.184500411 -0.180256709 -0.105744861 -0.00648293504 -0.0289121866 0.00109936926 0.0342487693 -0.186803043 -0.00826021843 0.153080687 -0.0124631161 -0.0505280569 -0.0314505212 -0.0968893096 -0.161871865 0.0386858732 0.117532797 0.0383619294 0.0320803709 -0.0301772449 0.150328562 0.0833111107 -0.0490389541 0.0895432085 0.0216515288 0.131624758 -0.0315919928 -0.129246861 0.0337677337 0.241774246 -0.00458694249 0.0481949896 -0.0471205898 0.132360861 0.0419037454 -0.0662818179 0.121981241 -0.0520657077 0.174655333 0.187216505 -0.016371211 0.187927857 -0.149588153 0.0451820605 -0.101183042 0.0758437365 0.165631726 -0.0117945913 0.0773087367 0.0858163908 -0.0273008309 -0.0566860624 0.115522347 -0.0243085176 0.0294394139 -0.230895355 -0.101643212 -0.0677945316 -0.0655039921 0.232467607 0.0477298349 0.146129921 -0.199066967 0.114226177 -0.0280327573 0.0514575057 0.0308477134 -0.0303136669 -0.0172925238 0.162986726 -0.0710768998 -0.0316536091 0.13155435 0.00286922464 0.000997649971 0.224957153 -0.0421499573 -0.0385272019 0.148024082 0.0904026106 0.120338887 0.0251105335 0.036128521 0.0626376271 0.00904658157 0.130462602 0.02109107 0.127282843 -0.0999975577 -0.0932551026 0.0320385136 -0.11155805 -0.00446638046 0.0598463416 -0.111865386 0.157709077 0.0680548474 0.0426156037 -0.0191712882 0.0966791138 0.0315319225 0.0153461406 -0.0228099171
-0.0227757934 -0.130573034 0.0187379941 -0.044759497 0.235577494 -0.0724529549 -0.0825365111 0.113106824 -0.0956042558 -0.108761847 0.105438404 -0.0528947376 0.0543850288 0.463597506 0.0485546775 -0.0514126532 0.013999383 0.0211684722 0.169626743 0.0332534984 -0.0243377648 0.010255008 0.134120286 0.029249249 0.0550525449 -0.0916007534 0.298686355 0.0824643821 -0.00550427148 -0.00260269037 0.100258768 0.125049189 0.087948449 -0.088430427 0.122886181 -0.022857016 -0.0350472778 -0.11323753 -0.0589605495 0.0539740399 0.249806076 -0.0333556496 -0.0545158423 -0.138168812 0.166554645 -0.0137822414 0.1091602 -0.0360589847 0.127326176 0.0167638529 0.0914907679 0.199710175 0.181604475 0.0870475918 -0.0780978203 -0.0526684485 0.205246136 -0.0227006562 -0.147568226 0.199169278 0.127084747 0.049564518 0.18987675 0.0276299417 0.0060661803 -0.13759841 0.030068811 0.0420781113 -0.0506833084 -0.043418102 -0.0118768625 0.05608752 -0.0205586161 0.0256723017 -0.113817148 0.218249142 0.0700953752 0.0312195495 0.182794154 0.0795224458 -0.00964324083 -0.0267235581 0.116027564 0.270597667 0.019869661 0.135866255 -0.141182765 0.230947167 0.135628089 0.0569463372 0.158258438 -0.126700565 0.182483464 0.061234314 0.161314264 0.0807073116 0.0815057456 0.0418233834 0.0751905292 -0.0272878315 -0.08144667 0.181098014 -0.0228776224 0.0739069134 0.150274813 0.0270205177 -0.00926864333 -0.00904922653 -0.00547455437 0.0494589694 0.0754460543 -0.154517591 -0.0802455097 -0.0456759892 0.0285706054 0.0237273593 0.0830725282 0.0655369908 -0.12383265 0.0152322063 -0.189729705 0.133642405 -0.127460986 0.00393581856 -0.0553584024 -0.156754687 0.033303719 -0.0172578543
0.143975303 -0.107224397 0.032488171 0.330778986 0.0461736433 0.187660068 -0.206287652 0.106935918 -0.140184298 -0.0347999483 -0.0357120223 -0.108400807 0.0495648459 -0.0186184254 -0.202014863 0.0913674831 0.0431678332 -0.101179071 -0.173619106 -0.0866707191 0.137784958 0.161688462 0.00384040014 -0.150509059 0.0471642688 -0.0418441743 -0.0757412463 0.184454888 0.0284474362 -0.0231784545 -0.158391893 0.113866888 -0.0528775826 0.123802289 -0.230733752 -0.0102315824 0.0953353718 0.0603527129 0.135239571 0.221192271 -0.122816943 0.0161927473 0.0657786429 0.0309508871 0.0328976251 0.041383028 -0.0308386479 0.119911492 -0.0179817285 -0.0619109124 -0.288529277 0.0163717885 0.237229362 0.0408076532 -0.235966295 0.183070347 0.0887411758 0.072183609 0.0557459034 -0.00988519937 0.242407858 0.317622334 0.0282612238 0.150915742 0.0445446149 0.0858401209 0.196165696 0.185542151 -0.17737098 -0.0307374671 -0.042592831 -0.279796362 0.153731108 0.0820527002 0.10394676 -0.0827599093 -0.0228764676 0.112751685 0.00692568813 0.11785917 0.14826031 -0.0180737767 -0.0981990993 0.143538594 -0.0479295962 0.0778802112 -0.00954837259 0.0540905744 -0.054982584 0.0350780413 -0.00898094475 0.196796298 0.160027742 0.230168208 0.167696476 0.328083545 -0.0325679518 0.101063199 -0.00500859879 0.0312001836 0.0123366127 0.0195800643 -0.0170482509 0.120279163 -0.136947498 -0.22262454 0.102341466 -0.0497313105 -0.0259725545 -0.136084661 0.210748896 0.0528387912 0.137994766 0.203738376 0.244563669 0.078348957 0.0276757311 0.254878253 -0.0331619419 -0.0338073447 -0.116725288 0.0213723797 0.154084906 0.271455288 0.0383877456 0.147605523 -0.0395040475 -0.0676416606
0.071346052 -0.0949875638 0.294313341 0.113570295 0.126129031 -0.316736728 -0.185283452 0.0608393066 -0.112966962 -0.0645065382 0.105442479 0.00115643127 -0.0535912439 0.20252502 -0.110054389 -0.0401433259 -0.119647086 0.0236064401 -0.0429897644 -0.000267351337 0.0482030809 0.300328463 0.182768345 -0.161340773 -0.00383926579 0.0468001589 -0.0952971801 0.22665967 0.0750692114 -0.0705063865 0.0341265649 -0.0331482515 -0.311650842 0.185555443 0.105180919 -0.00121591834 -0.0178141538 -0.00113143714 -0.0984966382 0.240667954 0.0911802799 -0.00865079276 0.196158335 -0.111572139 0.0958582312 0.20159632 -0.0833748505 0.184386775 -0.0400551781 0.0208124481 -0.196368635 0.104747333 -0.032931108 -0.0299154054 -0.133406833 -0.0998838171 -0.0449492484 -0.0547786392 0.0583612435 -0.0430726483 0.198055491 0.112804152 0.15321891 0.173240691 0.0219590925 -0.0978767723 0.144578084 -0.113558248 -0.192624629 -0.0634329095 -0.0115129091 -0.216943994 0.0167722963 -0.094200626 0.161985278 -0.0852288902 0.0602038316 0.250624806 -0.0728984848 -0.0870287418 -0.0960126296 -0.0961786509 0.0926278457 0.188783556 0.129597127 0.0968901813 -0.055376891 0.269021332 -0.0839223787 -0.0812099949 -0.117320918 0.104471751 -0.0201306064 0.049836386 0.0608629212 0.0878419578 0.0748371705 0.285469919 0.070157446 0.136153057 0.13299723 0.101271138 -0.103870265 0.0231010355 0.0552924499 0.0170998648 0.0632718503 -0.148598164 -0.137579218 -0.116915166 0.157442763 -0.110969603 0.326315492 0.134485558 0.266070455 -0.00235364586 0.0981785804 0.204972953 0.0562706068 0.166550741 -0.00255628792 0.0501332395 -0.0503639206 0.473917753 0.182318911 -0.00560927298 0.114942372 0.0211046878
0.274264306 -0.0965855867 0.0278481413 0.267275959 0.0753288642 0.347302049 -0.0286155697 0.0531015135 -0.274346083 -0.0322196744 -0.0574720688 -0.0699696541 0.0828254297 -0.328549027 -0.211115032 0.186415881 -0.0308250021 -0.111940846 -0.293239862 -0.0193543006 0.166996434 0.108161695 -0.0373236015 -0.253293782 0.00967143476 -0.0247933846 -0.199069783 0.185780466 -0.042468708 -0.188258156 -0.217686251 0.0706910342 -0.240763262 0.20925501 0.025714267 -0.220825762 0.172600314 0.139176697 -0.0416772887 0.199791491 -0.122687586 0.207131967 0.276449621 -0.0168631226 -0.0695475489 0.0538190678 -0.119203255 0.0581467003 0.0397328809 -0.0141476281 -0.279761821 -0.0160260163 -0.00143717241 0.0609030612 -0.23420608 0.103254534 -0.0640749782 0.0568454117 0.00241247495 0.00730399229 0.217761248 0.208949342 -0.0307739526 0.0656260848 0.0857882574 -0.109109096 0.230346978 -0.0101498105 -0.0657567829 -0.323961914 -0.000265647133 -0.520430863 0.116325922 -0.00254806131 -0.0488090329 -0.126262441 0.00583611196 0.00441891188 0.0342229716 -0.0679565296 0.0411986262 0.0220044553 0.0767292902 0.0290062204 0.17222701 -0.0163834542 0.0425105505 -0.0998604521 -0.0849958509 0.0396977998 -0.0860039592 0.209812522 -0.0504035167 -0.0487057604 0.0997983739 0.108284697 0.00526695326 0.244386271 -0.0511113405 0.263205349 0.217774242 -0.0320404023 -0.0209728591 0.112635896 -0.406407475 -0.170160338 0.0350919925 -0.159668967 -0.0909970999 -0.0194110051 0.0625290275 -0.0674926639 0.180089325 0.145852029 0.190863028 -0.0364721417 0.00197238498 0.30647698 0.0375953577 0.119642325 0.182083264 0.110307932 -0.0410530344 0.538757622 0.145183772 0.161186859 0.0597269312 0.0379589424
-0.120502897 0.0141565232 0.0344031379 -0.147801295 -0.12312229 -0.0223175976 0.056231223 0.151577815 0.0875720233 0.00746991392 0.0979524553 0.201731756 -0.0101823946 -0.0330521502 0.170162126 -0.00108454761 0.0481101647 0.102942564 0.16722478 0.0523439124 -0.150610119 -0.188723728 0.079954952 0.210354567 0.163485482 0.094368957 0.0959025174 -0.122649014 -0.0766951144 0.145045862 0.111398585 0.112965569 0.205382198 -0.0921630859 -0.0545337796 0.151871249 -0.0336964019 -0.105127923 -0.00580601301 -0.0830271468 0.151173189 -0.0823118836 -0.0755021796 0.0172299482 0.167113557 0.0334709585 0.134058073 -0.136443377 0.202872157 -0.022545008 0.207359284 0.0182038192 0.181145132 -0.185176969 0.0943687856 0.111077517 0.0804751739 -0.0558893234 -0.0646798983 0.0716528893 -0.246409267 -0.146241635 0.181552112 -0.140911117 0.0191609617 -0.13528958 -0.133102536 -0.00302222278 0.104696877 0.2660335 0.00784307998 0.150618032 -0.199086547 -0.0572180226 -0.019823892 0.0753054917 0.227020949 -0.168926656 0.0994402319 0.177510306 0.147538394 0.125020757 0.120089121 0.00432869652 -0.0100690015 0.171566874 0.0767209306 0.150021404 0.138460934 0.0679873675 0.151483566 -0.0427590199 0.0838510394 0.18967101 0.0954892039 -0.0673106015 -0.0767340511 -0.0496168435 -0.0364443026 -0.0551581606 -0.0895846635 0.112566575 -0.0661271885 -0.0378326513 0.215662256 0.0557760857 0.0261404663 0.0881077498 0.202388853 0.0744035542 -0.22947678 0.0906023681 -0.227813184 -0.0139219565 -0.20562841 0.067359522 0.159491047 -0.127008408 -0.0609622449 -0.212529182 -0.0492552519 -2.54263286e-05 0.062369626 -0.159218341 -0.0595390163 -0.0664311796 0.0112490645 0.0768211707
-0.00681005511 0.0439790711 -0.0316618718 0.0638448969 0.0285404958 -0.0679466277 -0.0821035057 0.017779965 -0.0842069909 -0.0183820669 -0.0244237781 0.0177002456 0.0605720654 0.0425306968 -0.0785204619 -0.0817651823 -0.0940458328 -0.0073815817 -0.0476941057 -0.0596597269 -0.0934869051 0.047762882 0.0573349074 0.0680811033 0.0757053047 0.0399877951 -0.0801582113 -0.0332321301 -0.0157939326 -0.0411142707 -0.0867232382 -0.0250287224 -0.0181601085 -0.010162265 -0.0914677307 -0.0948799253 -0.0377185903 0.0289064962 0.00206699129 0.03659999 -0.0861386433 -0.0732875392 -0.0494785048 -0.012500762 0.0372476205 -0.0177384149 -0.043931514 -0.0888416171 0.0505677909 -0.0173096079 -0.0298394505 -0.0655937716 0.0399962552 0.0588390641 -0.00184396061 0.00324116065 0.000912953808 -0.0389019474 -0.0913035423 -0.0449948572 0.0385824218 0.0633212551 -0.0180845484 -0.0476200916 -0.021962123 -0.0802586302 0.0689711645 -0.0286671445 0.0603505671 0.0568551123 -0.000719818461 -0.0227218922 -0.0231471565 0.00914786756 -0.0332797728 -0.10029237 -0.0251603518 -0.0330184922 -0.0269315895 -0.0560833849 -0.0802407935 -0.0634479523 0.0325966328 -0.0544006228 0.0115358112 0.0021724496 0.0188872702 -0.0863401368 0.0532433242 0.00946229044 0.0116625614 0.0144653777 -0.0222238228 -0.0262862947 -0.0564853065 0.0132313762 -0.0306883585 -0.0846536681 0.0516132079 0.0259383395 0.0116129257 0.0629072115 -0.0768051744 -0.0378337167 -0.0454617254 -0.0970274955 -0.0943535045 -0.00519494805 -0.0695006102 0.0174736585 -0.064261876 -0.0893395469 0.0311288368 0.0102862362 0.00105298543 -0.076224573 0.00178348972 -0.0707473084 0.0464762673 -0.0517509915 -0.0287136827 -0.0515595339 -0.0765067413 -0.026915282 -0.0731663704 -0.0701720193 0.0453165919 0.0286211334
0.232923865 0.0309554692 -0.0431118011 0.236483082 -0.21962662 0.257288456 0.114133231 -0.0557427816 -0.0691088587 0.172421142 -0.127912521 -0.00146719988 -0.0815943554 -0.00617763679 -0.0761538744 0.160191715 0.20769453 -0.0969528705 -0.260868818 -0.105933338 0.289289296 0.119423561 -0.0438270196 -0.197989896 -0.0387348346 0.0405386724 0.0338649079 0.0964338258 -0.0144065805 -0.097133778 -0.202195227 0.121942863 0.129141897 0.124387331 -0.0529144928 0.0344749466 0.190950409 0.139455482 0.155438587 0.316992313 -0.134717688 0.127780765 0.144518375 0.174639672 0.0249771215 0.0900703073 -0.190974727 -0.00173089188 -0.152931347 0.0233212672 -0.124671377 0.0446973965 0.0146070924 0.173339009 0.0249960907 0.102321334 -0.214105964 0.00553333806 0.135181606 -0.109024137 0.152080402 0.242620528 -0.0569046736 0.199179456 0.0394109711 -0.0365865417 0.160218403 0.0512560792 -0.0822874606 -0.0662514865 0.110799499 -0.24045448 0.248799473 -0.0970848948 0.0566771626 -0.134521782 -0.0160672199 0.0955051556 -0.189552039 -0.0239235107 -0.0217569005 -0.0827081501 -0.0225525592 -0.0596591048 0.115106121 0.0382394679 0.258187741 -0.0377785116 -0.109734893 0.0734172463 -0.125078112 0.26978299 -0.0541579984 0.0701942518 0.036275547 0.245856389 -0.00109335582 0.154724747 -0.0747236386 0.176543817 0.104942784 -0.010484824 0.215071753 0.0970305875 -0.503678739 0.0102239093 0.0889113247 0.0358490236 0.000612757634 -0.102634646 0.0683699772 -0.0199977253 0.14646849 0.221303791 0.225384548 0.0438295566 -0.163337037 0.228565022 0.0355627239 0.155292213 0.219754651 -0.150325596 -0.0310210213 0.312462389 0.0346760266 0.191667989 0.120367043 0.0220974591
0.0357858911 0.0253920257 -0.0219231024 0.0321262069 0.0272305924 0.0497332737 -0.0165217705 -0.0504852124 -0.0926057026 -0.0697172359 -0.0738521293 0.054240454 0.0216031671 -0.0581494123 -0.00584720587 0.00582432793 -0.0229468327 -0.016880611 0.0384150781 0.0287979208 -0.0411225036 0.0260448605 -0.0720068514 0.0609175153 -0.0371363238 0.0622702315 0.0256038103 0.0732312575 -0.0674021244 -0.0751088634 -0.042733252 -0.036754068 -0.0124249486 -0.0714220852 -0.0473599546 0.0364749357 -0.0484834127 -0.0164205804 -0.0808546618 -0.0812763572 0.0488656275 -0.0223846845 0.0299302917 -0.00156070548 0.050456807 -0.00801997259 0.0506996997 -0.0331988223 -0.00532906363 0.0333506092 -0.0449871868 0.055832766 -0.0274238158 -0.0342338346 -0.009584249 -0.082941018 -0.0242199674 -0.0758792907 -0.0977508649 -0.0109405639 -0.0412973203 -0.0313469283 -0.0222230423 0.080349125 -0.0287367739 0.0575965717 0.0282422844 0.0581651255 0.0561585389 0.0427762568 -0.0662051439 -0.0408488251 -0.0996014774 -0.0128810704 -0.0423611403 0.0120690893 -0.0923122689 -0.0637347475 0.00698357122 0.0362143591 0.0592947677 -0.018542666 -0.0383103266 -0.0762101039 -0.0385686867 0.0454058684 0.0433309786 0.00605802983 -0.0861824825 0.0811667517 -0.0734782964 0.050195694 -0.00906782132 0.0827922821 0.0212973356 -0.0854457989 -0.0447041504 0.0808232352 -0.00120961666 0.0461227149 0.0696147084 -0.0112752449 0.047502514 -0.0747286156 -0.0459438264 0.051382374 -0.0999005809 0.0818301141 0.0623218343 -0.0928179473 -0.0108150793 -0.012640439 -0.058600191 -0.0597310141 0.0541522764 0.0132803991 -0.0791855454 0.077970922 0.0348453932 -0.0709619746 -0.00894894917 -0.0640083626 -0.0879941583 0.0243533924 -0.0359954163 0.0380920954 -0.0858944952 -0.0744179338
-0.00718194898 0.048576083 -0.0496042036 0.0275473949 -0.0272806324 -0.0161585659 0.00516558299 -0.0415339693 -0.0813863277 -0.0790459663 -0.0959091932 -0.0818750411 0.0368857011 -0.0884082988 0.0776861459 -0.00888109766 -0.00932956859 -0.0285924189 -0.0819130465 0.0059643127 0.00540291891 0.00185596244 0.0635740086 -0.0643243715 -0.0643307567 0.061713811 -0.0457534045 -0.0635066479 -0.0773054361 0.0105191851 0.0762568414 -0.0770831555 0.00486802496 0.0722201094 0.0634333938 0.0147965169 -0.0884617865 0.0607203357 -0.0116851088 -0.0827719942 0.00392439263 -0.0127323847 -0.0211050846 0.0677562803 0.0749361441 0.0599273667 -0.0434297733 0.0470848642 -0.0512977466 0.000852420926 -0.0693134442 -0.0425640978 0.0131406924 -0.0462571122 -0.096996218 -0.0956929475 0.059448041 -0.0330977291 0.0564347059 0.0561887622 -0.0951817185 0.0532710329 0.0519297235 0.00367155299 0.0652402043 -0.0465566926 0.0471383519 -0.0683600828 -0.046642147 -0.0758788288 0.0658661574 0.0328101516 0.0140557596 -0.0162136629 0.00798305497 -0.0368053801 0.0615902245 0.016735306 0.00398612674 -0.0443264544 -0.024078032 0.0661742166 -0.0125690158 -0.0752828643 -0.0518412217 -0.0515227839 0.0266112518 0.0711331964 0.077191487 -0.079881601 0.0407408476 -0.0196378902 -0.0598970614 0.0617886633 -0.0349975228 -0.0050559137 0.0515760258 -0.0604964606 -0.0969328359 -0.0276489705 -0.0173648298 -0.0818535537 -0.0839994699 0.0504461601 0.0891224667 -0.068621777 -0.095403403 0.0327291079 0.0156000769 -0.00163440115 -0.0635336488 0.00953700207 -0.0502004884 -0.0249156617 0.026696872 0.061252825 0.00166744669 -0.0850072727 0.0594997108 -0.0651560947 -0.0422955938 -0.0400010459 0.00694769295 0.0692961589 -0.0739356354 0.00370831508 0.0130751701 -0.096028097
-0.0353285745 0.0853045806 0.117119357 0.0156811737 0.141251594 -0.0559272803 0.0530186705 0.22986868 0.212240502 0.068979308 0.181514964 0.070815742 -0.0729701445 0.209472314 0.0702943876 0.048998747 -0.111465417 0.152419448 0.186966464 0.147960767 -0.0358185209 -0.187756434 0.129247993 0.245705232 0.181434259 -0.0100851804 0.344482392 0.053800337 -0.0803815722 0.226425737 0.209410414 0.154135779 0.261851639 0.0486795194 0.00284926267 0.149599835 -0.0579518899 0.0407335907 -0.0337485634 -0.186349049 0.226900235 -0.108619288 -0.104847528 -0.0393790789 0.215276912 0.0724266693 0.0369534306 -0.0453455187 0.121055707 -0.0678818524 0.289532393 0.0957862735 0.242592946 0.0340937376 -0.0201767571 0.0431366749 0.142044812 -0.0211531054 -0.119228408 0.173827887 -0.063844502 -0.0048394124 0.263376385 -0.0786328241 -0.100715838 -0.105793916 -0.102380291 0.0390365608 0.216328219 0.439672261 -0.0747581422 0.175334871 -0.127051681 0.0372960679 -0.0864621922 0.207897931 0.108395949 -0.0769677684 0.0287246481 0.186800823 0.0895074755 0.0430615135 0.205614239 0.0149235912 -0.127664134 0.19883211 0.0134379333 0.192465752 0.0150607247 -0.0347234905 0.105416544 -0.0689857975 0.143336326 0.12821795 0.208874613 -0.14208442 -0.0709899887 -0.0941736773 0.00610428769 0.000810192316 0.110398583 0.191042647 -0.00381418341 0.0538769551 0.0236920137 0.104554176 0.0555272028 0.128679216 0.0669716001 0.0938215852 0.0158073138 0.0151910996 -0.16318579 0.0537456535 -0.179037899 -0.0370709151 0.112447046 -0.22935079 -0.0319363028 -0.0512548797 -0.165748432 0.242948085 -0.057403449 -0.152198881 -0.198910818 -0.153471634 0.122651912 -0.0273635704
0.193310738 0.0768860504 0.0816726461 -0.121014267 -0.128064916 0.144833118 -0.0885894746 -0.0919554606 0.122917928 0.151782945 0.113844045 -0.0132174008 0.0949369296 -0.259187192 0.160437748 -0.120119967 0.112666443 0.217415318 0.204745471 0.00429146783 -0.0138878627 -0.0241286196 0.0242516622 0.203176007 0.0667919591 0.0648728982 -0.291653961 -0.0944870561 -0.0255400166 0.062824145 0.118477181 0.140463129 -0.207360879 -0.0182077922 0.28881228 0.138397127 -0.0621017739 -0.109375119 0.00361767504 -0.219142467 0.0321110487 -0.00473766727 0.00712069776 -0.0452790521 -0.126761049 0.226002038 0.199009925 -0.0300728921 0.139971003 0.0502814651 0.13892515 0.00591225643 -0.202415645 -0.127643019 0.101097465 0.0259098765 0.0283650458 0.00853202771 0.0102730514 0.0668217987 -0.0325928256 -0.0687876493 0.0977312401 -0.0273087267 0.10469722 -0.0674315095 0.0875752494 -0.13301456 0.165233374 0.0258539449 -0.0210301299 0.166028664 0.00531245442 0.0575044602 0.193119705 -0.0454995111 0.154625088 -0.0576688126 0.0596733876 0.0459037423 -0.032326296 0.0552323014 -0.0140281459 -0.0247138962 0.0682383552 0.156059593 0.0753611848 -0.141997159 0.0781284422 -0.0311813224 0.00290295342 -0.0282421764 0.0708733946 0.0959612653 0.0963377133 -0.0859963521 0.0371616483 0.116919629 -0.0293079279 0.0303717833 0.0999951139 0.112356558 -0.0440883525 0.0784438699 0.150200054 0.0315071717 0.154976711 -0.00557469716 0.180667266 0.20602338 0.154976681 0.0278812014 -0.0849088281 0.014560977 -0.135187656 -0.054822173 -0.00765538635 -0.203736261 0.0689890757 -0.103644043 0.0478695706 0.0209184773 0.0439301766 -0.188598275 0.154175103 -0.0523066185 0.0639276356 0.151796326
-0.0692623854 0.0240937062 -0.086933583 -0.0559995659 0.000905066438 0.0316820294 -0.0323696584 -0.0891583115 0.0149733433 -0.0648726299 0.0270110909 -0.0718448684 -0.0699173212 -0.0090357624 -0.0877203941 0.0258876141 -0.0969158858 -0.0686117113 0.0321420729 -0.0628670156 0.0391783305 -0.0235344917 0.0419409387 -0.0150321545 -0.068736501 -0.000967962202 0.0452142507 0.0728164241 -0.0621241145 -0.0809839815 -0.057649482 0.018244883 0.0447672717 -0.0677377358 -0.0165794082 -0.000364210195 -0.0170495454 -0.00503989775 -0.00189488358 -0.000936345255 0.0528138727 0.0191008989 -0.011524464 -0.093698658 -0.0305996276 0.0405984446 -0.00879935641 0.0157099701 -0.0367050692 0.0438266546 -0.0694675818 0.00435242802 0.0454854853 -0.0219609383 -0.0948455408 0.0108268159 -0.0459582582 0.0708818808 -0.0792785734 -0.00179544697 -0.0692875236 -0.0366427936 0.0430165641 -0.0821848288 -0.0302293953 -0.0989192501 -0.0241623204 -0.089909479 -0.0709954873 0.0442802086 -0.0882163793 -0.0714310706 -0.0291673318 0.0739207789 -0.07323654 -0.0320601538 -0.0731467903 0.0655663908 0.0106434589 0.049861528 -0.00217594998 -0.0766199678 -0.0373072363 -0.0508813001 0.0670710877 0.0654094517 0.0192104895 0.0652852133 -0.0628936291 -0.0630975813 0.0705759674 0.00641559996 0.0308642574 0.0242466126 0.00414120639 0.0368683115 0.0621077195 -0.0367944129 -0.0941811427 -0.0935828388 0.0261818785 0.000934617128 -0.0965324491 -0.0841066986 0.0790847242 0.0443659127 0.035593871 0.0202816632 0.0637334287 -0.0352817997 0.0041475147 0.0183859505 0.0744462088 -0.092103608 0.0310587082 0.07401108 -0.0015874157 0.0285941735 0.0378788747 0.00691311155 -0.0754952356 -0.0559276789 0.0648872331 -0.059391126 0.00296122301 0.0713481531 0.0494492315 0.0362489522
0.119006909 -0.142956972 0.0777877644 0.154529616 0.35121277 -0.259117246 0.00174339651 0.0394657999 -0.190247178 -0.0822942033 0.0853780732 -0.161133438 0.0474763364 0.148010835 -0.0512216277 0.154965848 -0.0421929173 -0.0699450448 -0.0939546227 -0.000271119497 -0.0810404718 0.181799367 0.129303813 -0.0401431508 0.0354120471 0.0205049813 -0.0604525842 0.127273381 0.0594647713 -0.110743977 -0.0335927233 0.0561463498 -0.0981937721 0.0640422702 0.0389953218 0.0100080427 0.109958149 0.0334605463 0.00215198891 0.108035259 -0.0682357997 0.151413575 0.067954123 -0.0672216415 -0.0398130864 -0.0500745624 -0.0850102827 0.173944086 0.0432308242 0.0202107038 -0.181163371 0.0165086351 0.0685067028 -0.0662339628 -0.0443175659 0.0867149085 0.0466655046 -0.0397755094 -0.0320552252 -0.0301766545 0.223940879 0.184989721 0.10367766 -0.0153863709 0.0305287167 -0.0242488421 0.210425466 -0.0251497421 -0.0738241747 0.000676319294 -0.0407742299 -0.067965664 -0.00854880828 0.0123228552 0.0211159904 0.00872746296 -0.0103758741 0.235531583 0.0305180792 0.034187153 0.107314534 0.0695408732 0.0365936905 0.0503249504 0.0457851104 -0.00174755789 -0.0489498936 0.0379593186 0.0731986687 0.0391960628 -0.0623396076 0.142881364 0.00597168785 0.114463545 0.06031394 0.0365036167 0.00849225279 0.126958892 -0.00982564967 0.055681318 0.0174312871 0.00267803785 -0.0575349741 0.0708764642 0.139658913 -0.0452337004 0.0689517334 -0.0323578566 -0.0781735778 -0.0440092981 0.0851991475 0.0587883368 0.1793589 0.0958194584 0.0408279561 0.0744973943 -0.0432563089 0.105209254 0.0718819946 0.0402111411 0.0124001866 0.0739497915 0.149762616 0.126265749 0.0256861821 0.00987762865 -0.0161026642 -0.0552155189
-0.0575779676 0.0932268053 -0.108348869 -0.00383147853 -0.111554034 -0.318956435 0.0813384354 -0.223815992 0.0492701419 0.209456638 -0.206885949 0.152017549 0.0150831463 -0.218167961 0.233620673 -0.128309488 0.106435135 0.0601223595 0.109294623 0.0630361661 -0.143145904 -0.0573654473 -0.282976389 0.306270927 0.107947581 0.198591515 -0.11801023 -0.07387878 -0.0731822252 0.263935447 0.287545353 0.00892373826 -0.137236029 -0.0969367698 0.191379756 0.141234666 -0.064739503 0.0392020494 0.143139213 -0.0725257173 -0.238942191 0.100391783 0.0576731861 0.155592248 -0.259041667 0.101084985 0.13408947 0.0125118289 0.0965653583 -0.0637946576 -0.022030957 -0.313148737 -0.425310969 -0.0250509363 0.148501545 0.196235135 0.000327150803 -0.0233592018 0.200644225 -0.218339056 0.0662453175 -0.0474531837 -0.157545984 0.0596043356 0.0752943009 0.0711226463 0.00730471872 -0.153638393 0.157109588 -0.158468246 -0.0484890081 0.192100778 -0.0977169424 -0.00793257169 0.19900687 -0.153753608 -0.0485918298 0.0333791263 -0.162805483 -0.0193554759 -0.239162236 -0.203825906 -0.362848461 -0.138882399 0.0810465738 -0.135807186 0.322931826 -0.199388519 -0.0347803645 0.0438617207 -0.259722292 -0.0494062938 -0.332123786 -0.0371009819 0.0795423687 -0.122039303 0.0669828206 0.0538836978 -0.136699766 -0.0160295293 0.0657031313 -0.0789710879 0.0479967073 0.0967194438 0.25869891 -0.0781600624 0.0851023421 -0.290368378 0.226208597 0.144125894 0.111458026 0.198377699 0.0772925466 -0.154285654 -0.0388289653 -0.0576977171 -0.140053481 0.13881357 0.300339282 -0.0453746133 0.0759197474 -0.281324416 0.24484846 -0.106046714 0.217177078 0.124622099 -0.215631664 0.114697181
0.0985236019 0.205979884 -0.038715262 -0.180950761 -0.264510512 0.323004097 0.154859319 -0.170541182 0.0882050619 0.10155987 -0.190714166 0.162037164 0.0594891682 -0.483257592 0.159041479 0.0493436791 0.268742591 0.21937874 -0.0280228108 0.0311184078 -0.12460871 -0.112295851 -0.186756581 0.0199736506 0.122892387 0.132110626 -0.256608248 0.00449495902 0.0146553507 0.00847230013 0.143365756 -0.104864992 -0.0528408326 0.0417904295 0.11111252 0.165330842 0.135607123 0.024083171 0.137300059 -0.108028464 -0.248311177 0.150446981 0.170500144 0.124095783 -0.262815773 0.12363755 0.166217908 -0.101289839 -0.190975055 0.0548620932 0.10173057 -0.113737784 -0.310328156 0.0378911719 0.295105934 0.124563396 -0.150597736 -0.0403698981 0.179881603 -0.196112007 -0.041984044 -0.0313463621 -0.112797767 -0.0164583474 0.141225591 0.197985396 0.0482270122 -0.2491294 0.135754675 -0.00223002373 0.170606717 0.293988496 0.0537337437 -0.0350756645 0.125392929 -0.169648781 0.0404222347 0.0452671424 -0.183718875 0.122003481 -0.0510882437 -0.0394145772 -0.188382939 -0.120155454 0.200949743 -0.103823572 0.210731238 -0.134269744 -0.0348830223 0.0922124311 0.000875017664 0.209598541 -0.217482314 -0.110935733 0.022765398 -0.0397870056 0.0984940678 -0.0393398888 -0.125802785 -0.0466728248 0.0549814366 -0.0458798744 0.0437600389 0.166294351 0.420006037 0.340547055 0.187031135 -0.0897772163 0.0631519333 0.0246224981 -0.10721837 0.16843091 0.0259004254 -0.0263131857 0.000861671811 0.0481269062 -0.266568869 0.117063716 0.191999316 0.0661562979 0.253763795 -0.173690692 0.0963785648 -0.0486294553 0.189481676 0.0978216678 -0.0749976188 0.207641736
0.0727151483 -0.0368934087 -0.107844681 0.0514589623 0.0734924823 0.0697363913 0.0534054711 -0.0763325989 -0.100999132 -0.0667449906 -0.0567720644 0.0277854148 -0.0691608116 0.0451337099 -0.101946697 -0.0521393083 -0.0407982916 -0.0839554071 0.0646807328 -0.101689242 -0.0568934344 -0.0488246903 -0.0269997567 -0.0287498031 0.0590675473 -0.0338099785 0.00265911315 0.0601254068 -0.0443734787 -0.0846182927 -0.0048263208 -0.00864933431 0.0136000859 0.00171275588 -0.0250554737 -0.0634169728 -0.0728445128 0.0706622377 -0.0346933156 0.0550853945 0.0550856069 -0.0402714983 -0.110111423 -0.0709284544 0.0080391597 -0.0408900268 0.0473826528 -0.0901386887 -0.100618489 -0.0629072413 0.0357084312 -0.0722438917 -0.00344587513 0.019172227 -0.0352428332 -0.115155473 0.0307463966 -0.0107847601 -0.0659620389 -0.0761110783 -0.0868871287 0.0375928394 -0.0742457882 -0.0612845868 0.0109860906 0.0209813416 -0.0960923806 -0.114797965 0.0356792919 -0.0350619592 0.0322223082 -0.0518648624 0.0466725565 -0.0618082695 0.0395142734 0.0306326188 -0.091606468 -0.0682431012 -0.000850255834 0.0551133268 -0.0698459446 -0.0393337272 0.0800433233 -0.0195180178 0.0471049622 0.0377934873 -0.0353217945 0.0120242583 -0.0167767555 0.076357238 -0.0726090297 -0.0495941825 0.00452206889 -0.0819228366 -0.058051534 -0.0949356481 -0.0108529944 0.0431798771 -0.00298093073 0.0144402161 -0.0713555664 0.00705310423 0.00973218214 -0.0903271064 0.0979421884 0.0179018546 0.0392298475 0.0159552917 0.0528386086 0.0163469352 -0.0421754457 0.0131949959 -0.0966791734 -0.0956991464 -0.0420299135 0.000561110675 0.0638236478 0.0621515885 -0.0467962362 -0.0262322426 0.0298139285 -0.0375494175 0.0225358307 -0.0348240212 -0.0324894898 0.0455324911 -0.0941419154 0.0599206686
0.0384701304 -0.0859217793 -0.0173851941 0.00294475048 -0.0118662314 -0.0173834022 -0.0309542213 -0.0364836678 -0.0881494135 0.0575291812 -0.00566877704 -0.0463890284 -0.030065259 -0.0387802348 -0.0591855198 -0.0839857459 -0.0283480007 -0.0305036344 -0.0184022617 0.0727647692 0.0176831745 -0.0808063224 0.0411600024 0.0233501829 -0.0610427335 0.028765915 0.0694109052 0.0131588411 0.0708446354 -0.0462327451 -0.00656323368 0.0607733652 0.0408029221 -0.0799704194 0.012706764 -0.0139241349 0.0185395442 0.00668147206 -0.123276375 -0.0505026877 0.112768032 0.00329116057 -0.0504548438 -0.0396443754 -0.0873070583 0.0144381979 0.00172553328 -0.00540625444 -0.0472911522 -0.0707480088 -0.0178611204 0.0370789953 -0.106863506 -0.0468965136 -0.064200826 0.00636390783 -0.078462705 0.0352999642 -0.0116483467 0.00114136538 0.05390165 -0.0406593531 -0.081269823 -0.0505071729 -0.0210459474 -0.02867366 -0.100057051 0.0141474679 -0.0191275533 0.097588107 -0.0957199857 -0.0946197882 -0.0440513715 0.0104951086 -0.0387934782 -0.0521279462 -0.000703857979 -0.0517525859 -0.0214229207 0.0210603289 -0.0411947109 -0.101791501 -0.0903385207 0.0192147736 -0.0929208398 -0.0874351189 -0.050388597 0.0583105087 0.0470203608 0.0647395849 -0.0778974444 -0.0766305998 0.0290090125 0.0616271757 -0.0252677463 -0.131092623 0.0792267472 0.044147864 0.0398537368 -0.0071696518 -0.00161439739 -0.0149957575 0.0196401421 0.00813192036 -0.0765610933 -0.0341577306 -0.0418181941 -0.0154127916 0.0663419291 0.0760370269 -0.0383922197 -0.0721002892 -0.0494853817 0.0380817354 0.043147739 0.00915620476 -0.0400954075 0.0174850263 -0.0952417552 -0.0880364776 0.0380191505 0.05544677 -0.0166231208 -0.0800359547 0.0390205011 -0.000781867246 -0.0056238831 0.0603184141
0.0434458368 -0.0419299752 0.132265195 0.00509695755 0.170091748 -0.362381518 0.0688727424 0.0719150603 -0.144013271 -0.0598848797 0.0232440867 -0.0524730049 0.090754278 0.489342302 -0.041169025 0.0773431808 0.0357504971 -0.0134027973 0.0463013723 -0.12740314 0.177835405 0.0458936952 0.0399072431 -0.204375625 -0.0866879076 -0.0181154516 0.102071926 0.125095546 0.0784942433 -0.24250409 -0.118174672 0.0811045989 0.00905705243 -0.0260787401 0.114478946 -0.0177450627 0.0988167003 -0.0113709783 -0.0530035608 0.0873261541 0.0713612437 0.203402489 0.155330688 -0.01030776 -0.0267779361 -0.0365195125 -0.138226822 0.108549386 -0.0607210509 -0.0312174577 -0.0456451885 0.163667813 0.0767582208 0.0774241164 0.00193568948 0.00807534531 0.0898350701 -0.0183814615 0.0093706036 -0.0364968888 0.110455468 0.118322045 0.0449682698 0.140781268 0.11528182 9.41072358e-05 0.0641530827 0.054670915 -0.122181214 -0.110432997 0.0762547031 -0.253233254 0.125426084 -0.0147105213 -0.184535637 -0.0482427888 -0.0335616879 0.0663581714 0.129398584 0.013115434 0.0140549028 0.103185512 -0.017967958 0.145425975 0.210823908 0.148279712 -0.136044636 0.0298238676 -0.0861053467 -0.0631210431 -0.0320312642 0.239625692 0.145089477 0.0429817289 -0.0966457278 0.150513425 -0.0691178069 0.0742875114 0.16104874 0.104876608 -0.00526500493 0.0325336866 0.0594439805 0.0886897743 -0.134727165 0.0278080162 0.0131053478 0.140418515 -0.15389654 -0.0666276813 0.0288215987 -0.11145024 0.300873965 0.154474512 0.168632686 0.0176404715 0.0710997209 0.195120111 -0.0774609149 0.145582438 -0.0693088472 -6.34129901e-06 -0.0783371106 0.343722761 -0.0549647994 0.190608457 0.149016008 -0.0801133141
0.225029469 -0.0446185619 0.206180483 0.0997539014 0.504504442 -0.287508577 -0.0520742349 0.123767771 -0.096868284 -0.0253811888 0.0992359966 -0.170178801 -0.0384427048 0.346736073 -0.251386017 0.0873761028 -0.238308474 -0.10370551 0.0139514357 -0.22800459 0.347616434 0.204345986 0.257710993 -0.278537124 -0.0278607123 -0.107689261 0.139431864 0.256635249 0.0760776773 -0.213637829 -0.149590224 0.0122402869 0.044682499 0.0809394494 0.101911202 -0.133616328 0.0583569333 0.0664918497 -0.16351299 0.227356404 0.108235598 0.081564866 0.0341585726 -0.016000893 0.108966991 -0.04313007 -0.0718780458 0.282694101 0.112612039 0.0120804859 0.050734669 0.0828198344 0.229980469 0.0174319632 -0.210663974 -0.0886249021 0.0250543505 -0.0554705001 -0.0965225548 0.070685707 0.0934421942 0.110006802 0.0427939929 0.161209255 0.173186511 -0.0574652478 0.0246437453 0.201765984 -0.037272986 -0.0206547715 0.140394986 -0.31452319 0.121775165 -0.0349138305 0.00708229886 0.103043437 0.100829728 0.114122659 0.040971119 0.135664552 0.0587627441 0.0169438459 0.263885081 0.176878586 0.103597783 0.144196302 -0.222645462 0.25228855 0.116923057 -0.060710609 0.0575097837 0.148175851 0.147197634 -0.0140133062 -0.0298722349 0.00219560321 0.0339551978 0.0686755255 0.121036343 0.155184597 0.0256953929 0.184069678 -0.0458533801 0.0612584762 -0.328081965 -0.231956601 -0.0411492139 0.128166601 -0.0641829073 0.0550237074 0.261862278 -0.112440035 0.125393152 0.175169289 0.232610613 0.0668102503 0.149418116 0.206299156 -0.0998763144 0.109314844 -0.0593371242 0.181612298 -0.0558867306 0.156705707 -0.0902848095 0.204502106 0.144035712 -0.0877023712
0.0975193828 0.10163486 0.0630476326 0.231309146 0.0438035838 -0.275052667 -0.0359718725 0.0375290029 -0.0469573364 0.0323035307 -0.14560388 0.09595415 -0.000830537465 -0.128546149 -0.0279975403 0.206399098 0.0231008437 0.114740029 -0.0623637326 0.102825291 0.0795291141 0.176766306 -0.100382864 -0.0489878468 -0.0162142143 0.173643351 -0.0307914186 0.152441129 0.109646752 0.0287673064 -0.0150977969 0.0578021035 -0.0314730816 0.230460435 0.0231162533 -0.0820383504 0.0185705293 0.220813289 0.025143018 0.0533650294 -0.00751271565 0.0827033743 0.102666885 0.00915856659 -0.127766088 0.0702994242 0.0402893089 0.13249898 -0.142656997 -0.0522023737 0.0316991806 -0.065227598 0.117089354 0.0300002676 0.0618249364 0.105304286 0.0250966828 -0.0633687526 0.0433388278 -0.0518517867 0.0770552978 0.224310398 0.0299330316 0.0910507068 0.0721479431 -0.0181558579 0.0208928734 -0.0806420296 -0.0253981128 -0.0225304868 0.052362062 -0.0295182709 0.0397423916 0.0506915785 -0.00474268012 -0.0183597617 -0.109542228 0.176571339 -0.0610778406 -0.01025414 -0.0665299743 -0.134377286 -0.0801339522 -0.0807209685 0.00540481368 -0.129655212 0.0463820659 -0.358813345 -0.0908867642 -0.0869324133 -0.101150654 0.130466849 0.06186359 -0.063444227 0.171535701 0.0887132511 -0.0530590974 0.127025172 -0.0234608985 0.00912243221 0.169029817 -0.0412164368 0.166217119 0.13027136 0.0765471905 -0.181474969 0.0423934422 -0.179372042 -0.0666710809 -0.0691279173 0.0771312714 -0.0613065772 0.178330794 0.0689706802 0.0589858107 -0.0387280621 -0.0452197529 0.153828487 0.0935321078 0.131837875 0.0946607813 0.0596188791 0.0992554277 0.190473735 0.0492862836 0.113729492 0.0927447155 -0.0481057465
0.124710754 0.083747156 -0.0650294349 0.219430447 -0.0150022879 0.0100588389 0.212708071 -0.133185521 0.00575691182 0.254862398 -0.0903294832 -0.070558235 0.0348639414 -0.25901702 -0.00827426184 0.126673758 0.113196626 -0.0341332443 -0.110144243 0.0537077487 0.0809402391 0.103274055 -0.217042789 -0.0311438218 0.116865754 0.133123934 -0.201874793 0.0554718524 0.0749942362 0.0630678087 0.0605999231 0.0512226 -0.264669448 0.0611415207 0.103209667 0.0179073717 0.158090696 0.130630895 0.240585268 0.134625345 -0.33105737 0.132206321 0.0775729418 0.145019472 -0.187049165 0.0379297435 -0.00167315383 -0.0208310243 -0.0444703065 -0.0824270844 0.0413544364 -0.205034062 -0.130188704 0.186630219 0.00418282952 0.26383251 -0.0207626279 -0.00278308755 0.16962795 -0.0521802604 0.146506906 0.22826755 -0.179171517 0.186944991 0.165526047 0.239224806 0.149027407 -0.083752729 0.133539855 -0.254438013 0.162150532 -0.0360610373 0.298907876 -0.0793619603 0.203094035 -0.182033002 -0.0129149631 -0.0110232253 -0.0781619698 -0.00396637199 -0.286491871 -0.0590583086 -0.134970084 -0.152615264 0.0736540705 -0.138595879 0.318766057 -0.360964864 0.0122584291 0.0103877503 -0.0678213835 0.130429566 -0.214279056 -0.153363585 0.0112566371 0.125929758 0.0100605069 0.0534982346 -0.0449906476 0.211556897 0.133719951 0.0562660806 0.0786632001 0.0712751523 0.546041667 -0.0103086075 0.186351329 -0.12465442 -0.00275290804 -0.0462947078 0.0774720758 0.166630998 0.08848802 0.102707051 0.1558384 0.0774808675 -0.155816391 0.20144242 0.273180604 0.0619677678 0.138755441 -0.11174082 0.215278342 -0.0641460344 0.205468386 0.201221496 -0.119305514 0.137636155
-0.185643643 0.254261702 -0.147979602 -0.141175628 -0.182032391 0.359285623 0.15445447 -0.0324503034 0.0756972805 0.148022234 0.0969113261 0.243992552 -0.0125074284 -0.284525275 0.269296318 -0.00994760916 0.105108835 0.0834145024 0.0187798124 0.110992976 -0.296120733 -0.149516374 0.00203406997 0.107083581 0.0290889796 0.221731603 0.0938152969 -0.12682119 0.0469143949 0.143745199 -0.00319515634 -0.0936836228 0.398548603 0.00312978937 -0.0472893752 -0.00887022261 0.132777348 0.056951832 0.00318749202 -0.138147265 0.0056542391 0.0836254582 -0.0356314704 0.0300904196 -0.10854508 -0.0744262934 0.134523287 -0.129154935 -0.0921626762 -0.00738301873 0.218841836 0.0662875026 0.00248826877 0.0937823132 0.19865635 0.0263493396 0.0363390744 -0.0431839973 -0.0375120863 0.173797399 -0.00116438733 -0.0734911039 -0.00141189969 -0.107643433 -0.194236562 0.111420058 -0.190853104 -0.0812584236 0.0674723014 0.373297721 -0.0217134673 0.122822769 -0.0341122821 0.0183981676 0.0969295576 0.0893242881 -0.0367313363 -0.0789435804 -0.0123164598 -0.0790450498 0.154414356 0.0812339261 0.12332733 -0.0216746908 0.0166745204 0.0703782067 0.203190833 0.205720857 -0.0451460853 0.0752117708 -0.124779493 0.0409571268 0.000185975805 -0.0391105898 -0.184413314 0.0794941783 0.0645905882 -0.138437808 -0.155289516 -0.0486027375 0.0466445498 0.0264167208 0.0394950286 -0.139312074 0.29117009 0.344345331 -0.0169640332 -0.137814701 -0.0179312471 -0.0201207511 -0.151160732 0.062914364 0.0186180267 0.150762349 -0.0467480943 -0.072635226 0.0832123309 -0.00932188984 0.0866513029 0.124163777 0.129102588 -0.0260062329 -0.0838629305 0.121995479 -0.0578195974 0.0774701312 0.0213289447 0.0272504594
-0.0136746345 -0.00225550728 -0.0804862157 0.0449589007 0.00102147157 0.10284704 -0.0360863619 -0.0138590932 -0.0997442678 -0.0875432193 -0.0637947321 -0.0113585088 0.0878608003 0.0305015277 0.0540984906 -0.0944316164 -0.0270464495 -0.00815303903 -0.0398129039 0.00870499853 -0.0157010779 -0.0439858213 -0.0305460766 0.0506435856 -0.10334488 0.0204377156 0.0321696885 -0.0486678779 0.0431521609 -0.0666216388 -0.0861752331 0.0123489089 -0.0161478221 0.0414012782 0.0292687137 -0.0330329128 -0.0486604981 -0.0683899075 -0.0299914218 -0.0115184076 -0.0583412685 -0.0552263707 0.0106615396 -0.0235372912 0.122435175 -0.0599202029 0.00762996823 -0.0649594218 -0.0741637424 -0.0864945278 -0.0612267032 0.0751410052 0.0558290258 -0.0418759547 0.00766860461 0.00189294119 -0.0336992778 -0.0150240138 -0.0678120628 -0.0166091323 -0.048714824 -0.00305370637 0.00322484993 -0.104281254 0.0321856141 0.0566468984 0.0501077436 -0.0126251252 0.0162623525 -0.10143175 0.0466037206 -0.112790838 -0.0825175643 -0.0393868834 0.00863355026 0.0242144391 0.0186988264 0.022419069 0.086977087 -0.0556646995 -0.0854619294 0.0558118075 -0.111343026 0.0139189363 -0.0908289254 -0.0849721059 -0.105141245 0.0747993514 -0.105099924 0.0715793744 -0.0269741323 -0.0766314417 0.0812884942 0.0130342711 -0.0586444512 -0.0463066734 -0.0708636791 -0.00565908151 -0.0509379357 0.0234395098 0.040001113 -0.0580642298 0.0500738733 -0.0207537506 -0.00476112962 -0.105653495 -0.0152415186 0.0364131704 -0.0595723875 -0.0427304246 -0.063245371 -0.0847172439 -0.0597231761 -0.0273424685 -0.100513384 -0.0568642728 -0.0709927753 -0.100294285 -8.58490384e-05 -0.0648637637 -0.0212134719 -0.0557908937 -0.0340375975 0.0293764174 -0.0421859026 0.0630213097 -0.106012523 -0.0960876122
-0.0269345529 0.0480773449 -0.128743783 -0.0865382329 -0.312654763 0.397384137 0.0681720451 -0.0432607457 0.165010884 -0.0280705187 0.024884684 0.0863842294 -0.0238920804 -0.283668876 -0.00201177318 -0.0301111192 0.0722164288 -0.0608129986 0.0211872701 0.179022804 -0.0591853 -0.170790017 -0.132341608 0.0805144086 0.0636569187 0.0221803151 -0.163277164 0.0516727939 -0.0716348886 0.0892512053 0.0360773578 -0.0868673921 0.134015456 -0.0443817303 0.0358256213 -0.0428632796 0.0410521626 0.0279102344 0.00885730144 0.0637122393 0.0303121991 -0.130681306 -0.10106492 0.058328025 0.0566822961 0.0748070553 0.121356927 0.0764249638 -0.00270146132 0.0646393746 -0.0351668261 -0.0118953669 0.0262936503 0.0224598981 -0.0342592932 0.0636427402 0.0428929739 0.0460627079 -0.0691432282 -0.0465659313 -0.104511201 -0.0753785744 -0.051339291 -0.134232163 -0.0224804711 0.219255254 -0.0387984253 0.00342906057 0.0943512619 0.0114953816 0.0581836253 0.262421042 0.0452535674 0.0288665928 -0.036968682 0.0875251591 0.110907413 0.0409486368 0.016905684 0.0676196739 -0.0187077951 -0.00724460976 -0.0382278077 0.0175330099 0.00837981794 -0.125207126 0.144281611 -0.135244921 -0.0715237856 0.0708492994 0.00427896902 0.0783614963 -0.0652340651 -0.0471732765 -0.0181506444 -0.0856172964 0.0203202609 -0.084108457 0.0568976775 -0.129752934 -0.0264628809 -0.0224315766 0.0539324656 -0.0704204664 0.222122222 -0.017121261 0.0707259476 0.0242648274 0.0843293816 0.108537473 -0.0607426241 0.105446592 -0.0431646518 -0.0269397274 0.00129177945 -0.0529226586 -0.0791170001 0.0077287443 -0.00602148054 0.0607713163 0.00721413735 0.0527221859 -0.0319489874 -0.134768233 -0.0409379117 -0.0612829104 -0.0505786352 0.0768173039
-0.209372491 0.0790526569 -0.152071878 -0.1313788 0.0716205761 0.182449967 0.0169077497 0.0210604146 0.00609087665 -0.0579739511 -0.0654727221 0.115507104 -0.0733742192 -0.00436965562 0.0878883153 0.191174597 0.0786619931 0.096965082 -0.174841255 -0.0865140408 0.00857590605 -0.183704004 0.0626412928 -0.120463096 0.0447772555 0.157788664 0.260115802 -0.0665514916 -0.0206193849 0.05456274 -0.152065247 0.0289458632 0.284193516 0.0618712939 -0.198066384 0.109031253 -0.0221587569 0.17130284 0.0239600781 0.100776307 -0.0487601534 0.0403321981 -0.0914545506 0.0544656105 -0.141890734 -0.137050912 -0.0585075319 0.202142671 -0.186934233 0.0613319501 0.206633359 0.0127576813 0.0895104557 0.160295621 0.0508157425 -0.000279155385 0.0120244017 -0.0366707109 -0.0334495232 0.197248563 0.145452291 0.100379273 -0.0478254594 -0.00715598091 -0.20215486 0.12187662 -0.0590919405 0.0143691637 0.111565515 0.315747768 0.127493367 0.045133438 0.0226380173 0.0144004924 -0.144749671 0.184280053 -0.0237460993 0.152370289 -0.0792340785 0.097002767 0.0980899334 0.0906383321 0.0867129639 -0.139107093 0.0198382623 -0.0194830615 0.134692326 0.198391542 -0.137103498 0.0704988167 0.0356439352 -0.0929764435 0.0657838061 -0.11993333 -0.047985442 0.0783314481 -0.0739902481 -0.109207027 0.0554442927 -0.134838283 0.155683249 -0.0883945674 0.0474118218 -0.0888917744 -0.267556846 0.255496264 -0.0765403658 -1.33508584e-05 -0.180128857 -0.072718516 -0.201523736 0.0386984386 0.126897499 0.176068649 -0.119360656 0.0393777229 0.0251792017 0.0230016205 -0.0288339462 0.149501696 0.0729065239 0.0982224196 -0.114346668 -0.065394707 -0.180311114 -0.0107430751 -0.00218269671 -0.136432543
-0.0822328478 0.108044125 -0.0653808117 0.138077244 0.210406199 -0.0132789891 0.130979374 -0.0168745741 0.121512733 -0.199337706 0.125483677 -0.245447174 0.0165461358 0.148832366 0.00180916116 -0.0104944315 0.0129642421 -0.0375148728 0.102133125 -0.111963756 -0.117654495 0.178115919 0.0314321071 -0.0920754001 0.164775267 -0.188266113 0.0667842776 0.0471960455 -0.0688132271 0.0231804252 0.030708028 -0.00560472719 0.340621293 -0.0192639492 -0.147844613 0.0761157349 0.0146776447 -0.0891442448 0.104064398 0.141096279 -0.0171531867 0.0816566348 0.0852374882 -0.0182858724 0.190319359 -0.0761433691 -0.0659459084 -0.00589421531 0.123873599 -0.032557182 -0.0507865623 -0.0493882969 0.126046345 0.00125330884 -0.0996755138 -0.04016947 0.0985847861 -0.0306939483 0.00508815609 0.13376537 0.0438926183 0.0903913677 0.0162675176 -0.0885898024 -0.0765506253 0.083297126 -0.089821212 0.177284628 0.0514645129 0.0444421619 -0.105127975 -0.228226364 0.0589220524 0.0528775565 0.118521988 -0.037588831 -0.0252668522 0.0127488216 0.16920501 0.155682325 0.119545177 0.216798127 0.149270132 0.0730271935 -0.134608045 0.136045262 0.021012444 0.285795301 0.0837208778 0.068582572 0.174360186 -0.0478958823 0.0183582176 0.160655513 -0.136421964 0.0481949039 0.0685588717 0.054631114 -0.045150999 -0.0522131994 -0.157377928 0.134974584 -0.0659781918 -0.117347829 -0.00911486056 -0.083156839 0.163672656 0.0975787714 -0.0269526262 -0.0264575798 -0.0444883406 0.135017335 -0.0368286744 -0.0975143388 -0.0432485528 0.066996403 0.108348079 -0.0843670294 0.0210992247 0.0405564234 -0.0538586117 0.0222053174 0.114084497 -0.238039568 -0.0589202307 0.0545412339 0.0690382943 0.00459981896
0.0540188029 -0.144112021 -0.083358936 -0.00258929469 0.185305044 -0.658408523 -0.109278791 0.0853530616 -0.0538979284 -0.0807783604 0.0643004179 -0.0505047105 -0.072492905 0.233736426 -0.0302089509 0.169804096 0.00511647528 -0.0340239294 -0.00833683554 -0.00157715252 0.0211123247 0.0509173162 0.116286248 0.0529484823 -0.0445072688 -0.0405634828 0.382127225 0.0521625243 0.0553764254 -0.00235522073 0.00247642957 0.187043503 0.000566024915 0.181074858 -0.0516486727 -0.0127225211 0.0924944952 0.163790494 -0.0612827353 0.113324247 0.107808962 0.208297208 -0.00428352691 -0.00380460429 0.131231204 -0.107108906 0.0169950854 0.140001312 0.0113908509 0.0581749342 0.0712220296 -0.0569078587 0.177656695 0.109192602 -0.0228947662 -0.0792804509 0.149945334 0.025137959 -0.00386556564 0.179418102 0.199968234 0.134475678 0.0272040553 0.042318169 -0.119261838 -0.006992043 0.0916402787 -0.0114057222 -0.130974323 0.00180401688 -0.0160811096 -0.173113853 -0.0361312404 0.106236637 -0.00719730277 -0.0321050473 -0.0849756077 0.14701432 0.0374629833 -0.0432791486 0.0128431944 0.0227916781 0.209758177 0.0326776579 0.0206989199 0.0166907106 -0.0220723599 -0.0109927999 0.0581502989 0.0617006607 0.0570200086 -0.212098464 0.015634276 -0.0237771831 0.0625595674 0.166741654 0.0269582048 -0.0500838347 0.164833069 0.00145756418 0.0718663856 0.0753899366 -0.0930608213 -0.0185781531 -0.316703141 -0.0808585361 -0.0187582001 -0.0810471177 -0.0705644041 -0.0846581236 0.0806465223 0.00418202579 0.0150334202 -0.0315991193 0.122908659 0.00313625345 0.0665972084 0.173076078 -0.164419711 -0.0219286028 -0.0552676544 0.134028107 0.0879117996 0.0187560152 -0.0533165038 0.0488915071 -0.0342502594 -0.127109662
0.127654448 -0.0810572729 0.167862207 0.101131476 0.138897374 0.565169513 -0.112807974 0.111877941 0.0542874373 -0.0291054212 0.0850861669 0.0622659884 -0.00485998765 -0.17658852 -0.00913898833 -0.0967455506 0.0410664119 0.0258157421 0.12415114 0.0761474967 0.183389306 -0.164273381 -0.0108765708 0.0506375916 0.139808118 -0.116719447 -0.199543938 0.174842983 0.0636788756 0.0747946352 0.152761415 0.0566543266 0.0297566447 -0.107410595 0.266870558 0.169589877 -0.250475913 -0.219532356 -0.0804730058 -0.20010294 -0.0426811092 -0.107903726 0.00512868306 0.116919659 0.0860367939 0.230977878 0.176800475 -0.13170518 0.168583527 0.0623094775 0.0627761185 0.030285554 0.0509907864 -0.076387845 0.0815882236 0.0808388367 -0.0236612633 -0.0813534856 0.11025802 -0.0625621378 -0.0118086962 -0.174307466 0.13455978 0.040414907 0.18868351 0.0544773601 0.0662577897 0.0910205469 0.185839131 -0.110357933 -0.0925814435 0.239540324 -0.0890997872 0.00302769826 0.00248332322 0.139094666 0.16719085 -0.0517514125 0.13736403 0.165742129 -0.046127595 0.140927613 -0.163050666 0.16600287 -0.152773112 0.020022694 -0.0789010823 0.121271983 0.175560549 0.0593110807 0.0940838382 0.0997675434 0.203206494 0.20390673 0.259221822 -0.147074729 0.0189249553 0.0876507685 0.0295786001 -0.0690846816 -0.0600798093 0.164679453 0.0720041022 0.283293456 0.258647412 -0.140788525 0.0298586302 0.0847707465 0.201809719 0.0954915881 -0.00110954617 -0.0535953492 -0.0602033138 -0.126953751 0.0284390971 0.0348007679 -0.0444554463 -0.148365006 0.0815373883 -0.112429708 -0.0590305589 0.0131244231 -0.0176408738 -0.384043485 0.103852116 -0.14652276 0.0500401072 0.0467618927
0.0942536145 0.127824351 -0.257368445 -0.00219579879 -0.0669130534 0.0493214205 0.0934358835 -0.0738240331 0.0689152852 0.0171993356 -0.0772981495 0.141816303 0.0412527472 -0.261914313 0.0510557629 0.102176465 0.173234731 -0.0773662105 -0.104442857 0.049546387 0.0255305059 0.0569316968 -0.212182075 -0.0269148536 -0.0527637489 0.101324618 0.0643551126 -0.0181054398 0.0795952901 0.0663090646 0.0451072119 0.00163294037 -0.0342328586 0.015041586 0.0232322346 -0.0195829868 0.128235638 0.161163419 0.173143089 0.0989738628 -0.334701926 0.0152970469 0.171308309 0.0954824463 -0.0476754904 0.0649476051 -0.00499432907 0.0943221077 -0.0483959988 0.0561480522 -0.129357696 -0.0838812217 -0.149516016 0.0759532526 0.155019611 0.157079473 -0.205591664 0.0380411334 0.185555756 -0.128416494 0.0631119013 0.136520877 -0.224214301 -0.0598810688 -0.0984328613 0.276648849 0.160597309 -0.118871592 0.0637954324 -0.00963749364 0.00967722572 0.227409288 0.0350104868 -0.0190714411 0.122783229 -0.128317505 -0.121983223 0.058379408 -0.187009618 -0.021412136 -0.0845534876 -0.03541537 -0.0630976111 -0.259905577 0.236918688 -0.151123792 0.190763071 -0.161604777 -0.00284646172 -0.0298923887 -0.167465374 0.0717412904 -0.234191567 -0.0913112089 0.0365219191 0.0657742172 -0.0389851518 0.0455608554 -0.127010271 0.0442199148 0.113443248 -0.04009692 0.226108879 0.118613936 0.191689178 -0.0820844993 0.093138583 -0.0488669202 -0.0618553683 -0.0435633995 0.0560063981 0.255523652 0.0841009319 0.102613777 0.135160476 0.0473614708 -0.103644587 0.234411702 0.132891193 0.168337941 0.140917361 -0.294044793 0.202662602 0.104121581 0.0612124689 0.155962855 -0.137814358 0.149090767
-0.00441622036 -0.144536406 0.232889205 -0.052507259 0.268789828 -0.0890459642 0.00793392491 0.184980437 0.0154856648 -0.0971944481 0.177364722 -0.0201623794 -0.0159247592 0.165135175 0.0881098658 0.149370417 -0.181064963 0.137111768 0.0366145708 -0.0945263728 0.0140445549 0.0223171189 0.104028888 -0.122556582 0.0838108212 -0.0649142638 0.185001269 0.080779098 -0.0567115843 0.0862469003 -0.0471740775 -0.0471475646 0.0734878853 -0.0675775334 0.0781828761 0.0398632735 0.0798529536 0.0742577761 -0.176220357 0.0850100517 0.260703743 -0.00633994816 -0.0682115778 -0.0219364595 0.112052709 -0.0740296617 0.0105245495 0.0267807934 -0.00863714144 0.00742557831 0.0897516757 0.211559474 0.233617544 0.0525871105 0.0215667542 -0.13075763 0.13047637 -0.0229503289 -0.167761818 0.15600121 0.0247029737 0.112404637 0.135516316 0.132668912 0.0651012361 -0.0629187673 0.00425937073 0.179854318 0.119327374 0.155320615 0.139593989 -0.0479610078 0.110612571 -0.0303199701 -0.0691504329 0.206586376 0.127982423 0.119733319 0.134686917 0.018426897 0.258178771 0.198969409 0.00264674448 0.199064732 -0.0191772375 0.0806286633 -0.0966854766 0.0975683555 0.158142835 -0.0668348595 0.197523057 -0.0114020426 0.153256789 0.0406599082 0.00836458243 0.0729314089 -0.0175165478 -0.0341141857 0.171709687 0.00887098629 0.123348854 0.0458515286 -0.0233016238 0.0100118369 -0.290887713 0.18346113 0.021584535 0.0570592806 -0.0656102523 0.0329191685 -0.114209659 0.0226932131 -0.0684367269 -0.0350362472 0.0392113812 -0.0211502351 0.176581621 -0.0260160081 -0.120593689 0.005804874 -0.0111711659 0.270124674 -0.0242049284 0.152534023 -0.1710141 0.0566279367 0.0964743346 -0.143606246
0.0103472648 0.00172590755 0.0337092057 0.0444331057 -0.0137831792 0.0292000026 -0.0234469697 -0.0481255725 -0.00626762444 0.0117020914 0.0493400171 0.0349290967 -0.00132699311 -0.0642927438 -0.0393418223 -0.0881566256 0.0109503707 -0.0815806612 -0.00590068288 0.0606846958 0.0447036661 -0.0744076073 0.00722048711 -0.0117431898 0.00266636373 0.0172977522 -0.0525563993 -0.0703944564 -0.0727525204 -0.0465212017 -0.0285092928 0.0061085932 0.0463125929 -0.0287341122 -0.0951384529 -0.064187333 0.0460259467 -0.0126451347 -0.0125018712 0.0167411659 0.0283070579 -0.0389849395 0.0253519267 -0.0672853515 0.0655206442 -0.0161544997 0.00507165864 -0.0625046715 0.06175128 -0.0689126998 0.0526930951 -0.0417111889 -0.0284372382 -0.028196631 0.0219495799 -0.0304726362 0.0578159243 0.0851612464 0.00138975738 0.0330630317 0.0255963113 0.0477735624 -0.0803301111 -0.0734631419 -0.0377398655 -0.0673110113 -0.0510986932 0.0727720708 -0.0228573456 -0.0616828725 -0.0464556254 0.0108947158 -0.0675597116 0.0419921651 0.067869015 -0.0448239483 -0.014350892 0.0106904823 -0.00660632038 -0.0635741502 -0.0854144096 -0.0546783246 0.0559232384 -0.0763878375 0.0120133664 -0.0265635904 0.0409232043 0.0237817615 0.0133171128 -0.0212335587 -0.0770595297 -0.0731135979 -0.0165237226 0.0793587193 -0.0677304417 0.0828016922 -0.0630914792 0.0602689423 -0.0326161496 0.0691391826 -0.0339427888 -0.0730932206 -0.0160451829 -0.058696799 -0.0311839357 0.0358314291 -0.0222737752 0.0412287079 -0.0824462473 -0.0179808233 -0.0121840984 -0.0151418 -0.043770317 -0.00371426088 -0.0062303259 0.0321095437 -0.0689624026 -0.0316831246 0.0217266064 0.0269753225 -0.0455405526 0.0147253796 0.0163794253 -0.074095495 -0.0021025436 -0.0202792063 -0.0783021897 -0.0185106527
-0.0316131935 -0.0859232396 0.0427530706 -0.0425505824 -0.0370177291 0.0366333649 0.0308979154 -0.024929205 0.030546492 0.00863452628 -0.0992127657 0.0524606481 0.0319891982 -0.078668341 -0.0373978727 0.0361368097 0.0505702049 0.024486322 0.0363798179 -0.0692667291 0.069381699 0.0672786087 -0.0605691485 -0.0435848795 0.0225406475 0.00179892906 -0.0236255992 -0.00310604787 0.0521573648 0.0534627661 -0.088906765 0.0700169876 -0.0204471406 -0.0335710198 -0.0369682126 -0.0680816025 0.0742324516 -0.0844131857 0.0310550891 -0.00251226779 0.024881782 -0.049562443 -0.0544937849 -0.0450541638 -0.0253981613 -0.01930039 0.0319747403 -0.0757187158 -0.0442685932 -0.093359001 0.0653061196 0.022009762 -0.0145892948 -0.0543209724 -0.0556092821 0.0674200207 0.0617389232 0.0758838207 -0.088131927 0.0310260318 0.02636257 0.026320681 -0.0320889316 -0.0414122418 -0.0539378263 -0.0912108496 0.0623180829 0.0195246302 0.0575324297 0.0510786697 0.0772644058 -0.0326691903 0.0314298533 -0.00651144888 -0.0148377139 0.0083742775 -0.082512401 0.0590055957 0.0272766333 0.0532177649 0.0382393189 0.0640304685 -0.057690993 -0.0486945361 0.0767053738 0.0506329723 -0.0423617363 -0.0881756619 -0.0726405978 0.0626978427 0.028821636 0.0344642177 -0.0895593688 -0.0266040768 -0.0792039111 0.00961202849 -0.0251780488 0.0095037045 -0.0103026684 -0.0205375925 -0.0496415645 -0.0654521808 -0.096680373 0.0133852893 0.0417785384 0.000338410493 0.0660890788 -0.0588618703 -0.034723606 0.068820864 -4.08116612e-05 0.0316959918 -0.0224242695 0.0219522957 -0.0239848625 -0.0187883973 -0.0869342834 0.058452785 -0.0908188224 -0.064701438 -0.0680711865 0.00448501343 -0.0502574705 0.00500781788 0.0241433624 0.032209944 0.0399598628 -0.0931824371
0.0592653975 -0.136053756 -0.0196724143 0.204791903 0.15528588 0.147833481 -0.0954553932 0.0663877949 -0.0602977462 -0.0893374458 0.123696245 -0.254161566 -0.0235829484 -0.0169583932 -0.138376072 -0.0757658929 -0.0380975045 -7.65294317e-05 0.154718012 -0.0617746077 0.119242825 0.206148043 0.0171517823 0.0313149691 0.0947449878 -0.205463126 -0.128743201 0.0961079299 0.073767148 0.0849135518 -0.00304184272 -0.000212674684 -0.0177256614 0.0316618867 0.00804723799 0.025388591 -0.0134223569 -0.0675736889 0.0733679831 0.0924477652 -0.110430367 -0.0491537973 0.161894262 0.0528265648 0.0574093424 0.0380542576 0.0387227573 0.0389785431 0.0780733675 0.0104982341 -0.181026429 0.0528850704 0.0814485773 -0.0540924631 -0.0904699042 0.0685434639 0.114527129 0.0595029369 0.0347141474 -0.0414584354 0.109886333 0.112309843 0.0416253433 0.0165052786 0.0666095465 0.19615072 0.0339495763 0.0525155254 0.0332288444 -0.161349624 -0.166229203 -0.0593712628 -0.0500912443 0.0774209648 0.130238429 -0.0632222816 0.106746785 0.0022821452 0.143367067 0.0229118709 -0.0451089926 0.0529038012 0.00245594233 0.132806733 -0.0869753808 0.0528596304 -0.22651659 0.00226725521 -0.0282417908 0.0692334473 0.0453843772 -0.0686124936 0.0312649347 0.000118029151 0.0889276192 -0.0750606433 -0.0923968554 0.0555264279 -0.0423193686 0.0210666191 -0.0069506471 0.0954879224 -0.0535313189 0.0516717508 0.163906038 -0.137056306 -0.0491050705 0.0412307158 -0.0257589426 0.0387758799 0.153037816 0.040963836 0.0611969307 -0.0206651967 0.152604252 0.0844102278 -0.0552299693 -0.0562644266 0.0362636521 -0.0441533998 0.0116068684 -0.0144884204 0.0565543175 -0.00612818776 0.121879704 0.0580723658 -0.00927359425 0.0333120301
-0.037280336 -0.082342267 -0.0708121434 -0.0310335197 -0.0693590865 -0.118961684 -0.120948911 0.0199044272 0.00167151715 -0.0915979743 -0.00757541927 0.0208562389 -0.0567443036 0.0503828973 -0.0839148387 -0.0728050396 -0.00768408692 -0.0124527151 -0.069218941 -0.0878497586 -0.0373907425 -0.0108309593 -0.050752718 0.0224785749 -0.080962114 -0.0500420593 0.0481448583 -0.0556394197 0.0590882413 0.0738791525 0.057392031 0.0494606346 0.0493928939 -0.104490563 0.0575455725 0.043121811 -0.0881098956 -0.0869609565 -0.0216957461 -0.0285663791 -0.0344601236 -0.0899675786 -0.00613730494 0.00435589487 -0.0190524235 0.0459529608 -0.0833193436 -0.0703028664 0.0822207108 0.0315705389 0.0249116775 -0.0169081949 -0.0798127949 0.0258725286 -0.0390997715 0.0612614751 0.0727383047 -0.00279714167 0.0199221075 -0.0174907129 -0.0406731479 -0.10777016 -0.0574014932 -0.0632222742 -0.114316784 -0.0594358668 0.00386539265 -0.063250035 -0.000105628933 0.0465670228 -0.0931822062 -0.0455138981 -0.0245625954 -0.0342444591 0.0102347797 0.0105602173 -0.0489451326 -0.094528459 0.0497628078 -0.012244828 0.0474777296 0.0107318861 0.0121837435 0.102359511 -0.0663252175 0.0426515937 0.0740702078 0.00960758049 0.0304784141 -0.00946517102 0.0344027169 0.00119585183 0.0427628718 -0.0592562929 -0.000425526639 -0.140706763 -0.0112221837 -0.00562724425 0.0120060826 -0.14678283 -0.0282203611 -0.0333521403 -0.157198191 0.0337408073 -0.0194425192 -0.0954260156 -0.0692244917 -0.0944607183 -0.0620395206 -0.0530424528 -0.0173120778 -0.0329341143 -0.0594555922 -0.0298523866 -0.0973123014 -0.0293227099 0.0110762827 -0.0648157671 -0.0410186313 -0.118718907 -0.0980408937 -0.000553986698 0.00451841904 -0.0411103815 -0.132199034 -0.0934095532 0.00318530714 0.0116928378
-0.000237482571 -0.0398101285 -0.110367388 -0.0169480126 -0.0419324152 -0.020054061 -0.0228560567 -0.113320328 -0.107568637 0.0300979409 -0.0517695658 -0.0560843125 0.00346889347 -0.0746928453 -0.0327911898 0.0157333259 -0.00198412221 -0.0999339521 -0.00324941589 0.0248381402 0.0273717232 -0.0646423548 -0.0595877059 -0.0572235361 0.00493328972 0.03072262 -0.087568447 0.00591429928 0.0253027454 -0.0251517016 0.0405576378 -0.0420945287 -0.0519843027 -0.0861889049 0.0411666483 0.0150693115 0.0438628234 -0.0778308585 -0.042324245 0.0187718719 -0.0850633681 -0.085379146 -0.0690077767 -0.0856917277 0.0529498234 0.0401530452 -0.0726474151 -0.0789382234 -0.112637989 -0.00590126216 -0.101981007 -0.0801467597 -0.000229795798 -0.0651860014 -0.0730924606 -0.0449627154 0.0498550236 0.0471868142 -0.0171319954 0.0280867834 -0.0485043898 -0.0530866869 -0.0412528999 -0.0336241424 -0.0617281049 0.0284061376 0.0133877574 0.0872199014 -0.115545176 -0.107170939 -0.0750912875 -0.0289118811 -0.0143785775 0.0507558212 -0.10949754 -0.0856283158 0.0226035248 -0.0128174797 -0.0996908396 -0.106605954 0.0520603061 -0.0345074274 0.0244205855 -0.107823387 -0.0357565023 -0.00721295597 -0.069395788 0.019968681 -0.101543672 -0.085712865 -0.0287332218 0.0241001882 -0.0305416714 -0.0532494858 0.0476171151 0.0261354577 -0.00435621291 0.0120334961 -0.0783732459 -0.10458263 -0.0230483748 -0.0785459802 0.0165186897 -0.0483270213 -0.0140060484 -0.0881351531 -0.0432224907 -0.0148523096 0.0196603481 -0.0780247748 -0.0502342582 -0.0535260849 -0.00875133276 -0.0544998944 0.00579325343 0.00443191081 0.012820268 0.0189228505 -0.0863045827 -0.00786154252 -0.0192578211 -0.0339348838 -0.0290559828 0.0374455936 -0.016689457 -0.116019949 -0.0149925249 -0.0530508347
0.109931231 -0.140653089 0.0206739008 0.182439148 0.540685892 -0.373774707 0.0587789528 0.204570457 -0.178670317 0.0129555315 0.0915839449 -0.224989593 0.0235159136 0.511174262 -0.157617137 0.228688493 -0.155643374 -0.197315902 -0.0651109889 -0.0950898826 0.080791004 0.2592704 0.107560873 -0.158468574 -0.0791627392 -0.020032946 0.347820997 0.141917229 0.0604593083 -0.13370882 -0.165703073 0.190810055 -0.0534855053 0.236499175 -0.181127638 -0.021033613 0.120209746 0.188167915 -0.0787704736 0.219733998 0.231710404 0.0819957554 -0.0178394802 0.0434990712 0.231225818 -0.134672642 -0.154719397 0.187399924 0.188217714 -0.0628463402 -0.0647381023 0.0879083723 0.185450301 0.168364748 -0.0347787067 -0.101300307 0.301494688 -0.0493851081 -0.0807453692 0.0952235982 0.140860289 0.232987538 0.106357127 0.0349152945 0.111335196 0.0132640759 0.0209196787 0.14581655 -0.135916233 -0.0256762449 -0.0489683673 -0.337913394 0.094259955 0.112071253 -0.0923856571 0.0565212108 -0.00671062013 0.199829996 0.201303735 0.0428991988 0.0702226087 0.0762457997 0.308720767 0.175924882 0.0875304863 0.168629557 -0.124448188 -0.00632027769 0.179247051 0.0172245242 0.10305687 -0.029873509 0.1872738 0.102627449 -0.0342292599 0.249903649 -0.0325113945 -0.027535161 0.0579214916 0.21405451 0.176770285 0.206402659 0.158593088 -0.0215676706 -0.443968356 -0.0689175054 -0.111379534 0.11982996 -0.135053113 -0.0079805553 0.0846612528 -0.102418162 0.184354529 0.18031323 0.120290786 -0.0688129291 0.149689734 0.135875031 -0.100599468 -0.0381990708 0.0442430303 0.130616635 -0.0957828239 0.0490662567 -0.125278324 0.129522562 0.0655975193 -0.147601143
0.0465469919 0.160874754 0.0318561308 0.159155115 -0.0492582768 -0.137706295 0.0414111987 0.038530387 0.0312034972 0.0802378505 0.114568628 -0.0945783183 0.0516799167 -0.152414948 -0.0193092357 0.00257429574 0.108159617 0.100705847 0.0423963927 0.0301544014 0.0735048577 -0.198662579 0.00335787935 0.0258217528 0.119920567 0.0934320465 -0.0637584403 0.151321098 -0.112312436 0.194521248 0.151251823 -0.0532954708 0.105139486 -0.0174046848 0.076384522 0.0810552165 -0.141672239 -0.041238308 0.03430162 -0.244455352 0.046846278 -0.0454077721 0.0294795781 0.0833870545 0.0163232349 0.189610556 0.0335582942 -0.161557496 0.135460868 0.0446989834 -0.0240041316 -0.0260358658 -0.0851141736 -0.0816852897 -0.106200971 0.208445206 0.0642322898 0.0225003585 0.130877957 -0.076531738 -0.124199457 -0.0406951196 -0.0308999382 -0.0342250541 0.00628392212 -0.0361737013 -0.0489926003 -0.11008551 0.163583338 0.0540472157 -0.11652045 -0.0776513293 -0.12499167 0.0874914005 0.251935273 0.029969858 0.0208281521 -0.136148721 0.0315016657 0.124810837 -0.0624354519 0.0194310527 0.0155682731 0.0341004767 -0.112004332 -0.049452953 0.0255911276 0.0556957535 0.0350591652 0.0736112371 0.0371121652 -0.0134850144 -0.152521044 0.0553689897 0.166533619 -0.0790613815 -0.0660269633 0.165875375 -0.126912817 -0.00207083137 -0.137827054 0.0108530242 -0.103443772 -0.0205411669 0.126748055 -0.0952734575 0.108346626 -0.0344459563 -0.0295868218 0.0504797325 0.143247873 0.14621745 -0.0714107603 -0.0786848366 0.0487910211 -0.0234906003 0.0805257484 -0.274133086 0.17391327 0.0123512764 0.13193965 -0.0388063677 0.217550412 -0.166400313 0.178854629 0.0759724379 -0.00988873001 0.0119634811
0.15525052 -0.0585092641 0.0623439848 0.111021645 0.179488793 0.184597626 -0.0102338111 0.0341136679 -0.0804003179 -0.0921828821 0.174501896 -0.217730805 -0.0184014607 0.395440698 -0.0993678942 0.066389069 -0.208421603 -0.202664241 0.0212548301 -0.0896924436 0.216615751 0.148199961 0.133651674 -0.266502351 -0.18066749 -0.073345378 0.128663272 0.137712002 0.099092558 -0.280189157 -0.231753826 0.140955895 0.107072592 0.108827233 -0.0976167247 -0.0427456349 0.155930787 0.0663022548 -0.0362473503 0.185810775 0.0623407289 0.0176980346 0.0541153923 0.0384277105 0.0367597379 -0.154151395 -0.214484602 0.311106086 0.0746522993 0.0696686655 -0.111345805 0.132439494 0.0492074564 0.195416823 -0.152748689 -0.0794888586 0.0197349172 -0.0369621217 -0.0843984857 0.135038003 0.0783538744 0.122800566 -0.0302170385 0.0317227058 0.0854642689 0.098552987 0.0371370912 0.330940396 -0.0235232599 -0.0917262807 0.191089928 -0.334968567 0.192942381 -0.0862276554 -0.204140678 0.0931331739 0.000600790896 0.0979858041 0.193184391 0.111288115 0.00850727502 0.182579696 0.172614276 0.065736711 0.0138995135 0.00176974689 -0.127411932 0.0566550493 -0.00595849706 0.0109012881 0.0365909114 0.0764614195 0.152344778 0.0404969491 0.0201786105 0.165647417 0.0455934815 0.121544786 0.186416417 0.152206838 -0.0038745238 0.103052258 -0.0524636954 -0.0310109556 -0.230124861 -0.235888988 -0.00236630277 0.172235042 -0.130366489 0.0667092502 0.24593018 -0.126956075 0.266739398 0.179374903 0.0664809868 -0.0441116616 0.120761603 0.189701036 -0.0831882358 0.212524891 -0.11639221 0.000833580445 -0.00224396936 0.0591159835 -0.00861456897 0.115428738 0.18038249 -0.136550561
0.0502560809 0.034018632 -0.0687724873 -0.0562117249 -0.0739160255 0.0154133076 -0.0769570842 -0.0554915778 -0.0262367558 0.063597098 -0.0821770951 -0.0722841546 -0.0569592305 -0.0864576399 -0.0580397211 0.0402379297 -0.0273455232 -0.0320337825 0.00352690765 -0.0443098843 0.0666762292 -0.0424626246 -0.0674086958 -0.010947573 0.00929475296 -0.10221827 0.0450419597 -0.0454473011 -0.0419926569 -0.0513054915 0.0549341477 -0.0395974927 -0.0399896465 0.00935032684 0.0728535354 0.0463946834 0.061795231 -0.0848213881 -0.0297624879 -0.0357295945 0.0569685511 0.0707981214 -0.0470815264 -0.0798441842 0.0533526018 -0.0336939543 -0.0738101155 0.073385939 0.062768355 0.0037847315 -0.0345912799 0.0387175903 -0.0869213194 0.00158788369 -0.0289928652 -0.012621453 0.0214253776 0.0437546447 -0.0329246782 0.0281728189 -0.0381192714 -0.0837896168 -0.0798634067 -0.0204983391 -0.0847352743 0.0416575111 0.00391358836 -0.0637434348 -0.0206108373 -0.0882066637 0.035440769 0.0399076678 -0.000454725669 -0.0813561082 0.0545290448 -0.0390322991 -0.0714292303 -0.0202744678 0.0560783185 -0.0481556542 -0.000703781727 0.0371002741 0.0143960221 0.00160976686 0.0084085064 0.0265155025 0.0257573389 0.0657380447 -0.0263270717 0.0131107317 0.0678550154 0.0557768419 -0.022503864 -0.082879141 -0.0700141191 -0.0181195009 -0.0358285829 0.0440465435 0.0223748256 -0.100714758 0.00806356221 -0.00774423964 -0.0861401036 -0.0123275071 0.06664823 0.0624704771 -0.0858529955 0.038223654 -0.0367763117 0.0136115281 0.000596170255 0.012335063 0.0603413545 0.0559351258 0.0573646799 0.0373784527 -0.038114734 0.0617096648 -0.0917847678 0.0273450315 -0.0557672381 0.0573022068 0.0103105167 0.0565360822 0.0136617338 -0.0510442853 -0.0107473647 -0.0436194651
0.150639743 0.0927844718 0.0514576919 0.224307999 -0.113141656 0.345152915 -0.0725084692 -0.00935619324 -0.250980824 0.0273426659 0.0813229159 -0.196272507 -0.00992832799 -0.00945894886 -0.119081318 0.0475863703 -0.0689391568 -0.174752757 -0.078134194 -0.153149039 0.265804917 0.244052932 0.148823872 -0.257188141 -0.0869310573 -0.0507841669 0.0624941923 0.156230465 0.00990021136 -0.205339774 -0.118332557 0.122859038 0.0161349904 0.0826163143 -0.0746807829 -0.0143605666 0.182682678 0.178184122 -0.148781687 0.209678739 -0.0875113159 0.0995827615 0.117785089 0.0634863302 -0.000538038788 -0.180891111 -0.0902853906 0.216180101 -0.0653975233 -0.0418911204 -0.108856589 0.0330305025 0.195510566 0.210269794 -0.11834833 -0.0653840154 -0.0231527407 0.0503443666 -0.0700457916 0.0147502907 0.209126055 0.192686737 -0.0339349322 0.130224377 -0.0161311422 0.102394894 0.171274126 0.244733945 -0.0239126105 -0.045853328 0.182349741 -0.326989233 0.270763218 -0.0221556295 -0.043597728 0.0954688862 -0.0794211403 0.189304531 0.0883537158 0.0810010508 0.157366991 0.0119141275 0.0612565503 0.0282137915 0.102787614 0.0380024314 0.0694618598 0.0752775222 -0.0342849419 -0.0604839325 -0.0245221872 0.109075285 -0.0243894495 0.00499693118 -0.0483249016 0.0407278836 -0.0655477345 0.136335477 0.0360923037 0.280414253 0.176265806 0.016483888 0.105130307 0.086476773 -0.0668530315 -0.14749372 0.0460482799 0.139141411 -0.153669894 -0.0192885399 0.287846178 -0.130483672 0.36254558 0.281266093 0.116679832 0.0305951722 0.0224283859 0.335436463 0.0163905472 0.133704782 0.0959959701 -0.0428766124 -0.0296406467 0.171330631 -0.00688772881 0.0945134982 -0.000757449947 -0.0363534726
0.0347249508 0.0986738354 0.0488273315 -0.239380509 -0.259350538 0.289289445 0.0770893395 0.0578462109 -0.136889786 0.0166174714 0.0107394811 -0.163031206 -0.0637739375 -0.0856224522 0.0208512917 -0.055217877 0.0723603219 0.088049233 0.0116602723 -0.245491028 -0.191924006 0.0788550153 -0.0169614498 0.0811460465 0.0046782745 0.0838902965 0.00497776503 -0.15372394 -0.0274950229 -0.0878900588 -0.0032300055 0.101234786 0.00775180385 0.0331432037 0.119571827 0.00479254266 -0.0216976758 0.0782174096 0.0202964358 0.0258559529 0.0446832851 0.172264412 0.0778683051 -0.11401961 -0.139249071 0.0200280137 0.090822868 0.00649131695 -0.0379381701 -0.0621305145 0.0996904448 0.102261834 -0.00617234502 -0.0606840178 0.234174713 -0.0840651467 0.0625878796 -0.071157597 -0.0610000901 0.00851121545 -0.0308878273 0.100394033 0.0286982059 0.0138174566 0.201294094 0.0265542623 0.128528506 0.153861105 0.0579925142 -0.0479869805 0.128188536 0.0040774527 -0.0544601008 -0.0582869574 -0.0961771756 0.00703084935 0.0722038597 0.147002429 0.0781284273 0.00574381091 0.150266603 0.0830926076 -0.0741412863 -0.0345855244 0.0695613399 0.0723920017 0.0899200737 -0.257778585 0.156108975 0.0270816106 0.29390806 -0.0668127164 -0.0679019764 0.00487851305 -0.0602870397 -0.0310937185 -0.0347391367 0.078858383 0.149266943 0.0573239252 -0.000338754413 -0.0990438387 -0.190230191 -0.053695146 0.0303878319 0.0690351278 -0.0319592245 0.220294207 0.0890790373 0.0860534757 -0.0309348013 0.0671953484 -0.0736467987 -0.126396552 -0.0342992619 -0.0548200086 -0.06299676 -0.00548606273 0.0280435774 -0.0852045044 -0.062000297 0.0775949284 0.161102429 -0.140062317 -0.0322620645 -0.116380781 0.0137739945 -0.0876424983
-0.0830408409 -0.0908451527 -0.0538287945 0.0154503947 -0.066391699 -0.0143068731 0.0042349617 -0.0750719309 -0.0476002805 0.014126135 -0.001070995 -0.0560801402 -0.0113587203 -0.0813877583 -0.0363742188 0.0136077963 0.0572847836 0.0468562096 -0.0722565949 0.0441001318 0.0428283922 -0.055730693 0.0496969707 0.0731828287 -0.00968650542 -0.028334938 0.00808396377 -0.0646952018 0.0110021653 -0.0520731807 -0.0657967255 -0.0891712233 0.0223250221 -0.0697188228 -0.0474859774 0.0796518996 0.050176654 0.0699844137 -0.0860917196 -0.0563500747 0.053829819 0.0133811664 -0.0210139435 0.0327089168 -0.0734064579 -0.00535484031 -0.0716370866 -0.0860267207 0.0108640157 -0.0562203079 -0.0823074803 -0.00605671108 0.0242165383 -0.00262742816 -0.0420803279 -0.0813080147 0.0479008071 0.00741915405 -0.0386358127 -0.0404092222 0.0488977507 -0.0540519506 -0.0354074538 0.0598094463 0.0718322694 0.0231573116 0.0530992001 -0.045215372 0.0199588481 -0.0427352674 -0.0345348604 -0.0734842792 -0.0928998366 0.0398877971 -0.0421188436 0.0260082409 -0.0675904229 0.0707191676 0.0501977131 -0.00316232047 0.023276601 0.0485850312 0.0104564559 -0.067550309 0.0196074303 0.0365963317 0.0419642292 0.0174625497 0.0323086828 0.0283206701 -0.0392864235 -0.0388883799 -0.0561619475 -0.0721854791 -0.0502393842 0.0660014972 -0.0837241784 0.0680002943 -0.0412888452 0.0553843938 0.0274205934 -0.0799568743 -0.0200114287 -0.0808064714 0.0123476107 -0.0434463136 0.0690233037 0.0346862003 0.0129929669 -0.0567059293 -0.0146158682 -0.0721097812 0.0257660821 -0.0602539964 0.0597179122 -0.0383796245 -0.0254575703 0.0518541113 -0.0753170624 0.00414764788 0.0414369144 -0.0527848266 -0.0189228635 0.00724689988 0.0377157778 -0.0567772165 0.0501085706 -0.0585975721
-0.0414045416 4.46123886e-05 -0.0244452506 -0.00348691735 -0.0417226106 -0.0378969088 -0.0113837356 -0.00916037709 0.0183757637 -0.0609296151 -0.116003647 0.0377109125 -0.0443870462 0.0516860969 0.0222323984 0.00750731397 -0.0544885322 -0.0490284301 -0.032534916 -0.0749643594 -0.0731261 0.0217787139 -0.0629590452 -0.0739185512 -0.0634982213 -0.0767642409 -0.0771394372 0.0177678112 -0.00168319792 -0.0516628362 -0.0954777673 0.0411998443 -0.0251996182 -0.0775067285 -0.05461419 -0.00964979548 -0.0996707901 -0.0392036438 -0.0231893975 0.0060305628 -0.0413874909 -0.039727632 0.0495879427 -0.0176778454 -0.0719474629 0.0496991612 -0.0187032446 -0.084220238 -0.00527057657 -0.0721844956 0.0126265055 -0.0595347881 -0.0125614014 -0.0486109443 0.0250512548 -0.0872187987 -0.0783786401 -0.00465402007 -0.101522192 -0.126824364 -0.0557443872 0.0134745687 -0.114539482 0.0186159182 -0.0374779738 0.057171341 -0.0450313799 -0.0967275351 0.0289314464 -0.0956424028 -0.0844857544 -0.0388724394 -0.106574416 -0.0027507022 0.00278083677 -0.0958013088 -0.022518456 0.0195005257 0.0266579688 -0.0485494137 0.0529349446 0.0123393647 -0.0480374955 -0.0437517129 -0.099470295 -0.0139460238 -0.0798070878 -0.0011766383 0.0176995657 -0.0474809855 -0.0550817177 -0.0838301852 -0.0706096888 0.05443101 -0.113080487 0.0404199287 -0.0534663834 0.0353235789 -0.059270829 0.0109446403 0.014551416 0.0109021654 0.0060556517 0.0275133047 -0.0274598487 -0.0359557793 -0.0381743126 0.00629350962 -0.031530492 -0.0922334418 -0.0592367612 -0.0574430153 -0.10567122 -0.0318049975 -0.0590546727 -0.0564855337 0.0191978011 0.0534916744 -0.0168769546 -0.0824731588 0.0425220616 -0.00846673176 -0.0828267708 -0.03512986 -0.00590848364 0.0172511209 -0.0882155001 -0.00222658436
0.139325589 -0.168203846 0.103354298 -0.102908202 -0.0588922463 0.325659424 -0.0730435103 0.12911059 -0.0770148635 -0.0180075336 0.201661244 -0.200449154 0.0754280314 0.446995765 -0.0402649119 -0.00352632627 -0.145489082 -0.0540014766 0.161406696 -0.100960471 0.00910739414 0.141641632 0.120217323 0.113700718 -0.0699421912 -0.0812919214 0.336777151 0.0279798135 0.0384270772 -0.0127861276 -0.100072242 0.0187269468 0.091604881 -0.0792526752 0.142965809 0.0483692735 0.0290502217 0.138492957 -0.256513506 0.0231913719 0.0224922877 -0.0364225768 -0.0594592057 -0.15675281 0.000210281883 -0.0560467541 -0.0885855854 0.0629814416 0.198217615 -0.0229925662 0.050692223 0.193188414 0.275157392 -0.0216986239 -0.00104551401 -0.368306518 0.184015587 -0.013693193 -0.238785744 0.207022667 0.0209476016 0.0775897503 0.0793892518 0.158509225 0.0309197363 0.0150066679 0.0689289719 0.23564969 0.025767047 -0.187127367 0.0247010235 -0.173449576 0.0903826356 0.0344698541 -0.168597326 0.137602374 0.109233536 0.0397206508 0.10203094 0.179803833 0.0928282961 0.145107523 0.212935597 0.17306155 0.0965761319 0.210606903 -0.28353408 0.125264764 0.161531016 -0.0075191604 0.237844199 -0.0493688807 0.229317769 0.0502557755 -0.0196453817 0.191458285 -0.0652527884 0.0506851934 0.230814561 0.139630854 -0.0420652591 0.159906775 0.0184514634 0.0781644285 -0.301042855 -0.113760121 -0.160242751 0.193160251 0.0943714157 -0.0671983734 0.25508818 -0.224486098 -0.0838144049 0.0296604335 0.0894961208 0.0250780582 0.04336394 0.143936411 -0.168896928 0.00426246459 -0.149634495 0.0778789073 -0.0898200348 -0.0892745033 -0.149643108 0.0260588843 0.0526155233 -0.108218595
-0.0847390592 -0.141287312 0.219553217 -0.0429544002 0.39784658 -0.181632265 0.125393808 0.260503501 0.0178757049 -0.0678566769 0.0249128155 0.28098619 -0.0141478181 0.279573739 0.038852606 -0.00215572631 -0.0684678182 0.122144297 0.117077775 -0.00480042258 0.0757295713 -0.0506283753 0.214908898 0.0546762906 0.13730821 -0.0465032347 0.150422692 -0.108664326 0.0785500407 -0.0462862961 -0.0711227655 -0.0657432303 0.128320768 0.0690096095 0.0277065597 0.0934594795 0.0523093492 -0.0429444164 -0.142860651 -0.0295082498 0.288693905 0.00733662443 -0.115326859 0.0767465979 0.110718071 -0.130534291 -0.00348188425 -0.123764165 -0.0183224082 -0.0658612773 0.180330187 0.252579361 0.274041265 0.0694728419 0.136388674 -0.0701486841 0.0169393029 0.0342200957 -0.0126806162 0.120382957 0.0966233015 -0.0540633202 0.263283223 0.0490248799 -0.203353569 -0.0601025857 0.0117001887 0.0157628171 0.112722643 0.331800938 0.0101000052 0.0717750415 0.0520786829 -0.0552797467 -0.11137636 0.148911923 0.0686374083 -0.0193525366 -0.0340823866 0.117950767 0.348801464 0.127722949 0.234697178 0.162798777 0.0795848966 0.245942682 -0.129005358 0.374217927 -0.0618925244 -0.0425480194 0.0519410707 -0.0197631437 0.324529827 -0.00196058257 -0.0392510407 0.00817475561 0.0566443056 -0.169782415 0.0188099518 -0.140608951 0.0243174322 0.13717559 0.202987835 -0.0660935342 -0.254698932 0.390164524 -0.186238006 0.0126293981 -0.0285757259 0.049865745 -0.166641995 -0.123853005 0.103215449 0.121921085 -0.0482162647 -0.0647975728 0.170690224 0.124378741 -0.186219394 0.0966192037 -0.130736426 0.30980745 -0.22261776 0.302837759 -0.196660593 -0.0189565551 0.236373305 0.0375139676
0.0851199105 -0.0690248087 -0.00402250141 0.117400706 0.207568064 0.398944616 -0.130007893 0.162777215 0.0633007959 -0.228110045 0.103133753 -0.107958175 -0.00531751197 0.27278775 -0.0115007851 0.075468488 -0.203614205 -0.145911425 0.050849162 -0.00565467915 0.102084756 0.0510173962 0.169299155 0.0064654774 -0.00247019413 -0.225240931 0.206439197 0.0678619072 0.0939219818 0.0125486329 0.053475596 0.124860503 0.173346892 -0.0720286667 -0.139019787 0.0884984732 -0.0130296098 0.0194343235 -0.0130476318 0.0546139553 0.0941213444 0.0374358594 0.0565988943 -0.0640702024 0.332993746 -0.158219934 -0.0232099276 0.116959922 0.0862537473 0.0297930278 -0.060941644 0.124106623 0.350823879 0.138725176 -0.070768714 -0.0874283686 0.164855674 -0.0472755507 -0.10870602 0.213893533 0.15802379 -0.0283098146 0.0628302693 0.085114643 0.103846774 0.120935962 0.0978112593 0.186129346 0.121178292 -0.0228551123 0.0365704 -0.0346291922 -0.0255362187 0.0859953016 -0.0535396859 0.137790918 0.0610863119 -0.00419093622 0.195625663 0.0870360434 0.331658781 0.208370045 0.0931114852 0.226578116 0.0312119611 0.187499002 -0.21486035 0.18683596 0.149504244 -0.0810247809 0.185075745 0.0109800799 0.189251423 0.142963916 -0.00365767698 0.0806154609 -0.0694943517 -0.113975875 0.180135563 0.0997852683 0.0328627601 0.116549648 0.0567429215 0.100924641 0.00687924773 -0.0392670594 -0.0846957713 0.200550377 0.0320725627 -0.0537604205 -0.0454841815 -0.023462465 0.0858943164 0.160629228 0.0485982373 0.0674780309 0.209367946 -0.0243861247 -0.0770530775 0.0283202101 -0.165980071 0.114477426 -0.0122521846 -0.0381015055 -0.238101944 0.074385576 0.1192405 -0.110015683
-0.0846241936 0.0389379971 0.212633759 -0.147431225 0.178531095 0.0703189969 -0.09292835 0.0413116962 -0.0261171013 -0.0886244327 0.0186779555 0.0333385132 0.0399719179 -0.0650870055 0.0684227422 0.0521565154 -0.0460308008 0.244678825 -0.0605612583 -0.175963044 -0.078342475 -0.0351566114 -0.057419017 0.0098096123 -0.0159685016 -0.040198192 0.00362216379 0.0724271312 0.0602251627 -0.0357080363 -0.0792203397 0.102469929 0.222202718 -0.107002288 0.0240772087 -0.0169405676 -0.0250098128 -0.0962735265 -0.0812212899 0.0511358902 0.114001811 -0.0627008006 0.0361187495 0.0280837864 0.0477290377 -0.0112235229 -0.0665760487 0.0368347801 -0.0161972325 -0.058941137 0.123973191 0.0956532583 0.0530623049 -0.0405432768 0.0884137675 -0.072730273 -0.0648152754 -0.034384761 0.0160936601 0.179913387 0.0266431067 -0.0502262861 -0.0404016115 0.135520861 0.137788206 -0.0419332571 -0.0148692746 0.188155815 0.121777788 0.0833210722 0.102328189 -0.106312685 0.042692963 0.0424249023 -0.120568231 0.197698742 0.155800149 0.222354993 0.17681326 0.0617584027 0.200365379 0.200296685 -0.0272059161 0.0651140958 -0.0917731002 0.1355955 -0.0752772316 0.18242462 0.0674707964 0.0100577753 0.152703315 0.111857854 -0.0148089817 0.068894513 -0.0019876461 -0.0831339061 -0.00268523186 -0.00180317264 0.0230945703 -0.0845049024 0.0257629976 0.0658092573 0.034472581 -0.0414549708 -0.216255337 0.229670763 -0.0861194953 0.10531076 -0.0671799183 -0.028059436 -0.0675321594 -0.0806632265 0.0178632084 -0.0425836742 0.00814805832 -0.086569041 -0.0606182329 0.0249219537 -0.0499625392 0.0603170656 -0.110985376 0.0932120755 -0.0302254893 -0.119901724 0.0100697372 -0.0336569846 0.164626837 -0.0551322959
-0.110799119 0.111953013 -0.058863312 -0.156335488 -0.162526086 0.505985022 -0.0332079083 -0.0377663374 0.138774604 0.00796440523 0.0802966803 0.13701424 0.080994986 -0.35798499 0.0920473039 -0.154680923 0.134731382 0.143339068 0.181488633 0.151753068 -0.051241789 -0.0772258937 -0.0151672652 0.101028435 0.193816483 -0.0181140807 -0.0570143573 -0.0990501046 -0.0543025583 0.105524108 0.182446793 0.0377079323 0.142384693 -0.0982720926 0.0756696612 0.176190987 -0.0429523066 -0.0308702793 0.034872137 -0.129326731 0.0182188135 0.0412887596 -0.0120409857 0.0909268707 -0.0808296725 0.0695841014 0.171120018 -0.0620483384 0.0975298285 -0.042922847 0.019959094 0.09138982 0.109276697 -0.155638665 0.0633716583 -0.0261740126 -0.0171717964 0.00560759753 0.0361028761 0.052408427 -0.162927389 -0.0344741046 0.132262751 -0.0921033472 0.14498207 0.0863365158 -0.0284101963 0.0470452011 0.154692128 -0.0352974609 0.0888034478 0.105932236 -0.120634131 0.0281118546 0.078159295 0.03424697 0.0510963164 -0.0903003141 0.119155325 0.0490204133 0.0586563274 0.087741591 -0.00384653709 0.0267590322 -0.107219212 0.0747497007 -0.0627300292 0.115661755 0.161308751 -0.00310729863 0.115394138 0.0836804286 -0.0310893673 0.107566714 0.025748739 -0.164946347 0.0747115985 -0.0704623088 0.0834224075 0.00174343493 0.0401837938 0.0591623485 0.048983857 0.0729777068 0.32443738 0.163821101 0.125387996 0.123013511 0.167264655 0.0730329975 0.043141149 0.0859034881 -0.167915642 0.074088797 -0.170382574 -0.0197857022 0.107071273 -0.203282982 0.0547170676 -0.0838895664 -0.0179655068 0.0267082416 -0.0448950604 -0.153579205 0.0437927805 -0.10455624 -0.0304455049 0.142835125
0.223077342 0.0942033231 -0.0754721835 0.177418619 -0.130746454 0.376366466 0.0742859095 -0.0107688727 -0.233585179 0.0757472292 -0.0575968474 -0.0186472591 -0.0782717988 -0.203462005 -0.0968063399 0.243410423 0.107669458 -0.170297951 -0.0837418064 -0.0720054954 0.164799258 0.158194512 -0.133518919 -0.0430186577 -0.121135503 0.135005832 -0.02352616 0.206881568 0.0343010239 -0.145684168 -0.120986439 0.156168312 -0.246457964 0.167054638 0.00844694022 -0.103744559 0.165375948 0.253161997 0.0963232964 0.223553553 -0.250782609 0.218668178 0.145932749 0.0663524792 0.00830630492 0.0122423545 -0.0476551764 0.0702049285 -0.0949243978 -0.00911090709 -0.155105606 -0.0610740185 -0.0608101562 0.186773896 -0.0611470081 0.128342509 0.0361101292 0.0806487501 0.0217901282 -0.145186886 0.319519907 0.26050657 -0.12542291 0.199955359 0.162568972 0.0972512737 0.299728423 0.0067466069 -0.0459289588 -0.265859485 0.190309197 -0.32236582 0.089364484 -0.0628080815 0.0992707089 -0.00461068051 -0.12555702 0.124645196 -0.0590782948 -0.000310526171 -0.0474247076 -0.131366849 -0.0722619668 -0.0313412994 0.297151953 0.00765942596 0.283552825 -0.220992595 -0.0687488765 -0.0578516424 -0.088027738 0.0484050512 0.0192969888 -0.0282474849 -0.0592307001 0.1785115 -0.0513746031 0.251796901 -0.00861445442 0.236153767 0.217236727 0.0302886143 0.162596807 0.205501452 -0.273508906 -0.169007137 0.0414173342 -0.0470886976 -0.159358427 -0.0116395643 -0.000788603327 0.0775996149 0.210502893 0.147304431 0.2848894 0.0434571393 -0.0708101168 0.237024143 0.201682657 0.193263724 0.313208699 -0.0945952535 0.0890671462 0.331615061 0.185835421 0.187518582 -0.0130386362 -0.0379669815
0.00928398222 0.144690678 -0.182871521 0.146331728 0.198711008 0.0943232328 0.242325351 -0.0516086742 -0.0960851088 0.142872095 -0.135889068 -0.105460219 0.037742395 -0.246643215 0.0640015155 0.0128920162 0.0866337717 -0.0753758326 -0.0932354629 0.0932817832 0.0909360275 0.013129577 -0.0809192806 0.0255488269 0.0691710785 0.0711223632 -0.0104786111 0.143051371 -0.0573074482 0.0359039605 -0.0897169933 0.0408910029 0.291541815 0.10290648 -0.0299042538 -0.0291067157 0.124864951 -0.0587207004 0.209768832 0.104956865 -0.12912792 0.0427205302 -0.0882512331 0.22103478 -0.0900445208 0.0147448163 0.0346682854 -0.0486125015 -0.0833513737 0.0640333593 0.101667643 -0.0997572988 0.0374296233 0.0243361685 0.124225415 0.279420793 -0.107825853 0.0311359726 -0.011383987 -0.114461586 0.166216865 -0.0838273093 -0.111167781 0.122171797 0.181223348 0.216456801 0.0186010022 -0.123571567 -0.00869805459 -0.0852560699 -0.037657503 -0.160335183 0.0855960473 -0.0135614676 0.121684879 0.0325640962 -0.0769655481 0.001827867 -0.0453642644 0.130840525 0.0297772121 -0.0571716577 0.0280194245 -0.120772839 -0.119735904 -0.160155684 0.0194260329 -0.0712051392 -0.0689248294 0.0507936478 0.0402348004 0.0781103745 -0.0139184259 0.0438252054 0.150056034 0.00451745791 -0.0135035207 -0.0184702575 -0.188985094 -0.0304625742 0.0213709734 -0.00912460964 0.149536297 0.125219345 0.322901309 -0.0699321553 0.0110693714 -0.0671152547 -0.000858808577 -0.0660160705 -0.0858133957 0.0396998934 0.0544403158 -0.0461729467 -0.0110494401 0.0486239716 -0.130415469 0.0452243797 0.174087793 0.103217892 0.100936867 -0.0621439107 0.0926486477 -0.209488839 0.132797837 0.0922681838 -0.0839208513 0.024661405
-0.0533142127 -0.0107427184 0.0441500694 0.0696944296 -0.0206770878 0.0603186861 -0.05470654 -0.0927928239 -0.0478812717 -0.0170376189 0.0605877601 -0.0311022736 0.0125793032 -0.0489995182 -0.0537762903 -0.000331728865 0.0467330851 -0.043573644 0.0699681863 -0.000808345096 -0.0123063568 -0.00449912902 -0.00697568757 0.0115198139 -0.0644796267 0.0212372448 0.0200250875 -0.045031786 0.020853512 0.0134939402 0.0515884236 0.0432418101 0.0590429939 0.0471934043 -0.0932458416 0.0206095036 0.0622339435 0.0473845638 -0.00976286083 -0.0303443931 -0.0436785184 0.0599085838 -0.0131397247 -0.0312670022 0.0404006653 -0.0430528857 0.00572991325 -0.0911427513 -0.0522838645 -0.0749936402 -0.035658069 0.0435509831 0.0296921209 -0.0638851374 -0.0642426386 -0.0717831701 -0.0247308072 0.0809604004 0.0371404551 0.0427867025 -0.0231121816 -0.0227053482 0.020287456 0.00257178419 0.0375706553 -0.0908196867 0.0472066402 -0.0902157128 0.0576771013 -0.087656647 -0.091332756 0.0577341206 -0.0249092802 -0.0457476526 0.008454822 -0.0104772504 -0.0487168282 -0.0782977715 -0.0627349243 0.0758552551 -0.0341161415 0.0134914201 -0.0728501827 -0.0430106521 0.0547350645 -0.0496542193 0.0687778518 -0.00461590569 -0.0889564082 -0.080117017 -0.0972883999 -0.00631622551 -0.0385371298 0.0559597202 0.0194137208 0.0442518853 -0.0244062971 -0.0712617934 0.0415162295 -0.0511926487 -0.0105059491 -0.0880778059 -0.0182007216 -0.0414762124 0.00546868378 -0.00879803859 -0.00687327934 -0.0248789378 -0.0846676305 0.00800681952 -0.0950061157 -0.0636153147 0.0229950175 0.0691797286 -0.0733476132 -0.0129242539 -0.0152725885 0.000370099733 -0.00976969209 -0.0732025951 -0.0893126503 -0.0413799956 -0.0981420428 -0.0427898094 -0.0410090536 -0.0158929415 0.0628057644 -0.0787913576
0.0142666083 -0.0422863886 -0.0378817953 -0.165897533 -0.122701831 0.333222598 -0.0829438716 -0.0413589701 -0.0757770762 0.0882088244 -0.0683939308 -0.0771850944 -0.0206146743 0.08690577 -0.0841145292 -0.0299556199 0.0203104559 0.0725272819 -0.0116346302 -0.0906914622 0.102029204 -0.130797729 -0.0686827675 0.191452667 -0.107466817 0.0296171084 0.100098446 0.0108165899 -0.0460860059 -0.00635355618 0.0516064502 0.104497373 -0.0197013784 -0.0532595553 0.28912735 -0.00107908261 -0.0714675039 0.0736462101 -0.033023607 -0.0107337981 -0.135515228 -0.108728245 -0.00857602339 0.121410042 -0.0534622334 0.0443588905 0.0632206351 0.0304706935 -0.115734674 -0.00610131118 0.190759823 0.0194479171 0.190716133 0.0777841508 0.224627227 0.0149370618 -0.0445332862 -0.0730875582 0.0542578213 -0.0713472813 -0.0169973336 0.0836048275 -0.0807216391 0.0746667981 0.0836143196 0.0503675267 0.0765651986 0.14941138 0.110152386 -0.113194615 0.0539309792 0.356832266 2.15093078e-05 -0.041690968 -0.0488475524 0.218658775 -0.000622236286 0.0699113235 -0.0671197847 0.0597797893 0.157723114 -0.0487520583 -0.154224873 0.0796864033 -0.0133984154 -0.138422966 -0.000754829496 -0.39228332 0.137589335 0.0469151959 0.240401596 0.0614638478 0.0747544989 0.0795472041 0.217048511 0.0528352372 -0.0587461703 -0.0321584381 0.20327732 0.000674578827 0.0506652705 0.0867069885 0.0443330035 0.191406474 0.0532184951 -0.0126657849 -0.0428101607 0.219869733 0.10963133 0.0152461194 -0.0310325995 -0.000844413706 -2.86531795e-05 -0.126290709 -0.0185181573 0.0786425993 -0.158861026 -0.0778724179 0.0114307962 -0.0216307193 -0.0640303418 0.0885366425 0.0835877806 -0.365366369 -0.000670736481 -0.121733241 -0.103646412 -0.0764956251
0.116223022 0.146617711 -0.122856706 -0.067537047 -0.247857198 0.215677291 -0.0738236159 -0.0622996762 0.011731904 0.199808002 -0.103422701 0.162769184 0.101769358 -0.32424435 0.124345236 -0.130014107 0.184124857 0.25487411 0.0983736664 0.125624567 0.0261204168 0.0202879012 0.0167002622 0.176309839 0.111971155 0.189575881 -0.331707448 0.0963461548 0.0264457874 0.0300071724 0.107675754 0.0307799075 -0.102939956 -0.0822323933 0.33710438 0.110383242 -0.0451682992 0.01438295 0.108453155 -0.214548871 -0.165679306 0.00520470086 0.00286388467 0.161958635 -0.150156647 0.175904796 0.142781928 0.00885279197 -0.0419093445 -0.00724665681 -0.0095332535 -0.0168619007 -0.220871255 0.0052613765 0.143279776 0.201229289 -0.00255699619 0.0135705322 0.18702361 -0.121529378 0.0977272689 -0.00580067933 -0.0398225822 -0.00334000587 0.210632607 0.0569642447 0.106757663 -0.160172507 0.179315791 -0.216388062 0.116518386 0.179209068 -0.0071648485 0.000805420044 0.138432384 0.0635490268 0.0475315377 -0.0576947033 -0.0183406007 0.137124017 -0.180040658 -0.0795112848 -0.103913583 0.0121695613 -0.0154022034 -0.0264076684 0.125783652 -0.00246441038 -0.0427912548 0.00917481259 -0.0522524826 0.0138066914 -0.035733413 -0.0676136613 0.042290967 -0.177551374 0.06818147 -0.0419910103 -0.0596190989 0.0831395537 -0.0793134123 0.0445901826 0.0623189621 0.0604554601 0.18559128 0.0881372541 0.0821207538 -0.081251815 0.139208794 -0.000151258719 0.0790977851 0.116201326 -0.086042285 -0.0270144213 0.0653744116 -0.025378 -0.166211814 -0.0276302993 0.160195991 0.0739120468 0.0772348121 0.00507344212 0.0360430665 -0.0959545076 0.182817742 0.0841162279 0.0238910336 0.183371812
0.0582141355 0.00437560957 0.0180332735 0.00844927225 0.369615704 -0.667923033 0.0972190276 0.259094656 -0.0695300624 -0.132599309 0.0972265154 0.0229097567 -0.0302182063 0.331747204 0.00275289034 0.255587131 -0.0582965538 -0.148680493 -0.0286812391 -0.0844083354 -0.00801418722 0.0909743011 0.0906826332 -0.0260788165 0.0256549958 -0.0330391899 0.407457292 -0.017711021 -0.0111736311 0.121823959 -0.0681678951 0.135432512 -0.0335057452 0.137911156 -0.117265344 -0.000505760778 0.112654254 0.241457 -0.0120002376 0.23915948 0.0824145004 0.173990786 0.0903420597 -0.0862976089 0.250794977 -0.106541008 -0.0850457102 0.158321828 0.157046631 -0.0333806053 0.013389932 0.119515255 0.166464135 0.112303384 -0.132655159 -0.0341044627 0.203981608 -0.0284986645 -0.181239605 0.163844526 0.0928874761 0.170607239 0.230782613 0.0170918517 -0.125660762 -0.0461743586 0.0482691005 0.107111759 -0.0396178216 0.064531967 0.156238362 -0.0404653996 -0.00617447961 -0.0364312269 -0.0707688481 0.0646965057 -0.0609264672 0.167984381 -0.00772938225 0.107175648 0.223120913 0.129028648 0.203737721 0.0451091379 0.0338913575 0.0670017153 0.0786154568 0.0777511373 0.132783711 0.011948402 0.0994362161 -0.0566850789 0.118575633 -0.013663494 -0.072551474 0.0954875946 0.080982089 -0.0770216659 0.101109184 -0.00655552465 0.118253917 0.0732322261 0.00799494889 -0.170717567 -0.551577806 -0.00827598665 0.0158154499 -0.00301348185 -0.0893192068 -0.00249813497 -0.0516061112 0.0962657109 0.0468097292 -0.0134002017 0.0630411059 0.0537605695 0.149658084 0.0676475167 -0.061405085 0.0898228437 -0.133412287 0.228599906 -0.0431570783 0.123374201 -0.182379961 -0.0331795774 0.0430167206 -0.101381026
0.181788877 -0.121463463 0.157614529 -0.0914896801 0.334080279 -0.35520795 0.0518143661 0.0501986369 -0.153856143 0.0639954135 0.0799762458 -0.147464871 -0.0380526185 0.3267847 -0.111983001 0.102340683 0.0204128772 -0.040255744 -0.0436573625 -0.147548839 0.0672824979 0.196189269 0.0452006683 -0.0353271849 -0.0905814916 0.0709968284 0.170589402 0.100968286 0.0577478744 -0.0734254494 -0.131696254 0.130094752 -0.0495676473 0.0738491118 0.150152817 -0.00637166435 0.142432094 0.212994248 -0.130407095 0.240147799 -0.0160458572 0.227455139 0.0333310291 -0.0427881964 0.0758755282 -0.0810287595 -0.0997328758 0.150413036 -0.0285395943 0.0166542083 -0.0252045356 -0.0362412147 0.191728041 0.0537096336 0.116641469 -0.156121284 0.0359568745 0.0240343455 0.0417699516 0.0891385227 0.353454143 0.269064069 -0.0316727459 0.102975816 0.0529279672 -0.0399740934 0.25843212 -0.0219125617 -0.0931065828 -0.0463557728 0.0807912871 -0.254424036 0.076059632 -0.0316390507 -0.114637703 0.0172924101 -0.00481996499 0.124013871 -0.0687333196 0.0307932682 0.113649793 -0.0449826047 0.141455278 0.141260833 0.129337117 0.10031227 -0.0546168536 0.0720324069 0.0944097936 0.0699997544 0.153673783 0.112740599 0.142404407 0.0839572772 0.0425610691 0.0916365162 0.0913325399 -0.0630696639 0.0144145926 0.0757742226 0.142915025 0.0129682617 0.124577478 0.0539520942 -0.160056427 0.0669088215 -0.0722683817 0.135976419 0.0228790399 -0.0476774462 0.070677571 -0.131739855 0.0866628438 -0.0239494443 0.0489813276 0.053390637 -0.0259332079 0.282932013 -0.0513360612 0.00761931436 -0.150650725 0.104595676 -0.000532247301 0.157260329 -0.0403540432 0.097225517 0.145160049 -0.0670317039
0.0351567939 -0.0129641406 -0.0954928622 -0.0454992205 0.091658175 -0.103083178 -0.00801133923 -0.0835644603 -0.108005062 0.00439407583 0.0337745845 0.037264742 -0.0458412096 -0.0352149233 -0.107271887 -0.00151625008 0.022900708 -0.0218058266 0.0331073217 0.0511581227 -0.0406274237 -0.0426124483 0.0492480434 -0.00968900602 -0.06111487 -0.0734323189 0.0472541824 -0.0551459715 -0.0664312318 0.0681356564 0.0140902698 -0.076783739 -0.0289910529 -0.0281492602 0.0140587576 -0.0737972856 0.0134154055 -0.107778348 -0.0281988569 0.00294697285 -0.0630914345 0.0424888991 -0.0749485195 -0.110755324 0.0447237268 -0.0655742958 0.0354223847 -0.0850342959 0.0238933749 0.0110705867 0.0108060017 -0.0680986792 0.0463163368 0.0441700295 0.0192170385 0.00545058399 -0.10606195 0.0214527994 -0.101957753 0.00151122326 -0.0535761751 0.00482071843 -0.0533616319 -0.0160375666 0.0532461181 0.0187159814 0.00640412141 -0.00134164235 -0.0906685442 -0.0449330099 -0.0122501599 -0.0408625454 0.003624012 0.0422200188 -0.0469491519 0.0318583027 -0.0314380154 -0.0642149672 0.0206749924 -0.074845925 -0.0143189309 -0.0100746946 0.0306283515 -0.0458354726 0.0270654391 -0.0971519127 -0.0649952739 -0.0681997314 -0.0608404055 -0.0364283435 -0.021886941 0.0150090754 0.0539156199 -0.039245151 -0.0161001366 0.0334243625 0.072417438 -0.0246738791 -0.0399461649 0.0139528159 -0.0434568487 -0.100225002 -0.0669600666 -0.00420796731 0.0767068341 0.011836661 -0.0285366606 0.0268578175 -0.00572372274 -0.0878833607 -0.00694382749 -0.0635625795 0.0670200214 0.0439822488 -0.0643733591 0.0270849094 0.00827047415 -0.0185751263 -0.00621603243 -0.0261514094 0.046901077 0.0578581207 -0.0939962119 0.0475132018 -0.0679767877 -0.00781777967 -0.0424992256 -0.0247523654
-0.00360952434 -0.0298481621 -0.00522342604 -0.082620509 0.0680503696 0.00393557549 -0.0550656952 0.0633478239 -0.0962529331 0.0663139001 -0.0206959229 0.043863859 -0.0210228022 -0.0367735624 -0.0936705619 0.0334364548 -0.044607617 0.0483308025 -0.0597245656 -0.0767618492 -0.000893200631 0.00549218943 -0.0372038819 0.0578306019 0.0442480706 -0.0881502703 -0.0607272871 -0.0897777975 0.0463070273 0.0351067297 0.0524535179 -0.0809778497 0.0147862751 -0.0845812857 0.0695005581 0.0686255321 -0.0779304951 -0.033567749 -0.0285190064 0.0343376175 -0.0546071567 -0.0784310773 -0.00399896642 0.00419566967 -0.0632025376 0.0418255068 -0.0146256024 -0.0599919856 0.0579970367 -0.0661509261 0.0493988208 -0.0312040616 0.0585273802 -0.0595304407 -0.0399787389 0.0736366808 0.0673646629 -0.036008656 0.0516083315 -0.0887195319 -0.0234510526 0.045747377 0.0354347602 0.0654119402 -0.0453314073 -0.0134339696 -0.0397270992 -0.0515057966 0.0186218414 0.0519939661 0.0185888801 -0.0240582619 -0.0110272085 -0.0909032673 -0.0744924173 0.0661713928 -0.0184304342 -0.0746136084 -0.0568292066 -0.0607516877 -0.0512166396 -0.0633185953 0.0503353924 -0.101275519 0.0286945421 -0.0270932969 -0.0968679935 0.0447684005 0.011166675 -0.0870429948 0.00132753723 -0.0959229097 0.0416172557 0.0227624364 -0.0234229434 0.0452508666 0.0478182696 -0.000290093536 -0.0494387336 0.0587263964 -0.101948425 -0.0772986934 -0.0567008927 -0.0513453223 0.0619836263 -0.10228952 -0.0855014101 -0.080323115 0.0245047919 -0.00321303005 -0.0613911003 -0.0408092514 -0.0639458522 -0.0903016552 -0.0654738247 -0.0401471369 -0.0786848292 0.0604276322 -0.0451411679 -0.0500344746 -0.0697222874 0.0240122452 -0.0738480985 -0.0219758954 0.0323864967 -0.0206694342 -0.0354885757 -0.0605266914
0.0186771993 0.00971296243 0.0043128035 0.0650138855 0.152963921 -0.153335065 0.113702565 0.0635941923 -0.170305297 0.0354483649 0.0117132757 -0.0280260816 -0.0958058983 0.44347921 -0.115752056 0.0925460234 -0.0156271905 -0.0419098958 -0.0468602702 -0.171335295 -0.0310189445 0.0758885667 0.0121191619 -0.136688292 -0.00585319055 0.00150223379 0.186040491 0.0599551313 -0.0483474843 -0.189178005 -0.0686978921 -0.0303339157 0.0177484844 -0.030229345 -0.0107984943 -0.0581412055 0.0395295732 0.132242963 0.0262698047 0.214220777 -0.036503613 0.058458887 0.079370603 -0.071820654 -0.0183516014 -0.0271474142 -0.090766184 0.246999919 0.0875960365 0.0818550959 -0.0958534479 0.132506996 0.148473963 0.176966801 0.0124052623 0.00614448451 -0.0245910902 -0.044184804 0.0812400728 0.0350239836 0.143107072 0.0578173399 0.075314045 0.0134321926 0.128967375 0.0470117815 0.187591791 0.0396952257 -0.0752664655 -0.0876747221 0.0906913802 -0.0667806268 0.119153187 0.0390086547 -0.0236615781 0.0342063494 -0.0557491332 0.154984578 0.0327224843 0.0740665793 0.125600129 -0.0127254808 0.110539697 -0.0133020431 0.164824799 0.0908062235 -0.142007604 0.0272162016 -0.0175319798 -0.0526081398 -0.00270923018 0.021236077 0.115950912 -0.0269396789 -0.124086581 0.23375684 0.0395875163 0.0406969823 0.0377047174 0.13983795 0.150252521 0.0700793788 0.0409635417 -0.0410283618 0.0100035872 -0.0240413491 -0.0532365926 0.0643463656 0.0368257761 -0.0713167042 0.0347961299 -0.238623559 0.136261567 0.148102984 0.0194367543 -0.0686550736 0.0113745453 0.146439895 -0.132206261 0.0833269283 -0.00677314261 -0.0542985126 -0.00760409562 0.155885831 -0.0955183208 0.11056181 -0.0446508005 0.036008697
0.0571643412 -0.0921412259 0.105970778 -0.123785995 0.307899565 -0.188775867 0.0580992624 0.0275605191 0.12742123 -0.123059735 0.0191394743 0.11318773 -0.054500144 0.116532013 0.0518065132 0.189936936 -0.151014999 0.0206017569 0.0280288123 -0.160889834 0.090587683 -0.0940625593 0.054361213 -0.0154917231 -0.0475517549 0.0200827383 0.172756404 -0.0628835782 -0.0638179407 -0.0218757428 -0.0759380683 -0.0294895452 0.245751277 0.135329574 -0.0835957006 0.0864312872 -0.150200725 0.0168845933 -0.113853112 0.0209075287 0.199523583 -0.116822831 -0.0996703729 0.0823575929 0.052920904 0.00437077926 -0.10629338 0.0864192545 0.00674067112 0.0446386673 0.107550219 -0.0174550731 0.206510261 -0.0106620528 0.083631888 -0.144458637 -0.0305913556 0.0666490421 -0.177246213 0.130128071 0.0271202121 0.0796120241 0.01236156 -0.0131839402 -0.112396538 -0.151843473 -0.0745525956 0.197446451 0.0791766569 0.270230293 0.0772307515 0.105166413 0.0271971524 -0.0480377898 -0.0595151484 0.150884196 0.102160364 0.130584955 0.0533578657 0.0648006797 -0.0270546302 -0.0414658673 0.0645702705 0.00128617254 -0.0702484474 0.102558814 -0.0429686867 0.0453129709 -0.00482395804 0.0391356423 0.106650241 0.0326099433 0.0708947182 -0.0521479473 0.0927760676 0.0226318203 -0.0541155152 -0.11932376 0.104023099 -0.076289624 0.0880252793 -0.0577785671 0.224857807 -0.0991956964 -0.520480394 0.17416127 -0.0327709392 -0.069809705 0.0526735708 0.105777711 -0.107135192 0.0514232628 0.00353899458 -0.0571401194 -0.0699730739 0.00341535104 0.0844129026 -0.0595974401 -0.102559991 0.113765515 -0.0585423708 0.123942249 0.00601077685 -0.195133656 -0.108607948 -0.142390266 0.156529278 -0.190198168
-0.0158142094 -0.087107636 0.0824308842 0.155204505 0.422996134 -0.834225893 -0.0898853168 0.186835557 -0.208789676 -0.146996185 0.203724727 -0.0469209366 -0.0247752033 0.14854604 -0.0532168262 0.0612198152 -0.059429802 -0.0784539729 0.0537551753 -0.0425929166 0.0970592424 0.217985317 0.133282423 -0.205040887 0.0306986719 -0.0729556009 0.119931199 0.128095001 0.0259288661 -0.114232346 -0.0560351908 0.0784946159 -0.149894923 0.105550535 -0.121560737 -0.123639941 -0.00935614388 0.019431822 -0.0787549913 0.138813123 0.169874102 0.123403236 0.0154298246 -0.0670763552 0.0669137016 -0.117442846 -0.126902565 0.0643919185 0.140967771 -0.0740043223 -0.149839133 0.0403256826 -0.00253156107 -0.0224410035 -0.196063191 -0.0525019877 0.126456365 0.0709697232 -0.0704641417 0.160924494 0.035910558 0.0466534346 0.180725083 0.012097477 0.0687524751 0.0666122511 0.113634706 0.103703998 -0.118021712 -0.0188577902 0.137317091 -0.233441859 0.0954806432 -0.0157629773 0.0547429137 0.0710878596 -0.00833612029 0.132784218 0.145810276 0.0770563781 0.0742049366 -0.0583598427 0.0806533918 0.114205122 -0.0421933755 0.146792337 0.0400096886 0.203251794 0.078609243 0.051490806 -0.140923202 0.0545268394 0.123126686 0.00209229207 0.0569393449 0.0902300254 -0.0564163253 0.141249225 0.0500622764 0.014499858 0.0946139172 0.132544622 -0.0767742693 -0.0103951031 -0.321689874 -0.176258355 0.0273945779 -0.0269156322 -0.0515579171 0.0659459457 0.038572289 -0.0197559688 0.171387643 0.00399419246 0.10187044 -0.0720860511 0.194679022 0.259844929 0.0100961616 0.125557333 -0.0578236803 0.17622228 -0.0960238725 0.316432834 0.00323672639 0.156050563 0.0904491395 -0.0269671697
0.0336998217 -0.0879404768 -0.0737136677 0.0394164473 0.0746713057 -0.0298466273 0.0640845448 0.064535059 0.0283525996 -0.0652476996 0.0518471263 -0.0268612318 -0.0340405554 -0.0774535537 0.0058988533 0.0608523861 -0.0567410029 -0.0640323609 0.0407014228 0.0461860709 -0.0516807921 0.0100873401 -0.103571303 -0.0331598036 0.0665859431 0.00752859283 0.0346831679 0.029295709 -0.00994999614 0.0160684362 0.0200528223 -0.0998395681 -0.00729255797 0.0482563861 -0.0331791379 0.0216262862 -0.0755074918 0.0122671761 -0.0916955024 -0.0735359341 -0.0228837729 0.0405332409 0.0203779768 -0.0793855041 -0.10181424 0.0383958593 0.013664702 -0.0101811113 -0.0979492292 0.0146832764 0.0387162901 0.0378437899 -0.000910765841 -0.0708628297 0.0551614687 0.0551612601 -0.0502514392 0.0208665356 -0.0896565169 0.0508269593 0.0258632191 -0.057885021 -0.0200975426 0.0546877459 0.00714467047 0.00873881206 0.0120824017 0.0244762693 -0.0831196755 -0.00395966601 -0.0879547596 -0.0432161279 -0.0788189024 -0.0325364806 0.0644504502 0.00200542924 0.0565714836 0.0702763572 0.0271147881 0.0596635453 -0.0139041748 -0.0763696879 -0.00389647554 -0.0601404198 0.0168062001 0.0126223695 -0.0361737199 0.00672627799 0.0409948491 -0.0137112271 0.0410031527 -0.0327495858 0.0246339682 0.0334260575 -0.101108506 -0.0659867972 -0.0821171775 0.00620274292 0.0560198128 -0.0246794671 -0.0905654654 0.0648734123 -0.0337221064 -0.0197576582 0.0173697174 -0.00216611661 0.0277822316 -0.0928308517 0.0372194313 -0.105670147 -0.00305888848 0.0282984488 -0.0271055494 0.0386926159 -0.030520957 0.0312660709 -0.0184065495 0.0661146417 -0.0897230208 0.047444649 -0.0432808548 -0.0461721532 0.0145270266 -0.0241690874 0.00556200743 -0.0583346374 -0.0138673522 -0.0984929577
0.20836772 0.0955256447 -0.185782343 0.250882298 -0.266499102 0.242722422 0.260989547 -0.00809285231 -0.133733287 0.0819395185 -0.0202034377 -0.0616087429 0.041012954 -0.0904758722 -0.0524100848 0.184485957 0.11152564 -0.0593923256 -0.0890957713 -0.139013171 -0.0581210889 0.281057507 -0.139293045 -0.151445672 -0.140156418 0.224230215 -0.141996801 0.12629813 -0.0292162318 -0.108184829 -0.120360486 0.0303440019 -0.259394497 0.1374387 0.0824970379 -0.113542482 0.219443396 0.141771853 0.127774253 0.208082929 -0.255253136 0.105330765 0.285323858 0.0646190718 -0.176582977 0.088163659 -0.0459026247 0.139717996 -0.0319499597 -0.0205213577 -0.169391155 -0.13148962 -0.295933306 0.148274228 0.0500612892 0.0537889041 -0.135573655 -0.0755650848 0.151828274 -0.148862481 0.140497923 0.14892444 -0.17178157 0.0462010242 0.131542057 0.162709698 0.200080767 -0.25907883 -0.00459382683 -0.342467666 0.166010335 0.191085592 0.149683446 0.0172064491 -0.00164437492 -0.187076509 -0.0691521317 0.165224314 -0.0485912077 -0.129965454 -0.297712862 -0.0579725541 -0.0466455147 -0.121915475 0.311883241 0.0514389351 0.218390182 -0.380193055 0.0100334343 -0.0333965681 -0.152451128 0.0998470858 -0.282403171 -0.238019466 -0.177439168 0.152985856 -0.00171610992 0.176167876 -0.0872912705 0.171928555 0.0506763905 -0.0258279461 0.159129053 -0.0722216964 -0.0324286968 0.0343621187 0.123938285 -0.0435905121 -0.0173129961 -0.0550411195 0.153367624 0.0959008709 0.258389711 0.184654713 0.231645435 0.0387352742 -0.150070399 0.41723761 0.210408837 0.0686815381 0.16421786 -0.121267453 0.17674239 0.38575688 0.146883786 0.155110687 0.0579945818 0.0125146043
-0.0734457523 -0.0763775632 0.0291815028 -0.152678981 0.0216993522 0.283914 0.0769625604 0.209206626 0.332490414 -0.0780509114 0.174832627 0.0485332273 -0.0256374031 -0.00592486095 0.298325121 -0.0943234861 -0.0591414906 0.160825044 0.276655138 0.117570736 -0.219882637 -0.334250391 0.169998392 0.150383905 0.178893819 -0.0525172502 0.0921475291 -0.214037716 -0.0846883059 0.140564948 0.189855218 0.0516763404 0.110631481 -0.326010376 0.0914661735 0.15536806 -0.14909108 -0.234378949 -0.117345758 -0.193237245 0.173050061 -0.105199821 -0.160048485 -0.0742233247 0.126741007 0.010035011 0.172880068 -0.324048132 0.142643362 -0.00851811748 0.311767101 0.191198021 0.165101588 -0.135040268 0.0690333769 -0.0994484946 0.151966438 -0.0535524078 -0.102874339 0.201100901 -0.177918002 -0.199404597 0.202390596 -0.263450056 -0.133270904 -0.0483847708 -0.195009515 0.180682197 0.199137509 0.46047008 -0.136479124 0.244037166 -0.267449617 0.0990865454 -0.114741623 0.272513807 0.210194916 -0.311394662 0.101044245 0.114351228 0.244715735 0.0631578714 0.190494746 0.188959002 -0.229987741 0.133077323 0.00368665252 0.326177984 0.166517168 0.0210982002 0.137517244 -0.158315003 0.142306566 0.0158693809 0.0507279336 -0.221920058 0.0676511899 -0.158817172 0.0248071719 -0.207583323 -0.237716496 0.170978382 -0.0155505976 0.0188245494 -0.0125861354 0.272017717 -0.106847279 0.121762715 0.103555605 0.192645401 -0.258924156 0.0556907132 -0.351675212 -0.109933712 -0.258676976 -0.04310764 0.16497609 -0.23451519 -0.0122971721 -0.140108407 -0.188354045 0.0655177385 -0.0437894724 -0.280101866 -0.0567380227 -0.240006447 0.162006855 0.0210101679
0.0670712665 0.144394666 -0.0624347329 0.130000517 0.0443439484 -0.00635451311 0.0857049823 0.0615067258 -0.0661800876 0.0217344724 -0.0288926587 0.0518817306 0.0314019471 -0.00327806291 -0.0368570797 0.0771814138 0.07035359 -0.0166759659 -0.114873573 0.0355007425 0.147963136 0.122265518 0.0247138478 -0.0508072153 -0.101109177 0.0535561368 -0.00183087308 -0.0285149682 0.0812535882 -0.0247625578 0.0148267401 0.0143710952 0.130227268 0.0766137913 -0.0324151032 0.0133648561 0.0267468505 0.0546831153 -0.0304554626 0.203777865 -0.0818643197 0.125007913 -0.0032422354 0.0291400477 0.045455765 0.152434215 -0.0701453537 0.12941353 0.0560652465 -0.0221987478 -0.0167711023 -0.0612957589 -0.0343762748 0.0687464252 -0.041991055 0.139782012 -0.0546275899 0.063275449 0.0477612913 -0.0576180294 0.113003343 0.132542506 0.0490164533 0.143278554 0.109142631 0.0626498535 0.0482406579 -0.0259719491 -0.0462350175 -0.0557881109 0.148451313 -0.208078101 -0.0332285352 -0.00808616634 0.0752403811 -0.0029474101 0.0188387316 0.183597162 -0.109577022 -0.0108463131 0.0801337585 -0.0277643465 -0.0360711738 -0.0377794728 0.123817168 -0.0602672435 0.0855175257 -0.00932629313 -0.103358589 0.0210752729 -0.01436726 0.194374695 -0.0908347443 -0.133584693 0.132866606 0.188733608 -0.0667840838 0.151206717 -0.0745414793 0.0906088352 0.0615192018 -0.0174766462 0.100352369 0.0541910604 0.00255551771 -0.185726956 0.13057898 -0.0467926115 -0.07676287 0.0685425475 0.0543331355 0.114257887 0.187953815 0.113820747 0.0645206645 0.0717199072 -0.00413623964 0.188100696 0.0160551425 -0.0017147857 0.0963409096 0.0229068212 0.0867017061 0.152231604 0.123747498 0.0658344701 0.0660435557 0.0312037189
0.119372502 0.107017331 -0.132511228 -0.0390096009 0.104321569 0.00502884481 0.0281330515 0.102367952 0.090419814 -0.011520029 0.140760422 -0.0396238416 0.0788078234 -0.0875637606 0.031006882 0.120053433 -0.097062625 -0.0338803641 0.049005907 -0.117146216 0.179392636 -0.0444334261 -0.0407044329 0.0203928072 -0.10292165 -0.037634559 0.0264368951 -0.0831011385 -0.0427308083 -0.0180642996 -0.0627701804 0.111972444 -0.159303501 -0.0489174873 0.116889462 0.0408864021 -0.059093263 0.0722614452 -0.0852270722 0.0139373988 0.157713979 0.0884929374 0.0519377366 0.0462660939 0.0864819661 -0.15022023 0.0670495927 -0.0816643164 0.0520105734 -0.0678296387 0.107659012 0.0807467178 0.0162118431 0.0400654562 0.133847445 -0.0700178221 0.140576199 0.00637964578 0.0278673116 0.0411536507 -0.205931231 -0.0843823627 0.0519889444 0.0144209974 0.0137584293 -0.0889803916 -0.0173239931 0.109518893 0.0202481654 -0.226126477 -0.0389446691 0.0842610523 0.0879142582 -0.0149721634 -0.067752257 -0.0244312715 0.111589342 -0.109315075 0.0945224017 0.0486166924 -0.259337783 0.0954429209 0.0231182016 -0.0333256572 0.0912078619 -0.0103350114 -0.0304071773 -0.33838129 0.103945144 0.00747154327 0.0057500219 0.109952666 0.0891881064 -0.00362237776 0.114706263 -0.114291444 0.0939067081 -0.0460775457 0.137065649 0.0778741315 0.154826611 0.0551969558 0.166247681 0.0284928195 0.0122802723 -0.0138236908 0.0109116081 0.152528003 0.0703455955 0.195051745 -0.0709750131 0.126289129 0.0307888519 -0.0731928274 0.029767083 0.0556612909 0.030348869 -0.0323530734 -0.108728297 -0.0163776446 -0.038150005 0.124463096 0.0268276688 -0.232714102 0.0206587519 -0.0237827469 0.0787733048 -0.0869048908
0.00448893383 -0.13829349 0.203007132 -0.00720153842 0.169048697 0.343199968 -0.143043846 0.290077627 -0.110858291 -0.0363026187 0.185584903 -0.0476356298 -0.0142170824 0.405966699 0.0284164958 0.0790942162 -0.135163397 0.0138348583 0.222412631 0.00232461002 -0.0139499353 0.0689474717 0.267193764 0.105025686 0.114800029 -0.0743331686 0.418049634 0.041356571 -0.00420693262 0.024371149 0.0602227598 0.11093998 0.0531784408 0.032967858 0.16333662 0.119342513 0.0306054857 -0.109593175 -0.273702592 -0.0544614084 0.228329971 -0.0586495474 -0.00306383451 -0.0446062908 0.257991165 -0.110103808 -0.000325050962 0.0240817517 0.0960426554 0.0170187689 0.120403804 0.265264332 0.297383785 0.000968680833 0.0162083954 -0.162059531 0.212907255 -0.0680620223 -0.21527648 0.217698216 0.0299027953 0.120782882 0.189884275 0.0819867477 0.102836102 -0.164764926 0.108017497 0.200797155 -0.0159730781 0.139348686 -0.0211719517 -0.319004476 0.0580703355 -0.0412056148 -0.123855673 0.248789787 0.102763459 -0.0511354394 0.223435357 0.109699376 0.181582704 0.109531455 0.198988378 0.318382353 0.0124670705 0.245604292 -0.267711639 0.351707339 0.192018211 0.0816915184 0.216375887 -0.0526500531 0.279509425 0.177769378 0.140732348 0.0871434957 -0.0241047516 -0.0281671621 0.223579809 0.00964649115 -0.0672223046 0.21153301 0.0792450756 0.115591951 0.0305976514 -0.0382011831 -0.0515028872 0.170440242 0.00399498083 0.0928364173 0.0397070982 -0.173250839 0.00611184305 0.00275209267 0.00164018467 -0.0613363907 0.279873282 0.116094492 -0.221849442 0.0479397327 -0.217328995 0.267004192 -0.238952711 0.0606267825 -0.171095252 -0.109490916 0.189238444 -0.0411451086
0.103982948 -0.129750207 -0.00523374183 0.101776578 0.235467523 0.0198320542 0.0580336377 0.142370388 -0.176593974 -0.127260953 0.119743474 -0.04217254 0.0600291602 0.369717509 -0.0951998457 0.0229864642 -0.113118343 -0.030591147 -0.0113386866 -0.113692097 0.103545278 0.123635679 0.098448351 -0.169412732 -0.00457239104 -0.132140517 0.141527712 0.204028487 0.0705953091 -0.176099196 -0.0759480521 -0.0155909546 0.15953061 0.0409151874 -0.0955607295 -0.102179892 0.147332445 0.0562610701 -0.134151876 0.13219668 0.120637678 0.0442401804 0.0544735193 -0.0789118633 0.0140165491 -0.162233278 -0.0397666134 0.20068942 0.0064324569 0.0530375019 -0.0578881502 0.104897492 0.0195467044 0.18870832 -0.231490344 0.0595787764 0.061787568 0.0548109934 0.0181172714 0.102342963 0.0636573434 0.0127561269 0.154383719 -0.0154941455 0.0100866687 0.0113397641 -0.0188043658 0.14989692 -0.095351778 -0.0614830554 0.158117235 -0.149197355 0.189618856 -0.0518718734 -0.0656758025 -0.00802230462 -0.0940520018 0.0460632145 -0.0120273186 0.107764669 0.040352758 0.0103015685 0.114442408 0.0258664154 0.0405720212 0.0697914213 -0.109633632 0.161570653 -0.0823412389 -0.0304193646 -0.066931136 0.135355875 0.0990726352 -0.074998565 0.0351526439 0.216673017 0.0847835615 0.152771771 0.0628155693 0.0376661345 -0.015138262 0.073160097 -0.047938861 0.0160696935 0.0857124627 -0.0585676469 -0.0216261297 -0.0285969563 -0.154192865 -0.0689623058 0.142775401 -0.226000428 0.215666905 0.184362814 0.0693081096 -0.037123017 0.0867235512 0.14663215 -0.159291968 0.0797922537 0.0335369483 -0.0302541852 -0.0686116666 0.0888846889 0.00374508533 0.169523835 0.0358021557 -0.0557243749
0.0757607892 -0.10506653 0.0733143836 0.0587613657 0.292929202 -0.256747454 -0.0611982495 0.0985578373 -0.228814811 0.0711453855 0.137310252 -0.0387199745 -0.0598797947 0.288098335 -0.0664417297 0.03538559 0.0181819778 -0.108603165 -0.0279629938 -0.0884748399 0.164509729 0.288204104 -0.0108565427 -0.158693284 -0.0406516157 0.0549142584 0.0138793234 0.124618225 -0.0191744175 -0.139079377 -0.0704715177 -0.00642010802 -0.0821470097 0.00681815436 0.115004376 -0.0843421295 0.0901683941 0.124434613 0.00148648513 0.264576316 0.0680201054 0.218194097 0.209522307 -0.0412886627 -0.106096379 0.06381955 -0.0593059212 0.225020856 0.0713911578 0.0621102862 -0.159837678 0.013748222 -0.00625660783 0.0843703523 -0.109481029 -0.0445732698 0.0971962437 -0.0745625049 0.0562280864 0.0541789345 0.159253716 0.118634231 -0.0882529393 0.12832576 0.14618735 0.057987608 0.0891043469 0.106878459 -0.0982234553 -0.21464017 0.0628177002 -0.109216288 -0.0317075141 -0.0125516793 -0.0473894365 -0.0299708135 0.0782568753 0.284012318 0.0813428089 0.104423322 0.0239676647 -0.0089847995 -0.0302428063 0.172074065 0.0570199899 0.12554431 0.0270443801 -0.0509568602 0.0956601873 0.0527657159 0.0517630167 -0.0707290322 -0.0200241618 0.0490523316 0.096635513 0.16246298 0.0550981425 0.168677941 0.145157024 0.102994271 0.105897844 0.152239129 0.0388669707 0.135096401 -0.403725833 -0.108271778 0.0301912334 -0.0330537707 -0.160743192 -0.0345059298 0.215766296 0.049137339 0.257125288 0.0930818245 0.181632876 0.0663168058 -0.0629374459 0.255560338 0.0339426957 0.145155355 0.0646151528 -0.0153425802 0.00733567216 0.201377839 0.0215881541 0.0916417018 0.00117792864 0.0485750064
0.178742513 0.0625654235 -0.0214738771 0.128875345 0.0506416559 0.0433216542 0.1146558 -0.0829271227 -0.0935073495 0.0247523822 -0.0930922925 0.0445850156 0.0541490391 -0.28267014 0.0672803968 0.141204268 0.091578491 0.028796738 -0.0849868581 0.0269624218 0.0465225838 0.194616541 -0.153299928 0.0159168765 -0.0251557752 0.0852769762 -0.128783748 -0.0195531398 0.0267766342 0.0114832697 -0.0361751504 0.0369307995 -0.185684755 -0.0186051391 0.141450867 -0.0560562648 0.195105314 0.047660891 0.0554646477 0.153162748 -0.124906532 0.0301569905 -0.0759512335 0.0433291607 0.0220781006 0.00695008319 0.00210048514 0.0355893485 0.0544186011 0.0968406349 -0.0927568749 -0.0288367383 0.104001708 0.0588979274 0.177004308 0.17799896 -0.00670855679 -0.0453875586 0.0990867764 0.000443049881 -0.0980962366 0.155085504 -0.0625409856 0.0371028744 0.150055319 -0.015524948 0.172131702 -0.0912186056 -0.0802365839 -0.0832969472 0.104935244 0.0818988457 0.0616911724 -0.0864894614 0.0793931931 -0.08346048 0.0238932036 0.103082158 -0.105418473 -0.113431245 -0.00512347836 -0.0667575598 -0.0744099915 -0.0362067446 0.200796098 0.0200913977 0.132670373 -0.305868328 0.131165564 0.0676681921 0.0448753648 0.159130812 -0.00447541336 -0.0610537678 -0.071802862 0.0859979242 0.0643895343 0.151285261 0.00610843021 0.129346773 0.150274187 -0.0604647286 0.101352416 0.143324956 0.332751662 0.228759006 0.0305933449 0.0664398447 -0.0123920804 0.0120791029 0.078999877 0.0994199216 0.172116697 0.0215803515 0.0630279332 0.0143693546 -0.11807894 0.187640995 0.0528448299 -0.046294935 -0.0532063991 -0.0430809744 0.0309238937 0.23941943 0.101788908 0.158104524 0.0925386325 0.0371942334
0.0291012656 0.184187382 -0.137739792 -0.00423850678 -0.269811422 -0.363820136 0.121865407 -0.13810949 -0.123522192 0.220094487 -0.227491736 0.202779651 -0.00705990335 -0.333298951 0.0528625175 0.123745561 0.152104944 0.00992516521 -0.158874512 0.0378970169 -0.0197267551 0.0275535118 -0.24488765 -0.0438436382 0.0197680406 0.203045353 -0.275828868 0.041191645 0.046631217 0.0802915767 -0.0335948728 -0.0167545974 -0.201372772 0.16499646 0.0963544101 -0.0943962261 0.00136605918 0.177545294 0.276242912 0.11482238 -0.409156919 0.0659450591 0.152496681 0.0175128467 -0.293214232 0.221728027 0.0263988301 0.127853915 -0.197536588 0.0579480641 -0.0140370522 -0.195159242 -0.517056763 0.00177121407 0.11958997 0.145359755 -0.151482642 -0.0220211819 0.156742245 -0.18993549 0.203011125 0.184607312 -0.188888595 -0.0169191267 -0.00711722765 0.20151718 0.148278743 -0.209652215 0.0784643292 0.0132399658 0.148580924 0.341563642 -0.00957952812 -0.0217178091 0.104703568 -0.250463217 0.0149058206 0.0937806368 -0.325675398 -0.163892761 -0.428975016 -0.143347874 -0.322073072 -0.336954057 0.0865978003 -0.116457395 0.285291046 -0.419901192 -0.0490187705 0.0385845564 -0.186927006 0.127891898 -0.37895444 -0.186462253 0.0984477401 0.0168400984 -0.0546024032 0.0700913146 -0.191760108 0.023103511 0.13816835 -0.18151398 0.0383626819 0.00217539188 0.153116167 -0.0685581043 0.245427072 -0.375308126 -0.0395048298 -0.0438022837 -0.023583252 0.192536846 0.118916854 0.00571249099 0.0782794803 -0.0399500281 -0.275901318 0.175618857 0.262387007 0.151445195 0.259049356 -0.291689187 0.251299739 0.290977806 0.24069798 0.15506734 -0.138873756 0.177262008
0.0278364122 -0.0456804186 -0.0674153194 -0.0319907218 -0.0251253247 -0.0203519464 -0.0246442929 0.0488241129 0.0614897422 0.00332068768 0.0566774607 -0.0982472673 0.0750193372 0.039503701 0.0635100231 0.0194379799 -0.00333885895 -0.0125786662 0.0646847263 0.0602774248 0.0258884449 -0.0153774442 -0.0849812999 0.00623428589 -0.0425971076 -0.0320078433 -0.0797187313 0.00364605314 -0.0763260871 -0.045355238 0.0292371828 0.030336177 0.02285612 0.0495043769 -0.0716985688 -0.0357700177 -0.0544478819 -0.0997470692 -0.019063903 -0.0683687031 -0.0778045133 0.0236489829 0.0662869737 -0.0763957426 -0.053033594 -0.0452503785 0.0110290861 -0.0905436501 0.0605318137 -0.0638941973 -0.0194667578 0.0454157554 -0.0301587619 0.0543104522 -0.049046319 0.0434278101 0.0346994139 0.0648854896 -0.0556453727 -0.00848569348 0.044171147 0.0188210309 -0.0853745714 -0.070086889 0.0456468873 -0.0824541003 -0.0323222913 0.00273806904 0.0547393933 0.0577922538 0.0569671728 -0.0152055016 -0.10944628 0.0834584758 0.048784703 -0.0546204709 -0.0175236035 -0.00349343568 -0.0593784973 0.0113657257 -0.0319018587 -0.0486691445 -0.0616713054 -0.0168364011 -0.067242071 -0.00735415565 -0.0800122097 -0.0738202855 0.00358987413 0.0547696427 0.0201803111 -0.0646273717 -0.0277856048 0.0587882996 -0.0920837447 0.0556483828 -0.0768562704 0.0412620269 -0.0454235002 0.0598717891 0.039514225 0.0106844157 -0.00854716823 -0.0782178491 0.0378857106 -0.0135386148 -0.0777828097 -0.00761156389 0.0269122124 -0.0265151169 0.0770553127 -0.0895262063 0.0502386913 -0.0460681133 -0.0971794948 0.00385762006 -0.0329840742 -0.0216055363 -0.0319481865 -0.053061761 -0.0224933922 -0.0757618397 -0.0137421312 -0.0295509454 -0.0930375457 -0.0822107866 -0.0748963058 -0.0352534838
0.12263009 0.00661664829 0.118108161 -0.0461547002 0.122104995 -0.0968630463 -0.116864018 0.103697278 -0.0908420682 -0.00580956647 0.166287616 -0.101962231 0.0765486583 0.319610775 0.102722891 0.0503939353 -0.00689391047 0.0113199595 0.113852128 -0.0719766542 0.0175886881 0.0797202587 0.107662082 0.125429228 -0.0471791774 0.0672324598 0.147093371 -0.0925916955 -0.041263476 -0.0120759858 0.00932479091 0.0783502012 -0.0675992295 0.0933133438 0.121318571 -0.00293987524 0.00735519174 -0.0721250847 -0.131450146 0.00265064905 0.169390455 0.00302778417 0.0564060397 -0.120201521 0.0336698741 -0.0849710554 0.132983193 -0.0108101331 0.0999222472 -0.00124396943 0.165001705 0.122421414 -0.0114200274 -0.118401125 0.0108492179 -0.134235576 0.0839404091 0.0251073595 -0.0193713047 0.114387937 -0.00905900914 0.0462456495 0.0858700797 -0.0324555188 0.00946455263 -0.12470632 0.0798025653 0.0867204964 0.0825848579 -0.0253410712 0.0454487838 -0.0302327704 -0.138382673 0.0996223465 -0.000257314416 0.0719861314 -0.0262010377 -0.0199848022 0.142763525 0.10576807 -0.116771288 0.0175157655 0.162698537 0.0957679003 0.131292954 -0.0147715518 -0.0636224747 0.0698611811 0.0332937539 -0.0393162966 0.0762212649 -0.169153884 -0.042564325 0.0370717309 0.101412892 -0.0617618784 -0.0448115021 0.0235936381 0.0668630823 0.0656907111 -0.0394050851 0.0379118659 0.0439678393 -0.0197016019 0.105285361 0.111254565 0.0514666624 0.114276864 0.0853552297 0.147001073 0.0209494326 -0.0394888446 0.0574302673 0.00288551254 -0.147120208 0.0357775912 0.123586223 0.0347432047 -0.0792968124 -0.055397708 0.0191038754 0.104336627 -0.0878067464 -0.0740288571 -0.0757991821 -0.11187467 0.0504188277 -0.0508747362
-0.0448170714 0.0413216725 -0.014496956 0.069830969 -0.00752777793 -0.0769754425 -0.0261104014 -0.0308485422 -0.0326946713 -0.0378002562 -0.0768257082 0.032091748 -0.044480361 -0.0412922986 -0.0940652117 -0.102958351 0.0519807562 -0.0926302746 -0.0149199972 0.0563776866 0.020313343 0.0362866111 -0.0608072095 -0.0103057241 0.00265347213 -0.102027528 0.00762256235 -0.0585081987 0.0073920181 0.0222994313 0.0314184241 -0.0446034819 0.0102412952 0.0100103244 0.0107225403 -0.0542371348 0.00988823175 -0.0857856944 -0.0592014752 0.017632056 -0.0264232494 0.0663895756 -0.087137416 -0.0860543028 0.0140766967 0.031675268 -0.0900048912 -0.0947581455 -0.00619334867 -0.00166127831 -0.0431403369 -0.103415683 -0.0424831882 -0.0886387303 -0.080226697 -0.0550711975 -0.0527510494 0.048678942 0.0276145414 -0.0132147484 0.0600744188 -0.0925040916 0.0623413622 -0.0797513574 -0.0427815653 -0.00206561736 0.0127927857 0.0273539051 -0.0156230666 -0.0118065886 -0.0935564041 -0.0844780728 -0.00455274899 0.0194691643 -0.0214273091 -0.0283680707 0.0512409173 -0.0549236275 0.0508045182 -0.107319772 0.0412295125 -0.0829528123 -0.022176493 0.0248540156 0.0254644975 -0.0504431613 -0.0734169409 0.0746611878 -0.0699200556 -0.0458627157 0.0584289543 -0.0828894973 0.00850958563 -0.0777906328 -0.109218106 -0.0454623438 -0.00350566208 0.0135529833 0.0201711133 0.0424519591 -0.061271321 0.00407932 0.0401315205 0.0422575995 -0.0281093232 -0.0536391512 -0.0968435556 0.00868993532 0.0163577013 -0.0482199676 -0.0395406857 0.00773631828 0.0384405963 -0.0971594378 0.00882091373 -0.0737011731 -0.098314099 -0.0746780857 0.0339489281 0.0622499697 0.0461297259 0.0257950407 -0.081059292 0.0171839278 0.043361105 -0.0861958489 -0.0311838742 -0.0989072397
-0.0629506335 0.117506042 -0.214146003 0.0100486325 -0.125573605 0.517367423 0.175263658 0.0342231244 0.0334684029 0.0046174801 -0.0881233737 -0.0234471094 -0.0131227747 -0.348356694 0.0140899755 0.0801428854 0.142414406 0.0497630909 -0.0278117452 -0.0235872958 -0.159531593 0.106905051 -0.112466626 0.0222155377 0.153711155 0.0274322592 0.0855086744 -0.0027400197 -0.094424367 0.0293639079 -0.0905966759 -0.0324029587 0.0445119739 -0.0699674264 -0.013840246 0.120098047 0.149156123 -0.0483931899 0.00759640196 -0.0906094462 -0.0962253362 0.00512758922 0.0395678058 0.142223686 0.0235386007 -0.0513316318 -0.0748928115 0.0153197367 -0.0680313483 0.0544446371 0.0575880446 -0.0341318771 0.0413243063 0.0811606795 0.0782032758 0.118757151 0.0731357038 -0.0393244959 -0.0728220716 -0.0928575844 0.0626981407 0.0303878207 -0.0472572111 0.0780422464 0.000863431545 0.0536151901 -0.0145263122 -0.0763820559 0.0395335704 -0.076801151 -0.0916309878 -0.105475962 0.138861626 0.0166630335 0.00857366342 -0.0545415692 -0.131754994 0.0590348542 -0.124397449 0.121771254 0.15725331 -0.00982256886 -3.1939926e-05 -0.123509869 0.0575915463 -0.00358884991 0.0329058468 -0.0931845531 0.0179307982 -0.0334522054 0.0485451184 0.0284616612 0.0145700937 -0.00726386486 0.0531982966 0.064852424 -0.043285083 -0.182837114 -0.0951747149 0.0247904472 0.0480425395 -0.00512040034 0.12890923 0.0699254125 0.260249496 -0.00606584596 -0.0674611852 -0.0497418679 0.0634455234 -0.101252228 0.000807288394 0.0401553474 0.0450250618 0.028979348 0.00361522962 0.0383987501 -0.067162089 -0.0008872865 0.128044993 -0.00559916114 0.169624835 0.0184535515 0.0316067226 -0.204624072 0.0810239837 -0.010511009 -0.00615112251 0.100017101
0.0631978288 0.0917295441 -0.0828824937 0.153656885 -0.0222872328 0.0017886674 0.134655625 -0.0400409847 -0.0958523601 0.225787908 -0.0447312109 -0.187546581 -0.000444988807 -0.139595553 -0.0100878272 -0.0179552305 0.174342886 0.0251510218 0.0271184146 -0.0283346493 0.0316735208 0.0732394755 -0.0264631156 0.0123875933 0.140200183 0.115905099 -0.0385345556 0.17528902 0.017853016 -0.04522698 -0.063616097 0.0520318747 -0.0270869248 0.0765325278 0.169703946 -0.0273324847 0.178757757 -0.0111344745 0.112345211 0.0861883312 -0.178097934 0.0604129881 0.106888793 0.249753773 -0.140192389 0.154659882 -0.0449027941 -0.0376193933 0.0631135926 -0.0288252048 0.0420537144 0.0298074074 -0.169712663 0.153894305 -0.0204033256 0.135631934 -0.0934008807 0.0618133061 0.0735425577 -0.120228291 0.0974519476 -0.0267705712 -0.0279412195 0.0681418255 0.128786922 -0.0409893505 0.158416137 -0.106274985 -0.026564667 -0.0600331761 -0.0767346099 -0.0838223845 0.236235052 0.0261655152 0.144176662 -0.124707066 0.0449356958 -0.155102581 -0.071775578 0.114574805 -0.0952439681 0.036166057 -0.088644512 -0.0570241027 0.0141464509 -0.0251782276 0.0650745705 -0.119889796 0.0630633533 -0.028613925 0.0782912076 0.0384546444 -0.126893073 -0.0463667475 0.100912534 -0.0583185889 0.0800439492 -0.00348697486 -0.0916686803 0.0999716297 0.12643443 0.0257018488 0.0572740994 0.24131088 0.350390017 -0.0724955276 0.0683999658 0.0593486167 0.127860591 -0.110418357 0.0364283212 0.112384088 0.0578566045 0.0773492381 0.0886717513 0.0333135799 -0.126777828 0.0907436237 0.114465199 -0.0619188659 0.128303394 0.0199506842 0.161265492 -0.043484848 0.0752970204 0.0760743469 0.011268138 0.0795570835
-0.149605587 0.222642928 -0.128945395 -0.128718287 -0.583051682 0.599296808 0.093903318 -0.106252946 0.225513533 0.0871559381 -0.174094334 0.115510531 -0.0378870778 -0.189740419 0.269417107 -0.155166179 0.210388094 0.205929518 0.0810991824 0.0712400526 -0.230940819 -0.0810000822 -0.221798301 0.130250543 0.152235761 0.23677066 -0.0487140939 -0.12859188 -0.00645140978 0.110594854 0.066438064 -0.107348822 0.101662211 -0.110519893 0.0413353369 0.0365362354 -0.0637248084 0.0351865031 0.0897360668 -0.166160136 -0.107666016 -0.0909934714 -0.114927351 0.0890395269 -0.160161108 0.192465097 0.137328252 -0.0911929309 -0.0183476359 0.0691466704 0.198708698 -0.0381838568 -0.0156628564 -0.086895749 0.109902583 0.200629264 -0.0242808312 -0.0408037454 0.194348812 -0.0733263344 -0.0116467467 -0.033858791 0.0254047569 -0.021900624 0.0530190654 0.0989762917 -0.0567992069 -0.220654577 0.158460453 0.15025416 0.00588550791 0.145830408 0.0292913467 0.0218213238 0.189651251 -0.147150099 0.114206851 -0.0893305987 -0.0444584936 0.107511111 0.0273435581 -0.0580508858 -0.143771902 -0.132568687 0.0704210699 -0.0262584295 0.289594442 -0.0814155936 0.0540830418 -0.0249871165 -0.0310770627 0.0907691196 -0.14400053 -0.0770999715 0.0840070099 -0.0677029267 0.0846855193 -0.149950638 -0.16380772 -0.0829156339 -0.0686376393 0.0205471013 0.0848346055 -0.0300847664 0.325606406 0.234268472 0.187754989 0.0416359529 0.191222921 -0.00327501935 -0.121520951 0.193769082 0.00396447117 0.0166671369 -0.107617155 0.0237503946 -0.166476056 0.000207617777 0.11653588 -0.0427391268 0.213138163 -0.0303285494 0.0817386284 -0.295389563 0.217955247 -0.124052368 -0.0727240741 0.142511517
0.0493757017 -0.0526125766 0.036868725 0.0689721927 0.253944516 -0.728582621 -0.195953727 0.15179494 -0.162955791 -0.0450879298 0.090005517 -0.196485162 0.0584931187 0.275301695 -0.0368773229 0.0917903557 -0.00753961317 -0.059873946 0.00410184916 -0.115550734 0.0933486074 0.216110587 0.151731476 -0.0510238744 -0.0533890165 -0.0859650671 0.0461816639 0.0165943522 -0.00943953637 0.0383581892 0.0183588173 0.118280925 -0.153509945 0.1017294 -0.141879305 -0.0496824048 0.0238215309 0.0845105052 0.0149191041 0.194195464 0.149245188 0.093965359 0.0437487215 0.00156335405 0.189337492 -0.0445384532 -0.0734241083 0.0221951343 0.200367391 0.0658981204 -0.142001659 0.00983857363 0.149332032 -0.078672044 -0.0129847936 -0.115571916 0.209129199 -0.0351435728 -0.0912777558 0.199259281 0.091286473 0.216184825 0.183819816 0.102097027 0.0590668283 -0.0740435869 0.0697259307 0.158945277 -0.154359236 -0.109891504 0.055489596 -0.226612851 -0.0297997091 0.0338732749 0.0789667293 0.126857266 0.0251861326 0.163660541 0.18648538 -0.00271639647 -0.0858589038 0.111338332 0.270124435 0.131600022 0.100331135 0.0912142023 -0.00922582019 0.0633752048 0.183579773 -0.0736999586 0.0250965152 -0.124825887 0.0997995734 0.11974901 0.137826934 0.105424598 0.00268541672 0.1785568 0.160842687 0.114862062 0.141105667 0.0208026245 0.00863447413 0.0670333132 -0.228472337 -0.0981090292 -0.058784157 -0.0508026145 0.0228931699 0.101602398 0.0789374411 0.00152210169 0.127211988 -0.0439130664 0.107581623 0.00335666654 0.171022803 0.0431212895 0.0077398289 0.0086465301 -0.0490098 0.192220449 -0.00845647603 0.182174176 0.0729058683 -0.0236749593 0.109317273 -0.0461679362
0.272756398 0.0272281896 -0.0193272252 0.198543444 0.0630153492 0.0998610333 -0.0109824799 -0.0751856267 -0.242547885 0.160874411 0.0831472427 -0.0318924263 -0.042148605 -0.0495998114 -0.10391257 0.102794304 -0.0412917398 0.0177032072 -0.130641401 -0.109322913 0.0625441447 0.220071271 -0.0170644782 -0.0805917457 0.0256713498 0.0521022417 -0.15738143 0.124564461 0.0297528543 -0.145447597 -0.040980801 0.103613473 -0.184235409 0.0796119943 -0.0403467938 -0.09962596 0.185379446 0.135930926 0.00877075735 0.130146831 -0.0387246683 0.194840625 0.0698798522 0.0130851334 -0.0197299495 0.024103703 -0.0735499337 0.306328416 -0.0412450098 -0.0470947549 -0.201310739 -0.0401046686 0.0322264917 0.0397620685 -0.00492424937 0.115584336 0.00598766655 0.0675875247 0.0177726224 0.0623093881 0.0897422507 0.154298753 -0.102591872 0.157437399 0.172552347 0.172833011 0.124577858 0.0375306644 -0.140352726 -0.144008875 0.125038952 -0.232629314 0.092520088 0.012323074 0.0245977081 -0.0105677396 -0.0773031414 0.323854566 -0.00219295267 -0.105619952 0.00718815345 -0.0171653498 -0.0264528468 -0.00527994195 0.130213559 0.0200762115 0.0129241319 -0.310127974 0.0909601748 -0.0513506792 0.0585435741 0.155198395 0.0154328886 0.00628564879 0.0502884388 0.184646145 0.095238708 0.204141304 0.115617998 0.134920105 0.140895903 0.064210698 -0.0593575686 0.156799495 -0.051609721 -0.139584035 -0.0182667114 0.018674003 -0.0491033792 0.132604063 0.132125929 -0.0960195065 0.20790799 0.13315627 0.160951555 0.0233644024 -0.0464865714 0.240788519 0.0610030331 0.00559237832 0.0579532385 0.0993035808 0.111533634 0.186290964 0.0951893032 0.137642324 0.118229933 -0.0120301628
0.188541934 0.089146331 -0.0413994379 -0.0107146855 -0.425308853 0.311488837 -0.0608702376 -0.175511688 -0.0712611377 0.222551405 -0.0735377669 0.228063673 0.0340885334 -0.394371629 0.164515913 -0.0692825839 0.21669203 0.230089471 -0.0147872148 0.144225284 -0.0994973108 0.176150203 -0.116604261 0.116719395 0.0786600932 0.193129271 -0.233144984 -0.0261640139 0.0664982721 0.0525035225 0.0899776369 0.117938958 -0.273117602 0.00253732735 0.107876018 -0.00899424963 0.0747815594 -0.0146433804 0.129292026 -0.0924146324 -0.223828554 0.0834231451 0.117798783 0.106757313 -0.350837201 0.264455408 0.185350448 0.076268509 -0.13175486 -0.0029316924 0.00745402975 -0.118875042 -0.272047788 -0.0636937022 0.181836307 0.0719400719 -0.212184608 -0.0315786824 0.179135963 -0.108065397 0.0632063895 0.0885532871 -0.261395514 0.0230295714 0.140623614 0.246678516 0.0302682593 -0.0934952796 -0.0102313729 -0.299174547 0.102920763 0.162318647 -0.0424405783 0.0964705944 0.128042072 0.0185008235 -0.0575037636 0.0546022579 0.0101138344 -0.0825159475 -0.132846966 -0.0119314035 -0.181709588 -0.0298803803 0.181163043 -0.156333268 0.190940991 -0.232939273 -0.0267660506 -0.0235938914 -0.126842618 0.03478726 -0.243354127 -0.117366008 0.0338926315 -0.0531321093 0.0856859162 0.112032674 -0.162655845 0.125810429 -0.00961608998 0.0384700708 -0.0374192186 0.181923151 0.170120969 0.172919333 0.207896784 -0.148215443 0.074045673 0.0238087848 0.137113571 0.118815951 0.0470009558 0.0101317009 0.0905998871 0.0787534416 -0.239472881 0.0869705305 0.132817134 0.0681139454 0.255682826 -0.138048619 0.0953483433 0.0695029199 0.169706479 -0.0010159784 -0.0476521999 0.144539312
0.20546627 0.0467889942 -0.126025036 0.124593101 0.150473341 -0.354436904 0.0508829616 0.121239386 0.0561646298 -0.0999414474 0.216366604 -0.226534411 0.0937319472 -0.210213855 -0.0456255861 0.033714097 -0.136255562 -0.012470576 0.14884299 0.00400196901 -0.124413133 0.127097353 -0.00664805993 -0.0565624908 0.0520819388 -0.185196325 -0.118992351 0.0803301483 0.0373596326 0.125721157 0.0961479396 0.166620314 -0.225888655 0.0223790128 -0.0302339476 0.0973382592 0.041748669 0.0222941916 0.166197091 0.0272546578 -0.181748152 -0.0420852154 0.0219725594 0.0316062644 0.17119135 -0.0217841733 -0.022807641 -0.0744140446 0.230223 0.0219784826 -0.166224077 0.00820563827 0.00438251952 -0.1590451 0.0605754592 -0.0777720138 0.153365463 -0.0717035532 0.0469872095 -0.0852033049 -0.0919155404 0.0101825362 0.0219992958 0.0159966592 0.060385406 -0.0520973876 0.170232043 0.14858222 -0.0213402268 -0.189051732 -0.0735234395 0.0817342103 -0.130112886 0.0241536815 0.0541495122 -0.0747883618 0.0312408432 0.0315730572 0.130037501 0.0974617004 -0.168128341 0.0462536998 0.0725447759 -0.043749053 -0.00534782279 0.0467812456 -0.122875609 -0.158902407 0.200766787 0.0346726663 0.0256452989 -0.0128286984 -0.0759622604 0.146695957 0.0993639901 -0.171723291 -0.023906609 9.62673221e-06 0.0231178384 0.0349680558 0.055830881 0.148905411 -0.0362992212 0.129318044 -0.152904198 -0.272793978 0.0418631844 0.157687411 0.115755394 0.194098175 0.100817822 0.150293797 -0.000657478638 -0.0202564709 0.0365706496 0.0649814382 0.0597890839 -0.198991448 0.13805902 -0.109786622 0.0581296012 0.0985625014 0.115735196 -0.178500101 0.000707311847 0.0934885591 -0.0901565254 0.0817172155
0.096232824 -0.0334238522 0.13359262 0.0464384258 0.21893537 -0.644445896 -0.154892609 0.108918287 -0.0243811775 0.0144518269 0.160656676 0.050752379 -0.0269989166 0.0654594079 -0.0101284701 0.0105069587 -0.0257825851 -0.0555299222 0.0592082068 -0.0733258277 0.0690255612 0.13587752 0.0718966275 -0.0691702887 0.0147435907 -0.0336484648 0.0297029056 0.0799865201 -0.0698874742 0.100710712 0.0590849966 0.0230122134 -0.184200317 -0.0281985942 0.00533168949 -0.0683698282 0.0605444051 0.0357995704 -0.0734946132 0.0930927396 0.0697998554 0.0405124538 0.0567201376 -0.178458393 0.0304335561 0.0128362831 0.114816695 0.166802183 0.121605925 -0.0173849501 -0.168980017 0.0943976492 0.122951992 -0.008163088 -0.0715832487 -0.0363233276 0.038331978 -0.0890503153 0.00584006403 0.115379781 -0.0616519302 0.0149117773 0.106228389 0.00216988404 -0.00415354641 -0.0591998138 0.151333466 0.145514175 -0.0947028175 -0.0963250026 0.0460491776 0.0150190247 -0.026129961 0.0735809878 -0.00187772093 0.0771540627 0.0784480572 0.0076413257 0.0735933706 0.0143817142 0.00132685259 -0.0580716506 0.067357339 0.0425958782 -0.0367738418 0.0278045982 0.0783897266 -0.0725319833 0.0959264189 0.0806970522 0.0126162674 -0.00740092061 0.0286776908 0.0931649804 0.0571108721 0.0369901769 0.0790916607 0.187452659 0.0324063338 -0.0319063291 0.0811342523 0.0990042314 -0.0784272626 -0.00563246151 -0.272144943 -0.176372781 -0.0764119178 -0.00319713447 0.0868341476 0.00247707684 0.188381121 0.102181189 0.157659248 0.0171212405 0.132771909 0.0305586979 0.0477211885 0.0782520473 -0.0862252712 0.0834435523 0.0167382043 0.125544012 0.00324264308 0.191276848 -0.0886414051 -0.0531658716 0.0496667363 -0.00657012686
0.137039363 -0.107542366 0.114731751 -0.0311060157 0.0681942776 -0.180274919 -0.169338197 -0.00776013825 0.0103742396 -0.0440795496 -0.0065615112 -0.131315857 0.080795899 0.149735644 -0.0640132204 -0.0237145703 0.00343802548 0.0436025038 -0.0780627429 -0.0253150798 0.15711382 0.022313267 0.145389885 -0.099892877 -0.00271379016 0.111381367 -0.0298997667 0.0932159647 0.0346677266 -0.116874658 -0.0835922509 0.0579555891 -0.110885479 -0.0456516892 0.130346417 -0.000190516759 -0.0115431435 -0.0988000706 -0.0512759946 0.00746908877 0.136860713 0.0770610794 0.0290379878 -0.0221986715 -0.106772922 0.125167608 -0.0419614613 0.0265995562 -0.0765906423 -0.00093279779 -0.00597818056 0.128883213 -0.0937541798 -0.0418955684 -0.0463122427 -0.0471237972 -0.123594381 -0.0428734459 0.0234803427 0.0230107177 0.0461592861 -0.0272388998 -0.0567023568 0.0824475288 0.174972296 -0.101732671 -0.0970548168 0.125192761 0.0570330545 0.026643347 -0.00527112838 -0.176502421 0.121845625 0.0630144402 -0.0105640981 0.0832651481 0.0851490125 -0.0492016785 0.033321619 0.126004145 0.0973574147 -0.00773376226 0.131968409 0.0620970689 0.091372095 0.0632513165 -0.189293474 0.275208116 -0.0973589346 -0.0749863982 0.0875185132 0.133324757 0.0119885812 0.0492548011 -0.0257213861 -0.00706625683 -0.0256301407 0.145725235 -0.0367711075 0.0887093768 0.0469165593 0.0365319066 0.000388295797 0.110269062 0.0130527038 -0.0493559465 -0.000522030925 0.0575824827 -0.125200063 0.0912540108 0.0889669061 -0.200054854 0.19381389 0.0715416968 0.0162136648 0.0228281468 0.0118272007 0.0950571448 -0.129261792 0.199633792 -0.0612378195 0.089134194 -0.0829111561 0.0622898974 -0.0341089144 0.058107622 0.180648431 -0.0734455585
0.0454142727 0.1897863 -0.163117275 0.155031309 -0.157783523 0.0649833381 0.185384437 -0.082682848 -0.190645799 0.168586224 -0.0849951729 0.0704536811 0.0849483907 -0.249588355 0.102842517 0.143108472 0.13228853 0.161992416 0.00458600279 -0.134691447 0.0278472602 0.124199994 -0.0878564045 -0.133908913 0.0907338113 0.23736462 -0.14169319 0.164589331 0.0557840951 -0.103001826 -0.0395579748 -0.012684714 -0.130003691 0.1613511 0.155793279 -0.101680577 0.105234243 0.237369522 0.0390020646 0.0781822577 -0.251954675 0.156159788 0.285371929 0.0533404611 -0.187311515 0.0623861849 -0.00473235967 0.187108934 -0.0579413921 -0.0107335737 -0.0271218996 -0.190811932 -0.370850593 0.0527257137 0.0419131666 0.134885401 -0.0365378074 -0.0817025304 0.0724723339 -0.140331164 0.177400783 0.0887089223 -0.0918322951 0.157484829 0.0331120379 0.175849885 0.149519533 -0.262611687 0.0197316147 -0.0403889641 0.200925723 0.00900805835 0.142581865 -0.0916793197 0.143876195 -0.131412312 -0.00210720231 0.188370153 -0.0790236741 -0.111240447 -0.249678403 -0.0968492627 -0.209591717 -0.191459417 0.204871356 -0.0680026636 0.281878382 -0.246482387 -0.12732105 -0.0872970149 -0.129942745 0.142079756 -0.204681605 -0.269535184 -0.0541858897 0.185850546 -0.00875252485 0.256582081 -0.0809072927 0.202560484 0.0603984743 -0.151340812 0.00356963882 0.0624696389 0.177366853 -0.0336384438 0.22551091 -0.280920804 -0.0309176315 -0.102031857 0.159667909 0.167917699 0.185948431 0.0119907847 0.239427865 0.074730739 -0.204763249 0.236051902 0.241833448 0.204260647 0.176704586 -0.169319063 0.176170975 0.310127854 0.180825382 0.216125131 -0.0761953741 0.0140955467
0.135615543 -0.00122672925 0.128097102 0.0546437986 0.249965534 -0.216360137 -0.108207271 0.0730076358 -0.213732928 0.00786680914 0.0823545754 -0.111684889 0.0687538311 0.398210317 -0.0470926315 0.180974826 -0.0179000329 -0.016080318 -0.0741191506 -0.184849441 0.0237577725 0.244512483 0.0912116915 -0.169538438 -0.0314741433 0.0219339784 0.0972315818 0.0269750506 -0.0219957996 -0.169778809 -0.102623433 0.0563647747 -0.15869236 0.0905240774 0.0249911696 -0.116242148 0.0271982551 0.1209976 0.101070367 0.307202339 -0.0453817323 0.17498894 0.179964855 0.056498792 0.0535074398 0.0530160517 -0.10896261 0.114844687 0.0023411673 -0.031914454 -0.131760851 0.146771029 -0.0177953392 0.0727788061 -0.0140619911 -0.0245169941 0.0322385207 0.0630972162 -0.0309686083 0.120530859 0.142342091 0.0680381954 -0.0563767776 0.0620686263 0.0187226646 -0.0375769027 0.178009585 0.231821582 -0.101039566 -0.125901565 0.169057131 -0.104482748 0.08917173 -0.0477950349 -0.123966515 0.0379144065 -0.060144607 0.147909775 0.0558938608 0.0370813496 0.0759171844 0.120333515 -0.0277979448 0.168009892 0.172635943 0.126658887 -0.0266395546 0.0550245121 -0.0652902797 -0.0161472447 0.0837552473 -0.0783647299 0.0568107367 0.116513163 0.0841748789 0.120062776 -0.0673507601 0.177812085 0.184936881 0.122245938 0.0124462517 -0.0646761209 -0.0796455294 0.0316148885 -0.0171434656 -0.123699054 -0.0281829387 0.00316575891 -0.0963920355 -0.100323275 0.105450124 0.0125850365 0.307913035 0.00431300374 0.220386162 0.0187197085 0.0564510375 0.266825825 -0.000662751554 0.12222252 -0.0366347805 0.0531745814 0.120252587 0.240580902 -0.0146599924 0.0712514892 -0.0430975147 -0.0713391453
-0.0146535542 -0.0519901253 0.00208501471 -0.0520197563 0.203575015 0.342130065 0.0848630965 0.202894509 0.331478804 -0.186291054 0.221447036 -0.0676783845 0.00828013942 0.385721326 0.133038402 0.138710544 -0.232843757 0.0192329846 0.193298653 0.0398702547 0.0330640525 -0.0619059205 0.150358036 -0.000659241225 0.200796574 -0.227050781 0.215643078 0.0864325389 0.0822198242 0.158055186 0.110461637 0.00856991392 0.232214689 0.0405206345 0.0578158386 0.113819331 -0.0293219313 -0.0591723099 -0.126076072 -0.0650880188 0.155559242 -0.00533674611 -0.015031172 -0.0410532579 0.266428769 -0.229811624 -0.0113861999 0.0783192813 0.181873336 0.0267761257 0.239045471 0.214576051 0.287158847 0.002442308 0.0570686236 -0.224775046 0.188539326 -0.0449181981 -0.205434233 0.185534135 -0.00620313548 0.00956786424 0.194623083 -0.0401955135 -0.0274281409 0.0557012297 -0.00623599812 0.334171265 0.231177613 0.158120081 -0.0907249749 0.121019691 0.0169343706 0.0710019022 -0.126813486 0.129845038 -0.00924033578 0.090615496 0.111772515 0.168993175 0.267825037 0.229038641 0.174041569 0.1621629 -0.0795235932 0.107804142 -0.182836726 0.135080323 0.162076831 -0.0411244631 0.280466527 -0.166902393 0.31016174 0.0599093735 0.000723333447 0.0459530801 0.00367507362 -0.205292791 0.214931205 -0.0167741459 0.00257893605 0.19057779 0.171823204 -0.118651405 -0.22408849 0.118775666 -0.0254187696 0.127149016 0.166691899 0.0605604574 0.057182081 0.0158214811 -0.196010739 0.018445963 -0.222374469 0.087508373 0.138131529 -0.196448073 -0.0524862595 -0.0623466 -0.12225119 0.3324714 -0.0491735265 -0.129953027 -0.139727905 0.0228043217 0.0610856079 0.0119450744
-0.0633304939 -0.0917615071 -0.0597213283 -0.0876284912 -0.0485769473 -0.075063616 0.0702483952 -0.0174066462 -0.0839988142 0.0456390157 -0.0490954109 -0.0770040154 -0.0270915404 -0.0065210592 0.0135526359 -0.0718058199 -0.0213749725 0.0140514914 -0.0655761361 -0.068185024 -0.00187714421 -0.0889044404 0.0502534285 -0.0066821333 0.0288715027 0.0264732558 0.0534263551 0.0775448456 0.0225993842 0.0770485476 0.0184493866 -0.000259516382 -0.0629722327 -0.084853515 -0.0130112469 -0.0434084386 -0.0340937972 -0.0713944361 0.0167367086 -0.0198488329 0.0241994038 -0.0698866248 -0.0897581801 -0.00525393384 -0.0334334671 -0.0585418642 -0.0623699315 -0.0770877451 0.0237057842 0.0199533515 0.0300540738 -0.0543681346 -0.0147470459 0.0839780197 -0.00118027651 0.0165676884 -0.0667121336 -0.00474406779 -0.0692138597 -0.0618799254 0.0743981823 0.0777146518 0.0595065728 0.00947718695 0.0849944875 -0.0804149881 -0.0915343985 -0.0785087124 -0.0747062489 0.0664161369 0.0115877911 -0.0118633881 -0.00790916663 -0.00439489121 0.0775909871 -0.0792618468 -0.0306497049 0.0440609977 0.0809861347 0.0168826841 0.0266670287 -0.0560961813 0.026078539 0.0656290203 0.068459183 0.042940937 0.0783233941 0.0491803512 -0.0890808254 -0.0542697459 -0.0232805926 -0.0707131326 0.0487528071 -0.0936032683 0.0422892869 0.0367039144 0.0539002158 -0.0734867454 -0.0361109041 0.0519506335 -0.0403207242 0.0132347913 0.0671609938 -0.0265469421 -0.0225942824 -0.0888887793 0.0132820681 -0.00853379443 -0.0386843644 -0.035803169 -0.0233083777 0.0515746437 -0.092528075 0.0630026162 0.0473892502 -0.0404917002 -0.0637959316 -0.0462615825 0.0262097307 0.059811864 -0.038924057 -0.0431828089 -0.0774682909 -0.0774325207 0.00248709857 0.00268933084 0.0759310275 0.064508751
-0.196451485 -0.01377514 0.0861136466 -0.270834595 0.0161963366 0.365222365 0.144663095 0.044109486 0.0570763424 -0.0131189851 0.113545246 0.059343081 -0.00907424092 -0.0890758634 0.130238935 0.0209533218 0.0185518861 0.136712313 0.229370058 -9.70296533e-05 -0.179720968 -0.27995488 0.0387354493 0.185280666 0.115838066 0.0288485959 0.0479101129 -0.0339008383 -0.0472040288 0.146086216 0.184889898 -0.0474454612 0.257827193 -0.0582536794 0.0665643737 0.197524086 -0.0375126228 -0.260660529 -0.00515397917 -0.173537001 0.171154812 -0.138338029 -0.222596705 0.00913958438 0.145464569 -0.00309078442 0.17148608 -0.254517198 0.118595622 0.0543421432 0.282264024 0.104736783 0.0800565556 -0.222559944 0.122584097 -0.0609103255 0.106485523 -0.0164581649 -0.10679093 0.0804448724 -0.290427387 -0.271657825 0.0186840575 -0.163013697 0.039763473 -0.0653131381 -0.216933325 0.206141144 0.0325565189 0.329780668 0.0478230156 0.09994369 -0.0632899478 0.0423931368 0.0213112999 0.246827275 0.226586968 -0.0918358117 0.143921927 0.166609466 0.223227695 0.210050002 0.127025425 0.0689578652 -0.160484791 0.0963156745 0.00780949928 0.248959497 0.101048104 0.0816846415 0.116944641 0.17651318 0.14532721 0.086457178 0.0631559417 -0.238576353 -0.00911349803 -0.0283433683 0.095669508 -0.196247235 -0.0583528392 0.143137321 0.0710361376 0.0640760288 0.453872949 0.231733695 0.0165582392 0.288403511 0.163975552 0.0905054659 -0.256499588 -0.0775667354 -0.19007048 -0.07167878 -0.244533166 -0.0899747834 0.247398064 -0.263072908 -0.123120666 -0.208279297 -0.206398889 0.142339438 -0.0319974907 -0.264297813 -0.0439861938 -0.0887518823 0.194163382 0.0240617935
0.0341479965 0.0831865072 0.076982446 -0.064851135 0.0285148863 0.0434439853 -0.0024420009 -0.0939708352 0.152528614 0.0643756613 -0.0727143064 0.093834579 0.0453956537 0.0862866342 0.0707320794 -0.033506196 0.0373132154 0.010518902 0.0994711518 0.0906435549 0.0711238533 0.0467359684 0.0496047623 0.0431377999 0.0352945216 0.115449429 0.0474349335 0.0937127993 -0.0310247336 -0.0411309525 -0.0549560823 0.0118713602 0.138289213 0.0828120038 0.0850615129 -0.0715753883 0.0509098209 -0.0666193962 -0.00541766267 0.0598053969 0.13385354 0.0160376839 0.0473204255 0.0703603178 0.0750126094 -0.0458259806 0.0735882968 -0.0371667631 -0.0925525874 -0.0919846296 0.0128775621 0.0106239123 0.0223040879 -0.0477497801 0.060364183 0.0996232629 -0.0357708111 0.0418815091 -0.0223012809 0.0329927355 0.102521174 0.093947053 -0.00169726659 -0.0215184633 0.038374234 0.0434159301 0.124385215 -0.0776205063 -0.030602945 0.00301056658 -0.0448332392 0.0204316676 0.0647542328 -0.0373585783 -0.0543198176 -0.0989519879 0.0223321747 0.0456166379 -0.0689700842 0.0542330332 0.0534765422 0.151737347 0.0729221925 -0.11303889 0.00739877159 0.110465921 0.0480414666 -0.0220865402 -0.0349612981 -0.0413265266 0.0707947463 0.0233952999 0.0041045188 0.0422381461 0.126573935 0.0951674506 -0.0925701708 0.065003939 -0.00797479507 0.0101049924 -0.0638685077 -0.0543746501 0.1646889 0.118611358 0.00158527179 -0.0527892374 0.00453103706 0.100765593 0.0619796813 0.0787595734 0.0915018171 -0.0963341594 0.0642193407 -0.0569675453 -0.0281119198 0.0567360744 0.0118747959 0.0527378544 0.0100400979 0.0629288256 -0.0208216514 0.0873681828 0.0549304038 0.0356042869 0.00930023752 0.146106765 -0.0908849314 0.0723403022
21 128
-0.130082637 0.0169549249 -0.000841110712 0.128205642 0.0725289062 -0.0735883713 0.236229777 -0.0415882766 -0.580018878 -0.0271769706 0.0681061894 -0.116722018 -0.163799986 -0.0222540703 -0.025967611 0.364268154 -0.206334069 -0.0455006324 -0.265514791 0.185252532 0.0478863865 0.0157956574 -0.0495052673 0.419384599 -0.103447713 -0.0302692167 0.334913403 0.0504161157 -0.0138044581 -0.032736659 0.13273038 0.0713867098 -0.176391497 0.0668405071 -0.00408891449 -0.0999120995 -0.262985528 0.0596515946 -0.0228905492 0.0749539733 -0.312920153 -0.0150790652 0.2132999 -0.202292547 -0.111089118 -0.0513797738 0.00557428505 0.0855561569 -0.0764972568 -0.0518461429 0.110993549 -0.319424987 0.0372949466 -0.0521025322 -0.164814591 -0.124838404 -0.00480820099 -0.0297754575 -0.138459459 -0.0973206162 0.161319703 0.0692483932 0.21226491 -0.111403964 0.193931669 0.43430075 0.0860878751 0.122574583 -0.135510817 0.166968256 0.0168807209 -0.0365680978 0.0182584245 -0.0838205218 -0.0405937545 0.0246894807 0.133314759 -0.0150473127 0.0604359321 0.032090839 0.094069086 -0.435165167 -0.0196423549 0.0292473715 -0.0464372225 0.0644467324 0.0335034244 -0.0699844286 -0.0694300607 0.0479952432 0.220347553 0.0653821081 -0.0668227598 -0.0429295637 0.221381605 -0.0322423689 -0.0186256822 0.0538977273 0.0435224921 0.0721330717 -0.064673759 -0.0684082881 -0.206222147 0.0799547657 0.110730633 -0.223997161 -0.0524679199 0.149289474 -0.0570270158 -0.216514319 0.18561475 -0.061867509 -0.246357784 0.0670930743 0.162784442 0.0450399853 0.167879313 -0.219695419 -0.0905047953 -0.195924312 -0.23365283 -0.16124998 -0.152793482 0.0497709587 -0.145697221 0.050443437 -0.0476818196 -0.00636660587
-0.0523430817 0.141998723 0.0847615898 -0.152879044 0.00134852575 0.0136783896 -0.137425289 -0.0683585182 0.0124779837 -0.265189409 -0.0883554071 -0.0322133116 0.141517431 0.137307197 0.0633737445 -0.544678092 0.121367455 0.0361486524 0.120767817 -0.0471975803 -0.0523797087 -0.069687143 0.00704430509 0.198738217 0.0377912372 -0.194630712 -0.731798112 0.104715988 0.108440436 0.113531649 -0.109032094 -0.0600957312 0.024446046 0.0846277103 -0.0905475318 0.479480386 0.141742781 0.064554669 0.0244920682 -0.0106125483 0.143598378 0.0425638966 -0.0569363199 0.272754967 0.0297713671 -0.11059206 0.0254207253 -0.0878270939 0.0645882115 -0.00924372487 -0.0867815241 0.183843493 0.00674789492 0.0397224352 0.0757853985 0.000596618513 -0.0827106833 0.0126530286 -0.0422888733 0.220976517 0.0311808791 -0.0223372541 -0.37833482 0.0516645871 0.0604118034 -0.324386716 -0.30665195 -0.233819678 0.334871501 -0.0935401469 0.0723458007 0.0448719785 0.0358315036 0.280207336 0.0679523796 0.0986928865 -0.117883675 0.124364778 -0.036859002 -0.00972785242 0.0768894106 -0.148782447 0.0866831243 0.0106199989 0.0556474105 -0.0552678555 -0.0309795197 0.0434595905 0.0648400262 -0.0466309264 -0.0993748307 -0.0419071913 0.178450212 0.10159868 -0.299993545 0.0195676759 0.0471439064 -0.0287101716 -0.338691592 -0.00308821211 0.0986476019 -0.0527188666 -0.0948177949 0.0730184093 -0.148858517 0.0306725781 0.0696046725 -0.118963391 0.117529877 -0.042036362 0.0233352557 0.0707496777 0.0449589565 -0.00430818601 -0.237838507 -0.0159363355 -0.0780904293 0.049175892 -0.040546447 0.0950025395 0.128739759 0.118276268 0.205991581 -0.0611285791 0.0350113325 -0.0911058411 0.0774903595 -0.0370686986
-0.0387028717 0.0945168287 -0.0585587248 0.152016029 0.299699605 0.0437828973 0.141036883 0.0406222083 -0.12502557 -0.119711719 -0.0715216994 0.0881423578 -0.00309324684 -0.127415985 0.142388433 0.0842543542 -0.0983653292 -0.225338057 -0.23323144 0.325571477 0.0816666186 -0.0569384471 0.0583376959 -0.108794414 0.0720578358 -0.299643219 0.28582269 -0.098585166 -0.0978058204 -0.0828402936 0.062575832 0.13150242 -0.0904268324 -0.00695879059 -0.038740173 -0.600811422 -0.23684366 0.0721463934 0.0534855314 -0.0153078465 -0.151776627 -0.101330414 0.22134541 0.147201613 0.121413648 0.131692514 0.0369102918 -0.205176324 -0.073249802 0.0647510663 0.0255270656 0.0531799123 0.035373766 0.290403575 0.126705661 -0.119709954 0.0036860304 0.071389474 -0.148753271 0.0396402664 -0.122568935 0.143663749 -0.285065114 -0.0174380783 0.0215448719 -0.477844834 0.57195878 -0.142260835 0.239602327 0.0696975514 -0.126843229 0.0611557923 0.0115341311 0.583021462 0.0394662842 -0.0790787116 0.0453870744 0.333394259 -0.0595357083 0.001770498 -0.181582257 -0.284167737 -0.0651469007 -0.0093518747 -0.145963237 -0.231367365 0.224039331 -0.156864166 0.0600196794 -0.00450613443 0.201203853 -0.078312017 -0.261502504 0.0210531745 0.0165622737 -0.162261575 0.0391955003 0.00272018556 -0.180099666 -0.162209108 0.076584883 0.0353981964 -0.0419264399 0.00815563649 0.0854870602 -0.0864493027 -0.0645294413 -0.060140308 0.00445688143 -0.124819912 -0.0845880881 0.0137447966 -0.127145037 -0.00102373201 0.127267048 0.202143803 -0.0608735159 0.0101481853 -0.0184444059 -0.0375578515 0.450190693 -0.0386833511 -0.0323611721 0.0366092809 0.0123394933 0.0811989903 -0.0594137907 0.0122629153
-0.20351322 -0.150154978 -0.0949567556 -0.172984183 -0.263130158 0.0542461276 -0.22802034 0.0418973677 0.00364169991 -0.141755268 -0.024868248 -0.10772422 0.155302167 -0.145019203 -0.0515667796 0.0798936263 0.0357900858 0.0684791133 0.255806059 -0.00572626153 0.0316754282 -0.198587507 0.0717290714 -0.0235211961 0.0607708022 -0.0361777097 -0.243464649 0.0342198983 0.115090609 0.0833392739 -0.131343201 -0.215374857 0.143233582 0.162637845 0.0514812022 0.0548426285 -0.0118913613 -0.0683218911 0.045693934 0.00456707878 -0.0590052456 0.0299690757 0.0337344334 0.460761875 0.0663837641 0.020553695 0.0526740886 0.0955232531 0.0551246256 0.0461353287 0.0741144791 -0.0652333274 -0.00897796825 -0.0442315713 -0.0574502349 0.0460622907 0.0336669832 0.0360068344 0.223664537 0.0982982814 -0.0814937875 -0.149874434 0.250176579 -0.069501169 -0.27916804 0.0511769615 -0.155932575 -0.190291077 -0.0704898909 -0.175644949 -0.00693969103 -0.00849810801 0.00375560531 -0.0173340384 0.12704435 -0.0291723702 -0.161088124 0.140041932 -0.0349332206 -0.0888142437 -0.0180010386 -0.393890977 0.0672400221 -0.0799304321 -0.118747279 0.203522831 -0.0731160566 0.0544992015 -0.048561018 -0.14232479 -0.192457929 0.0122196991 -0.449664205 0.036693681 -0.119400956 -0.149564937 0.0166839045 -0.0332810245 -0.0425037481 -0.00971392263 0.185804904 0.0375796929 -0.126900539 0.136186972 0.01610508 -0.295902252 0.125432432 0.34678793 0.0162644163 -0.151491687 0.0123535488 0.0583015531 0.0259799138 -0.0518390499 -0.169654131 -0.123076357 -0.0412962921 -0.0517097265 -0.142885447 0.117268994 -0.464394689 0.00703601539 0.174664691 0.117412582 0.0333929956 -0.148512393 0.0713497177 0.0518969595
-0.0716210157 -0.156305179 0.282685488 -0.159299538 -0.0647075325 -0.0531283692 -0.0294952095 -0.0129324701 0.0976507142 -0.185905263 0.157762036 -0.0738201067 0.0135086896 0.100250341 0.021108022 0.226435453 0.0633801967 -0.0218208618 0.0619440041 0.0597994514 -0.0430245101 -0.457055092 -0.05974387 0.0309761073 -0.149495661 0.0592444465 0.234790415 -0.0377013311 0.398961484 -0.144746751 -0.0843257383 0.0177006014 0.776325703 0.210882008 -0.199389324 0.146623373 0.0787187293 -0.0166749526 0.0133531084 0.0299035199 0.222959042 -0.0475023389 -0.0834084526 -0.316873461 -0.12561056 -0.0352889001 0.00364122191 0.0781377032 -0.0224467013 -0.0201342087 0.249533474 0.0476634912 -0.0609982871 0.109898925 -0.233093351 -0.262905091 -0.0056733964 0.0161954444 -0.128132597 -0.0632087663 0.00798006076 0.403424323 0.176290125 -0.0457383282 -0.00573871052 0.38456884 0.0505233631 -0.030884143 0.302179635 0.0717432797 0.0741846934 0.0248784497 -0.0649817586 0.00861686002 0.0616765134 -0.0867501199 -0.216513038 0.060430944 -0.160261109 -0.0390215255 0.0370722711 0.196229815 0.00623689266 0.0326089486 0.0680578277 0.200888619 0.0985999107 0.248224422 0.0548373945 -0.0876228362 0.217941299 -0.0683747232 0.0991248637 0.0296827685 -0.0426719487 0.0354000703 -0.00428537652 -0.014725158 -0.0958832651 0.173372045 0.00838175416 -0.0022794921 -0.026871834 -0.128419772 0.0668102577 0.157347277 0.0464532785 -0.225782141 0.0427474156 0.213306755 0.215059221 -0.05405825 0.123244114 -0.059649799 0.312354952 0.387472421 -0.19006595 -0.0982509553 0.0193539038 0.00106281613 0.113871455 -0.0456505492 0.101773284 0.433338851 -0.00380720408 0.151764333 0.00963759143 -0.0303042755
0.1182376 -0.317003608 -0.248214096 -0.461338818 -0.00173525396 -0.0251152758 0.0888120681 0.000234143605 0.00565232569 0.0435951091 0.0665058941 0.0329035074 -0.275159299 -0.0139163593 -0.417350948 0.0423270911 -0.0202971883 -0.198352084 0.0468729138 0.0363699049 -0.0421121977 0.536450922 -0.0184142608 0.123260461 0.413284123 -0.157553568 0.146787211 -0.57539022 0.0882176086 -0.642128646 0.0440687649 0.0856503248 0.17572473 0.117083453 0.172584102 -0.032175269 0.0181601848 -0.0868329257 0.083657898 -0.0692634508 0.0984979123 -0.729424119 0.110745773 0.0798976719 0.155191824 -0.265287936 0.0193349738 0.062230546 0.044134751 -0.0393770933 -0.123968259 -0.0182859395 0.0495646484 0.121465147 0.0525353998 0.0166456345 -0.0182174798 0.0177735202 -0.0223289151 -0.110186704 0.0731870383 0.100538678 0.0279238652 -0.00557762338 -0.0160880722 -0.0474277064 -0.241303653 0.0310811009 -0.178406745 0.0222895984 -0.25826782 -0.0158767216 -0.0435143411 -0.1283544 -0.0312458649 0.000789670448 -0.027456848 -0.0527919903 -0.0506161824 -0.053322427 0.0832410157 -0.144682229 -0.0224292669 0.0265961811 0.458894342 -0.158506066 -0.397534817 -0.34403193 -0.0903968886 0.0791056901 0.0466653705 0.03655288 -0.159931719 0.129855201 -0.0797156468 0.0361041613 -0.0957713872 -0.00219001714 0.0583269708 -0.222439855 -0.125360623 -0.0198492315 0.158076033 0.320165932 -0.0128743807 -0.0370629467 -0.143217549 0.0160499699 0.0540723167 0.114392594 0.107252225 0.0135408984 -0.187989116 -0.0298054423 0.0541799404 0.106437698 0.00231248466 -0.0982505679 0.082785815 0.0634011924 0.0056785373 -0.100092046 0.0617370903 0.145181522 -0.0242135096 -0.164876744 -0.0598403774 -0.328076571
0.100401446 0.136200085 -0.414938152 0.123329684 -0.109757461 0.0600028224 -0.0470935442 0.0543839149 -0.000640210521 0.0065079648 0.02475629 0.039587643 -0.000450422696 -0.00678035198 -0.246027976 0.0765195787 -0.0509103388 -0.0627154484 0.170910478 0.0366749316 -0.0830864161 -0.668867886 -0.0744878724 -0.0126540735 0.28163439 -0.451099545 0.127729073 -0.243649617 0.0991254374 0.554950178 0.000911483949 0.0248774905 0.0772591978 0.0398983397 0.211145118 0.0940564722 -0.282039165 -0.00575596001 0.0840727091 0.0107438425 0.100451306 -0.103243239 0.11576435 0.0343278982 0.0258801747 -0.0821746439 -0.0137401614 0.0929064453 -0.05187051 -0.0260806642 -0.297385782 -0.00593127497 0.026531877 0.0476629063 0.116177753 0.182589963 0.0429894254 0.0101519842 -0.175604075 -0.474650979 0.0062280288 0.072206758 0.0718630105 -0.0878838822 0.102330267 -0.0251550451 -0.100878514 -0.144258514 -0.1244663 0.145980611 -0.0828877389 -0.0551436506 0.0148033863 0.0623738207 -0.0364054777 0.0542796776 -0.417948693 -0.0525643826 -0.420821935 0.0283796955 0.0762173459 0.044447761 0.0483094007 -0.00713965436 0.0924726054 -0.225799799 -0.162715882 0.0931030065 -0.0631178096 0.116556272 0.07991983 -0.0498318784 -0.0490539707 0.103592344 -0.224765182 -0.0397766605 0.00577092217 -0.0451404303 0.01037776 -0.138357714 -0.689041257 -0.05545488 0.155262783 -0.112895429 0.000911849434 -0.186688006 -0.531639934 -0.352583826 -0.00173841906 0.129424363 0.209889337 -0.0896794498 -0.117405862 -0.0700480491 0.100806527 0.0202866495 0.107095145 -0.50158751 0.0606721006 0.170548141 -0.143433273 -0.401865065 0.0034090539 0.125823468 0.127079979 -0.348186105 0.0192496907 -0.497511238
0.104576349 -0.000952921226 -0.21466814 -0.046935495 -0.498854131 0.0643593743 -0.110439271 -0.0306731015 0.0470358506 0.0662955791 0.145053968 -0.385549545 -0.0580486804 -0.0037125363 -0.254484475 0.0782149434 0.00532217184 0.086852394 0.0689324513 0.00858479273 -0.0206678361 -0.0354942009 -0.0975997895 0.0474705286 -0.968697727 -0.397732794 -0.0635259077 -0.0638062283 0.0617377087 0.198291332 -0.498601586 0.0200624503 0.0286736563 0.0536316 0.057937935 -0.0191568099 -0.333003074 -0.038481459 -0.0197685082 -0.0684927478 0.175690636 -0.217072561 0.00654936302 -0.267591834 -0.0787503943 0.0385902748 -0.00453347154 0.0167881418 -0.0129766595 0.0379671156 -0.161959842 0.0415113755 -0.0305197071 -0.218234122 0.0531001352 0.205692038 0.00955655891 0.0461921506 -0.453863323 -0.210546568 0.0575115494 0.120590687 0.00112160551 0.083556138 0.00687541021 0.12216223 -0.212735862 -0.135185018 0.0216303915 0.0841074958 -0.274867117 0.0414229706 0.0089982301 -0.0580837391 -0.0199497212 0.0459392741 -0.341217309 0.133263722 0.24853161 0.0817296207 -0.284927219 0.138111249 0.0815268308 -0.0130336545 -0.0557410344 -0.367521763 -0.0289349761 -0.0391372479 0.0771455243 0.131423369 0.158552572 0.0374768786 0.087066561 0.141778514 -0.150276452 -0.459181964 -0.0474283881 0.0387863331 -0.279392987 -0.201501608 -0.504935384 0.0477766767 0.12862055 -0.726608634 0.106745452 -0.0705657974 -0.345263779 0.302566767 0.0324655473 0.00586313009 0.125085786 -0.0688162223 -0.0620907098 -0.0325067602 0.162164688 0.0606495813 0.177622423 -0.338973522 0.174573287 0.178874627 -0.0675291792 -0.090357624 -0.155182689 0.179613441 -0.365097076 -0.397221506 -0.0396008678 -0.19562529
0.0976019502 -0.00946062524 -0.0241991412 -0.474134445 -0.0138036432 0.0698770881 -0.130289927 0.0209205355 -0.0552566089 0.112697706 0.143620223 -0.492361397 -0.0547303557 -0.277919471 -0.130499497 -0.0200727601 -0.0648058951 -0.0319774151 0.0238065347 0.0835500583 0.00226014783 0.0499406829 -0.052714441 0.0459605679 -0.337283224 -0.352929085 -0.148085281 -0.221412227 0.176012531 -0.179297239 -0.468093634 0.065423131 -0.16006501 0.197998494 0.15182136 -0.0786101893 -0.153656915 0.0208591167 -0.06901557 0.0649264306 0.0913817585 -0.0225863028 -0.179288283 -0.391237587 0.0367618501 0.0450356454 0.0463053137 0.119896263 0.0855486169 0.0132013671 -0.0641891286 0.076903522 0.019437246 -0.378255665 0.10508693 0.139247671 -0.048065275 -0.00957081653 0.241020158 -0.428017318 0.0436670445 0.139459163 0.000418865471 0.0361265466 -0.00805293582 -0.0384935662 -0.207949907 -0.19646579 0.0634611771 0.117827177 -0.597761869 0.00665966934 0.0744282007 -0.165618077 0.0522666201 -0.0554902777 -0.351291895 0.113804631 0.207339257 0.0762450173 0.12127848 -0.16455552 0.00418019155 -0.0529344156 -0.0721384287 -0.231722429 -0.388929069 -0.278908461 -0.0040011392 -0.00694362028 0.165421143 -0.0374160111 0.0563010983 0.0823275894 -0.525094092 -0.259458393 0.0788791776 0.0448642746 0.144269466 -0.258734852 -0.246072203 -0.0145767294 0.0660935193 -0.0982328951 0.0634236112 0.0343946591 -0.0397823937 0.175677329 -0.254311562 0.163772494 0.0423044749 0.0463699438 -0.0992903411 0.0731826797 0.0163225867 0.196437985 0.0373940542 -0.30796212 -0.112926781 0.00220188987 -0.00456544524 -0.172216728 -0.00740107195 0.0537083559 -0.367210031 -0.585373342 -0.0887708813 0.00369650126
0.0408664867 0.154561058 0.0642985031 -0.357925802 0.0160509385 0.0580244027 -0.23373571 -0.0182343479 0.12091139 0.11999391 0.0786138251 -0.0388150215 -0.00327605987 -0.227997318 -0.0478716791 0.0216576997 -0.0911229625 0.0967155769 -0.0342900641 0.0784916431 -0.0610879436 0.0799966529 0.0310929213 -0.400525957 -0.057633929 -0.0969314873 0.00793197472 -0.297938377 -0.00872259401 -0.0790782943 -0.236517832 -0.019780878 -0.57712698 0.0597167462 0.12231116 0.048115734 -0.0960455313 -0.0319271684 -0.024658639 0.00356836966 0.0532604568 -0.307883322 -0.419564039 -0.254505724 -0.271915197 0.0636458471 0.06226556 -0.300473005 0.00514796562 -0.0156407859 0.0167264976 0.138245553 0.0282122754 -0.219469607 0.182742342 0.0282391887 0.0110676726 0.0180035383 -0.0809627995 -0.181022048 -0.111287117 0.0723493397 0.101116598 0.0672255531 0.101213172 -0.148976579 -0.0210788101 -0.231934413 0.0467719138 0.0243919566 -0.34429273 -0.0237766504 0.0379160754 -0.16177699 -0.0606565662 0.0528808311 -0.359148115 0.17739059 -0.154159576 0.00232868781 -0.102362923 0.0332451239 -0.0738382787 -0.0617267117 -0.0448059179 -0.316264391 -0.367549568 -0.148606107 0.100168318 -0.722025812 0.00645268103 0.0716098994 0.0347356535 0.0315268934 -0.291034073 -0.247240856 0.0802851021 0.00496221939 -0.134240359 -0.36447075 -0.269550771 -0.0563332327 -0.116481416 0.0360359363 0.0356728844 -0.0683160871 -0.287801921 -0.13436079 -0.191055804 0.0230690092 0.00659784628 -0.0508228503 0.0543696918 -0.0779672489 -0.0542412624 -0.0411879644 0.142883211 -0.302511781 -0.373797983 0.094259046 -0.00602041883 -0.0403314903 -0.0972456411 0.090964213 -0.216922969 -0.169887647 -0.0731272399 -0.018784862
0.168264255 0.0950206965 0.131527007 -0.238286093 0.0828027651 -0.0153107848 -0.0321123265 -0.00370027637 0.0897329897 0.0389851667 0.0560460649 -0.108325258 0.0785398483 -0.0145969894 -0.254497796 0.0429888405 -0.121046111 0.0576083735 -0.107232906 0.0190976635 0.00353265204 0.150613576 -0.0208185539 -0.480130285 0.0979290605 0.0226704255 0.113328971 -0.160301447 -0.115192018 -0.00103767624 -0.0920953006 0.0425719172 -1.1459235 -0.446265668 0.0768206418 0.0251622591 0.0578984246 -0.00344473822 -0.0167787299 0.0327924341 0.0509469956 -0.10678041 -0.37638846 -0.237995014 -0.160696507 0.106462412 -0.0354188532 -0.633367479 -0.0625297874 -0.0389968157 0.00663020648 0.0893536285 0.06839744 -0.0594855286 0.121431671 0.169657171 0.104889378 0.0618775003 -0.252200186 -0.172746673 -0.167680457 0.116418995 0.0561478026 -0.0405866243 0.000385382882 -0.0468173213 -0.0995768979 -0.0714563653 -0.0177150872 -0.0087476708 -0.167787075 0.0620676391 0.0561245903 -0.059199363 -0.0165474471 -0.0747558102 -0.370297551 0.0473065488 0.0133298626 -0.0931670815 -0.109347388 0.0604855232 0.0791617557 0.0232140291 0.0137766227 -0.0741786957 -0.125629827 -0.196089819 0.0776024535 -0.019470429 -0.0590993389 -0.0165083893 0.0696537048 0.0542195216 -0.165239185 -0.208102554 -0.0637015551 -0.0781794861 -0.216187298 -0.139461175 -0.149548009 -0.0600522496 -0.585989118 0.10765934 -0.12000604 0.0826354399 -0.157441527 0.0515336283 -0.195133746 -0.0878922269 -0.0504745692 -0.00416196138 -0.017659517 0.0519602299 0.0793052167 0.0207387079 0.103609264 -0.0928171352 -0.133824199 0.023025075 0.00517710205 -0.150736302 -0.164156988 -0.0377773307 -0.0880330205 -0.0277916472 -0.0664569363 0.117916107
-0.0188511629 0.128546998 0.0546009578 0.0691904575 0.11696589 -0.0136060137 -0.181611046 -0.0543377101 0.0695210919 0.0908715278 -0.0199224148 -0.247756153 0.104532696 -0.20915255 -0.0980239064 -0.138181388 0.0834377408 0.0543613918 -0.262619078 0.0458506718 0.0318112671 0.215128958 -0.0320136547 0.176691979 0.158664912 0.0248578172 0.0333407111 -0.317724794 -0.102750495 -0.223379895 -0.104467541 0.0776833594 -0.62631923 -0.654364288 0.0915420279 -0.123794675 -0.243624926 -0.0586324148 0.0622193255 0.0560830534 -0.0164266024 0.00934873149 -0.0858652145 -0.308689624 0.0483825654 0.139413267 3.00038919e-05 0.0520208254 0.0422592834 0.0427997448 -0.0249879938 -0.0179582033 -0.00738396263 -0.0563994348 0.0673875138 0.0308612213 0.0320229903 0.0507364944 0.120362058 0.175596476 -0.630665362 -0.00440494763 0.155860409 0.0603678897 0.0734126866 0.0424812362 0.00307310931 -0.275507629 0.114490591 0.0264807101 0.018828759 -0.0355953276 0.0372232534 -0.0391884893 -0.0262777787 0.0508961044 -0.268118471 -0.0242625494 -0.0117128165 -0.0944177732 -0.106330834 0.0558018088 -0.0331906863 -0.0668478757 -0.101056851 0.0569469482 0.0396278612 0.118483022 0.133922696 0.221970364 0.000426820829 0.0237186663 0.0652541518 0.0955424532 -0.488662839 -0.046270825 -0.0763959661 -0.0279053226 -0.0641003773 -0.0389467552 -0.266683847 -0.0103678275 -0.370153576 0.133185878 -0.41803062 0.0350281969 0.00554447481 -0.162454233 -0.207773 -0.133747324 -0.980050325 0.046084553 -0.00202521007 -0.0420732349 0.108915441 -0.0219450835 0.156385019 -0.32995832 -0.173699304 0.0454653278 -0.0952222347 -0.151253745 0.252935141 -0.501785576 0.0446423218 -0.0340020843 -0.0669083893 0.177423254
0.0294817816 0.057964325 0.144458652 -0.461832225 0.128823385 -0.0659326166 -0.196524501 0.0505775735 -0.0132868886 0.00159753195 -0.291837275 -0.320930243 0.105880745 0.0552190281 0.00570901996 -0.0256607682 -0.0244561844 0.125872493 -0.229854628 -0.190913633 -0.0583850667 0.128294796 0.0271050371 -0.0467097051 0.0827147737 0.00405125134 0.13348487 -0.021374654 -0.329912066 0.265267998 -0.18907626 0.0837331936 -0.306048006 -0.325638652 -0.139553696 0.0493756533 -0.0782142729 -0.0331083983 -0.0787881017 -0.0721525624 -0.0146991666 0.0579264164 0.00341533078 -0.215228662 0.313388824 0.148663819 -0.00379044889 -0.279256821 0.043488048 0.0475278869 0.176571652 0.0673701018 -0.0186088942 -0.0187778566 -0.0480910763 -0.10888949 0.0671990365 -0.0273437072 0.0810856447 -0.345100552 0.136709556 -0.19224827 0.176885471 0.0546823218 0.0626775175 0.19367528 -0.0069945869 -0.40766564 0.136317015 -0.708500385 -0.0104668597 0.0551214963 -0.0514465608 0.0124033615 0.039482858 -0.0517365411 -0.375763685 0.0230543297 0.446448326 -0.0666159168 0.0129267452 -0.0217274521 0.0321394801 -0.0494151302 0.0156742055 0.0966289118 0.101130366 -0.00863405783 0.0724608004 0.142672509 -0.164832488 -0.0276676733 0.0821577534 -0.0133937607 -0.110345252 -0.359767526 -0.0555806942 0.00135746819 0.034779992 0.151761532 -0.207178459 -0.0444635786 -0.0922066942 0.154517695 -0.10137441 0.0904654935 -0.0214334484 0.120520778 -0.207905188 -0.334207565 -0.83848846 -0.0702963099 0.0807799771 -0.0770161077 -0.14326334 -0.249269381 0.00682018558 -0.0759615377 -0.140087619 -0.102543533 0.0425268933 0.0488197468 -0.183228582 -0.35281077 0.0821972415 0.134640649 0.0750758946 0.0654927269
-0.117901832 0.119389132 0.072425887 -0.00569891371 0.0150357429 0.0420606583 -0.254953742 0.0616655238 -0.0236028805 -0.106548674 -0.437012881 -0.0409750342 0.0162381306 -0.196425647 0.12726362 -0.101084337 0.0541032515 0.123638771 -0.0548870191 -0.163098663 0.0962496176 0.0230409056 0.0636125207 -0.0260112565 0.102530107 0.0382371806 0.0309788361 0.0594126508 -0.25459379 -0.230356395 -0.483652145 -0.020558767 -0.068476513 -0.173728809 -0.600796461 -0.0292094555 0.0891174302 0.026648093 0.0606175847 0.0734652653 -0.0114197768 -0.000544793438 0.148373857 -0.192316666 0.637227178 0.130960271 0.0322306566 0.277433097 0.0637151003 0.034743119 0.142409638 0.103635751 0.062914528 -0.190866277 -0.293050289 -0.516754389 0.0700966865 -0.0171836391 -0.311005503 -0.054887969 -0.12569356 -0.326546848 0.0935598761 0.0283052772 -0.0735215172 0.0282369871 0.0750026554 -0.104605459 0.0332858302 -0.267850757 0.0751491338 0.0060309465 0.031089358 -0.0502863601 -0.0605749972 -0.0688498691 -0.0120209865 0.0630103722 -0.555410028 0.0569308996 0.349866837 0.0680064261 -0.0689507425 0.0186787546 0.0479706116 0.0545231514 0.0134393163 0.0330043994 0.0986330062 0.207377195 -0.243212774 -0.0219559837 0.00146644178 -0.0583482943 0.0343329497 -0.0572317727 -0.0453442931 0.0496974066 -0.307870239 0.104410268 0.0260970071 0.0108572599 -0.15768382 0.157453656 -0.174688548 0.0420736 0.138441339 -0.432480186 -0.254247189 -0.0927233472 0.0287428536 -0.00789028872 0.0502997451 -0.0407433733 -0.115393892 -0.216394678 -0.124115333 0.0542130917 -0.0803822875 -0.0925032645 0.0717763305 0.0867324993 -0.124058977 -0.393292993 -0.437242836 0.0939312726 0.0190282911 0.158206791
-0.0927009955 0.00826074276 0.110333353 0.00765715027 0.139471859 0.0460244939 -0.0424125455 0.0228778999 -0.0366300344 -0.199780166 0.110103004 0.134739101 0.0949851573 -0.0760272443 0.142396092 -0.0861885175 0.113542631 0.0426579192 -0.220451131 -0.260270774 -0.0236415248 -0.618486941 -0.074462302 -0.037612617 0.116836853 0.100385338 -0.0846952423 0.123512812 -0.0837066472 0.0615646839 0.103571974 -0.0133522796 0.0610265844 -0.154495284 -0.433680207 -0.0571773909 0.0732958689 0.0451679826 -0.0166822467 -0.0361325741 -0.121031851 0.0828539878 -0.31920442 -0.126627699 0.0362376422 0.0725771785 -0.0758937597 -0.105485648 0.0123249963 -0.0903482288 0.119970366 0.0599314049 -0.063980259 -0.0525020026 -0.492815256 -0.46572879 0.0170589052 -0.0114604589 -0.0385051258 0.0429739505 -0.373426914 -0.387460023 0.00440555625 0.034135446 -0.241586193 0.0394186787 0.113654524 0.0694757774 0.00761810318 -0.0942333266 0.0697154403 0.00855266582 -0.0493096747 -0.00498813158 -0.0685851127 -0.0276112109 0.0251425467 0.0588526987 -0.26284638 0.0262616016 -0.512821496 0.0324275419 0.0444239825 0.108470663 0.0490468927 0.0645123646 0.0531636365 0.0846540704 0.0306124687 0.169536337 -0.109421387 -0.0338928066 0.0376904458 -0.0245033707 0.0573141575 0.104459465 -0.00278934464 -0.0433934815 -0.0410783291 0.0451311357 -0.0120517761 -0.0696873069 0.182196394 0.105683148 -0.209385842 -0.0248067994 0.063453421 -0.19254604 -0.131629184 -0.211424604 0.228103653 0.0919369608 0.0874387696 0.0853267759 -0.146433234 0.0769950673 -0.369700938 0.0304828435 -0.301638752 -0.33766374 0.0283183679 0.016012894 0.0435478576 -0.195122451 -0.110372044 0.0345670171 0.0540096983 0.10470894
-0.15395841 0.0721393451 -0.0497022308 0.119959459 -0.0434839167 0.00369190401 0.0971761346 -0.037804883 0.0287318528 -0.138378233 -0.141030833 0.0290494077 -0.0796059072 0.0787806287 0.0754395947 -0.0965422541 -0.0130448462 -0.0445814431 -0.147604406 -0.224451408 0.0853518248 -0.248677298 -0.0446444042 0.0494294167 -0.00486935861 0.0556196421 -0.187990129 0.0776096359 -0.124128751 0.162769184 0.0519928709 -0.105521895 -0.0797189623 -0.339058399 -0.136558279 -0.0850042179 0.081893228 -0.0158017762 0.0149540119 0.0568011627 -0.0883480757 0.113929637 -0.0574261211 0.0207104031 -0.943599641 -0.0723175853 0.0728782713 -0.432292819 0.000952764065 0.0170954112 -0.0531338826 -0.00520239864 0.0507636257 0.0989756808 -0.290710956 -0.236685336 0.0728530511 -0.0581218973 0.0628710017 0.129630759 -0.0831904486 -0.247304767 0.0478235781 -0.00157438219 -0.0661570802 0.0948351175 0.130241141 -0.023596637 -0.0091831563 -0.293775678 0.0835453421 -0.0834254101 0.0854400322 0.102364361 -0.0714093819 -0.0363109373 0.0939172134 -0.116371162 0.0764704496 0.0154831372 0.045095399 0.0225245897 -0.0383550227 -0.02714484 0.127471104 0.103307322 0.0993767157 0.0617576987 0.0222939719 -0.574662626 0.000968908193 0.0922777578 0.0286549106 -0.154996008 0.0359856896 0.128064081 0.0619776472 -0.00857324526 0.095725581 -0.0214571264 0.0261304881 0.0755022392 0.0990332961 0.0769264325 -0.0194794144 -0.0251114648 0.0887903124 0.0969828591 0.0256859027 -0.0337407477 -0.0382312462 0.0477919206 0.101312794 0.0499047749 -0.0860274658 -0.316514313 -0.351961553 -0.0145544084 -0.00380246411 -0.19750458 0.000888680399 0.0117530609 0.0429149047 -0.290080369 0.0642703399 0.0927745551 -0.0725416914 0.0716865584
-0.00194662495 -0.265815973 -0.0632353276 0.179842547 -0.186301574 -0.0638442561 0.115164436 0.0116561446 -0.0748749226 -0.146027207 -0.220802665 0.0954876319 -0.051869709 0.0631572232 0.117604636 0.0317808688 0.024690032 -0.0901826322 0.00438949233 -0.156885698 -0.0641341209 -0.175539911 0.011301728 -0.434239417 -0.209455252 0.0670764372 0.0562693179 0.0456489809 0.0125621995 0.0452099778 0.117261119 -0.284457624 -0.948597133 -0.487450361 -0.0120106814 0.0679651946 0.0299007706 -0.0367063545 -0.0533946604 0.0115368757 -0.107969694 0.0483758003 0.118266597 0.0246829167 -0.235017493 -0.00486369524 0.0603707582 -0.0772501528 0.0418687835 -0.088831611 -0.0530104935 -0.115991369 0.0558796078 0.15015772 -0.0996372402 0.0472380556 -0.0822032914 0.0731543154 0.15327692 0.115248911 -0.0819480792 -0.147447422 -0.0975880921 0.0322294608 -0.112964593 0.0162138566 -0.0171458442 0.0904739797 -0.00439426536 -0.0921941698 0.06648013 -0.0915284008 0.0742217079 0.105146974 -0.0570704527 -0.0203992464 0.157728374 -0.190176129 0.0681996197 -0.0140158711 0.0470792577 0.00796674099 0.0750508159 -0.00790558197 0.115882933 0.0821302235 0.116115436 -0.00494269934 0.0143387653 -0.194527358 -0.000371138623 0.0237340052 -0.0172748137 -0.193772897 0.0589988641 0.128801301 -0.0758081377 0.0151814027 0.0731362402 -0.0815977156 0.109407358 0.0198146328 -0.644196868 -0.208134979 0.0649116635 0.0225678049 0.0861866549 0.0534198135 0.0764190406 -0.0166745018 0.178814083 -0.0608576424 -0.00800362509 -0.0428960621 -0.0223597903 -0.229334861 0.113383733 0.113574296 0.0183291044 -0.21562697 0.0696752071 0.0684203431 0.0129341688 -0.432148844 0.0836133733 0.0194379315 -0.0741720051 -0.115470983
-0.066850327 -0.14936696 -0.0205080062 0.0471571758 -0.639597714 -0.0384501889 0.0528807938 0.0361690558 -0.00232990179 -0.18931061 -0.197439983 0.0621015131 -0.0311902463 0.0340261869 0.116339922 0.0638949946 0.0924401209 -0.0758920535 -0.0887098908 -0.25557667 -0.0609452054 0.0103604225 0.0421960875 -0.175425977 -0.539839447 0.0552408546 0.0180285163 0.0826472938 0.0228971932 0.148878708 0.0990548283 -0.121758305 -0.523456872 -0.347296745 -0.390624881 0.0380937941 -0.0195451435 0.00122184702 0.0328812003 -0.0532757267 0.0239696112 0.121270671 0.0909149349 0.0679651573 -0.133678466 -0.0960751623 -0.0327983424 0.0479830727 0.069122225 0.0347183384 -0.0498017855 -0.181873545 -0.0367335118 0.102288648 -0.15655756 -0.293303698 0.0175796319 0.0065840059 0.0918312073 0.0150470296 -0.0403032191 -0.0352524221 -0.254460812 -0.0701166466 -0.128338933 0.0167664811 0.0403238721 0.126408398 0.0233626738 -0.315989017 0.173912689 0.0365106948 0.0653985664 -0.018691536 -0.021774238 -0.00266752369 0.174637854 -0.15412721 0.0688148811 -0.0191645306 -0.0176446214 -0.0209413078 -0.0797641724 0.0454848967 0.0891767442 0.138696417 0.00916979741 0.0419916883 -0.170638189 -0.0136076361 -0.0268635638 -0.038856145 0.0570436902 -0.262341917 0.0863425583 0.158080131 0.0216611847 0.0351943821 0.095209159 0.106573112 0.00778110465 -0.0115871085 -0.161831871 -0.705504894 -0.0401051454 0.083785288 0.0648265034 0.129311979 0.0526769198 0.0561556257 -0.109456904 -0.0425070114 0.0637611449 0.0218349826 -0.00994783267 -0.0881408826 0.203823075 0.0749212578 0.00372129073 -0.308842957 -0.0381973833 0.0377076119 -0.0342114009 -0.114011221 0.0350951217 0.0536325984 -0.0595175102 -0.295818239
-0.0285799 0.0363404825 -0.278909117 0.159105062 -0.308551133 -0.0749943629 0.0464075394 0.00684404094 0.0758372471 -0.0927912146 -0.0591036454 0.117438577 -0.135490313 -0.0179368164 0.0137474481 0.0747150928 -0.0904807076 -0.145085588 -0.00196646154 -0.0422038622 -0.0717455894 -0.017415829 0.0140443835 0.0784949362 -0.244150087 -0.0600018054 0.0328663774 0.142074242 -0.00117989094 0.15400207 0.00890768971 -0.114796795 -0.245605141 -0.019169284 -0.411856532 -0.0221624132 -0.030460326 0.049713172 -0.0376046412 -0.0639446005 0.0305992719 0.0831493288 0.0746642351 0.139656618 -0.0425172597 -0.277300328 -0.0930556729 0.116697095 0.0278283004 -0.0199858174 -0.113161311 -0.0832988992 0.0313333459 -0.051896546 -0.0178521164 -0.378170043 0.0765983164 -0.0579836033 0.0441386998 0.0975557417 -0.00712580048 -0.00773601886 -0.194685802 -0.056812454 0.0207253546 0.00554720964 -0.0930534452 0.146231174 -0.0386692882 0.0426440686 -0.0211000126 -0.0238754358 0.0367643312 -0.0798719302 0.118446179 -0.0692870766 0.176786348 -0.15118745 0.0865768194 -0.0360497646 0.00548237516 -0.0989381894 -0.0585368127 0.0142761953 0.0900981277 0.034373302 0.0673874617 -0.00350574916 -0.214000955 0.100524582 0.0291109532 0.0289332941 0.0164473113 -0.0443487503 0.161611557 0.0708859563 -0.000711928296 -0.0462486558 0.0568564497 0.0850158855 0.0516744182 0.0101541895 -0.054258991 -0.448547959 0.0595649257 0.0625438616 -0.0225830004 0.0236038174 0.103049137 0.0162780378 -1.05831969 -0.0141580775 0.0822030455 -0.0730751529 -0.00755949039 -0.105716452 0.267487586 0.0286998712 0.00611005584 -0.123062082 -0.060603261 0.0906966478 0.0614438951 -0.0958090574 0.0810290426 -0.0317244641 0.0515790395 -0.615075588
-0.137917116 -0.1489131 -0.26738143 0.0159936324 -0.107802138 -0.065168269 0.0434013568 0.0729186162 -0.199632362 -0.0637214556 -0.0288290158 0.0681534782 -0.279025108 0.113434434 0.0680595413 -0.0548497774 -0.284450799 -0.166096896 0.0563270822 0.0508883297 0.0595390648 -0.0650442615 0.00810747221 0.058577016 -0.196135551 -0.0870691314 0.136907533 0.0049831043 0.000130510307 0.127273187 0.159513608 -0.0744820535 -0.0252608173 0.0796805471 -0.121334597 -0.020808436 0.0675413907 0.0338819064 -0.0744909346 0.0598912649 0.0359837003 -0.171403021 0.0722685829 0.0986304656 0.10056711 -0.141646206 0.0388851464 0.121867724 -0.0707046017 0.0310947262 -0.28147608 -0.223854527 -0.0558441803 -0.0141141945 -0.749702573 -0.0976300985 0.0952514783 -0.0348038264 0.05859752 0.0344573222 0.0491524972 0.0501829758 -0.0789245516 0.0144479424 0.0178501066 0.021258181 -0.0176811572 0.0247219689 -0.100726716 0.0723286867 -0.0410851426 -0.0387973823 0.0388760567 -0.0466762334 -0.048527997 0.050949581 0.157238662 -0.0911835209 0.150270492 -0.0697833449 0.0650852472 -0.102055684 -0.0934589654 0.0577651225 -0.0872632861 -0.0904558301 -0.0532424487 -0.00142669328 -0.180355772 0.114892885 0.0988883972 -0.0150005994 -0.116381295 -0.110473678 -0.011926976 -0.0139041618 0.0774189159 -0.00663016876 -0.0130713964 -0.023920577 0.00531109469 0.0111229923 0.0587112755 -0.226881087 0.000650503032 0.0600451902 -0.199193269 0.0569367222 0.14225252 0.00463491166 -0.191890702 -0.018979812 0.0591429137 -0.0372408777 0.0426261872 -0.00877846777 -0.337451667 0.079846479 0.132071927 0.0467443243 0.000488368154 0.0572113022 0.0286474135 -0.0465750918 0.0485545695 -0.159281194 0.0670786053 -0.0748280808
-0.0570247248 -0.383875459 0.0688801482 -0.0346799791 0.0827905834 -0.0690435246 -0.00978383608 0.00350335869 -0.0758616403 0.0673739836 0.0828400105 0.0768747553 -0.429220885 0.0518021099 -0.0640105084 -0.0582667515 -0.364335686 -0.321178764 0.0131505048 0.0630807579 -0.0142152896 -0.0454784669 -0.0767389163 -0.0068252054 -0.222180828 -0.143813074 -0.0638895705 -0.0437722392 0.0426119976 0.0419904441 0.085661225 0.0272331145 0.120915182 0.123098813 0.0107273245 0.0549342483 0.127515808 0.0481986441 0.0206466746 -0.0301489867 -0.0153310951 -0.509698212 0.0415599532 0.0617692024 0.162321791 -0.185294211 0.04830309 0.0620167963 0.0114378957 -0.0314471126 -0.282073796 -0.141983405 -0.0772498101 0.036245022 -0.064211458 0.00536489068 -0.0720154867 -0.0209949259 0.0639559552 -0.00274058525 0.00197827769 0.0623564012 -0.0680035725 0.00887840427 0.00309308921 -0.051268097 5.1866431e-05 0.0392301083 -0.289670557 0.0904613808 -0.00763615035 0.0266775526 -0.0112792607 -0.140848994 -0.0492661111 0.0159460269 -0.032762941 -0.0358719677 0.120849572 0.058893647 -0.00506967725 -0.0410536677 -0.0415051021 -0.0333709717 -0.547173023 -0.085584715 -0.197126701 0.0687224865 -0.192360967 0.103913754 0.0645513535 0.0537910201 -0.189470246 0.0298553873 0.0803319886 -0.0237300172 -0.0533981584 0.0346753038 0.0454620495 -0.0249731131 0.0806532279 -0.0174257793 0.105210975 -0.0348016657 0.0823525861 0.0154319834 -0.526871562 0.107239209 0.12603201 0.0789142102 0.0617603548 0.0525360033 -0.15444456 0.0658856705 -0.0438218303 -0.053195443 -0.143300176 -0.0281332172 0.0787395462 0.004528258 0.036235325 0.120503046 0.0173586942 0.129566908 0.0890975893 -0.269301087 -0.0487067476 0.156622976
-0.109365262 -0.0609911345 -0.0533102639 -0.0871720761 -0.084728308 -0.0658605322 -0.0115199303 0.0229504369 -0.0890186504 0.0105829081 0.0472769514 -0.0197097715 0.0932067558 0.0978761911 0.0196003374 0.0261094812 -0.0325912498 -0.0919947401 -0.0893315151 -0.0901873186 -0.0727111101
test 187
0.00200000009 -0.0209999997 0 0 1 0.25 1 0 -0.454959989 0 0.00400000019 1 0 0 0 0 0 0 0 0 0 0 0 0 0 0 0 0 0.00200000009 -0.0209999997 0 0 1 0.25 1 0 -0.454959989 0 0.00400000019 1 0 0 0 0 0 0 0 0 0 0 0 0 0 0 0 0 0.00200000009 -0.0209999997 0 0 1 0.25 1 0 -0.454959989 0 0.00400000019 1 0 0 0 0 0 0 0 0 0 0 0 0 0 0 0 0 0.00200000009 -0.0209999997 0 0 1 0.25 1 0 -0.454959989 0 0.00400000019 1 0 0 0 0 0 0 0 0 0 0 0 0 0 0 0 0 0 0 0 0 0 0 0 0 0 0 0 0 0 0 0 0 0 0 0 0 0 0 0 0 0 0 0 0 0 0 0 0 0 0 0 0 0 0 0 0 0 0 0 0 0 0 0 0 0 0 0 0 0 0 0 0 0 0 0 0 0 0 0 0 0 0 0 0 0 0 0 0 0 0 0
-2.79086995 -3.07498503 -5.1350193 -4.78706741 -3.04897594 -34.3744659 -41.3171768 -53.050621 -66.3904877 -70.8417511 -46.4876671 -32.5181236 -16.8636513 -16.1411572 -3.11545706 11.178278 18.8408508 20.6828766 17.9572506 6.50198507 -12.620409
